time_s,position_setpoint,position_measured
0.00010187999941990711,-758.8699951171875,-758.0
0.0034007419999397825,-758.8699951171875,-758.0
0.0049003519998223055,-758.8699951171875,-758.0
0.006645568999374518,-758.8699951171875,-758.0
0.008405903001403203,-758.8699951171875,-758.0
0.010153376999369357,-758.8699951171875,-758.0
0.011899422999704257,-758.8699951171875,-758.0
0.013651369001308922,-758.8699951171875,-758.0
0.01539529499859782,-758.8699951171875,-758.0
0.017145671998150647,-758.8699951171875,-758.0
0.01890086599814822,-758.8699951171875,-758.0
0.020646180000767345,-758.8699951171875,-758.0
0.022399532001145417,-758.8699951171875,-758.0
0.024147991000063485,-758.8699951171875,-758.0
0.02590123000118183,-758.8699951171875,-758.0
0.02764730000126292,-758.8699951171875,-758.0
0.029398340000625467,-758.8699951171875,-758.0
0.031151211998803774,-758.8699951171875,-758.0
0.032897468998271506,-758.8699951171875,-758.0
0.03465104600036284,-758.8699951171875,-758.0
0.03639761799786356,-758.8699951171875,-758.0
0.038146996001160005,-758.8699951171875,-758.0
0.039647539000725374,-758.8699951171875,-758.0
0.041145597999275196,-758.8699951171875,-758.0
0.04290136499912478,-758.8699951171875,-758.0
0.04464789199846564,-758.8699951171875,-758.0
0.046400687999266665,-758.8699951171875,-758.0
0.048151451999729034,-758.8699951171875,-758.0
0.04989781200129073,-758.8699951171875,-758.0
0.05167008399803308,-758.8699951171875,-758.0
0.0533956239996769,-758.8699951171875,-758.0
0.054894132998015266,-758.8699951171875,-758.0
0.05639684600100736,-758.8699951171875,-758.0
0.057914606000849744,-758.8699951171875,-758.0
0.059649148999596946,-758.8699951171875,-758.0
0.061397866000334034,-758.8699951171875,-758.0
0.06314769399978104,-758.8699951171875,-758.0
0.06490156300060335,-758.8699951171875,-758.0
0.06666851000045426,-758.8699951171875,-758.0
0.06842033299835748,-758.8699951171875,-758.0
0.06991457299955073,-758.8699951171875,-758.0
0.07142041900078766,-758.8699951171875,-758.0
0.07316594000076293,-758.8699951171875,-758.0
0.07489558999805013,-758.8699951171875,-758.0
0.07667252000101143,-758.8699951171875,-758.0
0.0784170590013673,-758.8699951171875,-758.0
0.08016784400024335,-758.8699951171875,-758.0
0.0819174110001768,-758.8699951171875,-758.0
0.08373536200087983,-758.8699951171875,-758.0
0.08541520699873217,-758.8699951171875,-758.0
0.08716679200006183,-758.8699951171875,-758.0
0.08866806500009261,-758.8699951171875,-758.0
0.09041727899966645,-758.8699951171875,-758.0
0.09216935400036164,-758.8699951171875,-758.0
0.09391719599807402,-758.8699951171875,-758.0
0.09566796199942473,-758.8699951171875,-758.0
0.09741809099796228,-758.8699951171875,-758.0
0.09916634799810709,-758.8699951171875,-758.0
0.10091630600072676,-758.8699951171875,-758.0
0.10267106899846112,-758.8699951171875,-758.0
0.10441871600050945,-758.8699951171875,-758.0
0.10617030299908947,-758.8699951171875,-758.0
0.10791628199876868,-758.8699951171875,-758.0
0.10966813200138859,-758.8699951171875,-758.0
0.11141850800049724,-758.8699951171875,-758.0
0.11317244100064272,-758.8699951171875,-758.0
0.11510250399805955,-758.8699951171875,-758.0
0.11683852399801253,-758.8699951171875,-758.0
0.11853641500056256,-758.8699951171875,-758.0
0.1203525790006097,-758.8699951171875,-758.0
0.12222221399861155,-758.8699951171875,-758.0
0.1242476439983875,-758.8699951171875,-758.0
0.12605622699993546,-758.8699951171875,-758.0
0.12789337800131761,-758.8699951171875,-758.0
0.12961757900120574,-758.8699951171875,-758.0
0.1312675119988853,-758.8699951171875,-758.0
0.13304606299789157,-758.8699951171875,-758.0
0.13472760199874756,-758.8699951171875,-758.0
0.13648566499978187,-758.8699951171875,-758.0
0.13829137300126604,-758.8699951171875,-758.0
0.1399616849994345,-758.8699951171875,-758.0
0.1414521609985968,-758.8699951171875,-758.0
0.14318967999861343,-758.8699951171875,-758.0
0.1449477409987594,-758.8699951171875,-758.0
0.14670029799890472,-758.8699951171875,-758.0
0.14846495799793047,-758.8699951171875,-758.0
0.15028803599852836,-758.8699951171875,-758.0
0.15203832200131728,-758.8699951171875,-758.0
0.15378548599983333,-758.8699951171875,-758.0
0.1555316859994491,-758.8699951171875,-758.0
0.15728317699904437,-758.8699951171875,-758.0
0.15902945999914664,-758.8699951171875,-758.0
0.16072960399833391,-758.8699951171875,-758.0
0.162425638998684,-758.8699951171875,-758.0
0.16393304400116904,-758.8699951171875,-758.0
0.16570372799833422,-758.8699951171875,-758.0
0.16743346200019005,-758.8699951171875,-758.0
0.16920292600116227,-758.8699951171875,-758.0
0.17095440900084213,-758.8699951171875,-758.0
0.1727021609985968,-758.8699951171875,-758.0
0.17443518999789376,-758.8699951171875,-758.0
0.17618204599784804,-758.8699951171875,-758.0
0.1777023350005038,-758.8699951171875,-758.0
0.17945516599866096,-758.8699951171875,-758.0
0.1812032489979174,-758.8699951171875,-758.0
0.18294040799810318,-758.8699951171875,-758.0
0.18470360599894775,-758.8699951171875,-758.0
0.18646516900116694,-758.8699951171875,-758.0
0.1882040419986879,-758.8699951171875,-758.0
0.18995327599986922,-758.8699951171875,-758.0
0.19170282499908353,-758.8699951171875,-758.0
0.1934694869996747,-758.8699951171875,-758.0
0.19520351000028313,-758.8699951171875,-758.0
0.1967030980013078,-758.8699951171875,-758.0
0.1982009540006402,-758.8699951171875,-758.0
0.1999523410013353,-758.8699951171875,-758.0
0.20170389600025374,-758.8699951171875,-758.0
0.20344697399923461,-758.8699951171875,-758.0
0.20494307099943398,-758.8699951171875,-758.0
0.20669730699955835,-758.8699951171875,-758.0
0.2082012159989972,-758.8699951171875,-758.0
0.20995306099939626,-758.8699951171875,-758.0
0.21170355600042967,-758.8699951171875,-758.0
0.21345282200127258,-758.8699951171875,-758.0
0.21494518499821424,-758.8699951171875,-758.0
0.2164525810003397,-758.8699951171875,-758.0
0.2182037599995965,-758.8699951171875,-758.0
0.21995730200069374,-758.8699951171875,-758.0
0.2217020339994633,-758.8699951171875,-758.0
0.22345426899846643,-758.8699951171875,-758.0
0.22520406200055731,-758.8699951171875,-758.0
0.22694725000110338,-758.8699951171875,-758.0
0.22870617499938817,-758.8699951171875,-758.0
0.23045465799805243,-758.8699951171875,-758.0
0.23194884300028207,-758.8699951171875,-758.0
0.23370512700057589,-758.8699951171875,-758.0
0.23544804400080466,-758.8699951171875,-758.0
0.2372048299985181,-758.8699951171875,-758.0
0.23895220499980496,-758.8699951171875,-758.0
0.24070510599995032,-758.8699951171875,-758.0
0.24245380800130079,-758.8699951171875,-758.0
0.24420557000121335,-758.8699951171875,-758.0
0.24595565300114686,-758.8699951171875,-758.0
0.24769464299970423,-758.8699951171875,-758.0
0.24945419000141555,-758.8699951171875,-758.0
0.2509719999980007,-758.8699951171875,-758.0
0.2526963809978042,-758.8699951171875,-758.0
0.2542019079992315,-758.8699951171875,-758.0
0.2560878189979121,-758.8699951171875,-758.0
0.25783970300108194,-758.8699951171875,-758.0
0.2595741330005694,-758.8699951171875,-758.0
0.2613234409982397,-758.8699951171875,-758.0
0.2631001390000165,-758.8699951171875,-758.0
0.2648288529999263,-758.8699951171875,-758.0
0.26682982399870525,-758.8699951171875,-758.0
0.2685993609993602,-758.8699951171875,-758.0
0.27032886699817027,-758.8699951171875,-758.0
0.27235809999911,-758.8699951171875,-758.0
0.2743329469994933,-758.8699951171875,-758.0
0.27607880600044155,-758.8699951171875,-758.0
0.27786762499817996,-758.8699951171875,-758.0
0.2798449609981617,-758.8699951171875,-758.0
0.2816064489998098,-758.8699951171875,-758.0
0.28332549599872436,-758.8699951171875,-758.0
0.2850976109984913,-758.8699951171875,-758.0
0.28685272299844655,-758.8699951171875,-758.0
0.2885997129997122,-758.8699951171875,-758.0
0.2903627329978917,-758.8699951171875,-758.0
0.29210389199943165,-758.8699951171875,-758.0
0.2938620210006775,-758.8699951171875,-758.0
0.29561531099898275,-758.8699951171875,-758.0
0.2973783599991293,-758.8699951171875,-758.0
0.29909423400022206,-758.8699951171875,-758.0
0.30085069299821043,-758.8699951171875,-758.0
0.3026150929981668,-758.8699951171875,-758.0
0.3043691829989257,-758.8699951171875,-758.0
0.3061102370011213,-758.8699951171875,-758.0
0.30785853899942595,-758.8699951171875,-758.0
0.30985816400061594,-758.8699951171875,-758.0
0.3116129929985618,-758.8699951171875,-758.0
0.3133653420009068,-758.8699951171875,-758.0
0.3151054589980049,-758.8699951171875,-758.0
0.31685350900079357,-758.8699951171875,-758.0
0.3186294619990804,-758.8699951171875,-758.0
0.32036514900028124,-758.8699951171875,-758.0
0.32211310699858586,-758.8699951171875,-758.0
0.32384870999885607,-758.8699951171875,-758.0
0.3256075190001866,-758.8699951171875,-758.0
0.32736873799876776,-758.8699951171875,-758.0
0.3290985060011735,-758.8699951171875,-758.0
0.330862344999332,-758.8699951171875,-758.0
0.33251956599997357,-758.8699951171875,-758.0
0.33436644099856494,-758.8699951171875,-758.0
0.3361039689989411,-758.8699951171875,-758.0
0.337848783001391,-758.8699951171875,-758.0
0.33961242100122035,-758.8699951171875,-758.0
0.3413607090005826,-758.8699951171875,-758.0
0.3430950670008315,-758.8699951171875,-758.0
0.3448513740004273,-758.8699951171875,-758.0
0.3466058330013766,-758.8699951171875,-758.0
0.34852548300113995,-758.8699951171875,-758.0
0.35039423999842256,-758.8699951171875,-758.0
0.35225861399885616,-758.8699951171875,-758.0
0.3539887129991257,-758.8699951171875,-758.0
0.3554708589981601,-758.8699951171875,-758.0
0.35722281799826305,-758.8699951171875,-758.0
0.3589759850001428,-758.8699951171875,-758.0
0.3607230890011124,-758.8699951171875,-758.0
0.3624885399985942,-758.8699951171875,-758.0
0.36422606599808205,-758.8699951171875,-758.0
0.36597527299818466,-758.8699951171875,-758.0
0.36773747700135573,-758.8699951171875,-758.0
0.3694724819979456,-758.8699951171875,-758.0
0.37125528899923665,-758.8699951171875,-758.0
0.3729869470007543,-758.8699951171875,-758.0
0.3747434159995464,-758.8699951171875,-758.0
0.3764731689989276,-758.8699951171875,-758.0
0.3779930909986433,-758.8699951171875,-758.0
0.3797253880002245,-758.8699951171875,-758.0
0.3814690190010879,-758.8699951171875,-758.0
0.3832312720005575,-758.8699951171875,-758.0
0.3849687699985225,-758.8699951171875,-758.0
0.386748903998523,-758.8699951171875,-758.0
0.3884995429980336,-758.8699951171875,-758.0
0.39024226399851614,-758.8699951171875,-758.0
0.3917449129985471,-758.8699951171875,-758.0
0.3934975720003422,-758.8699951171875,-758.0
0.39525216900074156,-758.8699951171875,-758.0
0.39699529399877065,-758.8699951171875,-758.0
0.3987560819987266,-758.8699951171875,-758.0
0.4004917470010696,-758.8699951171875,-758.0
0.40225212199948146,-758.8699951171875,-758.0
0.4040006830000493,-758.8699951171875,-758.0
0.40574655199816334,-758.8699951171875,-758.0
0.4074952650007617,-758.8699951171875,-758.0
0.4092587659979472,-758.8699951171875,-758.0
0.4110093329982192,-758.8699951171875,-758.0
0.4127477430010913,-758.8699951171875,-758.0
0.4144997820003482,-758.8699951171875,-758.0
0.4162506239990762,-758.8699951171875,-758.0
0.41799697899841703,-758.8699951171875,-758.0
0.41975143300078344,-758.8699951171875,-758.0
0.421490573000483,-758.8699951171875,-758.0
0.42299822499990114,-758.8699951171875,-758.0
0.42449037299957126,-758.8699951171875,-758.0
0.426247045998025,-758.8699951171875,-758.0
0.42799731999912183,-758.8699951171875,-758.0
0.4297474230006628,-758.8699951171875,-758.0
0.4314969029983331,-758.8699951171875,-758.0
0.4329963560012402,-758.8699951171875,-758.0
0.43475774499893305,-758.8699951171875,-758.0
0.43649354499939363,-758.8699951171875,-758.0
0.43824573299934855,-758.8699951171875,-758.0
0.43999937899934594,-758.8699951171875,-758.0
0.4417420329991728,-758.8699951171875,-758.0
0.44363197699931334,-758.8699951171875,-758.0
0.44539218499994604,-758.8699951171875,-758.0
0.4470158289987012,-758.8699951171875,-758.0
0.4487488320010016,-758.8699951171875,-758.0
0.4502476919988112,-758.8699951171875,-758.0
0.4520036659996549,-758.8699951171875,-758.0
0.4537515909978538,-758.8699951171875,-758.0
0.45549846599897137,-758.8699951171875,-758.0
0.45725968799888506,-758.8699951171875,-758.0
0.45899764400019194,-758.8699951171875,-758.0
0.46078676599790924,-758.8699951171875,-758.0
0.46249707999959355,-758.8699951171875,-758.0
0.4640144320001127,-758.8699951171875,-758.0
0.46575632600070094,-758.8699951171875,-758.0
0.4675029120007821,-758.8699951171875,-758.0
0.469263819999469,-758.8699951171875,-758.0
0.4710199190012645,-758.8699951171875,-758.0
0.4727482499984035,-758.8699951171875,-758.0
0.47449235699968995,-758.8699951171875,-758.0
0.4762487420011894,-758.8699951171875,-758.0
0.4780365439983143,-758.8699951171875,-758.0
0.4797493670012045,-758.8699951171875,-758.0
0.4814995899978385,-758.8699951171875,-758.0
0.4832499789990834,-758.8699951171875,-758.0
0.4849993780007935,-758.8699951171875,-758.0
0.4867768670010264,-758.8699951171875,-758.0
0.48826917599944863,-758.8699951171875,-758.0
0.49002162399847293,-758.8699951171875,-758.0
0.49176973900102894,-758.8699951171875,-758.0
0.49351779100106796,-758.8699951171875,-758.0
0.49526959099966916,-758.8699951171875,-758.0
0.4970203410011891,-758.8699951171875,-758.0
0.49877091600137646,-758.8699951171875,-758.0
0.5005206639980315,-758.8699951171875,-758.0
0.5022708280012012,-758.8699951171875,-758.0
0.5040198169990617,-758.8699951171875,-758.0
0.5055186700010381,-758.8699951171875,-758.0
0.5072703299993009,-758.8699951171875,-758.0
0.5090138119994663,-758.8699951171875,-758.0
0.5107640499991248,-758.8699951171875,-758.0
0.5125203349998628,-758.8699951171875,-758.0
0.5144144219993905,-758.8699951171875,-758.0
0.516147340000316,-758.8699951171875,-758.0
0.5179145109977981,-758.8699951171875,-758.0
0.5196444600005634,-758.8699951171875,-758.0
0.5214089309993142,-758.8699951171875,-758.0
0.5233777860012196,-758.8699951171875,-758.0
0.5251171349991637,-758.8699951171875,-758.0
0.5268943359988043,-758.8699951171875,-758.0
0.5286254210004699,-758.8699951171875,-758.0
0.5303836979983316,-758.8699951171875,-758.0
0.5321300940013316,-758.8699951171875,-758.0
0.5338741129999107,-758.8699951171875,-758.0
0.5356246289993578,-758.8699951171875,-758.0
0.5373952170011762,-758.8699951171875,-758.0
0.539146418999735,-758.8699951171875,-758.0
0.5408855739988212,-758.8699951171875,-758.0
0.5426139970004442,-758.8699951171875,-758.0
0.5443851169984555,-758.8699951171875,-758.0
0.546410625000135,-758.8699951171875,-758.0
0.5484077010005421,-758.8699951171875,-758.0
0.5501194249991386,-758.8699951171875,-758.0
0.5518795349998982,-758.8699951171875,-758.0
0.5536424489982892,-758.8699951171875,-758.0
0.555395118000888,-758.8699951171875,-758.0
0.5571130059979623,-758.8699951171875,-758.0
0.5588965380011359,-758.8699951171875,-758.0
0.5606272219993116,-758.8699951171875,-758.0
0.5623849680014246,-758.8699951171875,-758.0
0.5641250629996648,-758.8699951171875,-758.0
0.5658704079978634,-758.8699951171875,-758.0
0.567633657999977,-758.8699951171875,-758.0
0.5696383690010407,-758.8699951171875,-758.0
0.571409976000723,-758.8699951171875,-758.0
0.5733999160001986,-758.8699951171875,-758.0
0.5751197809986479,-758.8699951171875,-758.0
0.5768701279994275,-758.8699951171875,-758.0
0.578641930998856,-758.8699951171875,-758.0
0.5803856559978158,-758.8699951171875,-758.0
0.5821526129984704,-758.8699951171875,-758.0
0.5838896610002848,-758.8699951171875,-758.0
0.5858863770008611,-758.8699951171875,-758.0
0.5878868639993016,-758.8699951171875,-758.0
0.5896536430009292,-758.8699951171875,-758.0
0.5913931610011787,-758.8699951171875,-758.0
0.5931448910014296,-758.8699951171875,-758.0
0.5948877759983588,-758.8699951171875,-758.0
0.59686971499832,-758.8699951171875,-758.0
0.5986186279988033,-758.8699951171875,-758.0
0.6005894000008993,-758.8699951171875,-758.0
0.6024048760009464,-758.8699951171875,-758.0
0.6041357979993336,-758.8699951171875,-758.0
0.6059120030004124,-758.8699951171875,-758.0
0.6076391799979319,-758.8699951171875,-758.0
0.6093731490000209,-758.8699951171875,-758.0
0.6111490459989,-758.8699951171875,-758.0
0.612888102998113,-758.8699951171875,-758.0
0.6146347729991248,-758.8699951171875,-758.0
0.6164074059997802,-758.8699951171875,-758.0
0.6181495640012145,-758.8699951171875,-758.0
0.6199053769996681,-758.8699951171875,-758.0
0.6215435179983615,-758.8699951171875,-758.0
0.6230402029977995,-758.8699951171875,-758.0
0.6247905529999116,-758.8699951171875,-758.0
0.6262835169982282,-758.8699951171875,-758.0
0.6280438770008914,-758.8699951171875,-758.0
0.6297904099992593,-758.8699951171875,-758.0
0.6315376589991502,-758.8699951171875,-758.0
0.6332935089994862,-758.8699951171875,-758.0
0.6350362519988266,-758.8699951171875,-758.0
0.6367941499993321,-758.8699951171875,-758.0
0.6385426009983348,-758.8699951171875,-758.0
0.640292304000468,-758.8699951171875,-758.0
0.6420418609995977,-758.8699951171875,-758.0
0.643785502998071,-758.8699951171875,-758.0
0.6455431979993591,-758.8699951171875,-758.0
0.6472927590002655,-758.8699951171875,-758.0
0.6487868920012261,-758.8699951171875,-758.0
0.6505434639984742,-758.8699951171875,-758.0
0.6520329269987997,-758.8699951171875,-758.0
0.6535403589987254,-758.8699951171875,-758.0
0.6552918070010492,-758.8699951171875,-758.0
0.65704323799946,-758.8699951171875,-758.0
0.6587922289982089,-758.8699951171875,-758.0
0.6603045379997639,-758.8699951171875,-758.0
0.6617920360004064,-758.8699951171875,-758.0
0.6635416380013339,-758.8699951171875,-758.0
0.6652932299984968,-758.8699951171875,-758.0
0.6670421449998685,-758.8699951171875,-758.0
0.6688060939995921,-758.8699951171875,-758.0
0.6705423259991221,-758.8699951171875,-758.0
0.6722919880012341,-758.8699951171875,-758.0
0.6740626229984628,-758.8699951171875,-758.0
0.6757915140005935,-758.8699951171875,-758.0
0.6775392380004632,-758.8699951171875,-758.0
0.6792940619998262,-758.8699951171875,-758.0
0.6810350009982358,-758.8699951171875,-758.0
0.6825618740003847,-758.8699951171875,-758.0
0.6843393369999831,-758.8699951171875,-758.0
0.6860561610010336,-758.8699951171875,-758.0
0.687815856999805,-758.8699951171875,-758.0
0.6895564010010276,-758.8699951171875,-758.0
0.6913131190012791,-758.8699951171875,-758.0
0.6930630879978708,-758.8699951171875,-758.0
0.6948128670010192,-758.8699951171875,-758.0
0.6965570290012693,-758.8699951171875,-758.0
0.6983149539992155,-758.8699951171875,-758.0
0.699806708998949,-758.8699951171875,-758.0
0.7013115890003974,-758.8699951171875,-758.0
0.7030585719985538,-758.8699951171875,-758.0
0.7048146560009627,-758.8699951171875,-758.0
0.7065607299991825,-758.8699951171875,-758.0
0.7083243560009578,-758.8699951171875,-758.0
0.7100620669989439,-758.8699951171875,-758.0
0.7118175639989204,-758.8699951171875,-758.0
0.7135635839986207,-758.8699951171875,-758.0
0.7153074289999495,-758.8699951171875,-758.0
0.7170645730002434,-758.8699951171875,-758.0
0.7188072760000068,-758.8699951171875,-758.0
0.7205581839989463,-758.8699951171875,-758.0
0.7223132289982459,-758.8699951171875,-758.0
0.7240750439996191,-758.8699951171875,-758.0
0.7258212300002924,-758.8699951171875,-758.0
0.7275579249981092,-758.8699951171875,-758.0
0.7293091360006656,-758.8699951171875,-758.0
0.7308121899986872,-758.8699951171875,-758.0
0.732563769997796,-758.8699951171875,-758.0
0.7343134920010925,-758.8699951171875,-758.0
0.7360650829978113,-758.8699951171875,-758.0
0.7378136119987175,-758.8699951171875,-758.0
0.7395582999997714,-758.8699951171875,-758.0
0.7410628239995276,-758.8699951171875,-758.0
0.7428137979986786,-758.8699951171875,-758.0
0.7445589150011074,-758.8699951171875,-758.0
0.7463224370003445,-758.8699951171875,-758.0
0.7480639759996848,-758.8699951171875,-758.0
0.7498128509978415,-758.8699951171875,-758.0
0.7515644269988115,-758.8699951171875,-758.0
0.7533147930007544,-758.8699951171875,-758.0
0.755064000000857,-758.8699951171875,-758.0
0.7568155049993948,-758.8699951171875,-758.0
0.7585632779992011,-758.8699951171875,-758.0
0.7603059569992183,-758.8699951171875,-758.0
0.7620662150002318,-758.8699951171875,-758.0
0.7638147119978385,-758.8699951171875,-758.0
0.765564778001135,-758.8699951171875,-758.0
0.7670756900006381,-758.8699951171875,-758.0
0.7685779909988923,-758.8699951171875,-758.0
0.7703143709986762,-758.8699951171875,-758.0
0.7720852409984218,-758.8699951171875,-758.0
0.7738251669979945,-758.8699951171875,-758.0
0.7755653759995766,-758.8699951171875,-758.0
0.7770760610001162,-758.8699951171875,-758.0
0.7785631500009913,-758.8699951171875,-758.0
0.7803422399992996,-758.8699951171875,-758.0
0.7820859439998458,-758.8699951171875,-758.0
0.7838331829989329,-758.8699951171875,-758.0
0.7855582560005132,-758.8699951171875,-758.0
0.7873464330004936,-758.8699951171875,-758.0
0.7890852199998335,-758.8699951171875,-758.0
0.7908357699998305,-758.8699951171875,-758.0
0.7925865360011812,-758.8699951171875,-758.0
0.7940830730003654,-758.8699951171875,-758.0
0.7958354199981841,-758.8699951171875,-758.0
0.797719545000291,-758.8699951171875,-758.0
0.7994691349995264,-758.8699951171875,-758.0
0.8012122289983381,-758.8699951171875,-758.0
0.8029605429983349,-758.8699951171875,-758.0
0.804737031001423,-758.8699951171875,-758.0
0.8064667969993025,-758.8699951171875,-758.0
0.8082191200010129,-758.8699951171875,-758.0
0.8099717299992335,-758.8699951171875,-758.0
0.8117076050002652,-758.8699951171875,-758.0
0.8134665350007708,-758.8699951171875,-758.0
0.8152096570011054,-758.8699951171875,-758.0
0.8169662270011031,-758.8699951171875,-758.0
0.8187230969997472,-758.8699951171875,-758.0
0.8207143379986519,-758.8699951171875,-758.0
0.8224703150008281,-758.8699951171875,-758.0
0.8242162790011207,-758.8699951171875,-758.0
0.8259616860013921,-758.8699951171875,-758.0
0.8276920009993773,-758.8699951171875,-758.0
0.8294651809992502,-758.8699951171875,-758.0
0.8314731729988125,-758.8699951171875,-758.0
0.8332132229988929,-758.8699951171875,-758.0
0.8349705069995252,-758.8699951171875,-758.0
0.8369666609978594,-758.8699951171875,-758.0
0.8387150569978985,-758.8699951171875,-758.0
0.8407158279987925,-758.8699951171875,-758.0
0.8424629539986199,-758.8699951171875,-758.0
0.8442122950000339,-758.8699951171875,-758.0
0.8459650840013637,-758.8699951171875,-758.0
0.8477207110008749,-758.8699951171875,-758.0
0.8497181099992304,-758.8699951171875,-758.0
0.8514930099991034,-758.8699951171875,-758.0
0.8530829009978333,-758.8699951171875,-758.0
0.8548366889990575,-758.8699951171875,-758.0
0.8565876469983777,-758.8699951171875,-758.0
0.8583441529990523,-758.8699951171875,-758.0
0.8602192539983662,-758.8699951171875,-758.0
0.8619695829984266,-758.8699951171875,-758.0
0.8637173479983176,-758.8699951171875,-758.0
0.8657158489986614,-758.8699951171875,-758.0
0.8676961759992992,-758.8699951171875,-758.0
0.8694580160008627,-758.8699951171875,-758.0
0.8712078649987234,-758.8699951171875,-758.0
0.8729441069990571,-758.8699951171875,-758.0
0.8747050620004302,-758.8699951171875,-758.0
0.8764881189999869,-758.8699951171875,-758.0
0.8785076359999948,-758.8699951171875,-758.0
0.8804462900006911,-758.8699951171875,-758.0
0.8822120100012398,-758.8699951171875,-758.0
0.8839650560003065,-758.8699951171875,-758.0
0.8857078789988009,-758.8699951171875,-758.0
0.8876843170000939,-758.8699951171875,-758.0
0.8894754219982133,-758.8699951171875,-758.0
0.8915107590000844,-758.8699951171875,-758.0
0.8933760350009834,-758.8699951171875,-758.0
0.8951100269987364,-758.8699951171875,-758.0
0.8968577679988812,-758.8699951171875,-758.0
0.8986078429988993,-758.8699951171875,-758.0
0.900357841001096,-758.8699951171875,-758.0
0.9021008329982578,-758.8699951171875,-758.0
0.9038580439992074,-758.8699951171875,-758.0
0.9056080090012983,-758.8699951171875,-758.0
0.9073598309987574,-758.8699951171875,-758.0
0.909107679999579,-758.8699951171875,-758.0
0.9108577469996817,-758.8699951171875,-758.0
0.9126074310006516,-758.8699951171875,-758.0
0.9143527989981521,-758.8699951171875,-758.0
0.916107737000857,-758.8699951171875,-758.0
0.917858257998887,-758.8699951171875,-758.0
0.9196110720004071,-758.8699951171875,-758.0
0.9213569940002344,-758.8699951171875,-758.0
0.9231009350005479,-758.8699951171875,-758.0
0.9246076179988449,-758.8699951171875,-758.0
0.9263497049978469,-758.8699951171875,-758.0
0.9281078749991138,-758.8699951171875,-758.0
0.9298584700009087,-758.8699951171875,-758.0
0.9316018530007568,-758.8699951171875,-758.0
0.9333532909986388,-758.8699951171875,-758.0
0.9348496489983518,-758.8699951171875,-758.0
0.9363583710000967,-758.8699951171875,-758.0
0.9381071879979572,-758.8699951171875,-758.0
0.9398609210002178,-758.8699951171875,-758.0
0.9416021949982678,-758.8699951171875,-758.0
0.9433582940000633,-758.8699951171875,-758.0
0.9451067599984526,-758.8699951171875,-758.0
0.9468574579987035,-758.8699951171875,-758.0
0.9486010809996515,-758.8699951171875,-758.0
0.9501055849978002,-758.8699951171875,-758.0
0.9515969380008755,-758.8699951171875,-758.0
0.9533659170010651,-758.8699951171875,-758.0
0.9551069310000457,-758.8699951171875,-758.0
0.9568527029987308,-758.8699951171875,-758.0
0.9586089269978402,-758.8699951171875,-758.0
0.9602416800007632,-758.8699951171875,-758.0
0.9619851349998498,-758.8699951171875,-758.0
0.9637359919979644,-758.8699951171875,-758.0
0.9655211879980925,-758.8699951171875,-758.0
0.9672461379996093,-758.8699951171875,-758.0
0.9689881179983786,-758.8699951171875,-758.0
0.970746560000407,-758.8699951171875,-758.0
0.9725161460009986,-758.8699951171875,-758.0
0.9742352190005477,-758.8699951171875,-758.0
0.9759890860004816,-758.8699951171875,-758.0
0.9777600220004388,-758.8699951171875,-758.0
0.9797427989979042,-758.8699951171875,-758.0
0.981527862000803,-758.8699951171875,-758.0
0.9832329099990602,-758.8699951171875,-758.0
0.9849993690004339,-758.8699951171875,-758.0
0.986761801999819,-758.8699951171875,-758.0
0.9887909749995742,-758.8699951171875,-758.0
0.9907468989986228,-758.8699951171875,-758.0
0.9925066899995727,-758.8699951171875,-758.0
0.9942598929992528,-758.8699951171875,-758.0
0.9962578890008444,-758.8699951171875,-758.0
0.998255614998925,-758.8699951171875,-758.0
0.999976497998432,-758.8699951171875,-758.0
1.00173654199898,-718.8699951171875,-758.0
1.0052108859999862,-718.8699951171875,-758.0
1.006954702999792,-718.8699951171875,-758.0
1.0087661369980196,-718.8699951171875,-758.0
1.0103835699992487,-718.8699951171875,-758.0
1.0118805450001673,-718.8699951171875,-758.0
1.0136310019988741,-718.8699951171875,-758.0
1.0153824039989559,-718.8699951171875,-758.0
1.0171316039995872,-718.8699951171875,-758.0
1.0188791020009376,-718.8699951171875,-758.0
1.020618316000764,-718.8699951171875,-758.0
1.0223809179988166,-718.8699951171875,-758.0
1.0241311200006749,-718.8699951171875,-758.0
1.0256282170012128,-718.8699951171875,-757.0
1.0273944559994561,-718.8699951171875,-757.0
1.0291352450003615,-718.8699951171875,-757.0
1.0306472810007108,-718.8699951171875,-757.0
1.032388945997809,-718.8699951171875,-757.0
1.034132466000301,-718.8699951171875,-757.0
1.03562457299995,-718.8699951171875,-757.0
1.0373843400011538,-718.8699951171875,-757.0
1.0391423920009402,-718.8699951171875,-757.0
1.0408873800006404,-718.8699951171875,-757.0
1.042630266998458,-718.8699951171875,-757.0
1.0443763399998716,-718.8699951171875,-756.0
1.0461521789984545,-718.8699951171875,-756.0
1.0478780820012616,-718.8699951171875,-756.0
1.0496328250010265,-718.8699951171875,-756.0
1.051127632999851,-718.8699951171875,-756.0
1.0526346209990152,-718.8699951171875,-756.0
1.0543813689982926,-718.8699951171875,-756.0
1.0561304109978664,-718.8699951171875,-756.0
1.0578870190001908,-718.8699951171875,-756.0
1.0596321150005679,-718.8699951171875,-756.0
1.061385953998979,-718.8699951171875,-756.0
1.0631321000000753,-718.8699951171875,-756.0
1.0648943689993757,-718.8699951171875,-755.0
1.0666349610000907,-718.8699951171875,-755.0
1.0684077229998366,-718.8699951171875,-755.0
1.0701354749980965,-718.8699951171875,-755.0
1.071884222998051,-718.8699951171875,-755.0
1.0736444699978165,-718.8699951171875,-755.0
1.075387207998574,-718.8699951171875,-755.0
1.076901109998289,-718.8699951171875,-755.0
1.0786346649983898,-718.8699951171875,-755.0
1.0803823210007977,-718.8699951171875,-755.0
1.081903513000725,-718.8699951171875,-755.0
1.0836423219989229,-718.8699951171875,-754.0
1.085384261001309,-718.8699951171875,-754.0
1.0869062099991424,-718.8699951171875,-754.0
1.088654293998843,-718.8699951171875,-754.0
1.0903768540010788,-718.8699951171875,-754.0
1.0921550739985832,-718.8699951171875,-754.0
1.0936452739988454,-718.8699951171875,-754.0
1.095410644000367,-718.8699951171875,-754.0
1.097149241999432,-718.8699951171875,-754.0
1.0989078809980128,-718.8699951171875,-754.0
1.1008127069981128,-718.8699951171875,-754.0
1.102765357998578,-718.8699951171875,-754.0
1.1045322429999942,-718.8699951171875,-753.0
1.1062915190013882,-718.8699951171875,-753.0
1.108036962999904,-718.8699951171875,-753.0
1.1097854590007046,-718.8699951171875,-753.0
1.1115389759979735,-718.8699951171875,-753.0
1.1135000100002799,-718.8699951171875,-753.0
1.1153059509997547,-718.8699951171875,-753.0
1.1170354829991993,-718.8699951171875,-753.0
1.1187985520009534,-718.8699951171875,-753.0
1.1205347639988759,-718.8699951171875,-753.0
1.1222818569985975,-718.8699951171875,-753.0
1.1239181009987078,-718.8699951171875,-753.0
1.1256576790001418,-718.8699951171875,-752.0
1.1271539720000874,-718.8699951171875,-752.0
1.1289067920006346,-718.8699951171875,-752.0
1.1306515889991715,-718.8699951171875,-752.0
1.1324094189985772,-718.8699951171875,-752.0
1.134151155998552,-718.8699951171875,-752.0
1.135907871001109,-718.8699951171875,-752.0
1.137653620000492,-718.8699951171875,-752.0
1.139145772998745,-718.8699951171875,-752.0
1.140917934000754,-718.8699951171875,-752.0
1.1426593379983387,-718.8699951171875,-752.0
1.144399026998144,-718.8699951171875,-751.0
1.1461464050007635,-718.8699951171875,-751.0
1.1479007769994496,-718.8699951171875,-751.0
1.1496544049987278,-718.8699951171875,-751.0
1.1513966620004794,-718.8699951171875,-751.0
1.1531640440007322,-718.8699951171875,-751.0
1.1549058070013416,-718.8699951171875,-751.0
1.1566587390007044,-718.8699951171875,-751.0
1.1584069109994743,-718.8699951171875,-751.0
1.16031073799968,-718.8699951171875,-751.0
1.162032101998193,-718.8699951171875,-751.0
1.1637875419983175,-718.8699951171875,-750.0
1.1655381329983356,-718.8699951171875,-750.0
1.167297267998947,-718.8699951171875,-750.0
1.1690543240001716,-718.8699951171875,-750.0
1.171056637998845,-718.8699951171875,-750.0
1.173053352998977,-718.8699951171875,-750.0
1.1747967139999673,-718.8699951171875,-750.0
1.176536347000365,-718.8699951171875,-750.0
1.17830979199789,-718.8699951171875,-750.0
1.1800405799986038,-718.8699951171875,-750.0
1.1818105610000202,-718.8699951171875,-750.0
1.1835653300004196,-718.8699951171875,-750.0
1.1853062709997175,-718.8699951171875,-749.0
1.1873015450000821,-718.8699951171875,-749.0
1.1890520609995292,-718.8699951171875,-749.0
1.1907837990002008,-718.8699951171875,-749.0
1.1925600780014065,-718.8699951171875,-749.0
1.194278029997804,-718.8699951171875,-749.0
1.1960260439991544,-718.8699951171875,-749.0
1.1977828359995328,-718.8699951171875,-749.0
1.199549423999997,-718.8699951171875,-749.0
1.201273056998616,-718.8699951171875,-749.0
1.203007758998865,-718.8699951171875,-749.0
1.2047769390010217,-718.8699951171875,-748.0
1.2065274349988613,-718.8699951171875,-748.0
1.2085298450001574,-718.8699951171875,-748.0
1.2103040080000937,-718.8699951171875,-748.0
1.2122760450001806,-718.8699951171875,-748.0
1.2140104809986951,-718.8699951171875,-748.0
1.2157724669996242,-718.8699951171875,-748.0
1.217440162999992,-718.8699951171875,-748.0
1.2191695889996481,-718.8699951171875,-748.0
1.2206727999982832,-718.8699951171875,-748.0
1.222416198997962,-718.8699951171875,-748.0
1.224185890998342,-718.8699951171875,-748.0
1.2256643639993854,-718.8699951171875,-747.0
1.2271783930009406,-718.8699951171875,-747.0
1.228924242001085,-718.8699951171875,-747.0
1.2306735120000667,-718.8699951171875,-747.0
1.232426417998795,-718.8699951171875,-747.0
1.234174601999257,-718.8699951171875,-747.0
1.235923829000967,-718.8699951171875,-747.0
1.237673667998024,-718.8699951171875,-747.0
1.239416929998697,-718.8699951171875,-747.0
1.240924776000611,-718.8699951171875,-747.0
1.242673869997816,-718.8699951171875,-747.0
1.244427164998342,-718.8699951171875,-746.0
1.2461738120000518,-718.8699951171875,-746.0
1.2479187280005135,-718.8699951171875,-746.0
1.2496760049980367,-718.8699951171875,-746.0
1.251423326000804,-718.8699951171875,-746.0
1.253174659999786,-718.8699951171875,-746.0
1.2546718109988433,-718.8699951171875,-746.0
1.256419941000786,-718.8699951171875,-746.0
1.2581767299998319,-718.8699951171875,-746.0
1.2599236329988344,-718.8699951171875,-746.0
1.2616671360010514,-718.8699951171875,-746.0
1.2634261029998015,-718.8699951171875,-745.0
1.2651750959994388,-718.8699951171875,-745.0
1.2669140090001747,-718.8699951171875,-745.0
1.2686668509995798,-718.8699951171875,-745.0
1.270426346000022,-718.8699951171875,-745.0
1.272201298001164,-718.8699951171875,-745.0
1.2739251169987256,-718.8699951171875,-745.0
1.2756739299984474,-718.8699951171875,-745.0
1.277417486999184,-718.8699951171875,-745.0
1.2789449929987313,-718.8699951171875,-745.0
1.2806740519990853,-718.8699951171875,-745.0
1.2824270380006055,-718.8699951171875,-745.0
1.2841949760004354,-718.8699951171875,-745.0
1.285666020001372,-718.8699951171875,-744.0
1.2872074349979812,-718.8699951171875,-744.0
1.2889456519988016,-718.8699951171875,-744.0
1.2906962320012099,-718.8699951171875,-744.0
1.2924377380004444,-718.8699951171875,-744.0
1.2941694139990432,-718.8699951171875,-744.0
1.2959268619997601,-718.8699951171875,-744.0
1.2976874619998853,-718.8699951171875,-744.0
1.2991953380005725,-718.8699951171875,-744.0
1.3006958149999264,-718.8699951171875,-744.0
1.3024387519981246,-718.8699951171875,-744.0
1.3041955560001952,-718.8699951171875,-743.0
1.305971811998461,-718.8699951171875,-743.0
1.3076938230005908,-718.8699951171875,-743.0
1.3094456789985998,-718.8699951171875,-743.0
1.3111970249992737,-718.8699951171875,-743.0
1.3129452489993128,-718.8699951171875,-743.0
1.3144380579979043,-718.8699951171875,-743.0
1.316197246000229,-718.8699951171875,-743.0
1.317945235001389,-718.8699951171875,-743.0
1.3196969589989749,-718.8699951171875,-743.0
1.3214458379989082,-718.8699951171875,-743.0
1.3231967510000686,-718.8699951171875,-742.0
1.3249448239985213,-718.8699951171875,-742.0
1.3266956000006758,-718.8699951171875,-742.0
1.3284387530002277,-718.8699951171875,-742.0
1.3301959529999294,-718.8699951171875,-742.0
1.3319472129987844,-718.8699951171875,-742.0
1.3336957290011924,-718.8699951171875,-742.0
1.3354411930013157,-718.8699951171875,-742.0
1.3371904650011857,-718.8699951171875,-742.0
1.3389479959987511,-718.8699951171875,-742.0
1.340697296000144,-718.8699951171875,-742.0
1.3424360190001607,-718.8699951171875,-742.0
1.344198677001259,-718.8699951171875,-741.0
1.3459597030014265,-718.8699951171875,-741.0
1.347687825000321,-718.8699951171875,-741.0
1.349195824997878,-718.8699951171875,-741.0
1.3509456219981075,-718.8699951171875,-741.0
1.3524421170004643,-718.8699951171875,-741.0
1.354196338001202,-718.8699951171875,-741.0
1.3559734269983892,-718.8699951171875,-741.0
1.3574482619987975,-718.8699951171875,-741.0
1.3591955709998729,-718.8699951171875,-741.0
1.3609385009986,-718.8699951171875,-741.0
1.3626966589981748,-718.8699951171875,-741.0
1.3644391039997572,-718.8699951171875,-740.0
1.3659461790011846,-718.8699951171875,-740.0
1.3676959590011393,-718.8699951171875,-740.0
1.3694411299984495,-718.8699951171875,-740.0
1.3709654699996463,-718.8699951171875,-740.0
1.3726894649989845,-718.8699951171875,-740.0
1.374446377998538,-718.8699951171875,-740.0
1.3759338279996882,-718.8699951171875,-740.0
1.3774409129982814,-718.8699951171875,-740.0
1.379198153001198,-718.8699951171875,-740.0
1.3806962519993249,-718.8699951171875,-740.0
1.3824474989996816,-718.8699951171875,-740.0
1.3841967059997842,-718.8699951171875,-739.0
1.38596785199843,-718.8699951171875,-739.0
1.3877188459991885,-718.8699951171875,-739.0
1.3894380729980185,-718.8699951171875,-739.0
1.3912093330000062,-718.8699951171875,-739.0
1.3929680910005118,-718.8699951171875,-739.0
1.3947262859983312,-718.8699951171875,-739.0
1.3964688730011403,-718.8699951171875,-739.0
1.3982098460000998,-718.8699951171875,-739.0
1.3997165779983334,-718.8699951171875,-739.0
1.4012090859978343,-718.8699951171875,-739.0
1.402967746998911,-718.8699951171875,-739.0
1.4047167429998808,-718.8699951171875,-738.0
1.4064582040009554,-718.8699951171875,-738.0
1.4082178739990923,-718.8699951171875,-738.0
1.4099675590005063,-718.8699951171875,-738.0
1.411718714000017,-718.8699951171875,-738.0
1.4134750749981322,-718.8699951171875,-738.0
1.4152185230013856,-718.8699951171875,-738.0
1.4169675490011286,-718.8699951171875,-738.0
1.4187120710012096,-718.8699951171875,-738.0
1.420461436999176,-718.8699951171875,-738.0
1.4219667559991649,-718.8699951171875,-738.0
1.4234601909993216,-718.8699951171875,-737.0
1.4252185900004406,-718.8699951171875,-737.0
1.426961126999231,-718.8699951171875,-737.0
1.428710685999249,-718.8699951171875,-737.0
1.4304618550013402,-718.8699951171875,-737.0
1.4319670369986852,-718.8699951171875,-737.0
1.4337157820009452,-718.8699951171875,-737.0
1.4354683579986158,-718.8699951171875,-737.0
1.4372202509985073,-718.8699951171875,-737.0
1.4389596549990529,-718.8699951171875,-737.0
1.4404605039999296,-718.8699951171875,-737.0
1.4422186369993142,-718.8699951171875,-737.0
1.4439628049985913,-718.8699951171875,-737.0
1.4457182090009155,-718.8699951171875,-736.0
1.447462521999114,-718.8699951171875,-736.0
1.4492190009987098,-718.8699951171875,-736.0
1.450967689997924,-718.8699951171875,-736.0
1.4527114550000988,-718.8699951171875,-736.0
1.4544601810011955,-718.8699951171875,-736.0
1.4559713769995142,-718.8699951171875,-736.0
1.457717474000674,-718.8699951171875,-736.0
1.4594624689998454,-718.8699951171875,-736.0
1.4609593390014197,-718.8699951171875,-736.0
1.4624580509989755,-718.8699951171875,-736.0
1.4642164459983178,-718.8699951171875,-735.0
1.4659685459992033,-718.8699951171875,-735.0
1.4677183929998137,-718.8699951171875,-735.0
1.46947034799814,-718.8699951171875,-735.0
1.470971329999884,-718.8699951171875,-735.0
1.4727115889982088,-718.8699951171875,-735.0
1.4744602430000668,-718.8699951171875,-735.0
1.4762199129982037,-718.8699951171875,-735.0
1.4779882240000006,-718.8699951171875,-735.0
1.4797174429986626,-718.8699951171875,-735.0
1.4814694320011768,-718.8699951171875,-735.0
1.4832178819997353,-718.8699951171875,-734.0
1.484716823000781,-718.8699951171875,-734.0
1.4864908589988772,-718.8699951171875,-734.0
1.4882397319997835,-718.8699951171875,-734.0
1.4899698769986571,-718.8699951171875,-734.0
1.491487261999282,-718.8699951171875,-734.0
1.4932398239980103,-718.8699951171875,-734.0
1.4949699270000565,-718.8699951171875,-734.0
1.4964870020012313,-718.8699951171875,-734.0
1.498232766000001,-718.8699951171875,-734.0
1.4997459900005197,-718.8699951171875,-734.0
1.5014899569978297,-718.8699951171875,-734.0
1.5032408080005553,-718.8699951171875,-734.0
1.504989791999833,-718.8699951171875,-733.0
1.5067411519994494,-718.8699951171875,-733.0
1.5084904489995097,-718.8699951171875,-733.0
1.510234950001177,-718.8699951171875,-733.0
1.511737158998585,-718.8699951171875,-733.0
1.513490606997948,-718.8699951171875,-733.0
1.5152491070002725,-718.8699951171875,-733.0
1.5169898899985128,-718.8699951171875,-733.0
1.5185058489987568,-718.8699951171875,-733.0
1.5202613279980142,-718.8699951171875,-733.0
1.5219904900004622,-718.8699951171875,-733.0
1.5234818959979748,-718.8699951171875,-733.0
1.5249806379979418,-718.8699951171875,-732.0
1.5267374040013237,-718.8699951171875,-732.0
1.5284913379982754,-718.8699951171875,-732.0
1.5302406449991395,-718.8699951171875,-732.0
1.5319915670006594,-718.8699951171875,-732.0
1.533740205999493,-718.8699951171875,-732.0
1.5354830319993198,-718.8699951171875,-732.0
1.5372389679978369,-718.8699951171875,-732.0
1.538989185999526,-718.8699951171875,-732.0
1.5404891409998527,-718.8699951171875,-732.0
1.5422411930012458,-718.8699951171875,-732.0
1.5439906430001429,-718.8699951171875,-732.0
1.5457406309978978,-718.8699951171875,-731.0
1.5474843769989093,-718.8699951171875,-731.0
1.5492345559978276,-718.8699951171875,-731.0
1.5507397279980069,-718.8699951171875,-731.0
1.5524916809990827,-718.8699951171875,-731.0
1.5542403520012158,-718.8699951171875,-731.0
1.5559968009984004,-718.8699951171875,-731.0
1.5574891369979014,-718.8699951171875,-731.0
1.5592404739982157,-718.8699951171875,-731.0
1.5609928630001377,-718.8699951171875,-731.0
1.5627406269995845,-718.8699951171875,-731.0
1.5644844269991154,-718.8699951171875,-730.0
1.5662418049978442,-718.8699951171875,-730.0
1.56799051499911,-718.8699951171875,-730.0
1.569741270999657,-718.8699951171875,-730.0
1.5714905639979406,-718.8699951171875,-730.0
1.5732415189995663,-718.8699951171875,-730.0
1.5747598060006567,-718.8699951171875,-730.0
1.5764907209995727,-718.8699951171875,-730.0
1.5782431129991892,-718.8699951171875,-730.0
1.5799907939981495,-718.8699951171875,-730.0
1.5817636139981914,-718.8699951171875,-730.0
1.583490017997974,-718.8699951171875,-730.0
1.5853993999990053,-718.8699951171875,-730.0
1.5871444350013917,-718.8699951171875,-729.0
1.588889945000119,-718.8699951171875,-729.0
1.5906105670001125,-718.8699951171875,-729.0
1.5923865260010643,-718.8699951171875,-729.0
1.5941215429993463,-718.8699951171875,-729.0
1.5958752510014165,-718.8699951171875,-729.0
1.5976400629988348,-718.8699951171875,-729.0
1.5996098879986675,-718.8699951171875,-729.0
1.601409840000997,-718.8699951171875,-729.0
1.6031267670005036,-718.8699951171875,-729.0
1.6048746570013463,-718.8699951171875,-729.0
1.606622947998403,-718.8699951171875,-729.0
1.6086163629988732,-718.8699951171875,-728.0
1.6103035800006182,-718.8699951171875,-728.0
1.6121531589997176,-718.8699951171875,-728.0
1.6139147819994832,-718.8699951171875,-728.0
1.6155482299982395,-718.8699951171875,-728.0
1.6175157619982201,-718.8699951171875,-728.0
1.6190763829981734,-718.8699951171875,-728.0
1.620835495999927,-718.8699951171875,-728.0
1.6225563949992647,-718.8699951171875,-728.0
1.6243454899995413,-718.8699951171875,-728.0
1.6260890060002566,-718.8699951171875,-728.0
1.6278373780005495,-718.8699951171875,-728.0
1.6296016269989195,-718.8699951171875,-728.0
1.631347407001158,-718.8699951171875,-728.0
1.6330865880008787,-718.8699951171875,-728.0
1.6348410499995225,-718.8699951171875,-727.0
1.6365996509994147,-718.8699951171875,-727.0
1.6383458380005322,-718.8699951171875,-727.0
1.6400884299982863,-718.8699951171875,-727.0
1.641844874000526,-718.8699951171875,-727.0
1.6435880089993589,-718.8699951171875,-727.0
1.6453433739989123,-718.8699951171875,-727.0
1.6470817740009807,-718.8699951171875,-727.0
1.6488403369985463,-718.8699951171875,-727.0
1.6506160739991174,-718.8699951171875,-727.0
1.6523479399984353,-718.8699951171875,-727.0
1.654088903000229,-718.8699951171875,-727.0
1.6558355529996334,-718.8699951171875,-727.0
1.657589538997854,-718.8699951171875,-727.0
1.6593561890003912,-718.8699951171875,-727.0
1.661085406998609,-718.8699951171875,-727.0
1.662837378000404,-718.8699951171875,-727.0
1.6645897019989206,-718.8699951171875,-727.0
1.6663487980003993,-718.8699951171875,-726.0
1.6681034959983663,-718.8699951171875,-726.0
1.6698365720003494,-718.8699951171875,-726.0
1.6716107200008992,-718.8699951171875,-726.0
1.673346635998314,-718.8699951171875,-726.0
1.675085881997802,-718.8699951171875,-726.0
1.6768644299991138,-718.8699951171875,-726.0
1.6785917970009905,-718.8699951171875,-726.0
1.6803156140013016,-718.8699951171875,-726.0
1.6820898939986364,-718.8699951171875,-726.0
1.683858969998255,-718.8699951171875,-726.0
1.685590200999286,-718.8699951171875,-726.0
1.6873653199982073,-718.8699951171875,-726.0
1.68907666800078,-718.8699951171875,-726.0
1.6908588689984754,-718.8699951171875,-726.0
1.6926184619987907,-718.8699951171875,-726.0
1.6943785399998887,-718.8699951171875,-726.0
1.6960893469986331,-718.8699951171875,-725.0
1.69786024700079,-718.8699951171875,-725.0
1.6996091609980795,-718.8699951171875,-725.0
1.7013737369998125,-718.8699951171875,-725.0
1.7031112539989408,-718.8699951171875,-725.0
1.704859633999149,-718.8699951171875,-725.0
1.7066089809995901,-718.8699951171875,-725.0
1.7083738719993562,-718.8699951171875,-725.0
1.7100950809981441,-718.8699951171875,-725.0
1.7118593089981005,-718.8699951171875,-725.0
1.7136093320004875,-718.8699951171875,-725.0
1.715368713998032,-718.8699951171875,-725.0
1.7171294660001877,-718.8699951171875,-725.0
1.7188683210006275,-718.8699951171875,-725.0
1.7206063179983175,-718.8699951171875,-725.0
1.7223863930012158,-718.8699951171875,-725.0
1.7241082959990308,-718.8699951171875,-725.0
1.7258730610010389,-718.8699951171875,-725.0
1.7276140920002945,-718.8699951171875,-725.0
1.7293643150005664,-718.8699951171875,-725.0
1.731129208998027,-718.8699951171875,-725.0
1.7328651389980223,-718.8699951171875,-724.0
1.7346078849986952,-718.8699951171875,-724.0
1.7363797750003869,-718.8699951171875,-724.0
1.899046657999861,-718.8699951171875,-722.0
1.901039847998618,-718.8699951171875,-722.0
1.9029112190000887,-718.8699951171875,-721.0
1.9046801830008917,-718.8699951171875,-721.0
1.9064592360009556,-718.8699951171875,-721.0
1.9081698400004825,-718.8699951171875,-721.0
1.9099076429993147,-718.8699951171875,-721.0
1.911657564000052,-718.8699951171875,-721.0
1.9133711159993254,-718.8699951171875,-721.0
1.9150955670011172,-718.8699951171875,-721.0
1.9168298510012391,-718.8699951171875,-721.0
1.9185621479991823,-718.8699951171875,-721.0
1.92031112100085,-718.8699951171875,-721.0
1.92181007399995,-718.8699951171875,-721.0
1.923332364000089,-718.8699951171875,-721.0
1.9248271079995902,-718.8699951171875,-721.0
1.9263099179988785,-718.8699951171875,-721.0
1.9280843359993014,-718.8699951171875,-721.0
1.9298107699978573,-718.8699951171875,-721.0
1.931583061999845,-718.8699951171875,-721.0
1.9333293009985937,-718.8699951171875,-721.0
1.9352038459983305,-718.8699951171875,-721.0
1.93695894800112,-718.8699951171875,-721.0
1.9386900079989573,-718.8699951171875,-721.0
1.9404263619981066,-718.8699951171875,-721.0
1.9421986609995656,-718.8699951171875,-721.0
1.9440168990004167,-718.8699951171875,-721.0
1.9456428189987491,-718.8699951171875,-721.0
1.947399149001285,-718.8699951171875,-721.0
1.9491742789978161,-718.8699951171875,-721.0
1.950934453998343,-718.8699951171875,-721.0
1.9526601190009387,-718.8699951171875,-721.0
1.954412332001084,-718.8699951171875,-721.0
1.9561603420006577,-718.8699951171875,-721.0
1.9579096759989625,-718.8699951171875,-721.0
1.959639844000776,-718.8699951171875,-721.0
1.961434367000038,-718.8699951171875,-721.0
1.9631741269986378,-718.8699951171875,-721.0
1.9649555110008805,-718.8699951171875,-721.0
1.966689189997851,-718.8699951171875,-721.0
1.9684498659989913,-718.8699951171875,-721.0
1.9701938069993048,-718.8699951171875,-721.0
1.9719488640002965,-718.8699951171875,-721.0
1.9736803909981973,-718.8699951171875,-721.0
1.975440443999105,-718.8699951171875,-721.0
1.9771796690001793,-718.8699951171875,-721.0
1.9789423939982953,-718.8699951171875,-721.0
1.9806944689989905,-718.8699951171875,-721.0
1.9824516779990518,-718.8699951171875,-721.0
1.9841849980002735,-718.8699951171875,-721.0
1.9859701130008034,-718.8699951171875,-721.0
1.9877050949980912,-718.8699951171875,-721.0
1.9894386980013223,-718.8699951171875,-721.0
1.9912080079993757,-718.8699951171875,-721.0
1.9929672379985277,-718.8699951171875,-721.0
1.9946840449993033,-718.8699951171875,-721.0
1.9964349340007175,-718.8699951171875,-721.0
1.9982022119984322,-718.8699951171875,-721.0
1.9999344339994423,-718.8699951171875,-721.0
2.001716610000585,-718.8699951171875,-721.0
2.003479024999251,-718.8699951171875,-721.0
2.0052067959986744,-718.8699951171875,-720.0
2.0069719390012324,-718.8699951171875,-720.0
2.008683623000252,-718.8699951171875,-720.0
2.0105710969983193,-718.8699951171875,-720.0
2.0124635270003637,-718.8699951171875,-720.0
2.0142299119979725,-718.8699951171875,-720.0
2.015959174001182,-718.8699951171875,-720.0
2.0176788639982988,-718.8699951171875,-720.0
2.0194624489995476,-718.8699951171875,-720.0
2.0212057290009398,-718.8699951171875,-720.0
2.0228913579994696,-718.8699951171875,-720.0
2.0246864830005507,-718.8699951171875,-720.0
2.026461654000741,-718.8699951171875,-720.0
2.0281958509986,-718.8699951171875,-720.0
2.030211426997994,-718.8699951171875,-720.0
2.0319580739997036,-718.8699951171875,-720.0
2.0337014039978385,-718.8699951171875,-720.0
2.0354554900004587,-718.8699951171875,-720.0
2.0372079509979812,-718.8699951171875,-720.0
2.038963270999375,-718.8699951171875,-720.0
2.0406915819985443,-718.8699951171875,-720.0
2.042467899998883,-718.8699951171875,-720.0
2.044199551000929,-718.8699951171875,-720.0
2.0459475190000376,-718.8699951171875,-720.0
2.047698780999781,-718.8699951171875,-720.0
2.0494554719989537,-718.8699951171875,-720.0
2.0511928369996895,-718.8699951171875,-720.0
2.0529585170006612,-718.8699951171875,-720.0
2.054715054000553,-718.8699951171875,-720.0
2.0564732720013126,-718.8699951171875,-720.0
2.058205163000821,-718.8699951171875,-720.0
2.05996153399974,-718.8699951171875,-720.0
2.061707304997981,-718.8699951171875,-720.0
2.063475874998403,-718.8699951171875,-720.0
2.0652077099985036,-718.8699951171875,-720.0
2.06696037599977,-718.8699951171875,-720.0
2.0687061579992587,-718.8699951171875,-720.0
2.070472356997925,-718.8699951171875,-720.0
2.0722057040002255,-718.8699951171875,-720.0
2.073969537999801,-718.8699951171875,-720.0
2.075702218000515,-718.8699951171875,-720.0
2.077467989998695,-718.8699951171875,-720.0
2.079207087001123,-718.8699951171875,-720.0
2.0809712689988373,-718.8699951171875,-720.0
2.0826978469995083,-718.8699951171875,-720.0
2.0844608019979205,-718.8699951171875,-720.0
2.0862223020012607,-718.8699951171875,-720.0
2.0879734970003483,-718.8699951171875,-720.0
2.0897063089978474,-718.8699951171875,-720.0
2.091478296999412,-718.8699951171875,-720.0
2.093216489000042,-718.8699951171875,-720.0
2.094964386000356,-718.8699951171875,-720.0
2.0967241219987045,-718.8699951171875,-720.0
2.0984869569983857,-718.8699951171875,-720.0
2.1002050540009805,-718.8699951171875,-720.0
2.1019821039990347,-718.8699951171875,-720.0
2.1037231349982903,-718.8699951171875,-720.0
2.105465104999894,-718.8699951171875,-720.0
2.1072165769983258,-718.8699951171875,-720.0
2.1089076300013403,-718.8699951171875,-720.0
2.110632085998077,-718.8699951171875,-720.0
2.11237399699894,-718.8699951171875,-720.0
2.1141221590005443,-718.8699951171875,-720.0
2.115872821999801,-718.8699951171875,-720.0
2.117621404999227,-718.8699951171875,-720.0
2.1193652559995826,-718.8699951171875,-720.0
2.1208699679991696,-718.8699951171875,-720.0
2.1227715210006863,-718.8699951171875,-720.0
2.124524865997955,-718.8699951171875,-720.0
2.1265047029992274,-718.8699951171875,-720.0
2.1282520439999644,-718.8699951171875,-720.0
2.1300080369983334,-718.8699951171875,-720.0
2.131751853001333,-718.8699951171875,-720.0
2.1337581219995627,-718.8699951171875,-720.0
2.135749957000371,-718.8699951171875,-720.0
2.13775527100006,-718.8699951171875,-720.0
2.139764299001399,-718.8699951171875,-720.0
2.141505675001099,-718.8699951171875,-720.0
2.1431292929992196,-718.8699951171875,-720.0
2.1448736499987717,-718.8699951171875,-720.0
2.146622981999826,-718.8699951171875,-720.0
2.1481121350007015,-718.8699951171875,-720.0
2.1496199049979623,-718.8699951171875,-720.0
2.151371593998192,-718.8699951171875,-720.0
2.1531235209986335,-718.8699951171875,-720.0
2.1548721789986303,-718.8699951171875,-720.0
2.156373178000649,-718.8699951171875,-720.0
2.1581226409980445,-718.8699951171875,-720.0
2.159873378001066,-718.8699951171875,-720.0
2.1616146529995603,-718.8699951171875,-720.0
2.163371587997972,-718.8699951171875,-720.0
2.1651335770002333,-718.8699951171875,-720.0
2.1666209249997337,-718.8699951171875,-720.0
2.168368988997827,-718.8699951171875,-720.0
2.1701145229999383,-718.8699951171875,-720.0
2.171867230001226,-718.8699951171875,-720.0
2.1733928009998635,-718.8699951171875,-719.0
2.175113536999561,-718.8699951171875,-719.0
2.1768720500003838,-718.8699951171875,-719.0
2.1786224479983503,-718.8699951171875,-719.0
2.1803737160007586,-718.8699951171875,-719.0
2.182115037998301,-718.8699951171875,-719.0
2.183871690998785,-718.8699951171875,-719.0
2.185362467000232,-718.8699951171875,-719.0
2.187123675001203,-718.8699951171875,-719.0
2.1888749190002272,-718.8699951171875,-719.0
2.190624205999484,-718.8699951171875,-719.0
2.192394277000858,-718.8699951171875,-719.0
2.194131528998696,-718.8699951171875,-719.0
2.1958725369986496,-718.8699951171875,-719.0
2.197385209998174,-718.8699951171875,-719.0
2.1988913220011455,-718.8699951171875,-719.0
2.2006145669984107,-718.8699951171875,-719.0
2.2023944799984747,-718.8699951171875,-719.0
2.204124209998554,-718.8699951171875,-719.0
2.205870452999079,-718.8699951171875,-719.0
2.20739397899888,-718.8699951171875,-719.0
2.2091432769993844,-718.8699951171875,-719.0
2.210895124000672,-718.8699951171875,-719.0
2.2126385269984894,-718.8699951171875,-719.0
2.2143881049996708,-718.8699951171875,-719.0
2.2161446629979764,-718.8699951171875,-719.0
2.2178943190010614,-718.8699951171875,-719.0
2.219639568000275,-718.8699951171875,-719.0
2.2213909399979457,-718.8699951171875,-719.0
2.223146396998345,-718.8699951171875,-719.0
2.22489565199794,-718.8699951171875,-719.0
2.2266551129978325,-718.8699951171875,-719.0
2.228395015001297,-718.8699951171875,-719.0
2.230144309000025,-718.8699951171875,-719.0
2.2318960150005296,-718.8699951171875,-719.0
2.2336443239983055,-718.8699951171875,-719.0
2.2353887200006284,-718.8699951171875,-719.0
2.2371445690005203,-718.8699951171875,-719.0
2.2388947549989098,-718.8699951171875,-719.0
2.2406453609983146,-718.8699951171875,-719.0
2.2423965289999614,-718.8699951171875,-719.0
2.2441376040005707,-718.8699951171875,-719.0
2.2456428529985715,-718.8699951171875,-719.0
2.247135135999997,-718.8699951171875,-719.0
2.2488962799980072,-718.8699951171875,-719.0
2.2506447870000557,-718.8699951171875,-719.0
2.2523870400000305,-718.8699951171875,-719.0
2.254137764000916,-718.8699951171875,-719.0
2.2558929240003636,-718.8699951171875,-719.0
2.2576548010001716,-718.8699951171875,-719.0
2.2593962280006963,-718.8699951171875,-719.0
2.261136331999296,-718.8699951171875,-719.0
2.2626328469996224,-718.8699951171875,-719.0
2.264141675997962,-718.8699951171875,-719.0
2.2658959520013013,-718.8699951171875,-719.0
2.2676448079982947,-718.8699951171875,-719.0
2.26938605399846,-718.8699951171875,-719.0
2.271144667000044,-718.8699951171875,-719.0
2.272887320999871,-718.8699951171875,-719.0
2.2746536359991296,-718.8699951171875,-719.0
2.276415641001222,-718.8699951171875,-719.0
2.2779122600004484,-718.8699951171875,-719.0
2.2796447010005068,-718.8699951171875,-719.0
2.2813880239991704,-718.8699951171875,-719.0
2.283156287998281,-718.8699951171875,-719.0
2.284898729998531,-718.8699951171875,-719.0
2.2866673879980226,-718.8699951171875,-719.0
2.288428830997873,-718.8699951171875,-719.0
2.2899029159998463,-718.8699951171875,-719.0
2.2916557469980035,-718.8699951171875,-719.0
2.293563504998019,-718.8699951171875,-719.0
2.295294818999537,-718.8699951171875,-719.0
2.297020246998727,-718.8699951171875,-719.0
2.2988107950004633,-718.8699951171875,-719.0
2.300548109000374,-718.8699951171875,-719.0
2.3025286909978604,-718.8699951171875,-719.0
2.3042961559985997,-718.8699951171875,-719.0
2.3062946959980763,-718.8699951171875,-719.0
2.308041518997925,-718.8699951171875,-719.0
2.309799668000778,-718.8699951171875,-719.0
2.3117965739984356,-718.8699951171875,-719.0
2.31354717800059,-718.8699951171875,-719.0
2.3156041330003063,-718.8699951171875,-719.0
2.3172913099988364,-718.8699951171875,-719.0
2.3190462029997434,-718.8699951171875,-719.0
2.3207934689999092,-718.8699951171875,-719.0
2.322561756998766,-718.8699951171875,-719.0
2.324294950998592,-718.8699951171875,-719.0
2.3260435900010634,-718.8699951171875,-719.0
2.3277956290003203,-718.8699951171875,-719.0
2.3295258119978826,-718.8699951171875,-719.0
2.3312903420010116,-718.8699951171875,-719.0
2.333041322999634,-718.8699951171875,-719.0
2.334795769998891,-718.8699951171875,-719.0
2.3365604669997992,-718.8699951171875,-719.0
2.3382996850014024,-718.8699951171875,-719.0
2.3400468139989243,-718.8699951171875,-719.0
2.341792658000486,-718.8699951171875,-719.0
2.3435789100003603,-718.8699951171875,-719.0
2.345286710999062,-718.8699951171875,-719.0
2.34703585600073,-718.8699951171875,-719.0
2.3487937889985915,-718.8699951171875,-719.0
2.3505482059990754,-718.8699951171875,-719.0
2.352289442998881,-718.8699951171875,-719.0
2.3540354590004426,-718.8699951171875,-719.0
2.3557906200003345,-718.8699951171875,-719.0
2.357551050001348,-718.8699951171875,-719.0
2.3592897999988054,-718.8699951171875,-719.0
2.3610523479983385,-718.8699951171875,-719.0
2.3627848219985026,-718.8699951171875,-719.0
2.364561913000216,-718.8699951171875,-719.0
2.3662898570000834,-718.8699951171875,-719.0
2.3680327689980913,-718.8699951171875,-719.0
2.3697862420012825,-718.8699951171875,-719.0
2.3715380469984666,-718.8699951171875,-719.0
2.3732878179980617,-718.8699951171875,-719.0
2.3750624519998382,-718.8699951171875,-719.0
2.3767117419993156,-718.8699951171875,-719.0
2.3784252580007887,-718.8699951171875,-719.0
2.3801681279983313,-718.8699951171875,-719.0
2.3819149090013525,-718.8699951171875,-719.0
2.383668772999954,-718.8699951171875,-719.0
2.3854094759990403,-718.8699951171875,-719.0
2.387168121000286,-718.8699951171875,-719.0
2.3889175549993524,-718.8699951171875,-719.0
2.390409520998219,-718.8699951171875,-719.0
2.391937815998972,-718.8699951171875,-719.0
2.393660589001229,-718.8699951171875,-719.0
2.395418947999133,-718.8699951171875,-719.0
2.3971685680007795,-718.8699951171875,-719.0
2.3989390909991926,-718.8699951171875,-719.0
2.400697840999783,-718.8699951171875,-719.0
2.402439786998002,-718.8699951171875,-719.0
2.4041675580010633,-718.8699951171875,-719.0
2.405933787998947,-718.8699951171875,-719.0
2.4076904819994525,-718.8699951171875,-719.0
2.409437590999005,-718.8699951171875,-719.0
2.4111887580002076,-718.8699951171875,-719.0
2.412685426999815,-718.8699951171875,-719.0
2.414212314000906,-718.8699951171875,-719.0
2.4159401939978125,-718.8699951171875,-719.0
2.417688319001172,-718.8699951171875,-719.0
2.4194322080002166,-718.8699951171875,-719.0
2.421182547997887,-718.8699951171875,-719.0
2.422681920998002,-718.8699951171875,-719.0
2.4244383340010245,-718.8699951171875,-719.0
2.4261871649978275,-718.8699951171875,-719.0
2.4279389119983534,-718.8699951171875,-719.0
2.429680846998963,-718.8699951171875,-719.0
2.4314301359991077,-718.8699951171875,-719.0
2.433186905000184,-718.8699951171875,-719.0
2.4349400979990605,-718.8699951171875,-719.0
2.436680967999564,-718.8699951171875,-719.0
2.438438473000133,-718.8699951171875,-719.0
2.439931169999909,-718.8699951171875,-719.0
2.4414288970001508,-718.8699951171875,-719.0
2.4431891179992817,-718.8699951171875,-719.0
2.4449390090012457,-718.8699951171875,-719.0
2.446686138999212,-718.8699951171875,-719.0
2.4484326530000544,-718.8699951171875,-719.0
2.450181921998592,-718.8699951171875,-719.0
2.451931806997891,-718.8699951171875,-719.0
2.453681188999326,-718.8699951171875,-719.0
2.455178779000562,-718.8699951171875,-719.0
2.4569397589984874,-718.8699951171875,-719.0
2.4586872399995627,-718.8699951171875,-719.0
2.460179233999952,-718.8699951171875,-719.0
2.4619391019987233,-718.8699951171875,-719.0
2.4636870530011947,-718.8699951171875,-719.0
2.465178858001309,-718.8699951171875,-719.0
2.466939015997923,-718.8699951171875,-719.0
2.468691389000014,-718.8699951171875,-719.0
2.470439040000201,-718.8699951171875,-719.0
2.4721888019994367,-718.8699951171875,-719.0
2.4739314039979945,-718.8699951171875,-719.0
2.4754387299981317,-718.8699951171875,-719.0
2.4771891460004554,-718.8699951171875,-719.0
2.4789385149997543,-718.8699951171875,-719.0
2.4806883509991167,-718.8699951171875,-719.0
2.482438732000446,-718.8699951171875,-719.0
2.48418857499928,-718.8699951171875,-719.0
2.4856786749987805,-718.8699951171875,-719.0
2.487201895000908,-718.8699951171875,-719.0
2.4889596979992348,-718.8699951171875,-719.0
2.4906898730005196,-718.8699951171875,-719.0
2.4922077439987333,-718.8699951171875,-719.0
2.493939579999278,-718.8699951171875,-719.0
2.4956886270010727,-718.8699951171875,-719.0
2.497467991997837,-718.8699951171875,-719.0
2.499210003999906,-718.8699951171875,-719.0
2.5009588789980626,-718.8699951171875,-719.0
2.5027018660002796,-718.8699951171875,-719.0
2.504468540999369,-718.8699951171875,-719.0
2.5059515520006244,-718.8699951171875,-719.0
2.50768960500136,-718.8699951171875,-719.0
2.5094674389983993,-718.8699951171875,-719.0
2.5112103179999394,-718.8699951171875,-719.0
2.512960160998773,-718.8699951171875,-719.0
2.514711414998601,-718.8699951171875,-719.0
2.516207189000852,-718.8699951171875,-719.0
2.5179598739996436,-718.8699951171875,-719.0
2.5197114830007195,-718.8699951171875,-719.0
2.5214597230005893,-718.8699951171875,-719.0
2.5232125260008615,-718.8699951171875,-719.0
2.524959726000816,-718.8699951171875,-719.0
2.5267137509981694,-718.8699951171875,-719.0
2.528208880998136,-718.8699951171875,-719.0
2.5299597960001847,-718.8699951171875,-719.0
2.531711609000922,-718.8699951171875,-719.0
2.5334602750008344,-718.8699951171875,-719.0
2.5352029700006824,-718.8699951171875,-719.0
2.536962042999221,-718.8699951171875,-719.0
2.538457341997855,-718.8699951171875,-719.0
2.54020299900003,-718.8699951171875,-719.0
2.541717943000549,-718.8699951171875,-719.0
2.5434525380005653,-718.8699951171875,-719.0
2.545212378998258,-718.8699951171875,-719.0
2.546960386000137,-718.8699951171875,-719.0
2.5487108529996476,-718.8699951171875,-719.0
2.5504616549987986,-718.8699951171875,-719.0
2.5519498879984894,-718.8699951171875,-719.0
2.553710363998107,-718.8699951171875,-719.0
2.5554602299998805,-718.8699951171875,-719.0
2.557211188999645,-718.8699951171875,-719.0
2.5589614439995785,-718.8699951171875,-719.0
2.5604582909982128,-718.8699951171875,-719.0
2.5622093210004095,-718.8699951171875,-719.0
2.563960645999032,-718.8699951171875,-719.0
2.565711815997929,-718.8699951171875,-719.0
2.56746044099782,-718.8699951171875,-719.0
2.5692032650003966,-718.8699951171875,-719.0
2.570962458001304,-718.8699951171875,-719.0
2.5724586739997903,-718.8699951171875,-719.0
2.5742109899983916,-718.8699951171875,-719.0
2.5759606860010535,-718.8699951171875,-719.0
2.5777112969990412,-718.8699951171875,-719.0
2.5794601589986996,-718.8699951171875,-719.0
2.581202511999436,-718.8699951171875,-719.0
2.58296279699789,-718.8699951171875,-719.0
2.5847107609988598,-718.8699951171875,-719.0
2.5864825030002976,-718.8699951171875,-719.0
2.5882315290000406,-718.8699951171875,-719.0
2.5899608910003735,-718.8699951171875,-719.0
2.5914693900012935,-718.8699951171875,-719.0
2.593231434999325,-718.8699951171875,-719.0
2.5949830099998508,-718.8699951171875,-719.0
2.5967298729992763,-718.8699951171875,-719.0
2.598481796998385,-718.8699951171875,-719.0
2.6002095240000926,-718.8699951171875,-719.0
2.6017275740014156,-718.8699951171875,-719.0
2.6034818299995095,-718.8699951171875,-719.0
2.605230657998618,-718.8699951171875,-719.0
2.6069818979995034,-718.8699951171875,-719.0
2.6087311289993522,-718.8699951171875,-719.0
2.6104740429982485,-718.8699951171875,-719.0
2.6122309290003614,-718.8699951171875,-719.0
2.6137303120012803,-718.8699951171875,-719.0
2.6154755300012766,-718.8699951171875,-719.0
2.6172333260001324,-718.8699951171875,-719.0
2.6187250670009234,-718.8699951171875,-719.0
2.6202210139999806,-718.8699951171875,-719.0
2.6219819859979907,-718.8699951171875,-719.0
2.6237326439986646,-718.8699951171875,-719.0
2.6254815190004592,-718.8699951171875,-719.0
2.6272323810007947,-718.8699951171875,-719.0
2.628728179999598,-718.8699951171875,-719.0
2.630229751001025,-718.8699951171875,-719.0
2.6319805220009584,-718.8699951171875,-719.0
2.633729982000659,-718.8699951171875,-719.0
2.6354850549978437,-718.8699951171875,-719.0
2.637233754998306,-718.8699951171875,-719.0
2.638983652999741,-718.8699951171875,-719.0
2.6407327050001186,-718.8699951171875,-719.0
2.6424822219996713,-718.8699951171875,-719.0
2.644233371000155,-718.8699951171875,-719.0
2.645734065998113,-718.8699951171875,-719.0
2.647499308000988,-718.8699951171875,-719.0
2.6489715999996406,-718.8699951171875,-719.0
2.6507253620002302,-718.8699951171875,-719.0
2.6524850009991496,-718.8699951171875,-719.0
2.6542222589996527,-718.8699951171875,-719.0
2.655975658999523,-718.8699951171875,-719.0
2.657734325999627,-718.8699951171875,-719.0
2.659228398999403,-718.8699951171875,-719.0
2.6609755989993573,-718.8699951171875,-719.0
2.662732346998382,-718.8699951171875,-719.0
2.664476369998738,-718.8699951171875,-719.0
2.666232198000216,-718.8699951171875,-719.0
2.667722803998913,-718.8699951171875,-719.0
2.6694776639997144,-718.8699951171875,-719.0
2.67122441399988,-718.8699951171875,-719.0
2.672973748998629,-718.8699951171875,-719.0
2.674731953000446,-718.8699951171875,-719.0
2.6764820870012045,-718.8699951171875,-719.0
2.6782509379991097,-718.8699951171875,-719.0
2.6797298479978053,-718.8699951171875,-719.0
2.68147568600034,-718.8699951171875,-719.0
2.6832340039982228,-718.8699951171875,-719.0
2.6849840409995522,-718.8699951171875,-719.0
2.686744873000862,-718.8699951171875,-719.0
2.688504138001008,-718.8699951171875,-719.0
2.690232853001362,-718.8699951171875,-719.0
2.692003885000304,-718.8699951171875,-719.0
2.693731609000679,-718.8699951171875,-719.0
2.6952294670008996,-718.8699951171875,-719.0
2.6967580529999395,-718.8699951171875,-719.0
2.6985014739984763,-718.8699951171875,-719.0
2.7002316059988516,-718.8699951171875,-719.0
2.7019739969982766,-718.8699951171875,-719.0
2.7034930779991555,-718.8699951171875,-719.0
2.705233054999553,-718.8699951171875,-719.0
2.707002688999637,-718.8699951171875,-719.0
2.708746002997941,-718.8699951171875,-719.0
2.710243912999431,-718.8699951171875,-719.0
2.7117444699979387,-718.8699951171875,-719.0
2.713496121999924,-718.8699951171875,-719.0
2.7152546389988856,-718.8699951171875,-719.0
2.7170042039979307,-718.8699951171875,-719.0
2.718497275000118,-718.8699951171875,-719.0
2.7202546279986564,-718.8699951171875,-719.0
2.722004179999203,-718.8699951171875,-719.0
2.723755193997931,-718.8699951171875,-719.0
2.7255044560006354,-718.8699951171875,-719.0
2.7272549250010343,-718.8699951171875,-719.0
2.729003971999191,-718.8699951171875,-719.0
2.730753484000161,-718.8699951171875,-719.0
2.7324964680010453,-718.8699951171875,-718.0
2.7342469059985888,-718.8699951171875,-718.0
2.7357529740002065,-718.8699951171875,-718.0
2.7375035309996747,-718.8699951171875,-718.0
2.7392514720013423,-718.8699951171875,-718.0
2.741004632000113,-718.8699951171875,-718.0
2.7425023789983243,-718.8699951171875,-718.0
2.7442545749981946,-718.8699951171875,-718.0
2.7461225099978037,-718.8699951171875,-718.0
2.747871055998985,-718.8699951171875,-718.0
2.7496234549980727,-718.8699951171875,-718.0
2.7513454090003506,-718.8699951171875,-718.0
2.7530782079993514,-718.8699951171875,-718.0
2.7548595090011077,-718.8699951171875,-718.0
2.7565513330009708,-718.8699951171875,-718.0
2.7583302540006116,-718.8699951171875,-718.0
2.7600878730008844,-718.8699951171875,-718.0
2.7618282590010494,-718.8699951171875,-718.0
2.763573099000496,-718.8699951171875,-718.0
2.7653289250010857,-718.8699951171875,-718.0
2.7670786939997924,-718.8699951171875,-718.0
2.768835301998479,-718.8699951171875,-718.0
2.7705690639995737,-718.8699951171875,-718.0
2.7723136069980683,-718.8699951171875,-718.0
2.7740782059991034,-718.8699951171875,-718.0
2.7758453200003714,-718.8699951171875,-718.0
2.777558677000343,-718.8699951171875,-718.0
2.7793304019978677,-718.8699951171875,-718.0
2.7810568589993636,-718.8699951171875,-718.0
2.782834088000527,-718.8699951171875,-718.0
2.784584274999361,-718.8699951171875,-718.0
2.786330341001303,-718.8699951171875,-718.0
2.788082276998466,-718.8699951171875,-718.0
2.7898328650007898,-718.8699951171875,-718.0
2.7915860210014216,-718.8699951171875,-718.0
2.793311558998539,-718.8699951171875,-718.0
2.7950787080008013,-718.8699951171875,-718.0
2.7968627749978623,-718.8699951171875,-718.0
2.798577141998976,-718.8699951171875,-718.0
2.8003506969980663,-718.8699951171875,-718.0
2.8020794149997528,-718.8699951171875,-718.0
2.803828831998544,-718.8699951171875,-718.0
2.805582894001418,-718.8699951171875,-718.0
2.807359524998901,-718.8699951171875,-718.0
2.8091083740000613,-718.8699951171875,-718.0
2.8108676970005035,-718.8699951171875,-718.0
2.812595717001386,-718.8699951171875,-718.0
2.814362548000645,-718.8699951171875,-718.0
2.816096901999117,-718.8699951171875,-718.0
2.8178657440003008,-718.8699951171875,-718.0
2.819600843999069,-718.8699951171875,-718.0
2.8213309929997195,-718.8699951171875,-718.0
2.823108102998958,-718.8699951171875,-718.0
2.824851278001006,-718.8699951171875,-718.0
2.8265885719993094,-718.8699951171875,-718.0
2.828375208999205,-718.8699951171875,-718.0
2.8301246740011266,-718.8699951171875,-718.0
2.831851081999048,-718.8699951171875,-718.0
2.8335881889979646,-718.8699951171875,-718.0
2.835361962999741,-718.8699951171875,-718.0
2.8370969700008573,-718.8699951171875,-718.0
2.8388515789993107,-718.8699951171875,-718.0
2.8405868999980157,-718.8699951171875,-718.0
2.8423468959990714,-718.8699951171875,-718.0
2.8441309219997493,-718.8699951171875,-718.0
2.8458558729980723,-718.8699951171875,-718.0
2.8475859419995686,-718.8699951171875,-718.0
2.84937337899828,-718.8699951171875,-718.0
2.851092081000388,-718.8699951171875,-718.0
2.8528582010003447,-718.8699951171875,-718.0
2.854590022998309,-718.8699951171875,-718.0
2.8563670680014184,-718.8699951171875,-718.0
2.8581012270005886,-718.8699951171875,-718.0
2.85985577899919,-718.8699951171875,-718.0
2.861586973998783,-718.8699951171875,-718.0
2.863363829001173,-718.8699951171875,-718.0
2.8651035699986096,-718.8699951171875,-718.0
2.866845660999388,-718.8699951171875,-718.0
2.868581065999024,-718.8699951171875,-718.0
2.87036030300078,-718.8699951171875,-718.0
2.8721000810000987,-718.8699951171875,-718.0
2.8738530199989327,-718.8699951171875,-718.0
2.8755931980012974,-718.8699951171875,-718.0
2.877362772000197,-718.8699951171875,-718.0
2.8791028009982256,-718.8699951171875,-718.0
2.8808526399989205,-718.8699951171875,-718.0
2.8825851760011574,-718.8699951171875,-718.0
2.88435459700122,-718.8699951171875,-718.0
2.8861154320002242,-718.8699951171875,-718.0
2.8878524219981045,-718.8699951171875,-718.0
2.889604715997848,-718.8699951171875,-718.0
2.8913822190006613,-718.8699951171875,-718.0
2.893108227999619,-718.8699951171875,-718.0
2.8948522620012227,-718.8699951171875,-718.0
2.8965786260014283,-718.8699951171875,-718.0
2.8983616109981085,-718.8699951171875,-718.0
2.9001017519985908,-718.8699951171875,-718.0
2.901856548000069,-718.8699951171875,-718.0
2.903583322000486,-718.8699951171875,-718.0
2.905353269998159,-718.8699951171875,-718.0
2.907123845998285,-718.8699951171875,-718.0
2.908875850000186,-718.8699951171875,-718.0
2.910593566000898,-718.8699951171875,-718.0
2.912378572000307,-718.8699951171875,-718.0
2.9140875470002356,-718.8699951171875,-718.0
2.9158753029987565,-718.8699951171875,-718.0
2.917635699999664,-718.8699951171875,-718.0
2.9193801769979473,-718.8699951171875,-718.0
2.9211082239999087,-718.8699951171875,-718.0
2.9228861650008184,-718.8699951171875,-718.0
2.924606093998591,-718.8699951171875,-718.0
2.9263696480011276,-718.8699951171875,-718.0
2.928124027999729,-718.8699951171875,-718.0
2.929888030001166,-718.8699951171875,-718.0
2.9316171760001453,-718.8699951171875,-718.0
2.9333832429983886,-718.8699951171875,-718.0
2.9351132859992504,-718.8699951171875,-718.0
2.936877113999799,-718.8699951171875,-718.0
2.9386594600000535,-718.8699951171875,-718.0
2.940385249999963,-718.8699951171875,-718.0
2.9421009510006115,-718.8699951171875,-718.0
2.9438564289994247,-718.8699951171875,-718.0
2.9456053040012193,-718.8699951171875,-718.0
2.9473638179988484,-718.8699951171875,-718.0
2.94912419100001,-718.8699951171875,-718.0
2.950877713999944,-718.8699951171875,-718.0
2.9526063640005304,-718.8699951171875,-718.0
2.954384297998331,-718.8699951171875,-718.0
2.956119785998453,-718.8699951171875,-718.0
2.9578757589988527,-718.8699951171875,-718.0
2.959625732000859,-718.8699951171875,-718.0
2.9613858459997573,-718.8699951171875,-718.0
2.963103540998418,-718.8699951171875,-718.0
2.964875296998798,-718.8699951171875,-718.0
2.9666160109991324,-718.8699951171875,-718.0
2.968396070999006,-718.8699951171875,-718.0
2.970132612997986,-718.8699951171875,-718.0
2.9718697700009216,-718.8699951171875,-718.0
2.9736073829990346,-718.8699951171875,-718.0
2.9753708629978064,-718.8699951171875,-718.0
2.9771212259984168,-718.8699951171875,-718.0
2.9788773649997893,-718.8699951171875,-718.0
2.9806161650012655,-718.8699951171875,-718.0
2.9823814919982397,-718.8699951171875,-718.0
2.9841252400001395,-718.8699951171875,-718.0
2.9858735499983595,-718.8699951171875,-718.0
2.987612541000999,-718.8699951171875,-718.0
2.9893996179998794,-718.8699951171875,-718.0
2.991123512998456,-718.8699951171875,-718.0
2.9928734189998067,-718.8699951171875,-718.0
2.9946054280007957,-718.8699951171875,-718.0
2.996384574998956,-718.8699951171875,-718.0
2.9981280530009826,-718.8699951171875,-718.0
2.999873527998716,-718.8699951171875,-718.0
3.0016253879985015,-718.8699951171875,-718.0
3.0033866000012495,-718.8699951171875,-718.0
3.0050977899991267,-718.8699951171875,-718.0
3.006891892000567,-718.8699951171875,-718.0
3.008626554001239,-718.8699951171875,-718.0
3.0103884279997146,-718.8699951171875,-718.0
3.012162974999228,-718.8699951171875,-718.0
3.013880202001019,-718.8699951171875,-718.0
3.015626346998033,-718.8699951171875,-718.0
3.0173752880000393,-718.8699951171875,-718.0
3.019147418999637,-718.8699951171875,-718.0
3.020916387999023,-718.8699951171875,-718.0
3.022654184998828,-718.8699951171875,-718.0
3.024399326997809,-718.8699951171875,-718.0
3.0261489229997096,-718.8699951171875,-718.0
3.0278917610012286,-718.8699951171875,-718.0
3.0296284270007163,-718.8699951171875,-718.0
3.0314057789983053,-718.8699951171875,-718.0
3.033143241998914,-718.8699951171875,-718.0
3.0349017389999062,-718.8699951171875,-718.0
3.036634725998738,-718.8699951171875,-718.0
3.0383788279978035,-718.8699951171875,-718.0
3.0401454489983735,-718.8699951171875,-718.0
3.04189629299799,-718.8699951171875,-718.0
3.0436318069987465,-718.8699951171875,-718.0
3.045411368999339,-718.8699951171875,-718.0
3.0471407269978954,-718.8699951171875,-718.0
3.048894160998316,-718.8699951171875,-718.0
3.050649518998398,-718.8699951171875,-718.0
3.052399306998268,-718.8699951171875,-718.0
3.0541474550009298,-718.8699951171875,-718.0
3.055885739999212,-718.8699951171875,-718.0
3.0576258459987002,-718.8699951171875,-718.0
3.059428818000015,-718.8699951171875,-718.0
3.0611477749989717,-718.8699951171875,-718.0
3.0629059370003233,-718.8699951171875,-718.0
3.0646490569997695,-718.8699951171875,-718.0
3.066406736001227,-718.8699951171875,-718.0
3.0681439170002704,-718.8699951171875,-718.0
3.0698949270008598,-718.8699951171875,-718.0
3.071662809001282,-718.8699951171875,-718.0
3.073401223999099,-718.8699951171875,-718.0
3.0751451729993278,-718.8699951171875,-718.0
3.0768949989978864,-718.8699951171875,-718.0
3.0786450669984333,-718.8699951171875,-718.0
3.080399808000948,-718.8699951171875,-718.0
3.0821512279981107,-718.8699951171875,-718.0
3.083896445001301,-718.8699951171875,-718.0
3.0856319249978696,-718.8699951171875,-718.0
3.0874040909984615,-718.8699951171875,-718.0
3.0891644100011035,-718.8699951171875,-718.0
3.090975859999162,-718.8699951171875,-718.0
3.0927330240010633,-718.8699951171875,-718.0
3.0944530589986243,-718.8699951171875,-718.0
3.0962065040002926,-718.8699951171875,-718.0
3.0979693990011583,-718.8699951171875,-718.0
3.099721896000119,-718.8699951171875,-718.0
3.1014773409988265,-718.8699951171875,-718.0
3.103465362000861,-718.8699951171875,-718.0
3.10521818000052,-718.8699951171875,-718.0
3.1072086860003765,-718.8699951171875,-718.0
3.1089878829989175,-718.8699951171875,-718.0
3.1107201339982566,-718.8699951171875,-718.0
3.112472846998571,-718.8699951171875,-718.0
3.114222437998251,-718.8699951171875,-718.0
3.115971595998417,-718.8699951171875,-718.0
3.1177240120014176,-718.8699951171875,-718.0
3.1194726079993416,-718.8699951171875,-718.0
3.1212249560012424,-718.8699951171875,-718.0
3.1229754089981725,-718.8699951171875,-718.0
3.124722174998169,-718.8699951171875,-718.0
3.1264794550006627,-718.8699951171875,-718.0
3.128221595001378,-718.8699951171875,-718.0
3.129996312000003,-718.8699951171875,-718.0
3.131705724998028,-718.8699951171875,-718.0
3.133475869999529,-718.8699951171875,-718.0
3.1352268759983417,-718.8699951171875,-718.0
3.137225620001118,-718.8699951171875,-718.0
3.1392330749986286,-718.8699951171875,-718.0
3.1409688589992584,-718.8699951171875,-718.0
3.1427169400012644,-718.8699951171875,-718.0
3.1444745310000144,-718.8699951171875,-718.0
3.146218982001301,-718.8699951171875,-718.0
3.1479911569986143,-718.8699951171875,-718.0
3.1499706510003307,-718.8699951171875,-718.0
3.1517370920009853,-718.8699951171875,-718.0
3.153471884997998,-718.8699951171875,-718.0
3.155226186998334,-718.8699951171875,-718.0
3.1569739029982884,-718.8699951171875,-718.0
3.1587252389981586,-718.8699951171875,-718.0
3.1604767780008842,-718.8699951171875,-718.0
3.162220445999992,-718.8699951171875,-718.0
3.1639898370012816,-718.8699951171875,-718.0
3.1657212380014244,-718.8699951171875,-718.0
3.1674800049986516,-718.8699951171875,-718.0
3.1692276520007,-718.8699951171875,-718.0
3.1709716570003366,-718.8699951171875,-718.0
3.1727372909990663,-718.8699951171875,-718.0
3.1744745779978985,-718.8699951171875,-718.0
3.1762514670008386,-718.8699951171875,-718.0
3.177970362998167,-718.8699951171875,-718.0
3.179697622999811,-718.8699951171875,-718.0
3.181477342997823,-718.8699951171875,-718.0
3.183227690999047,-718.8699951171875,-718.0
3.184981695998431,-718.8699951171875,-718.0
3.186717658998532,-718.8699951171875,-718.0
3.188470323999354,-718.8699951171875,-718.0
3.190227712999331,-718.8699951171875,-718.0
3.191998951999267,-718.8699951171875,-718.0
3.1939791689983394,-718.8699951171875,-718.0
3.195973697998852,-718.8699951171875,-718.0
3.197723593999399,-718.8699951171875,-718.0
3.1994784560010885,-718.8699951171875,-718.0
3.2012444049978512,-718.8699951171875,-718.0
3.202997948999837,-718.8699951171875,-718.0
3.2047504180009128,-718.8699951171875,-718.0
3.2067298510010005,-718.8699951171875,-718.0
3.208528410999861,-718.8699951171875,-718.0
3.210517223000352,-718.8699951171875,-718.0
3.2125097710013506,-718.8699951171875,-718.0
3.214245220999146,-718.8699951171875,-718.0
3.216230097001244,-718.8699951171875,-718.0
3.2179961359979643,-718.8699951171875,-718.0
3.219747635997919,-718.8699951171875,-718.0
3.2215146329981508,-718.8699951171875,-718.0
3.2232485599997744,-718.8699951171875,-718.0
3.224994083000638,-718.8699951171875,-718.0
3.2267458509995777,-718.8699951171875,-718.0
3.2285243759979494,-718.8699951171875,-718.0
3.230239612999867,-718.8699951171875,-718.0
3.2319932999998855,-718.8699951171875,-718.0
3.233760932998848,-718.8699951171875,-718.0
3.2357144720008364,-718.8699951171875,-718.0
3.2375211779981328,-718.8699951171875,-718.0
3.239246214998275,-718.8699951171875,-718.0
3.2409946900006616,-718.8699951171875,-718.0
3.24300053800107,-718.8699951171875,-718.0
3.244737533001171,-718.8699951171875,-718.0
3.2465214139992895,-718.8699951171875,-718.0
3.2482643279981858,-718.8699951171875,-718.0
3.2499983529996825,-718.8699951171875,-718.0
3.252016120000917,-718.8699951171875,-718.0
3.2539936139983183,-718.8699951171875,-718.0
3.25576478199946,-718.8699951171875,-718.0
3.2575032179993286,-718.8699951171875,-718.0
3.259514663997834,-718.8699951171875,-718.0
3.2612439949989493,-718.8699951171875,-718.0
3.263253060998977,-718.8699951171875,-718.0
3.2650080419989536,-718.8699951171875,-718.0
3.266759408998041,-718.8699951171875,-718.0
3.268516124000598,-718.8699951171875,-718.0
3.2702410029996827,-718.8699951171875,-718.0
3.2719929039994895,-718.8699951171875,-718.0
3.273744974998408,-718.8699951171875,-718.0
3.2757495420009946,-718.8699951171875,-718.0
3.27750647799985,-718.8699951171875,-718.0
3.2792728989988973,-718.8699951171875,-718.0
3.2810011849978764,-718.8699951171875,-718.0
3.2827376940003887,-718.8699951171875,-718.0
3.284512990998337,-718.8699951171875,-718.0
3.2862377310011652,-718.8699951171875,-718.0
3.2880073720007204,-718.8699951171875,-718.0
3.2897396580010536,-718.8699951171875,-718.0
3.291522873998474,-718.8699951171875,-718.0
3.2935185380010807,-718.8699951171875,-718.0
3.2955331490011304,-718.8699951171875,-718.0
3.2975351819986827,-718.8699951171875,-718.0
3.299529996998899,-718.8699951171875,-718.0
3.3012672059994657,-718.8699951171875,-718.0
3.3032432119980513,-718.8699951171875,-718.0
3.3049986160003755,-718.8699951171875,-718.0
3.3067701360014325,-718.8699951171875,-718.0
3.3085405720012204,-718.8699951171875,-718.0
3.3102457120003237,-718.8699951171875,-718.0
3.312018757998885,-718.8699951171875,-718.0
3.3137657410006796,-718.8699951171875,-718.0
3.3155212179990485,-718.8699951171875,-718.0
3.3174937539988605,-718.8699951171875,-718.0
3.31926766000106,-718.8699951171875,-718.0
3.3212541549983143,-718.8699951171875,-718.0
3.3230203359998995,-718.8699951171875,-718.0
3.32476711399795,-718.8699951171875,-718.0
3.3265326869986893,-718.8699951171875,-718.0
3.3282729089987697,-718.8699951171875,-718.0
3.330271584000002,-718.8699951171875,-718.0
3.3320112000001245,-718.8699951171875,-718.0
3.3336880520000705,-718.8699951171875,-718.0
3.33538572299949,-718.8699951171875,-718.0
3.3371376219984086,-718.8699951171875,-718.0
3.338887081001303,-718.8699951171875,-718.0
3.3406377520004753,-718.8699951171875,-718.0
3.3421392909986025,-718.8699951171875,-718.0
3.3438875850006298,-718.8699951171875,-718.0
3.3456266180000966,-718.8699951171875,-718.0
3.3473884490013006,-718.8699951171875,-718.0
3.349136515000282,-718.8699951171875,-718.0
3.35088821699901,-718.8699951171875,-718.0
3.3526381439987745,-718.8699951171875,-718.0
3.354387717001373,-718.8699951171875,-718.0
3.35612710499845,-718.8699951171875,-718.0
3.3578861450005206,-718.8699951171875,-718.0
3.3596368430007715,-718.8699951171875,-718.0
3.361388703000557,-718.8699951171875,-718.0
3.3631279900000663,-718.8699951171875,-718.0
3.3648975209980563,-718.8699951171875,-718.0
3.3666408370008867,-718.8699951171875,-718.0
3.368136425000557,-718.8699951171875,-718.0
3.369898254000873,-718.8699951171875,-718.0
3.371642834998056,-718.8699951171875,-718.0
3.373383375997946,-718.8699951171875,-718.0
3.3751409569995303,-718.8699951171875,-718.0
3.3768832979985746,-718.8699951171875,-718.0
3.378406656000152,-718.8699951171875,-718.0
3.3801446729994495,-718.8699951171875,-718.0
3.3818906269989384,-718.8699951171875,-718.0
3.3836409699979413,-718.8699951171875,-718.0
3.385380196999904,-718.8699951171875,-718.0
3.387133176998759,-718.8699951171875,-718.0
3.388633070000651,-718.8699951171875,-718.0
3.3901308069980587,-718.8699951171875,-718.0
3.3918875140007003,-718.8699951171875,-718.0
3.393636601998878,-718.8699951171875,-718.0
3.3953930940006103,-718.8699951171875,-718.0
3.397135598999739,-718.8699951171875,-718.0
3.3988940349991026,-718.8699951171875,-718.0
3.4006381959989085,-718.8699951171875,-718.0
3.402389848000894,-718.8699951171875,-718.0
3.404143624000426,-718.8699951171875,-718.0
3.405890193000232,-718.8699951171875,-718.0
3.407645871000568,-718.8699951171875,-718.0
3.409409609997965,-718.8699951171875,-718.0
3.411170317998767,-718.8699951171875,-718.0
3.4129153009998845,-718.8699951171875,-718.0
3.4146572099998593,-718.8699951171875,-718.0
3.4164144069982285,-718.8699951171875,-718.0
3.4181700039989664,-718.8699951171875,-718.0
3.419915119000507,-718.8699951171875,-718.0
3.4214074980009173,-718.8699951171875,-718.0
3.4231588680013374,-718.8699951171875,-718.0
3.4249142010012292,-718.8699951171875,-718.0
3.426675726997928,-718.8699951171875,-718.0
3.4284088669992343,-718.8699951171875,-718.0
3.4301696209986403,-718.8699951171875,-718.0
3.4316520479987958,-718.8699951171875,-718.0
3.4334105989983073,-718.8699951171875,-718.0
3.4352937849980663,-718.8699951171875,-718.0
3.4370417879981687,-718.8699951171875,-718.0
3.4388068090011075,-718.8699951171875,-718.0
3.440790148000815,-718.8699951171875,-718.0
3.44256407300054,-718.8699951171875,-718.0
3.4445443299991894,-718.8699951171875,-718.0
3.446294183999271,-718.8699951171875,-718.0
3.4482897739981127,-718.8699951171875,-718.0
3.45028681599797,-718.8699951171875,-718.0
3.452030782998918,-718.8699951171875,-718.0
3.4537908819984295,-718.8699951171875,-718.0
3.455550373000733,-718.8699951171875,-718.0
3.4572881530002633,-718.8699951171875,-718.0
3.4590478909995,-718.8699951171875,-718.0
3.4607888589998765,-718.8699951171875,-718.0
3.4625522610003827,-718.8699951171875,-718.0
3.4643028379978205,-718.8699951171875,-718.0
3.466037662998133,-718.8699951171875,-718.0
3.4677729030008777,-718.8699951171875,-718.0
3.4695385320010246,-718.8699951171875,-718.0
3.4712885369990545,-718.8699951171875,-718.0
3.4730368809978245,-718.8699951171875,-718.0
3.474808070997824,-718.8699951171875,-718.0
3.476788273001148,-718.8699951171875,-718.0
3.478552733999095,-718.8699951171875,-718.0
3.4802893470005074,-718.8699951171875,-718.0
3.482037018999108,-718.8699951171875,-718.0
3.483762563999335,-718.8699951171875,-718.0
3.485542328999145,-718.8699951171875,-718.0
3.4872225930012064,-718.8699951171875,-718.0
3.489034805999836,-718.8699951171875,-718.0
3.4907855989986274,-718.8699951171875,-718.0
3.492560506998416,-718.8699951171875,-718.0
3.4942867979989387,-718.8699951171875,-718.0
3.4960353999995277,-718.8699951171875,-718.0
3.497797334999632,-718.8699951171875,-718.0
3.499546612998529,-718.8699951171875,-718.0
3.5012916320010845,-718.8699951171875,-718.0
3.503035428999283,-718.8699951171875,-718.0
3.504809625999769,-718.8699951171875,-718.0
3.506545519998326,-718.8699951171875,-718.0
3.508308444001159,-718.8699951171875,-718.0
3.5100421009992715,-718.8699951171875,-718.0
3.5118095119978534,-718.8699951171875,-718.0
3.513814406000165,-718.8699951171875,-718.0
3.5157919289995334,-718.8699951171875,-718.0
3.5175619990004634,-718.8699951171875,-718.0
3.5193331289992784,-718.8699951171875,-718.0
3.521060615999886,-718.8699951171875,-718.0
3.5228094669982966,-718.8699951171875,-718.0
3.524569478999183,-718.8699951171875,-718.0
3.526316871000745,-718.8699951171875,-718.0
3.5283126319991425,-718.8699951171875,-718.0
3.5303132420012844,-718.8699951171875,-718.0
3.532308544999978,-718.8699951171875,-718.0
3.534069934001309,-718.8699951171875,-718.0
3.5360628710004676,-718.8699951171875,-718.0
3.5380924199998844,-718.8699951171875,-718.0
3.540061269999569,-718.8699951171875,-718.0
3.5418243809981504,-718.8699951171875,-718.0
3.5435660949988232,-718.8699951171875,-718.0
3.5453044589994533,-718.8699951171875,-718.0
3.5470629400006146,-718.8699951171875,-718.0
3.5488118459979887,-718.8699951171875,-718.0
3.5505593070010946,-718.8699951171875,-718.0
3.5525766569990083,-718.8699951171875,-718.0
3.5543208999988565,-718.8699951171875,-718.0
3.5563272850013163,-718.8699951171875,-718.0
3.5583122309981263,-718.8699951171875,-718.0
3.560058148999815,-718.8699951171875,-718.0
3.5618095629979507,-718.8699951171875,-718.0
3.5635785539998324,-718.8699951171875,-718.0
3.5653080080010113,-718.8699951171875,-718.0
3.5670683040007134,-718.8699951171875,-718.0
3.5688094299985096,-718.8699951171875,-718.0
3.570571109001321,-718.8699951171875,-718.0
3.5723086170000897,-718.8699951171875,-718.0
3.5743103370004974,-718.8699951171875,-718.0
3.5763208610005677,-718.8699951171875,-718.0
3.5783108639989223,-718.8699951171875,-718.0
3.580310984998505,-718.8699951171875,-718.0
3.5820613149990095,-718.8699951171875,-718.0
3.5838098300009733,-718.8699951171875,-718.0
3.585559445000399,-718.8699951171875,-718.0
3.5873136689988314,-718.8699951171875,-718.0
3.5890781759990205,-718.8699951171875,-718.0
3.5908142519983812,-718.8699951171875,-718.0
3.5925853789995017,-718.8699951171875,-718.0
3.594306945000426,-718.8699951171875,-718.0
3.5960626819978643,-718.8699951171875,-718.0
3.5978119319988764,-718.8699951171875,-718.0
3.5995079269996495,-718.8699951171875,-718.0
3.6013123949996952,-718.8699951171875,-718.0
3.603313634997903,-718.8699951171875,-718.0
3.6053331900002377,-718.8699951171875,-718.0
3.607312298998295,-718.8699951171875,-718.0
3.6090824060011073,-718.8699951171875,-718.0
3.610832004000258,-718.8699951171875,-718.0
3.61258078299943,-718.8699951171875,-718.0
3.6143322159987292,-718.8699951171875,-718.0
3.616315413000848,-718.8699951171875,-718.0
3.6180861169996206,-718.8699951171875,-718.0
3.6198174999990442,-718.8699951171875,-718.0
3.6215070629987167,-718.8699951171875,-718.0
3.6233474020009453,-718.8699951171875,-718.0
3.625087649001216,-718.8699951171875,-718.0
3.6270844639984716,-718.8699951171875,-718.0
3.629087287998118,-718.8699951171875,-718.0
3.6308379660003993,-718.8699951171875,-718.0
3.6325984860013705,-718.8699951171875,-718.0
3.6345844290008245,-718.8699951171875,-718.0
3.636586778000492,-718.8699951171875,-718.0
3.6385833300009836,-718.8699951171875,-718.0
3.6403296229982516,-718.8699951171875,-718.0
3.6420845149987144,-718.8699951171875,-718.0
3.643832891000784,-718.8699951171875,-718.0
3.645599208000931,-718.8699951171875,-718.0
3.647349192000547,-718.8699951171875,-718.0
3.6955027359981614,-718.8699951171875,-718.0
3.697471798997867,-718.8699951171875,-718.0
3.6994809079988045,-718.8699951171875,-718.0
3.7014397499988263,-718.8699951171875,-718.0
3.703079920000164,-718.8699951171875,-718.0
3.7048558099995716,-718.8699951171875,-718.0
3.7066008430010697,-718.8699951171875,-718.0
3.7083680649993767,-718.8699951171875,-718.0
3.710108987001149,-718.8699951171875,-718.0
3.7121181190013885,-718.8699951171875,-718.0
3.714095629999065,-718.8699951171875,-718.0
3.715839676999167,-718.8699951171875,-718.0
3.7176296209981956,-718.8699951171875,-718.0
3.7193920069985325,-718.8699951171875,-718.0
3.7213976769999135,-718.8699951171875,-718.0
3.7233548939984757,-718.8699951171875,-718.0
3.725109938000969,-718.8699951171875,-718.0
3.727103574001376,-718.8699951171875,-718.0
3.729113065997808,-718.8699951171875,-718.0
3.7308667520010204,-718.8699951171875,-718.0
3.732631165999919,-718.8699951171875,-718.0
3.734379335997801,-718.8699951171875,-718.0
3.736110109999572,-718.8699951171875,-718.0
3.737864301998343,-718.8699951171875,-718.0
3.73960943199927,-718.8699951171875,-718.0
3.7413736320013413,-718.8699951171875,-718.0
3.7431249689980177,-718.8699951171875,-718.0
3.7451172600012796,-718.8699951171875,-718.0
3.747120658001222,-718.8699951171875,-718.0
3.7491217569986475,-718.8699951171875,-718.0
3.750887206999323,-718.8699951171875,-718.0
3.75261212300029,-718.8699951171875,-718.0
3.7543804669985548,-718.8699951171875,-718.0
3.7560965080010646,-718.8699951171875,-718.0
3.757825919001334,-718.8699951171875,-718.0
3.7595877060011844,-718.8699951171875,-718.0
3.7613268319983035,-718.8699951171875,-718.0
3.763080909000564,-718.8699951171875,-718.0
3.764834358000371,-718.8699951171875,-718.0
3.7665807909979776,-718.8699951171875,-718.0
3.7683322160009993,-718.8699951171875,-718.0
3.770069793001312,-718.8699951171875,-718.0
3.771849974000361,-718.8699951171875,-718.0
3.773576122999657,-718.8699951171875,-718.0
3.7753238570003305,-718.8699951171875,-718.0
3.7770867869985523,-718.8699951171875,-718.0
3.7788458670002,-718.8699951171875,-718.0
3.7805874080004287,-718.8699951171875,-718.0
3.7823233079980128,-718.8699951171875,-718.0
3.78432247100136,-718.8699951171875,-718.0
3.786089852997975,-718.8699951171875,-718.0
3.787848138999834,-718.8699951171875,-718.0
3.789518475998193,-718.8699951171875,-718.0
3.7913632939998934,-718.8699951171875,-718.0
3.7930789870006265,-718.8699951171875,-718.0
3.794831929000793,-718.8699951171875,-718.0
3.796559187998355,-718.8699951171875,-718.0
3.7983537949985475,-718.8699951171875,-718.0
3.8000983809979516,-718.8699951171875,-718.0
3.801823088000674,-718.8699951171875,-718.0
3.803578959999868,-718.8699951171875,-718.0
3.805368676999933,-718.8699951171875,-718.0
3.8070966049999697,-718.8699951171875,-718.0
3.8088701579981716,-718.8699951171875,-718.0
3.810632374999841,-718.8699951171875,-718.0
3.812607100000605,-718.8699951171875,-718.0
3.8143651999998838,-718.8699951171875,-718.0
3.8160945489980804,-718.8699951171875,-718.0
3.8178532819983957,-718.8699951171875,-718.0
3.8195984970006975,-718.8699951171875,-718.0
3.821363184000802,-718.8699951171875,-718.0
3.823098523000226,-718.8699951171875,-718.0
3.8248472419982136,-718.8699951171875,-718.0
3.826608807001321,-718.8699951171875,-718.0
3.828373846998147,-718.8699951171875,-718.0
3.8301274869991175,-718.8699951171875,-718.0
3.8318527599985828,-718.8699951171875,-718.0
3.8335920899990015,-718.8699951171875,-718.0
3.835356531999423,-718.8699951171875,-718.0
3.8371103280005627,-718.8699951171875,-718.0
3.8388502189991414,-718.8699951171875,-718.0
3.840601477000746,-718.8699951171875,-718.0
3.842367157998524,-718.8699951171875,-718.0
3.8441019769998093,-718.8699951171875,-718.0
3.8458540629981144,-718.8699951171875,-718.0
3.847550874001172,-718.8699951171875,-718.0
3.8493575120010064,-718.8699951171875,-718.0
3.8511039650002203,-718.8699951171875,-718.0
3.852857828998822,-718.8699951171875,-718.0
3.8548702129992307,-718.8699951171875,-718.0
3.8566072180001356,-718.8699951171875,-718.0
3.8583692600004724,-718.8699951171875,-718.0
3.8601024089985003,-718.8699951171875,-718.0
3.861848750999343,-718.8699951171875,-718.0
3.863615378999384,-718.8699951171875,-718.0
3.8653696039982606,-718.8699951171875,-718.0
3.8670921060002,-718.8699951171875,-718.0
3.8688497459988866,-718.8699951171875,-718.0
3.8706043849997513,-718.8699951171875,-718.0
3.8723764960013796,-718.8699951171875,-718.0
3.874103449998074,-718.8699951171875,-718.0
3.8758607519994257,-718.8699951171875,-718.0
3.87760408000031,-718.8699951171875,-718.0
3.8793547120003495,-718.8699951171875,-718.0
3.881118826000602,-718.8699951171875,-718.0
3.882846732998587,-718.8699951171875,-718.0
3.884606679999706,-718.8699951171875,-718.0
3.886365720998583,-718.8699951171875,-718.0
3.8881020759981766,-718.8699951171875,-718.0
3.8898675550008193,-718.8699951171875,-718.0
3.891622303999611,-718.8699951171875,-718.0
3.8933599640004104,-718.8699951171875,-718.0
3.8950971880003635,-718.8699951171875,-718.0
3.8968575990002137,-718.8699951171875,-718.0
3.898622668999451,-718.8699951171875,-718.0
3.9003625769983046,-718.8699951171875,-718.0
3.902085973000794,-718.8699951171875,-718.0
3.903850106999016,-718.8699951171875,-718.0
3.9055984139995417,-718.8699951171875,-718.0
3.907368756001233,-718.8699951171875,-718.0
3.9091218860012305,-718.8699951171875,-718.0
3.9111382749979384,-718.8699951171875,-718.0
3.912875295998674,-718.8699951171875,-718.0
3.914610455998627,-718.8699951171875,-718.0
3.916382295999938,-718.8699951171875,-718.0
3.9181206909997854,-718.8699951171875,-718.0
3.919883024998853,-718.8699951171875,-718.0
3.9216511320009886,-718.8699951171875,-718.0
3.923406107998744,-718.8699951171875,-718.0
3.9251169540002593,-718.8699951171875,-718.0
3.9270933980005793,-718.8699951171875,-718.0
3.9288710090004315,-718.8699951171875,-718.0
3.9306210020004073,-718.8699951171875,-718.0
3.93238731800011,-718.8699951171875,-718.0
3.9341364370011433,-718.8699951171875,-718.0
3.935874820999743,-718.8699951171875,-718.0
3.9376319859984505,-718.8699951171875,-718.0
3.9393328830010432,-718.8699951171875,-718.0
3.941127005000453,-718.8699951171875,-718.0
3.9428801069989277,-718.8699951171875,-718.0
3.944628062999982,-718.8699951171875,-718.0
3.9463833330009948,-718.8699951171875,-718.0
3.948114001999784,-718.8699951171875,-718.0
3.94986992199847,-718.8699951171875,-718.0
3.951621314001386,-718.8699951171875,-718.0
3.9533900639980857,-718.8699951171875,-718.0
3.955129172998568,-718.8699951171875,-718.0
3.9568681489981827,-718.8699951171875,-718.0
3.9586201479978627,-718.8699951171875,-718.0
3.9603901269983908,-718.8699951171875,-718.0
3.9621221509987663,-718.8699951171875,-718.0
3.9638748899997154,-718.8699951171875,-718.0
3.965620017999754,-718.8699951171875,-718.0
3.9673764600011054,-718.8699951171875,-718.0
3.969120866000594,-718.8699951171875,-718.0
3.970870172001014,-718.8699951171875,-718.0
3.972623776000546,-718.8699951171875,-718.0
3.9743836509987887,-718.8699951171875,-718.0
3.976142120998702,-718.8699951171875,-718.0
3.977877269000601,-718.8699951171875,-718.0
3.9796222599979956,-718.8699951171875,-718.0
3.981381928999326,-718.8699951171875,-718.0
3.9834007219978957,-718.8699951171875,-718.0
3.9853825159989356,-718.8699951171875,-718.0
3.987125998999545,-718.8699951171875,-718.0
3.9888903700011724,-718.8699951171875,-718.0
3.990616733000934,-718.8699951171875,-718.0
3.992386627000087,-718.8699951171875,-718.0
3.9941197890002513,-718.8699951171875,-718.0
3.995872163999593,-718.8699951171875,-718.0
3.997626977998152,-718.8699951171875,-718.0
4.049778857999627,-718.8699951171875,-718.0
4.051921934998973,-718.8699951171875,-718.0
4.053641937000066,-718.8699951171875,-718.0
4.0554170930008695,-718.8699951171875,-718.0
4.057145398001012,-718.8699951171875,-718.0
4.058997799998906,-718.8699951171875,-718.0
4.060647269998299,-718.8699951171875,-718.0
4.062412713999947,-718.8699951171875,-718.0
4.064149515997997,-718.8699951171875,-718.0
4.065890171001229,-718.8699951171875,-718.0
4.067636883999512,-718.8699951171875,-718.0
4.069404566998855,-718.8699951171875,-718.0
4.071402697998565,-718.8699951171875,-718.0
4.073152798999217,-718.8699951171875,-718.0
4.075151629000175,-718.8699951171875,-718.0
4.076899020998098,-718.8699951171875,-718.0
4.078655735000211,-718.8699951171875,-718.0
4.080404241998622,-718.8699951171875,-718.0
4.082148059998872,-718.8699951171875,-718.0
4.083908081000118,-718.8699951171875,-718.0
4.085646368999733,-718.8699951171875,-718.0
4.087410014999477,-718.8699951171875,-718.0
4.089410185999441,-718.8699951171875,-718.0
4.091139486998145,-718.8699951171875,-718.0
4.092895326000871,-718.8699951171875,-718.0
4.094653148000361,-718.8699951171875,-718.0
4.096340116000647,-718.8699951171875,-718.0
4.098038405998523,-718.8699951171875,-718.0
4.099791026997991,-718.8699951171875,-718.0
4.101540018000378,-718.8699951171875,-718.0
4.103290134000417,-718.8699951171875,-718.0
4.105047893001029,-718.8699951171875,-718.0
4.106532043999323,-718.8699951171875,-718.0
4.108283330999257,-718.8699951171875,-718.0
4.110040146999381,-718.8699951171875,-718.0
4.111813594998239,-718.8699951171875,-718.0
4.11356017000071,-718.8699951171875,-718.0
4.115285814001254,-718.8699951171875,-718.0
4.117036069001188,-718.8699951171875,-718.0
4.118551094001305,-718.8699951171875,-718.0
4.120052547998057,-718.8699951171875,-718.0
4.121804192000127,-718.8699951171875,-718.0
4.123553576999257,-718.8699951171875,-718.0
4.125307892998535,-718.8699951171875,-718.0
4.127052752999589,-718.8699951171875,-718.0
4.128810007998254,-718.8699951171875,-718.0
4.130552994000027,-718.8699951171875,-718.0
4.132311877998291,-718.8699951171875,-718.0
4.134054392998223,-718.8699951171875,-718.0
4.1358047329995316,-718.8699951171875,-718.0
4.137553677999676,-718.8699951171875,-718.0
4.139591150000342,-718.8699951171875,-718.0
4.141420088999439,-718.8699951171875,-718.0
4.1431764379995,-718.8699951171875,-718.0
4.144912402000045,-718.8699951171875,-718.0
4.146656913999323,-718.8699951171875,-718.0
4.148419217999617,-718.8699951171875,-718.0
4.15016353199826,-718.8699951171875,-718.0
4.1519171289983205,-718.8699951171875,-718.0
4.153659905001405,-718.8699951171875,-718.0
4.15542506699785,-718.8699951171875,-718.0
4.157163879001018,-718.8699951171875,-718.0
4.158925297000678,-718.8699951171875,-718.0
4.160656756997923,-718.8699951171875,-718.0
4.162415701001009,-718.8699951171875,-718.0
4.164167292001366,-718.8699951171875,-718.0
4.165944461001345,-718.8699951171875,-718.0
4.167666940000345,-718.8699951171875,-718.0
4.169410349000827,-718.8699951171875,-718.0
4.171162923001248,-718.8699951171875,-718.0
4.172912977999658,-718.8699951171875,-718.0
4.174656065999443,-718.8699951171875,-718.0
4.176435539000522,-718.8699951171875,-718.0
4.178164476998063,-718.8699951171875,-718.0
4.1799160150003445,-718.8699951171875,-718.0
4.181660718000785,-718.8699951171875,-718.0
4.183438850999664,-718.8699951171875,-718.0
4.185159230000863,-718.8699951171875,-718.0
4.186915965998196,-718.8699951171875,-718.0
4.188658955998108,-718.8699951171875,-718.0
4.1904119059981895,-718.8699951171875,-718.0
4.192190136000136,-718.8699951171875,-718.0
4.193913192000764,-718.8699951171875,-718.0
4.195666367999365,-718.8699951171875,-718.0
4.197417242001393,-718.8699951171875,-718.0
4.199167119000776,-718.8699951171875,-718.0
4.200920561001112,-718.8699951171875,-718.0
4.202645606997976,-718.8699951171875,-718.0
4.204414020001423,-718.8699951171875,-718.0
4.2061590480007,-718.8699951171875,-718.0
4.207917743999133,-718.8699951171875,-718.0
4.209664738998981,-718.8699951171875,-718.0
4.211437846999615,-718.8699951171875,-718.0
4.213188595000247,-718.8699951171875,-718.0
4.2149366209996515,-718.8699951171875,-718.0
4.216669722998631,-718.8699951171875,-718.0
4.218418878001103,-718.8699951171875,-718.0
4.220165482998709,-718.8699951171875,-718.0
4.221933860000718,-718.8699951171875,-718.0
4.223693988999003,-718.8699951171875,-718.0
4.225434670999675,-718.8699951171875,-718.0
4.227185544998065,-718.8699951171875,-718.0
4.228933474998485,-718.8699951171875,-718.0
4.230692893001105,-718.8699951171875,-718.0
4.232436348000192,-718.8699951171875,-718.0
4.234202618001291,-718.8699951171875,-718.0
4.23619340300138,-718.8699951171875,-718.0
4.237936345998605,-718.8699951171875,-718.0
4.239705452000635,-718.8699951171875,-718.0
4.241439741999784,-718.8699951171875,-718.0
4.243192559999443,-718.8699951171875,-718.0
4.244967570000881,-718.8699951171875,-718.0
4.246659612999792,-718.8699951171875,-718.0
4.248368656000821,-718.8699951171875,-718.0
4.2500868950010045,-718.8699951171875,-718.0
4.251833144000557,-718.8699951171875,-718.0
4.253328794999106,-718.8699951171875,-718.0
4.255078786998638,-718.8699951171875,-718.0
4.256837914999778,-718.8699951171875,-718.0
4.258583667000494,-718.8699951171875,-718.0
4.260344345999329,-718.8699951171875,-718.0
4.262086612998246,-718.8699951171875,-718.0
4.263832669999829,-718.8699951171875,-718.0
4.265341713999078,-718.8699951171875,-718.0
4.267189555997902,-718.8699951171875,-718.0
4.268932422000944,-718.8699951171875,-718.0
4.2706773030004115,-718.8699951171875,-718.0
4.27244034099931,-718.8699951171875,-718.0
4.274188111998228,-718.8699951171875,-718.0
4.276185891998466,-718.8699951171875,-718.0
4.277936359998421,-718.8699951171875,-718.0
4.279687901998841,-718.8699951171875,-718.0
4.281449899997824,-718.8699951171875,-718.0
4.283184722000442,-718.8699951171875,-718.0
4.284932210000989,-718.8699951171875,-718.0
4.286682833000668,-718.8699951171875,-718.0
4.288447053000709,-718.8699951171875,-718.0
4.290185417001339,-718.8699951171875,-718.0
4.29196877099821,-718.8699951171875,-718.0
4.293935521000094,-718.8699951171875,-718.0
4.295735208001133,-718.8699951171875,-718.0
4.297446322998439,-718.8699951171875,-718.0
4.299180215999513,-718.8699951171875,-718.0
4.3009700830007205,-718.8699951171875,-718.0
4.3026873480012,-718.8699951171875,-718.0
4.304434541998489,-718.8699951171875,-718.0
4.306177799000579,-718.8699951171875,-718.0
4.307939496000472,-718.8699951171875,-718.0
4.309655375000148,-718.8699951171875,-718.0
4.311482512999646,-718.8699951171875,-718.0
4.313209666997864,-718.8699951171875,-718.0
4.314936908998789,-718.8699951171875,-718.0
4.316695694000373,-718.8699951171875,-718.0
4.318475274998491,-718.8699951171875,-718.0
4.32018593599787,-718.8699951171875,-718.0
4.321958214000915,-718.8699951171875,-718.0
4.323690250999789,-718.8699951171875,-718.0
4.325458440998773,-718.8699951171875,-718.0
4.327209570001287,-718.8699951171875,-718.0
4.328954315998999,-718.8699951171875,-718.0
4.3307127240004775,-718.8699951171875,-718.0
4.332468536998931,-718.8699951171875,-718.0
4.334223146997829,-718.8699951171875,-718.0
4.336203726998065,-718.8699951171875,-718.0
4.337965358001384,-718.8699951171875,-718.0
4.339625819000503,-718.8699951171875,-718.0
4.341369646001112,-718.8699951171875,-718.0
4.342858048999915,-718.8699951171875,-718.0
4.344603499001096,-718.8699951171875,-718.0
4.346108055000514,-718.8699951171875,-718.0
4.347855216001335,-718.8699951171875,-718.0
4.349602701000549,-718.8699951171875,-718.0
4.351360665998072,-718.8699951171875,-718.0
4.353104911999253,-718.8699951171875,-718.0
4.354864810000436,-718.8699951171875,-718.0
4.3566177709981275,-718.8699951171875,-718.0
4.358361880000302,-718.8699951171875,-718.0
4.360238107998157,-718.8699951171875,-718.0
4.361984178998682,-718.8699951171875,-718.0
4.363736988998426,-718.8699951171875,-718.0
4.365521225998236,-718.8699951171875,-718.0
4.36723110100138,-718.8699951171875,-718.0
4.368971349998901,-718.8699951171875,-718.0
4.370729457998095,-718.8699951171875,-718.0
4.37248710899803,-718.8699951171875,-718.0
4.3742262849991675,-718.8699951171875,-718.0
4.375978533000307,-718.8699951171875,-718.0
4.377734771998803,-718.8699951171875,-718.0
4.379498997001065,-718.8699951171875,-718.0
4.381239931000891,-718.8699951171875,-718.0
4.382980137001141,-718.8699951171875,-718.0
4.384699661000923,-718.8699951171875,-718.0
4.386511122000229,-718.8699951171875,-718.0
4.388246717000584,-718.8699951171875,-718.0
4.390237731000525,-718.8699951171875,-718.0
4.392004029999953,-718.8699951171875,-718.0
4.393738050999673,-718.8699951171875,-718.0
4.395501988998149,-718.8699951171875,-718.0
4.397240334001253,-718.8699951171875,-718.0
4.398985698000615,-718.8699951171875,-718.0
4.400717315998918,-718.8699951171875,-718.0
4.402491412998643,-718.8699951171875,-718.0
4.404236023998237,-718.8699951171875,-718.0
4.406252644999768,-718.8699951171875,-718.0
4.407984729998134,-718.8699951171875,-718.0
4.409733898999548,-718.8699951171875,-718.0
4.4115138560009655,-718.8699951171875,-718.0
4.413496154000313,-718.8699951171875,-718.0
4.4152649819989165,-718.8699951171875,-718.0
4.417236302000674,-718.8699951171875,-718.0
4.419007943000906,-718.8699951171875,-718.0
4.42073481999978,-718.8699951171875,-718.0
4.4225247649992525,-718.8699951171875,-718.0
4.424257162998401,-718.8699951171875,-718.0
4.4260401079991425,-718.8699951171875,-718.0
4.427758354999241,-718.8699951171875,-718.0
4.429759960999945,-718.8699951171875,-718.0
4.4315195710005355,-718.8699951171875,-718.0
4.433270071000152,-718.8699951171875,-718.0
4.4350089079998725,-718.8699951171875,-718.0
4.437004616000195,-718.8699951171875,-718.0
4.438734108000062,-718.8699951171875,-718.0
4.440516638998815,-718.8699951171875,-718.0
4.442263310000271,-718.8699951171875,-718.0
4.44400540100105,-718.8699951171875,-718.0
4.445766515000287,-718.8699951171875,-718.0
4.447548828000436,-718.8699951171875,-718.0
4.449512265000521,-718.8699951171875,-718.0
4.45126425700073,-718.8699951171875,-718.0
4.4530075379989285,-718.8699951171875,-718.0
4.455033762998937,-718.8699951171875,-718.0
4.456754856000771,-718.8699951171875,-718.0
4.458519725998485,-718.8699951171875,-718.0
4.460266182999476,-718.8699951171875,-718.0
4.462007089998224,-718.8699951171875,-718.0
4.463765437998518,-718.8699951171875,-718.0
4.465514350999001,-718.8699951171875,-718.0
4.4672654470014095,-718.8699951171875,-718.0
4.469012861998635,-718.8699951171875,-718.0
4.47075802299878,-718.8699951171875,-718.0
4.472515822999412,-718.8699951171875,-718.0
4.47425844999816,-718.8699951171875,-718.0
4.476030435998837,-718.8699951171875,-718.0
4.4780049820001295,-718.8699951171875,-718.0
4.4797568149988365,-718.8699951171875,-718.0
4.481535076,-718.8699951171875,-718.0
4.4835281029991165,-718.8699951171875,-718.0
4.485264989998541,-718.8699951171875,-718.0
4.487001216999488,-718.8699951171875,-718.0
4.488765004000015,-718.8699951171875,-718.0
4.490502534998086,-718.8699951171875,-718.0
4.492284423999081,-718.8699951171875,-718.0
4.494007858000259,-718.8699951171875,-718.0
4.495761068999855,-718.8699951171875,-718.0
4.497783172999334,-718.8699951171875,-718.0
4.499761603998195,-718.8699951171875,-718.0
4.501533038001071,-718.8699951171875,-718.0
4.503255515999626,-718.8699951171875,-718.0
4.505015105998609,-718.8699951171875,-718.0
4.507015588998911,-718.8699951171875,-718.0
4.509018380998896,-718.8699951171875,-718.0
4.510759722001239,-718.8699951171875,-718.0
4.512553232998471,-718.8699951171875,-718.0
4.5145246639986,-718.8699951171875,-718.0
4.516285056000925,-718.8699951171875,-718.0
4.518281188000401,-718.8699951171875,-718.0
4.520012010998471,-718.8699951171875,-718.0
4.522055083998566,-718.8699951171875,-718.0
4.524011077999603,-718.8699951171875,-718.0
4.525776567999856,-718.8699951171875,-718.0
4.52753246499924,-718.8699951171875,-718.0
4.529552878000686,-718.8699951171875,-718.0
4.531549137998809,-718.8699951171875,-718.0
4.533535104998009,-718.8699951171875,-718.0
4.535286458998598,-718.8699951171875,-718.0
4.5370302029987215,-718.8699951171875,-718.0
4.5387792459987395,-718.8699951171875,-718.0
4.540785697998217,-718.8699951171875,-718.0
4.542786684000021,-718.8699951171875,-718.0
4.544780046999222,-718.8699951171875,-718.0
4.546526414000255,-718.8699951171875,-718.0
4.548278606998792,-718.8699951171875,-718.0
4.550284916000237,-718.8699951171875,-718.0
4.552031220999197,-718.8699951171875,-718.0
4.553780531001394,-718.8699951171875,-718.0
4.555537762000313,-718.8699951171875,-718.0
4.557531858001312,-718.8699951171875,-718.0
4.559536116998061,-718.8699951171875,-718.0
4.5612809769991145,-718.8699951171875,-718.0
4.563053992998903,-718.8699951171875,-718.0
4.565032842998335,-718.8699951171875,-718.0
4.566760439000063,-718.8699951171875,-718.0
4.568789247001405,-718.8699951171875,-718.0
4.570785217998491,-718.8699951171875,-718.0
4.572549901000457,-718.8699951171875,-718.0
4.574282306999521,-718.8699951171875,-718.0
4.5760635919978085,-718.8699951171875,-718.0
4.578030491000391,-718.8699951171875,-718.0
4.5797794130012335,-718.8699951171875,-718.0
4.581534457000089,-718.8699951171875,-718.0
4.583283975000086,-718.8699951171875,-718.0
4.5850258659993415,-718.8699951171875,-718.0
4.586779789999127,-718.8699951171875,-718.0
4.588544078000268,-718.8699951171875,-718.0
4.590281075001258,-718.8699951171875,-718.0
4.592049850998592,-718.8699951171875,-718.0
4.593788924001274,-718.8699951171875,-718.0
4.595534446998499,-718.8699951171875,-718.0
4.597287624997989,-718.8699951171875,-718.0
4.599050081000314,-718.8699951171875,-718.0
4.600771582998277,-718.8699951171875,-718.0
4.60253550500056,-718.8699951171875,-718.0
4.604279999999562,-718.8699951171875,-718.0
4.606035806998989,-718.8699951171875,-718.0
4.607780778998858,-718.8699951171875,-718.0
4.609794615000283,-718.8699951171875,-718.0
4.611552410999138,-718.8699951171875,-718.0
4.61330277199886,-718.8699951171875,-718.0
4.615061263000825,-718.8699951171875,-718.0
4.616783194000163,-718.8699951171875,-718.0
4.618551855000987,-718.8699951171875,-718.0
4.620280991999607,-718.8699951171875,-718.0
4.62206626400075,-718.8699951171875,-718.0
4.6237974949981435,-718.8699951171875,-718.0
4.625551287997951,-718.8699951171875,-718.0
4.62730190900038,-718.8699951171875,-718.0
4.62905373600006,-718.8699951171875,-718.0
4.630803323998407,-718.8699951171875,-718.0
4.632506851998187,-718.8699951171875,-718.0
4.634525623998343,-718.8699951171875,-718.0
4.636271223000222,-718.8699951171875,-718.0
4.638021168000705,-718.8699951171875,-718.0
4.639770451998629,-718.8699951171875,-718.0
4.641551485001401,-718.8699951171875,-718.0
4.643288321,-718.8699951171875,-718.0
4.6450226769993606,-718.8699951171875,-718.0
4.6467950269980065,-718.8699951171875,-718.0
4.648506794997957,-718.8699951171875,-718.0
4.650268950997997,-718.8699951171875,-718.0
4.652013373000955,-718.8699951171875,-718.0
4.6537674620012695,-718.8699951171875,-718.0
4.655537127000571,-718.8699951171875,-718.0
4.6575281049990735,-718.8699951171875,-718.0
4.659273604000191,-718.8699951171875,-718.0
4.661024369997904,-718.8699951171875,-718.0
4.662775231998239,-718.8699951171875,-718.0
4.664534051000373,-718.8699951171875,-718.0
4.666273008999269,-718.8699951171875,-718.0
4.66802678699969,-718.8699951171875,-718.0
4.6697807909986295,-718.8699951171875,-718.0
4.671528881997801,-718.8699951171875,-718.0
4.673275919998559,-718.8699951171875,-718.0
4.6750304179986415,-718.8699951171875,-718.0
4.676778640998236,-718.8699951171875,-718.0
4.678542444999039,-718.8699951171875,-718.0
4.68030364399965,-718.8699951171875,-718.0
4.682022089000384,-718.8699951171875,-718.0
4.6837759999980335,-718.8699951171875,-718.0
4.68552016600006,-718.8699951171875,-718.0
4.68727084800048,-718.8699951171875,-718.0
4.689028677999886,-718.8699951171875,-718.0
4.690774034999777,-718.8699951171875,-718.0
4.692554981000285,-718.8699951171875,-718.0
4.694275499001378,-718.8699951171875,-718.0
4.696027720998245,-718.8699951171875,-718.0
4.69777304300078,-718.8699951171875,-718.0
4.699536416999763,-718.8699951171875,-718.0
4.701276454001345,-718.8699951171875,-718.0
4.703025243001321,-718.8699951171875,-718.0
4.70477267699971,-718.8699951171875,-718.0
4.706537242000195,-718.8699951171875,-718.0
4.708276436998858,-718.8699951171875,-718.0
4.710033708000992,-718.8699951171875,-718.0
4.7117923779987905,-718.8699951171875,-718.0
4.713522162997833,-718.8699951171875,-718.0
4.715276163999079,-718.8699951171875,-718.0
4.71702860699952,-718.8699951171875,-718.0
4.7188097379985265,-718.8699951171875,-718.0
4.72052795199852,-718.8699951171875,-718.0
4.722272745999362,-718.8699951171875,-718.0
4.724044529000821,-718.8699951171875,-718.0
4.725778726999124,-718.8699951171875,-718.0
4.727520133998041,-718.8699951171875,-718.0
4.729305418000877,-718.8699951171875,-718.0
4.73104948299806,-718.8699951171875,-718.0
4.732797201999347,-718.8699951171875,-718.0
4.734550479999598,-718.8699951171875,-718.0
4.736293949001265,-718.8699951171875,-718.0
4.738051618998725,-718.8699951171875,-718.0
4.7400652969990915,-718.8699951171875,-718.0
4.742041420999158,-718.8699951171875,-718.0
4.744031267000537,-718.8699951171875,-718.0
4.7457866069999,-718.8699951171875,-718.0
4.747492548998707,-718.8699951171875,-718.0
4.74930245699943,-718.8699951171875,-718.0
4.751057572000718,-718.8699951171875,-718.0
4.7528043479978805,-718.8699951171875,-718.0
4.754548897999484,-718.8699951171875,-718.0
4.756311051998637,-718.8699951171875,-718.0
4.758044381000218,-718.8699951171875,-718.0
4.759793921999517,-718.8699951171875,-718.0
4.761570837999898,-718.8699951171875,-718.0
4.763303206000273,-718.8699951171875,-718.0
4.765046361000714,-718.8699951171875,-718.0
4.766798882999865,-718.8699951171875,-718.0
4.768468203001248,-718.8699951171875,-718.0
4.770205886001349,-718.8699951171875,-718.0
4.771946688000753,-718.8699951171875,-718.0
4.7736885429985705,-718.8699951171875,-718.0
4.775446044997807,-718.8699951171875,-718.0
4.777190291999432,-718.8699951171875,-718.0
4.7789454240009945,-718.8699951171875,-718.0
4.780696228001034,-718.8699951171875,-718.0
4.782446295001137,-718.8699951171875,-718.0
4.784195692998765,-718.8699951171875,-718.0
4.7859479899998405,-718.8699951171875,-718.0
4.78744416599875,-718.8699951171875,-718.0
4.789193337997858,-718.8699951171875,-718.0
4.790946787001303,-718.8699951171875,-718.0
4.792695969998022,-718.8699951171875,-718.0
4.794447870997828,-718.8699951171875,-718.0
4.796196878000046,-718.8699951171875,-718.0
4.797946450999007,-718.8699951171875,-718.0
4.799694751000061,-718.8699951171875,-718.0
4.801446559999022,-718.8699951171875,-718.0
4.8031888299992715,-718.8699951171875,-718.0
4.80469391600127,-718.8699951171875,-718.0
4.806438993000484,-718.8699951171875,-718.0
4.808196337999107,-718.8699951171875,-718.0
4.809946080000373,-718.8699951171875,-718.0
4.811726758998702,-718.8699951171875,-718.0
4.81344541100043,-718.8699951171875,-718.0
4.815189511999051,-718.8699951171875,-718.0
4.816946259998076,-718.8699951171875,-718.0
4.8184582389985735,-718.8699951171875,-718.0
4.819938663000357,-718.8699951171875,-718.0
4.821438381000917,-718.8699951171875,-718.0
4.8231968190011685,-718.8699951171875,-718.0
4.824944912998035,-718.8699951171875,-718.0
4.826692541999364,-718.8699951171875,-718.0
4.828458996998961,-718.8699951171875,-718.0
4.830194741000014,-718.8699951171875,-718.0
4.8319663039983425,-718.8699951171875,-718.0
4.833711074999883,-718.8699951171875,-718.0
4.835469450001256,-718.8699951171875,-718.0
4.837216377000004,-718.8699951171875,-718.0
4.838976945000468,-718.8699951171875,-718.0
4.840716996997799,-718.8699951171875,-718.0
4.84246673600137,-718.8699951171875,-718.0
4.844217183999717,-718.8699951171875,-718.0
4.845966583001427,-718.8699951171875,-718.0
4.847711932998209,-718.8699951171875,-718.0
4.849469202999899,-718.8699951171875,-718.0
4.851223036999727,-718.8699951171875,-718.0
4.852967678998539,-718.8699951171875,-718.0
4.8547166629978165,-718.8699951171875,-718.0
4.856460783001239,-718.8699951171875,-718.0
4.857959323999239,-718.8699951171875,-718.0
4.85946679799963,-718.8699951171875,-718.0
4.861216125998908,-718.8699951171875,-718.0
4.862967151999328,-718.8699951171875,-718.0
4.864459436001198,-718.8699951171875,-718.0
4.866218235998531,-718.8699951171875,-718.0
4.867967025998951,-718.8699951171875,-718.0
4.869709602000512,-718.8699951171875,-718.0
4.8714688010004465,-718.8699951171875,-718.0
4.872965791000752,-718.8699951171875,-718.0
4.874464863998583,-718.8699951171875,-718.0
4.876219055000547,-718.8699951171875,-718.0
4.877967524000269,-718.8699951171875,-718.0
4.879715965998912,-718.8699951171875,-718.0
4.881207788999745,-718.8699951171875,-718.0
4.882968581998284,-718.8699951171875,-718.0
4.884718844001327,-718.8699951171875,-718.0
4.886467862997961,-718.8699951171875,-718.0
4.888216890998592,-718.8699951171875,-718.0
4.889970551997976,-718.8699951171875,-718.0
4.891716906000511,-718.8699951171875,-718.0
4.893207738998171,-718.8699951171875,-718.0
4.894969516000856,-718.8699951171875,-718.0
4.896717192001233,-718.8699951171875,-718.0
4.898481009000534,-718.8699951171875,-718.0
4.900217303998943,-718.8699951171875,-718.0
4.901959265000187,-718.8699951171875,-718.0
4.9037192260002485,-718.8699951171875,-718.0
4.9054688479991455,-718.8699951171875,-718.0
4.907217747000686,-718.8699951171875,-718.0
4.9089676100011275,-718.8699951171875,-718.0
4.910715818001336,-718.8699951171875,-718.0
4.912490460999834,-718.8699951171875,-718.0
4.913986250998278,-718.8699951171875,-718.0
4.915717560001212,-718.8699951171875,-718.0
4.917475606998778,-718.8699951171875,-718.0
4.9192385759997705,-718.8699951171875,-718.0
4.920988697998837,-718.8699951171875,-718.0
4.9227316430005885,-718.8699951171875,-718.0
4.924215697999898,-718.8699951171875,-718.0
4.9259705469994515,-718.8699951171875,-718.0
4.927739079997991,-718.8699951171875,-718.0
4.929489555997861,-718.8699951171875,-718.0
4.931238729997858,-718.8699951171875,-718.0
4.932987496998976,-718.8699951171875,-718.0
4.93473802799781,-718.8699951171875,-718.0
4.936229194998305,-718.8699951171875,-718.0
4.937738584998442,-718.8699951171875,-718.0
4.93948212900068,-718.8699951171875,-718.0
4.94123910900089,-718.8699951171875,-718.0
4.942989840001246,-718.8699951171875,-718.0
4.944739127000503,-718.8699951171875,-718.0
4.946481013997982,-718.8699951171875,-718.0
4.94798926400108,-718.8699951171875,-718.0
4.949730415999511,-718.8699951171875,-718.0
4.951488896000228,-718.8699951171875,-718.0
4.953240107999591,-718.8699951171875,-718.0
4.954987514000095,-718.8699951171875,-718.0
4.956490399999893,-718.8699951171875,-718.0
4.958238873998198,-718.8699951171875,-718.0
4.9599838979993365,-718.8699951171875,-718.0
4.961741589999292,-718.8699951171875,-718.0
4.9634895700000925,-718.8699951171875,-718.0
4.965238953998778,-718.8699951171875,-718.0
4.966988453998056,-718.8699951171875,-718.0
4.968479011000454,-718.8699951171875,-718.0
4.97023939599967,-718.8699951171875,-718.0
4.971990743000788,-718.8699951171875,-718.0
4.973757022999052,-718.8699951171875,-718.0
4.975516015998437,-718.8699951171875,-718.0
4.977358087999164,-718.8699951171875,-718.0
4.979080712000723,-718.8699951171875,-718.0
4.980827974999556,-718.8699951171875,-718.0
4.982577555998432,-718.8699951171875,-718.0
4.984350505998009,-718.8699951171875,-718.0
4.986071540999546,-718.8699951171875,-718.0
4.987825153999438,-718.8699951171875,-718.0
4.989552786999411,-718.8699951171875,-718.0
4.991368504001002,-718.8699951171875,-718.0
4.993090739000763,-718.8699951171875,-718.0
4.994849382001121,-718.8699951171875,-718.0
4.996581315997901,-718.8699951171875,-718.0
4.998320093000075,-718.8699951171875,-718.0
5.000058131001424,-718.8699951171875,-718.0
5.0018349239981035,-718.8699951171875,-718.0
5.003547404998244,-718.8699951171875,-718.0
5.005246143999102,-718.8699951171875,-718.0
5.006736980998539,-718.8699951171875,-718.0
5.008260225000413,-718.8699951171875,-718.0
5.009994154999731,-718.8699951171875,-718.0
5.011759371998778,-718.8699951171875,-718.0
5.0135378150007455,-718.8699951171875,-718.0
5.015244927999447,-718.8699951171875,-718.0
5.01675306299876,-718.8699951171875,-718.0
5.018258291998791,-718.8699951171875,-718.0
5.0200145159979,-718.8699951171875,-718.0
5.021740498999861,-718.8699951171875,-718.0
5.02349581299859,-718.8699951171875,-718.0
5.025240766000934,-718.8699951171875,-718.0
5.0267639009980485,-718.8699951171875,-718.0
5.028664228000707,-718.8699951171875,-718.0
5.030378528001165,-718.8699951171875,-718.0
5.032141684998351,-718.8699951171875,-718.0
5.033844890000182,-718.8699951171875,-718.0
5.035641836999275,-718.8699951171875,-718.0
5.037412945999677,-718.8699951171875,-718.0
5.03940841000076,-718.8699951171875,-718.0
5.04113327199957,-718.8699951171875,-718.0
5.04289327099832,-718.8699951171875,-718.0
5.0446423680004955,-718.8699951171875,-718.0
5.046351598000911,-718.8699951171875,-718.0
5.048137997000595,-718.8699951171875,-718.0
5.0499257070005115,-718.8699951171875,-718.0
5.051652129001013,-718.8699951171875,-718.0
5.053401270000904,-718.8699951171875,-718.0
5.05537279499913,-718.8699951171875,-718.0
5.057144476999383,-718.8699951171875,-718.0
5.0591180349983915,-718.8699951171875,-718.0
5.0611388129982515,-718.8699951171875,-718.0
5.0628441980006755,-718.8699951171875,-718.0
5.064584304000164,-718.8699951171875,-718.0
5.066399473998899,-718.8699951171875,-718.0
5.068142513999192,-718.8699951171875,-718.0
5.070141700998647,-718.8699951171875,-718.0
5.072107682000933,-718.8699951171875,-718.0
5.0738893109992205,-718.8699951171875,-718.0
5.0755963689989585,-718.8699951171875,-718.0
5.077406536998751,-718.8699951171875,-718.0
5.07913906199974,-718.8699951171875,-718.0
5.0811408609988575,-718.8699951171875,-718.0
5.082886422998854,-718.8699951171875,-718.0
5.084649215001264,-718.8699951171875,-718.0
5.086404085999675,-718.8699951171875,-718.0
5.088142909000453,-718.8699951171875,-718.0
5.090146680999169,-718.8699951171875,-718.0
5.0921433069997875,-718.8699951171875,-718.0
5.093892525997944,-718.8699951171875,-718.0
5.095639488001325,-718.8699951171875,-718.0
5.097406248998595,-718.8699951171875,-718.0
5.099115280998376,-718.8699951171875,-718.0
5.100877449000109,-718.8699951171875,-718.0
5.1026296130003175,-718.8699951171875,-718.0
5.104405203001079,-718.8699951171875,-718.0
5.106036686000152,-718.8699951171875,-718.0
5.1077600569988135,-718.8699951171875,-718.0
5.109279259999312,-718.8699951171875,-718.0
5.111038439001277,-718.8699951171875,-718.0
5.112923538999894,-718.8699951171875,-718.0
5.114637296999717,-718.8699951171875,-718.0
5.116398703998129,-718.8699951171875,-718.0
5.1181636930014065,-718.8699951171875,-718.0
5.119888724999328,-718.8699951171875,-718.0
5.121656454000913,-718.8699951171875,-718.0
5.1234022680000635,-718.8699951171875,-718.0
5.125399631000619,-718.8699951171875,-718.0
5.127398426000582,-718.8699951171875,-718.0
5.129168835999735,-718.8699951171875,-718.0
5.131164213999,-718.8699951171875,-718.0
5.132907211998827,-718.8699951171875,-718.0
5.134659150000516,-718.8699951171875,-718.0
5.136412900999858,-718.8699951171875,-718.0
5.138417414000287,-718.8699951171875,-718.0
5.140431232997798,-718.8699951171875,-718.0
5.142149359999166,-718.8699951171875,-718.0
5.143901336999988,-718.8699951171875,-718.0
5.14564566899935,-718.8699951171875,-718.0
5.147404145998735,-718.8699951171875,-718.0
5.149431557998469,-718.8699951171875,-718.0
5.151162595000642,-718.8699951171875,-718.0
5.153184363000037,-718.8699951171875,-718.0
5.155163834999257,-718.8699951171875,-718.0
5.156919220000418,-718.8699951171875,-718.0
5.158663461999822,-718.8699951171875,-718.0
5.160412216999248,-718.8699951171875,-718.0
5.16242000299826,-718.8699951171875,-718.0
5.164512960000138,-718.8699951171875,-718.0
5.1663952989983954,-718.8699951171875,-718.0
5.168061712000053,-718.8699951171875,-718.0
5.169883431000926,-718.8699951171875,-718.0
5.171549103000871,-718.8699951171875,-718.0
5.17329643300036,-718.8699951171875,-718.0
5.175035326999932,-718.8699951171875,-718.0
5.1765280360014,-718.8699951171875,-718.0
5.17804763499953,-718.8699951171875,-718.0
5.179797947999759,-718.8699951171875,-718.0
5.18153198499931,-718.8699951171875,-718.0
5.1832882999988215,-718.8699951171875,-718.0
5.185035395999876,-718.8699951171875,-718.0
5.186523737000243,-718.8699951171875,-718.0
5.188282331000664,-718.8699951171875,-718.0
5.190042309001001,-718.8699951171875,-718.0
5.191781413999706,-718.8699951171875,-718.0
5.193528668998624,-718.8699951171875,-718.0
5.195429495001008,-718.8699951171875,-718.0
5.1971618509996915,-718.8699951171875,-718.0
5.198911166000471,-718.8699951171875,-718.0
5.200661528000637,-718.8699951171875,-718.0
5.202406755997799,-718.8699951171875,-718.0
5.204160895998939,-718.8699951171875,-718.0
5.205911389999528,-718.8699951171875,-718.0
5.207661086998996,-718.8699951171875,-718.0
5.209661485998367,-718.8699951171875,-718.0
5.211445900000399,-718.8699951171875,-718.0
5.213395411999954,-718.8699951171875,-718.0
5.21513074700124,-718.8699951171875,-718.0
5.216891330997896,-718.8699951171875,-718.0
5.218648584999755,-718.8699951171875,-718.0
5.22039494099954,-718.8699951171875,-718.0
5.222129629000847,-718.8699951171875,-718.0
5.223823639000329,-718.8699951171875,-718.0
5.225640568998642,-718.8699951171875,-718.0
5.227408243001264,-718.8699951171875,-718.0
5.229153217998828,-718.8699951171875,-718.0
5.230909683999926,-718.8699951171875,-718.0
5.232655331001297,-718.8699951171875,-718.0
5.234393670998543,-718.8699951171875,-718.0
5.236139568998624,-718.8699951171875,-718.0
5.237929402999725,-718.8699951171875,-718.0
5.239660725997965,-718.8699951171875,-718.0
5.241397998997854,-718.8699951171875,-718.0
5.243168894001428,-718.8699951171875,-718.0
5.244903492999583,-718.8699951171875,-718.0
5.246637387001101,-718.8699951171875,-718.0
5.248398650001036,-718.8699951171875,-718.0
5.250137030998303,-718.8699951171875,-718.0
5.251895470999443,-718.8699951171875,-718.0
5.253641454000899,-718.8699951171875,-718.0
5.255413285998657,-718.8699951171875,-718.0
5.257150688998081,-718.8699951171875,-718.0
5.258910189000744,-718.8699951171875,-718.0
5.260653758999979,-718.8699951171875,-718.0
5.262406811998517,-718.8699951171875,-718.0
5.264164917000016,-718.8699951171875,-718.0
5.2659160629991675,-718.8699951171875,-718.0
5.2676760949980235,-718.8699951171875,-718.0
5.269414793998294,-718.8699951171875,-718.0
5.271144129001186,-718.8699951171875,-718.0
5.272898874998646,-718.8699951171875,-718.0
5.274647556998389,-718.8699951171875,-718.0
5.276405976997921,-718.8699951171875,-718.0
5.278151159000117,-718.8699951171875,-718.0
5.279896869000368,-718.8699951171875,-718.0
5.28164336899863,-718.8699951171875,-718.0
5.283406415997888,-718.8699951171875,-718.0
5.2851570950006135,-718.8699951171875,-718.0
5.286898731999827,-718.8699951171875,-718.0
5.288658654000756,-718.8699951171875,-718.0
5.29041309600143,-718.8699951171875,-718.0
5.292162494999502,-718.8699951171875,-718.0
5.293907618000958,-718.8699951171875,-718.0
5.295655077999982,-718.8699951171875,-718.0
5.297413684998901,-718.8699951171875,-718.0
5.2991465519990015,-718.8699951171875,-718.0
5.300909462999698,-718.8699951171875,-718.0
5.302658464999695,-718.8699951171875,-718.0
5.304414887999883,-718.8699951171875,-718.0
5.306161959000747,-718.8699951171875,-718.0
5.307910306000849,-718.8699951171875,-718.0
5.309632083000906,-718.8699951171875,-718.0
5.311429228000634,-718.8699951171875,-718.0
5.313179340999341,-718.8699951171875,-718.0
5.314908838998235,-718.8699951171875,-718.0
5.316662113000348,-718.8699951171875,-718.0
5.318440772000031,-718.8699951171875,-718.0
5.320154255001398,-718.8699951171875,-718.0
5.321906545999809,-718.8699951171875,-718.0
5.323657846998685,-718.8699951171875,-718.0
5.325427189000038,-718.8699951171875,-718.0
5.327407462998963,-718.8699951171875,-718.0
5.3291861260004225,-718.8699951171875,-718.0
5.330933948000165,-718.8699951171875,-718.0
5.332660224998108,-718.8699951171875,-718.0
5.334461615999317,-718.8699951171875,-718.0
5.336169548998441,-718.8699951171875,-718.0
5.33785023100063,-718.8699951171875,-718.0
5.339573156998085,-718.8699951171875,-718.0
5.341318159000366,-718.8699951171875,-718.0
5.343055968998669,-718.8699951171875,-718.0
5.34482873700108,-718.8699951171875,-718.0
5.346569178000209,-718.8699951171875,-718.0
5.348317539999698,-718.8699951171875,-718.0
5.350068341998849,-718.8699951171875,-718.0
5.351817012000538,-718.8699951171875,-718.0
5.35356772799787,-718.8699951171875,-718.0
5.355339566998737,-718.8699951171875,-718.0
5.357069033998414,-718.8699951171875,-718.0
5.358828281998285,-718.8699951171875,-718.0
5.3603178189987375,-718.8699951171875,-718.0
5.362069142000109,-718.8699951171875,-718.0
5.363827973000298,-718.8699951171875,-718.0
5.365579009998328,-718.8699951171875,-718.0
5.367328894000821,-718.8699951171875,-718.0
5.369079461001093,-718.8699951171875,-718.0
5.370817901999544,-718.8699951171875,-718.0
5.372572953998315,-718.8699951171875,-718.0
5.374327948000428,-718.8699951171875,-718.0
5.376078286000848,-718.8699951171875,-718.0
5.377831311998307,-718.8699951171875,-718.0
5.379577978997986,-718.8699951171875,-718.0
5.381329870000627,-718.8699951171875,-718.0
5.383079374998488,-718.8699951171875,-718.0
5.3848282219987595,-718.8699951171875,-718.0
5.386580509999476,-718.8699951171875,-718.0
5.388327783999557,-718.8699951171875,-718.0
5.390078903998074,-718.8699951171875,-718.0
5.391828411000461,-718.8699951171875,-718.0
5.393570958000055,-718.8699951171875,-718.0
5.395328138998593,-718.8699951171875,-718.0
5.397078445999796,-718.8699951171875,-718.0
5.398829383000702,-718.8699951171875,-718.0
5.400580468998669,-718.8699951171875,-718.0
5.4023315550002735,-718.8699951171875,-718.0
5.404079967000143,-718.8699951171875,-718.0
5.405824145000224,-718.8699951171875,-718.0
5.407579450999037,-718.8699951171875,-718.0
5.4093289929987804,-718.8699951171875,-718.0
5.4110737449991575,-718.8699951171875,-718.0
5.412829212000361,-718.8699951171875,-718.0
5.414571819997946,-718.8699951171875,-718.0
5.416069039998547,-718.8699951171875,-718.0
5.4178295279998565,-718.8699951171875,-718.0
5.419575220999832,-718.8699951171875,-718.0
5.421076914000878,-718.8699951171875,-718.0
5.422823190998315,-718.8699951171875,-718.0
5.424319188998197,-718.8699951171875,-718.0
5.426078037999105,-718.8699951171875,-718.0
5.4278219349980645,-718.8699951171875,-718.0
5.429579882998951,-718.8699951171875,-718.0
5.431344568998611,-718.8699951171875,-718.0
5.433078730999114,-718.8699951171875,-718.0
5.434828811998159,-718.8699951171875,-718.0
5.436613801000931,-718.8699951171875,-718.0
5.438102781998168,-718.8699951171875,-718.0
5.439858970999921,-718.8699951171875,-718.0
5.441601173999516,-718.8699951171875,-718.0
5.443357492000359,-718.8699951171875,-718.0
5.445092589001433,-718.8699951171875,-718.0
5.446855744001368,-718.8699951171875,-718.0
5.448353887000849,-718.8699951171875,-718.0
5.450097389999428,-718.8699951171875,-718.0
5.451852322999912,-718.8699951171875,-718.0
5.453590058001282,-718.8699951171875,-718.0
5.4553551680000965,-718.8699951171875,-718.0
5.457090755000536,-718.8699951171875,-718.0
5.458840909999708,-718.8699951171875,-718.0
5.460344750001241,-718.8699951171875,-718.0
5.4618481709985645,-718.8699951171875,-718.0
5.46359320999909,-718.8699951171875,-718.0
5.4653558999998495,-718.8699951171875,-718.0
5.467098244000226,-718.8699951171875,-718.0
5.4688437820004765,-718.8699951171875,-718.0
5.470350622999831,-718.8699951171875,-718.0
5.472098490998178,-718.8699951171875,-718.0
5.473860930000228,-718.8699951171875,-718.0
5.47559960199942,-718.8699951171875,-718.0
5.477353013000538,-718.8699951171875,-718.0
5.47909724299825,-718.8699951171875,-718.0
5.48059839599955,-718.8699951171875,-718.0
5.482351743001345,-718.8699951171875,-718.0
5.484099509998487,-718.8699951171875,-718.0
5.485852604000684,-718.8699951171875,-718.0
5.487600235999707,-718.8699951171875,-718.0
5.4893476409997675,-718.8699951171875,-718.0
5.491101821000484,-718.8699951171875,-718.0
5.492850039998302,-718.8699951171875,-718.0
5.494345551000151,-718.8699951171875,-718.0
5.495842491000076,-718.8699951171875,-718.0
5.497640444998979,-718.8699951171875,-718.0
5.499344691997976,-718.8699951171875,-718.0
5.501100737998058,-718.8699951171875,-718.0
5.502593247998448,-718.8699951171875,-718.0
5.504107320000912,-718.8699951171875,-718.0
5.556087533997925,-718.8699951171875,-718.0
5.5578924719993665,-718.8699951171875,-718.0
5.559633675999066,-718.8699951171875,-718.0
5.561379769998894,-718.8699951171875,-718.0
5.563111793999269,-718.8699951171875,-718.0
5.564865177999309,-718.8699951171875,-718.0
5.566623746999539,-718.8699951171875,-718.0
5.568373990998225,-718.8699951171875,-718.0
5.570132337998075,-718.8699951171875,-718.0
5.571881624000525,-718.8699951171875,-718.0
5.573627347999718,-718.8699951171875,-718.0
5.575371339000412,-718.8699951171875,-718.0
5.577123538998421,-718.8699951171875,-718.0
5.578871268000512,-718.8699951171875,-718.0
5.580631720000383,-718.8699951171875,-718.0
5.582115316999989,-718.8699951171875,-718.0
5.583625569001015,-718.8699951171875,-718.0
5.585374206999404,-718.8699951171875,-718.0
5.5871256130012625,-718.8699951171875,-718.0
5.58888129999832,-718.8699951171875,-718.0
5.590636318000179,-718.8699951171875,-718.0
5.592129330998432,-718.8699951171875,-718.0
5.59361552900009,-718.8699951171875,-718.0
5.595374823999009,-718.8699951171875,-718.0
5.597131242000614,-718.8699951171875,-718.0
5.598879959001351,-718.8699951171875,-718.0
5.600620571000036,-718.8699951171875,-718.0
5.60211542199977,-718.8699951171875,-718.0
5.603622138998617,-718.8699951171875,-718.0
5.6053840659988055,-718.8699951171875,-718.0
5.60712863200024,-718.8699951171875,-718.0
5.608873697998206,-718.8699951171875,-718.0
5.610623276999831,-718.8699951171875,-718.0
5.612396704000275,-718.8699951171875,-718.0
5.614133151000715,-718.8699951171875,-718.0
5.615878771001007,-718.8699951171875,-718.0
5.617631150998932,-718.8699951171875,-718.0
5.619378590999986,-718.8699951171875,-718.0
5.621122450000257,-718.8699951171875,-718.0
5.622872510000889,-718.8699951171875,-718.0
5.624398294999992,-718.8699951171875,-718.0
5.626131876000727,-718.8699951171875,-718.0
5.6276487709983485,-718.8699951171875,-718.0
5.629383763000078,-718.8699951171875,-718.0
5.631141931000457,-718.8699951171875,-718.0
5.632896744999016,-718.8699951171875,-718.0
5.634389725000801,-718.8699951171875,-718.0
5.636147565001011,-718.8699951171875,-718.0
5.637894143001176,-718.8699951171875,-718.0
5.639647310999862,-718.8699951171875,-718.0
5.641394533999119,-718.8699951171875,-718.0
5.6431597500013595,-718.8699951171875,-718.0
5.644895762998203,-718.8699951171875,-718.0
5.646405375999166,-718.8699951171875,-718.0
5.648154506998253,-718.8699951171875,-718.0
5.649887427000067,-718.8699951171875,-718.0
5.651656310001272,-718.8699951171875,-718.0
5.65340062299947,-718.8699951171875,-718.0
5.655154242998833,-718.8699951171875,-718.0
5.65690581400122,-718.8699951171875,-718.0
5.658400641001208,-718.8699951171875,-718.0
5.660285760000988,-718.8699951171875,-718.0
5.6619879139980185,-718.8699951171875,-718.0
5.6636463750000985,-718.8699951171875,-718.0
5.665391761998762,-718.8699951171875,-718.0
5.667138991000684,-718.8699951171875,-718.0
5.6689090479994775,-718.8699951171875,-718.0
5.670395922999887,-718.8699951171875,-718.0
5.672142586001428,-718.8699951171875,-718.0
5.673896959000558,-718.8699951171875,-718.0
5.675644810999074,-718.8699951171875,-718.0
5.677392334000615,-718.8699951171875,-718.0
5.679149346000486,-718.8699951171875,-718.0
5.680640434999077,-718.8699951171875,-718.0
5.6824011839999,-718.8699951171875,-718.0
5.684154835998925,-718.8699951171875,-718.0
5.685899636999238,-718.8699951171875,-718.0
5.687643797999044,-718.8699951171875,-718.0
5.6893878070004575,-718.8699951171875,-718.0
5.691146008000942,-718.8699951171875,-718.0
5.692639889999555,-718.8699951171875,-718.0
5.6943907269997,-718.8699951171875,-718.0
5.695893595999223,-718.8699951171875,-718.0
5.69764822399884,-718.8699951171875,-718.0
5.6993904519986245,-718.8699951171875,-718.0
5.701155284001288,-718.8699951171875,-718.0
5.702898262999952,-718.8699951171875,-718.0
5.704390521997993,-718.8699951171875,-718.0
5.706143809999048,-718.8699951171875,-718.0
5.7078994490002515,-718.8699951171875,-718.0
5.709642202000396,-718.8699951171875,-718.0
5.711410993000754,-718.8699951171875,-718.0
5.712893202999112,-718.8699951171875,-718.0
5.714640177000547,-718.8699951171875,-718.0
5.716143508998357,-718.8699951171875,-718.0
5.717898836999666,-718.8699951171875,-718.0
5.71965842300051,-718.8699951171875,-718.0
5.72139499900004,-718.8699951171875,-718.0
5.722888109998166,-718.8699951171875,-718.0
5.724394345001201,-718.8699951171875,-718.0
5.726137214998744,-718.8699951171875,-718.0
5.727893782997853,-718.8699951171875,-718.0
5.729644660998019,-718.8699951171875,-718.0
5.731412183999055,-718.8699951171875,-718.0
5.7331627950006805,-718.8699951171875,-718.0
5.734915345998161,-718.8699951171875,-718.0
5.736665857999469,-718.8699951171875,-718.0
5.7381630720010435,-718.8699951171875,-718.0
5.739916399998037,-718.8699951171875,-718.0
5.74166582700127,-718.8699951171875,-718.0
5.743398288999742,-718.8699951171875,-718.0
5.7451579209991905,-718.8699951171875,-718.0
5.746914637998998,-718.8699951171875,-718.0
5.748657419000665,-718.8699951171875,-718.0
5.750415672999225,-718.8699951171875,-718.0
5.752166092999687,-718.8699951171875,-718.0
5.75391507400127,-718.8699951171875,-718.0
5.755665792999935,-718.8699951171875,-718.0
5.757408663001115,-718.8699951171875,-718.0
5.75891367299846,-718.8699951171875,-718.0
5.760658191000402,-718.8699951171875,-718.0
5.762409020000632,-718.8699951171875,-718.0
5.7641600819988525,-718.8699951171875,-718.0
5.765663750000385,-718.8699951171875,-718.0
5.767408741998224,-718.8699951171875,-718.0
5.769165763998899,-718.8699951171875,-718.0
5.770915721001074,-718.8699951171875,-718.0
5.772659019999992,-718.8699951171875,-718.0
5.774156242998288,-718.8699951171875,-718.0
5.775914918998751,-718.8699951171875,-718.0
5.777666408997902,-718.8699951171875,-718.0
5.779415695000353,-718.8699951171875,-718.0
5.781158562000201,-718.8699951171875,-718.0
5.782914242001425,-718.8699951171875,-718.0
5.784659616998397,-718.8699951171875,-718.0
5.78616522199809,-718.8699951171875,-718.0
5.787916815999779,-718.8699951171875,-718.0
5.789665176998824,-718.8699951171875,-718.0
5.791415306997806,-718.8699951171875,-718.0
5.793165503000637,-718.8699951171875,-718.0
5.794916311999259,-718.8699951171875,-718.0
5.7966657239994674,-718.8699951171875,-718.0
5.798417604000861,-718.8699951171875,-718.0
5.80016570600128,-718.8699951171875,-718.0
5.8019083399995,-718.8699951171875,-718.0
5.803414999998495,-718.8699951171875,-718.0
5.804913314997975,-718.8699951171875,-718.0
5.8066587670000445,-718.8699951171875,-718.0
5.808415706000233,-718.8699951171875,-718.0
5.810158688000229,-718.8699951171875,-718.0
5.811917029997858,-718.8699951171875,-718.0
5.813416558998142,-718.8699951171875,-718.0
5.815166526997928,-718.8699951171875,-718.0
5.816915781000716,-718.8699951171875,-718.0
5.818659914999444,-718.8699951171875,-718.0
5.820417124999949,-718.8699951171875,-718.0
5.822166333000496,-718.8699951171875,-718.0
5.823916531000577,-718.8699951171875,-718.0
5.825415138999233,-718.8699951171875,-718.0
5.827166381997813,-718.8699951171875,-718.0
5.828937673999462,-718.8699951171875,-718.0
5.830666404999647,-718.8699951171875,-718.0
5.832438321998779,-718.8699951171875,-718.0
5.834165150001354,-718.8699951171875,-718.0
5.8356867090005835,-718.8699951171875,-718.0
5.837438006001321,-718.8699951171875,-718.0
5.839184926000598,-718.8699951171875,-718.0
5.84093653599848,-718.8699951171875,-718.0
5.8426867019989,-718.8699951171875,-718.0
5.8444317579997005,-718.8699951171875,-718.0
5.846187560000544,-718.8699951171875,-718.0
5.8479379630007315,-718.8699951171875,-718.0
5.849686892997852,-718.8699951171875,-718.0
5.851437491000979,-718.8699951171875,-718.0
5.853188376000617,-718.8699951171875,-718.0
5.854936362000444,-718.8699951171875,-718.0
5.856689717998961,-718.8699951171875,-718.0
5.858430394000607,-718.8699951171875,-718.0
5.860179793999123,-718.8699951171875,-718.0
5.861676890999661,-718.8699951171875,-718.0
5.863429593999172,-718.8699951171875,-718.0
5.8651877919983235,-718.8699951171875,-718.0
5.866948134000268,-718.8699951171875,-718.0
5.868679446000897,-718.8699951171875,-718.0
5.870437842000683,-718.8699951171875,-718.0
5.872187623001082,-718.8699951171875,-718.0
5.873938315999112,-718.8699951171875,-718.0
5.875687709998601,-718.8699951171875,-718.0
5.877438742998493,-718.8699951171875,-718.0
5.879186527999991,-718.8699951171875,-718.0
5.8806992749996425,-718.8699951171875,-718.0
5.882186284001364,-718.8699951171875,-718.0
5.883938245999161,-718.8699951171875,-718.0
5.8856883449989255,-718.8699951171875,-718.0
5.88743822700053,-718.8699951171875,-718.0
5.8889349269993545,-718.8699951171875,-718.0
5.890435901997989,-718.8699951171875,-718.0
5.892186844001117,-718.8699951171875,-718.0
5.893930776997877,-718.8699951171875,-718.0
5.895435826998437,-718.8699951171875,-718.0
5.897180083000421,-718.8699951171875,-718.0
5.898938436999742,-718.8699951171875,-718.0
5.900688535999507,-718.8699951171875,-718.0
5.902431067999714,-718.8699951171875,-718.0
5.903936735998286,-718.8699951171875,-718.0
5.905436518998613,-718.8699951171875,-718.0
5.907187763998081,-718.8699951171875,-718.0
5.908935753999685,-718.8699951171875,-718.0
5.910681728000782,-718.8699951171875,-718.0
5.912431999000546,-718.8699951171875,-718.0
5.914185012999951,-718.8699951171875,-718.0
5.915938508998806,-718.8699951171875,-718.0
5.917688973000622,-718.8699951171875,-718.0
5.919438894998166,-718.8699951171875,-718.0
5.921189487999072,-718.8699951171875,-718.0
5.922938758998498,-718.8699951171875,-718.0
5.924430079998274,-718.8699951171875,-718.0
5.9261893709990545,-718.8699951171875,-718.0
5.927939233999496,-718.8699951171875,-718.0
5.929688823998731,-718.8699951171875,-718.0
5.931449199000781,-718.8699951171875,-718.0
5.9329580449993955,-718.8699951171875,-718.0
5.9346894099981,-718.8699951171875,-718.0
5.936452216999896,-718.8699951171875,-718.0
5.938209897998604,-718.8699951171875,-718.0
5.939959879000526,-718.8699951171875,-718.0
5.941701771000226,-718.8699951171875,-718.0
5.943452667001111,-718.8699951171875,-718.0
5.945201411999733,-718.8699951171875,-718.0
5.946951812999032,-718.8699951171875,-718.0
5.948701842000446,-718.8699951171875,-718.0
5.950205166998785,-718.8699951171875,-718.0
5.951701342000888,-718.8699951171875,-718.0
5.953451467001287,-718.8699951171875,-718.0
5.955228195998643,-718.8699951171875,-718.0
5.956966410998575,-718.8699951171875,-718.0
5.9587066899985075,-718.8699951171875,-718.0
5.960215367998899,-718.8699951171875,-718.0
5.961702781998611,-718.8699951171875,-718.0
5.963459284997953,-718.8699951171875,-718.0
5.965217599998141,-718.8699951171875,-718.0
5.966955953997967,-718.8699951171875,-718.0
5.968708878997859,-718.8699951171875,-718.0
5.97021493200009,-718.8699951171875,-718.0
5.971719746998133,-718.8699951171875,-718.0
5.97345956999925,-718.8699951171875,-718.0
5.975210705000791,-718.8699951171875,-718.0
5.976956518999941,-718.8699951171875,-718.0
5.978704496999853,-718.8699951171875,-718.0
5.980207717999292,-718.8699951171875,-718.0
5.981967310999607,-718.8699951171875,-718.0
5.98371400799806,-718.8699951171875,-718.0
5.985206965000543,-718.8699951171875,-718.0
5.986962103997939,-718.8699951171875,-718.0
5.988709747998655,-718.8699951171875,-718.0
5.990475025999331,-718.8699951171875,-718.0
5.992212943998311,-718.8699951171875,-718.0
5.993974822999007,-718.8699951171875,-718.0
5.995717022000463,-718.8699951171875,-718.0
5.997460865000903,-718.8699951171875,-718.0
5.99921760000143,-718.8699951171875,-718.0
6.000973789999989,-718.8699951171875,-718.0
6.002454958001181,-718.8699951171875,-718.0
6.0039593930014235,-718.8699951171875,-718.0
6.005721520999941,-718.8699951171875,-718.0
6.007216605001304,-718.8699951171875,-718.0
6.009153324997897,-718.8699951171875,-718.0
6.010926537997875,-718.8699951171875,-718.0
6.012853289001214,-718.8699951171875,-718.0
6.014594394000596,-718.8699951171875,-718.0
6.01632889299799,-718.8699951171875,-718.0
6.018083278999256,-718.8699951171875,-718.0
6.019816394000372,-718.8699951171875,-718.0
6.021605228997942,-718.8699951171875,-718.0
6.02335045899963,-718.8699951171875,-718.0
6.025069314000575,-718.8699951171875,-718.0
6.026825745000679,-718.8699951171875,-718.0
6.0286039960010385,-718.8699951171875,-718.0
6.030353048998222,-718.8699951171875,-718.0
6.032098912000947,-718.8699951171875,-718.0
6.033840756001155,-718.8699951171875,-718.0
6.035602461000963,-718.8699951171875,-718.0
6.0373564990004525,-718.8699951171875,-718.0
6.039114136998251,-718.8699951171875,-718.0
6.040850572000636,-718.8699951171875,-718.0
6.0426060120007605,-718.8699951171875,-718.0
6.044361021999066,-718.8699951171875,-718.0
6.046112978998281,-718.8699951171875,-718.0
6.047863776999293,-718.8699951171875,-718.0
6.04961387000003,-718.8699951171875,-718.0
6.051627376000397,-718.8699951171875,-718.0
6.0533493969996925,-718.8699951171875,-718.0
6.055368142999214,-718.8699951171875,-718.0
6.057352775998879,-718.8699951171875,-718.0
6.059095496999362,-718.8699951171875,-718.0
6.060831123999378,-718.8699951171875,-718.0
6.0625803119983175,-718.8699951171875,-718.0
6.064261311999871,-718.8699951171875,-718.0
6.065987785998004,-718.8699951171875,-718.0
6.067756788001134,-718.8699951171875,-718.0
6.069486339998548,-718.8699951171875,-718.0
6.071231883001019,-718.8699951171875,-718.0
6.072974448001332,-718.8699951171875,-718.0
6.074733474000823,-718.8699951171875,-718.0
6.076481541000248,-718.8699951171875,-718.0
6.077984667001147,-718.8699951171875,-718.0
6.07973199999833,-718.8699951171875,-718.0
6.081482147998031,-718.8699951171875,-718.0
6.083231271000841,-718.8699951171875,-718.0
6.084980348001409,-718.8699951171875,-718.0
6.086724609998782,-718.8699951171875,-718.0
6.0884840539984,-718.8699951171875,-718.0
6.090231940001104,-718.8699951171875,-718.0
6.091981834000762,-718.8699951171875,-718.0
6.09372452900061,-718.8699951171875,-718.0
6.0954822239982605,-718.8699951171875,-718.0
6.096981997998228,-718.8699951171875,-718.0
6.098732842998288,-718.8699951171875,-718.0
6.100482497000485,-718.8699951171875,-718.0
6.10223215500082,-718.8699951171875,-718.0
6.103981524000119,-718.8699951171875,-718.0
6.105730720999418,-718.8699951171875,-718.0
6.107482309998886,-718.8699951171875,-718.0
6.109001749999152,-718.8699951171875,-718.0
6.1107266129984055,-718.8699951171875,-718.0
6.112477195998508,-718.8699951171875,-718.0
6.114230209997913,-718.8699951171875,-718.0
6.1159843189998355,-718.8699951171875,-718.0
6.117732063998119,-718.8699951171875,-718.0
6.119230610998784,-718.8699951171875,-718.0
6.120729931000824,-718.8699951171875,-718.0
6.122489401997882,-718.8699951171875,-718.0
6.124223611997877,-718.8699951171875,-718.0
6.125983965997875,-718.8699951171875,-718.0
6.127753929999017,-718.8699951171875,-718.0
6.129535028998362,-718.8699951171875,-718.0
6.1312477179999405,-718.8699951171875,-718.0
6.133003144997929,-718.8699951171875,-718.0
6.134752974998264,-718.8699951171875,-718.0
6.136503544999869,-718.8699951171875,-718.0
6.138254134999443,-718.8699951171875,-718.0
6.140004519998911,-718.8699951171875,-718.0
6.14175332800005,-718.8699951171875,-718.0
6.1432507850004185,-718.8699951171875,-718.0
6.145159488998615,-718.8699951171875,-718.0
6.146874494999793,-718.8699951171875,-718.0
6.148621248001291,-718.8699951171875,-718.0
6.150393276999239,-718.8699951171875,-718.0
6.152122166000481,-718.8699951171875,-718.0
6.15412807499888,-718.8699951171875,-718.0
6.155872971001372,-718.8699951171875,-718.0
6.157586778997938,-718.8699951171875,-718.0
6.159398116000375,-718.8699951171875,-718.0
6.161112400001002,-718.8699951171875,-718.0
6.162843644000532,-718.8699951171875,-718.0
6.164605238998774,-718.8699951171875,-718.0
6.166378578000149,-718.8699951171875,-718.0
6.168108322999615,-718.8699951171875,-718.0
6.169850582999061,-718.8699951171875,-718.0
6.1716035659992485,-718.8699951171875,-718.0
6.1733574729987595,-718.8699951171875,-718.0
6.175092912999389,-718.8699951171875,-718.0
6.176857514998119,-718.8699951171875,-718.0
6.178601282997988,-718.8699951171875,-718.0
6.180470203998993,-718.8699951171875,-718.0
6.182118404998619,-718.8699951171875,-718.0
6.1838280629999645,-718.8699951171875,-718.0
6.18557925999994,-718.8699951171875,-718.0
6.187263931999041,-718.8699951171875,-718.0
6.18875435299924,-718.8699951171875,-718.0
6.190496381997946,-718.8699951171875,-718.0
6.19225477800137,-718.8699951171875,-718.0
6.193998374001239,-718.8699951171875,-718.0
6.195748011999967,-718.8699951171875,-718.0
6.197641142000066,-718.8699951171875,-718.0
6.199633410000388,-718.8699951171875,-718.0
6.20141322299969,-718.8699951171875,-718.0
6.2033979240004555,-718.8699951171875,-718.0
6.2051301680003235,-718.8699951171875,-718.0
6.206893228998524,-718.8699951171875,-718.0
6.208912947000499,-718.8699951171875,-718.0
6.210879452999507,-718.8699951171875,-718.0
6.212658036998619,-718.8699951171875,-718.0
6.214632128998346,-718.8699951171875,-718.0
6.216392778998852,-718.8699951171875,-718.0
6.218405192998034,-718.8699951171875,-718.0
6.220364085998881,-718.8699951171875,-718.0
6.22210285699839,-718.8699951171875,-718.0
6.223850516998937,-718.8699951171875,-718.0
6.2256173780006065,-718.8699951171875,-718.0
6.227371752000181,-718.8699951171875,-718.0
6.229035618998751,-718.8699951171875,-718.0
6.23075626300124,-718.8699951171875,-718.0
6.23227588699956,-718.8699951171875,-718.0
6.234005089998391,-718.8699951171875,-718.0
6.235756833000778,-718.8699951171875,-718.0
6.237518095000269,-718.8699951171875,-718.0
6.239023352998629,-718.8699951171875,-718.0
6.240777565999451,-718.8699951171875,-718.0
6.24251613999877,-718.8699951171875,-718.0
6.2442453389994625,-718.8699951171875,-718.0
6.246026648001134,-718.8699951171875,-718.0
6.247765256997809,-718.8699951171875,-718.0
6.2495162619998155,-718.8699951171875,-718.0
6.251276638999116,-718.8699951171875,-718.0
6.252765394998278,-718.8699951171875,-718.0
6.254274734001228,-718.8699951171875,-718.0
6.256015269998898,-718.8699951171875,-718.0
6.257776662998367,-718.8699951171875,-718.0
6.259524925000733,-718.8699951171875,-718.0
6.261277055000392,-718.8699951171875,-718.0
6.263025924999965,-718.8699951171875,-718.0
6.26476532399829,-718.8699951171875,-718.0
6.2665267049997055,-718.8699951171875,-718.0
6.2680149330008135,-718.8699951171875,-718.0
6.269524127998011,-718.8699951171875,-718.0
6.271275710998452,-718.8699951171875,-718.0
6.273017245999654,-718.8699951171875,-718.0
6.274774937999609,-718.8699951171875,-718.0
6.276526156998443,-718.8699951171875,-718.0
6.278028348999214,-718.8699951171875,-718.0
6.279775558999972,-718.8699951171875,-718.0
6.2812656099995365,-718.8699951171875,-718.0
6.283027041998139,-718.8699951171875,-718.0
6.284773182000208,-718.8699951171875,-718.0
6.286515320000035,-718.8699951171875,-718.0
6.288274754999293,-718.8699951171875,-718.0
6.290015030997893,-718.8699951171875,-718.0
6.291776166999625,-718.8699951171875,-718.0
6.293273143000988,-718.8699951171875,-718.0
6.294773741999961,-718.8699951171875,-718.0
6.296520813000825,-718.8699951171875,-718.0
6.298277728998073,-718.8699951171875,-718.0
6.3000260980006715,-718.8699951171875,-718.0
6.301800417000777,-718.8699951171875,-718.0
6.303277966999303,-718.8699951171875,-718.0
6.304774724998424,-718.8699951171875,-718.0
6.30651950399988,-718.8699951171875,-718.0
6.3082778040006815,-718.8699951171875,-718.0
6.31002173899833,-718.8699951171875,-718.0
6.31152399200073,-718.8699951171875,-718.0
6.31327661099931,-718.8699951171875,-718.0
6.315029294000851,-718.8699951171875,-718.0
6.3167768409985,-718.8699951171875,-718.0
6.318519155000104,-718.8699951171875,-718.0
6.320276731999911,-718.8699951171875,-718.0
6.322025762998237,-718.8699951171875,-718.0
6.323768988000666,-718.8699951171875,-718.0
6.325268779000908,-718.8699951171875,-718.0
6.327020923999953,-718.8699951171875,-718.0
6.32879882799898,-718.8699951171875,-718.0
6.33052709399999,-718.8699951171875,-718.0
6.332298487999651,-718.8699951171875,-718.0
6.334026143998926,-718.8699951171875,-718.0
6.335520780998195,-718.8699951171875,-718.0
6.337044722000428,-718.8699951171875,-718.0
6.3387967689996,-718.8699951171875,-718.0
6.3405477439991955,-718.8699951171875,-718.0
6.342275970000628,-718.8699951171875,-718.0
6.3440280459981295,-718.8699951171875,-718.0
6.3455451219997485,-718.8699951171875,-718.0
6.347297293999873,-718.8699951171875,-718.0
6.349037666997901,-718.8699951171875,-718.0
6.350797552000586,-718.8699951171875,-718.0
6.352536747999693,-718.8699951171875,-718.0
6.3542966739987605,-718.8699951171875,-718.0
6.3560393859988835,-718.8699951171875,-718.0
6.357545144997857,-718.8699951171875,-718.0
6.359297040999081,-718.8699951171875,-718.0
6.361047619000601,-718.8699951171875,-718.0
6.3627974359988,-718.8699951171875,-718.0
6.364538142999663,-718.8699951171875,-718.0
6.366294687999471,-718.8699951171875,-718.0
6.368037965999974,-718.8699951171875,-718.0
6.36978729099792,-718.8699951171875,-718.0
6.371546967999166,-718.8699951171875,-718.0
6.373288283000875,-718.8699951171875,-718.0
6.375047649999033,-718.8699951171875,-718.0
6.376927083998453,-718.8699951171875,-718.0
6.378671397000289,-718.8699951171875,-718.0
6.3805222070004675,-718.8699951171875,-718.0
6.3824078449979424,-718.8699951171875,-718.0
6.384153464001429,-718.8699951171875,-718.0
6.385892785998294,-718.8699951171875,-718.0
6.387572978997923,-718.8699951171875,-718.0
6.389404886998818,-718.8699951171875,-718.0
6.3911440939991735,-718.8699951171875,-718.0
6.392902813000546,-718.8699951171875,-718.0
6.394655209998746,-718.8699951171875,-718.0
6.396414712999103,-718.8699951171875,-718.0
6.398413917999278,-718.8699951171875,-718.0
6.400125931999355,-718.8699951171875,-718.0
6.401899341999524,-718.8699951171875,-718.0
6.403582644998096,-718.8699951171875,-718.0
6.405329941000673,-718.8699951171875,-718.0
6.407052452999778,-718.8699951171875,-718.0
6.408801214998675,-718.8699951171875,-718.0
6.410543021000194,-718.8699951171875,-718.0
6.412300386000425,-718.8699951171875,-718.0
6.414060078001057,-718.8699951171875,-718.0
6.415804559001117,-718.8699951171875,-718.0
6.417550692000077,-718.8699951171875,-718.0
6.4190534640001715,-718.8699951171875,-718.0
6.420827425998141,-718.8699951171875,-718.0
6.422547674999805,-718.8699951171875,-718.0
6.424313149000227,-718.8699951171875,-718.0
6.426048647997959,-718.8699951171875,-718.0
6.427792138998484,-718.8699951171875,-718.0
6.429542137000681,-718.8699951171875,-718.0
6.431319391998841,-718.8699951171875,-718.0
6.433047938000527,-718.8699951171875,-718.0
6.434800351999002,-718.8699951171875,-718.0
6.436561034999613,-718.8699951171875,-718.0
6.438066661001358,-718.8699951171875,-718.0
6.439819552000699,-718.8699951171875,-718.0
6.44156054099949,-718.8699951171875,-718.0
6.443297375000839,-718.8699951171875,-718.0
6.445049291000032,-718.8699951171875,-718.0
6.446818645999883,-718.8699951171875,-718.0
6.4485628260008525,-718.8699951171875,-718.0
6.450066539000545,-718.8699951171875,-718.0
6.45181188800052,-718.8699951171875,-718.0
6.4535631199978525,-718.8699951171875,-718.0
6.455318723998062,-718.8699951171875,-718.0
6.457062110999686,-718.8699951171875,-718.0
6.458812808999937,-718.8699951171875,-718.0
6.460562405998644,-718.8699951171875,-718.0
6.462312091000058,-718.8699951171875,-718.0
6.464061778999167,-718.8699951171875,-718.0
6.465812182999798,-718.8699951171875,-718.0
6.467315887999575,-718.8699951171875,-718.0
6.4688171630004945,-718.8699951171875,-718.0
6.47056199600047,-718.8699951171875,-718.0
6.472319020998839,-718.8699951171875,-718.0
6.474073352001142,-718.8699951171875,-718.0
6.475820413001202,-718.8699951171875,-718.0
6.477563307998935,-718.8699951171875,-718.0
6.479318999998213,-718.8699951171875,-718.0
6.481062458999077,-718.8699951171875,-718.0
6.482817996999074,-718.8699951171875,-718.0
6.484311923999485,-718.8699951171875,-718.0
6.485809238998627,-718.8699951171875,-718.0
6.487560450997989,-718.8699951171875,-718.0
6.489310478998959,-718.8699951171875,-718.0
6.491067782000755,-718.8699951171875,-718.0
6.49281911000071,-718.8699951171875,-718.0
6.494312563998392,-718.8699951171875,-718.0
6.4960694600013085,-718.8699951171875,-718.0
6.497812880999845,-718.8699951171875,-718.0
6.499570627998764,-718.8699951171875,-718.0
6.5013133290012775,-718.8699951171875,-718.0
6.503063439999096,-718.8699951171875,-718.0
6.504568645999825,-718.8699951171875,-718.0
6.506061249998311,-718.8699951171875,-718.0
6.507813573000021,-718.8699951171875,-718.0
6.509569497000484,-718.8699951171875,-718.0
6.511322493999614,-718.8699951171875,-718.0
6.513071208999463,-718.8699951171875,-718.0
6.514821689997916,-718.8699951171875,-718.0
6.516318410998792,-718.8699951171875,-718.0
6.518063417999656,-718.8699951171875,-718.0
6.51982185900124,-718.8699951171875,-718.0
6.521570756998699,-718.8699951171875,-718.0
6.523319416999584,-718.8699951171875,-718.0
6.525063639997825,-718.8699951171875,-718.0
6.526813107000635,-718.8699951171875,-718.0
6.528592246999324,-718.8699951171875,-718.0
6.530321186000947,-718.8699951171875,-718.0
6.532101361000969,-718.8699951171875,-718.0
6.533819732998381,-718.8699951171875,-718.0
6.535310930998094,-718.8699951171875,-718.0
6.537090898000315,-718.8699951171875,-718.0
6.538841975998366,-718.8699951171875,-718.0
6.540572230998805,-718.8699951171875,-718.0
6.542338127997937,-718.8699951171875,-718.0
6.543833058000018,-718.8699951171875,-718.0
6.5455910569980915,-718.8699951171875,-718.0
6.5473367369995685,-718.8699951171875,-718.0
6.549093384997832,-718.8699951171875,-718.0
6.550842649001424,-718.8699951171875,-718.0
6.552585215998988,-718.8699951171875,-718.0
6.554349505000573,-718.8699951171875,-718.0
6.555836708001152,-718.8699951171875,-718.0
6.5575919410002825,-718.8699951171875,-718.0
6.559348247999878,-718.8699951171875,-718.0
6.561094042001059,-718.8699951171875,-718.0
6.562841226001183,-718.8699951171875,-718.0
6.564585953998176,-718.8699951171875,-718.0
6.566340590001346,-718.8699951171875,-718.0
6.567833316999895,-718.8699951171875,-718.0
6.569594305001374,-718.8699951171875,-718.0
6.57134819500061,-718.8699951171875,-718.0
6.573084880998067,-718.8699951171875,-718.0
6.574842629001068,-718.8699951171875,-718.0
6.576593425997999,-718.8699951171875,-718.0
6.578348978000577,-718.8699951171875,-718.0
6.580093784999917,-718.8699951171875,-718.0
6.581839227997989,-718.8699951171875,-718.0
6.583592544000567,-718.8699951171875,-718.0
6.585339674998977,-718.8699951171875,-718.0
6.586841045998881,-718.8699951171875,-718.0
6.588592828000401,-718.8699951171875,-718.0
6.590340686998388,-718.8699951171875,-718.0
6.592093021998153,-718.8699951171875,-718.0
6.5938429909983824,-718.8699951171875,-718.0
6.595593146997999,-718.8699951171875,-718.0
6.597346849001042,-718.8699951171875,-718.0
6.599085862999345,-718.8699951171875,-718.0
6.600842599000316,-718.8699951171875,-718.0
6.60259372499786,-718.8699951171875,-718.0
6.604091563000111,-718.8699951171875,-718.0
6.605590846000268,-718.8699951171875,-718.0
6.6073475789999065,-718.8699951171875,-718.0
6.609094005998486,-718.8699951171875,-718.0
6.6108430579988635,-718.8699951171875,-718.0
6.612593423000362,-718.8699951171875,-718.0
6.614090914001281,-718.8699951171875,-718.0
6.615591466998012,-718.8699951171875,-718.0
6.617347274001077,-718.8699951171875,-718.0
6.619093551998958,-718.8699951171875,-718.0
6.620835592999356,-718.8699951171875,-718.0
6.62258599100096,-718.8699951171875,-718.0
6.624348201999965,-718.8699951171875,-718.0
6.626090879999538,-718.8699951171875,-718.0
6.627836395000486,-718.8699951171875,-718.0
6.629585782000504,-718.8699951171875,-718.0
6.631356001998938,-718.8699951171875,-718.0
6.632860539000831,-718.8699951171875,-718.0
6.634585703999619,-718.8699951171875,-718.0
6.636348009000358,-718.8699951171875,-718.0
6.638099963998684,-718.8699951171875,-718.0
6.639860718998534,-718.8699951171875,-718.0
6.641602845000307,-718.8699951171875,-718.0
6.643347515000642,-718.8699951171875,-718.0
6.645094527000765,-718.8699951171875,-718.0
6.64686472700123,-718.8699951171875,-718.0
6.6483555490012805,-718.8699951171875,-718.0
6.649861852998583,-718.8699951171875,-718.0
6.651614282000082,-718.8699951171875,-718.0
6.6533646380012215,-718.8699951171875,-718.0
6.655112578999251,-718.8699951171875,-718.0
6.656865322998783,-718.8699951171875,-718.0
6.6586138409984414,-718.8699951171875,-718.0
6.6603578139984165,-718.8699951171875,-718.0
6.662113633999979,-718.8699951171875,-718.0
6.663863730998855,-718.8699951171875,-718.0
6.665361175000726,-718.8699951171875,-718.0
6.667113580999285,-718.8699951171875,-718.0
6.6688639060012065,-718.8699951171875,-718.0
6.670613007998327,-718.8699951171875,-718.0
6.672363722998853,-718.8699951171875,-718.0
6.674114145000203,-718.8699951171875,-718.0
6.675863616997958,-718.8699951171875,-718.0
6.677607679001085,-718.8699951171875,-718.0
6.679356043998268,-718.8699951171875,-718.0
6.681106042000465,-718.8699951171875,-718.0
6.682613068998762,-718.8699951171875,-718.0
6.684369914000854,-718.8699951171875,-718.0
6.686113032999856,-718.8699951171875,-718.0
6.687864421997801,-718.8699951171875,-718.0
6.689606059000653,-718.8699951171875,-718.0
6.691364631999022,-718.8699951171875,-718.0
6.6931125429982785,-718.8699951171875,-718.0
6.694863451000856,-718.8699951171875,-718.0
6.696611548999499,-718.8699951171875,-718.0
6.698361505998037,-718.8699951171875,-718.0
6.70011147599871,-718.8699951171875,-718.0
6.701858134998474,-718.8699951171875,-718.0
6.7036056039978575,-718.8699951171875,-718.0
6.70536508999794,-718.8699951171875,-718.0
6.7071137849998195,-718.8699951171875,-718.0
6.708603742998093,-718.8699951171875,-718.0
6.710251313998015,-718.8699951171875,-718.0
6.711991293999745,-718.8699951171875,-718.0
6.713740262999636,-718.8699951171875,-718.0
6.715504118001263,-718.8699951171875,-718.0
6.717244028001005,-718.8699951171875,-718.0
6.718987559001107,-718.8699951171875,-718.0
6.720756165999774,-718.8699951171875,-718.0
6.722498369999812,-718.8699951171875,-718.0
6.724259022998012,-718.8699951171875,-718.0
6.7259962239986635,-718.8699951171875,-718.0
6.727745168998808,-718.8699951171875,-718.0
6.729514841001219,-718.8699951171875,-718.0
6.7312606220002635,-718.8699951171875,-718.0
6.732992434997868,-718.8699951171875,-718.0
6.7347480909993465,-718.8699951171875,-718.0
6.736505595999915,-718.8699951171875,-718.0
6.738534635998803,-718.8699951171875,-718.0
6.740505695997854,-718.8699951171875,-718.0
6.742268363999756,-718.8699951171875,-718.0
6.744010534999688,-718.8699951171875,-718.0
6.745771207999496,-718.8699951171875,-718.0
6.747795531999145,-718.8699951171875,-718.0
6.749788829998579,-718.8699951171875,-718.0
6.751768027999788,-718.8699951171875,-718.0
6.7535194140000385,-718.8699951171875,-718.0
6.755513910000445,-718.8699951171875,-718.0
6.757282022001164,-718.8699951171875,-718.0
6.759012943999551,-718.8699951171875,-718.0
6.760758562999399,-718.8699951171875,-718.0
6.762517256000137,-718.8699951171875,-718.0
6.764496005998808,-718.8699951171875,-718.0
6.766264580001007,-718.8699951171875,-718.0
6.7680101490004745,-718.8699951171875,-718.0
6.769762904001254,-718.8699951171875,-718.0
6.771537743999943,-718.8699951171875,-718.0
6.773264629999176,-718.8699951171875,-718.0
6.775013588998263,-718.8699951171875,-718.0
6.776764743000967,-718.8699951171875,-718.0
6.778766193998308,-718.8699951171875,-718.0
6.780777252999542,-718.8699951171875,-718.0
6.782501649999176,-718.8699951171875,-718.0
6.784222510999825,-718.8699951171875,-718.0
6.785987913997815,-718.8699951171875,-718.0
6.7876433199999155,-718.8699951171875,-718.0
6.789379166999424,-718.8699951171875,-718.0
6.7911370170004375,-718.8699951171875,-718.0
6.792885377999482,-718.8699951171875,-718.0
6.7946296490008535,-718.8699951171875,-718.0
6.796134169999277,-718.8699951171875,-718.0
6.797761630998139,-718.8699951171875,-718.0
6.799517568000738,-718.8699951171875,-718.0
6.801267358998302,-718.8699951171875,-718.0
6.803010109000752,-718.8699951171875,-718.0
6.804751501000283,-718.8699951171875,-718.0
6.806493271000363,-718.8699951171875,-718.0
6.8081417819994385,-718.8699951171875,-718.0
6.8098865850006405,-718.8699951171875,-718.0
6.811635440000828,-718.8699951171875,-718.0
6.813385397999809,-718.8699951171875,-718.0
6.815134276999743,-718.8699951171875,-718.0
6.816886559001432,-718.8699951171875,-718.0
6.818629621000582,-718.8699951171875,-718.0
6.820126614999026,-718.8699951171875,-718.0
6.821629785001278,-718.8699951171875,-718.0
6.823381309000979,-718.8699951171875,-718.0
6.825128943000891,-718.8699951171875,-718.0
6.826880492000782,-718.8699951171875,-718.0
6.828386375000264,-718.8699951171875,-718.0
6.830136254000536,-718.8699951171875,-718.0
6.831906770999922,-718.8699951171875,-718.0
6.833635385999514,-718.8699951171875,-718.0
6.835379550000653,-718.8699951171875,-718.0
6.83715742899949,-718.8699951171875,-718.0
6.838904950000142,-718.8699951171875,-718.0
6.8404054370003,-718.8699951171875,-718.0
6.842157884999324,-718.8699951171875,-718.0
6.843906396999955,-718.8699951171875,-718.0
6.845656328998302,-718.8699951171875,-718.0
6.847408350000478,-718.8699951171875,-718.0
6.849158237000665,-718.8699951171875,-718.0
6.850906717998441,-718.8699951171875,-718.0
6.85265267000068,-718.8699951171875,-718.0
6.854408710998541,-718.8699951171875,-718.0
6.856149073999404,-718.8699951171875,-718.0
6.857908870999381,-718.8699951171875,-718.0
6.859662492999632,-718.8699951171875,-718.0
6.861428864998743,-718.8699951171875,-718.0
6.863157915999182,-718.8699951171875,-718.0
6.864910028998565,-718.8699951171875,-718.0
6.866406459997961,-718.8699951171875,-718.0
6.86815837299946,-718.8699951171875,-718.0
6.869907308999245,-718.8699951171875,-718.0
6.871657347001019,-718.8699951171875,-718.0
6.873408221999853,-718.8699951171875,-718.0
6.875156915000844,-718.8699951171875,-718.0
6.876652138998907,-718.8699951171875,-718.0
6.878156835999107,-718.8699951171875,-718.0
6.879907882997941,-718.8699951171875,-718.0
6.881650921000983,-718.8699951171875,-718.0
6.883408883000811,-718.8699951171875,-718.0
6.885150072997931,-718.8699951171875,-718.0
6.886656691000098,-718.8699951171875,-718.0
6.888400226998783,-718.8699951171875,-718.0
6.889907751999999,-718.8699951171875,-718.0
6.891657527998177,-718.8699951171875,-718.0
6.8935666129982565,-718.8699951171875,-718.0
6.895543001999613,-718.8699951171875,-718.0
6.897287929998129,-718.8699951171875,-718.0
6.949511004000669,-718.8699951171875,-718.0
6.9519518699999026,-718.8699951171875,-718.0
6.953827208999428,-718.8699951171875,-718.0
6.95580494800015,-718.8699951171875,-718.0
6.957584787000087,-718.8699951171875,-718.0
6.959345995001058,-718.8699951171875,-718.0
6.96120375999817,-718.8699951171875,-718.0
6.962932186001126,-718.8699951171875,-718.0
6.964675038998394,-718.8699951171875,-718.0
6.966570127999148,-718.8699951171875,-718.0
6.968306651000603,-718.8699951171875,-718.0
6.970050919000641,-718.8699951171875,-718.0
6.97180677399956,-718.8699951171875,-718.0
6.973561296999833,-718.8699951171875,-718.0
6.975309597000887,-718.8699951171875,-718.0
6.977054406997922,-718.8699951171875,-718.0
6.978816765000374,-718.8699951171875,-718.0
6.980530901000748,-718.8699951171875,-718.0
6.982306617999711,-718.8699951171875,-718.0
6.984025498000847,-718.8699951171875,-718.0
6.98579321500074,-718.8699951171875,-718.0
6.987497777001408,-718.8699951171875,-718.0
6.989250488000835,-718.8699951171875,-718.0
6.990999528999964,-718.8699951171875,-718.0
6.9927561250005965,-718.8699951171875,-718.0
6.994446325999888,-718.8699951171875,-718.0
6.996245867998368,-718.8699951171875,-718.0
6.997996445999888,-718.8699951171875,-718.0
6.999800608999067,-718.8699951171875,-718.0
