time_s,position_setpoint,position_measured
0.00011045100018236553,-94.8699951171875,-94.0
0.003746225999748276,-94.8699951171875,-94.0
0.005485980000230484,-94.8699951171875,-94.0
0.0072409630001857295,-94.8699951171875,-94.0
0.008988083000076585,-94.8699951171875,-94.0
0.010747252000328444,-94.8699951171875,-94.0
0.012491038000007393,-94.8699951171875,-94.0
0.014236535000236472,-94.8699951171875,-94.0
0.015990975000022445,-94.8699951171875,-94.0
0.017735926000568725,-94.8699951171875,-94.0
0.019489711000460375,-94.8699951171875,-94.0
0.021234959999674174,-94.8699951171875,-94.0
0.02298786299979838,-94.8699951171875,-94.0
0.02473998900040897,-94.8699951171875,-94.0
0.02648767000027874,-94.8699951171875,-94.0
0.02823796400025458,-94.8699951171875,-94.0
0.02998613900035707,-94.8699951171875,-94.0
0.03177543299989338,-94.8699951171875,-94.0
0.03348876299969561,-94.8699951171875,-94.0
0.0352571169996736,-94.8699951171875,-94.0
0.03699399299966899,-94.8699951171875,-94.0
0.03873985700010962,-94.8699951171875,-94.0
0.04048708099981013,-94.8699951171875,-94.0
0.04224620200056961,-94.8699951171875,-95.0
0.043988059000184876,-94.8699951171875,-94.0
0.04574512700037303,-94.8699951171875,-94.0
0.04749101800007338,-94.8699951171875,-95.0
0.0492479029999231,-94.8699951171875,-95.0
0.05100787399987894,-94.8699951171875,-95.0
0.05276354099987657,-94.8699951171875,-95.0
0.054507138000190025,-94.8699951171875,-95.0
0.05625755700020818,-94.8699951171875,-95.0
0.05799490200024593,-94.8699951171875,-95.0
0.059774762999950326,-94.8699951171875,-95.0
0.06150518400045257,-94.8699951171875,-95.0
0.0632810770002834,-94.8699951171875,-95.0
0.06500336099998094,-94.8699951171875,-95.0
0.06673659500029316,-94.8699951171875,-95.0
0.06850490499982698,-94.8699951171875,-95.0
0.07027194400052394,-94.8699951171875,-95.0
0.07202197500009788,-94.8699951171875,-95.0
0.07375655099986034,-94.8699951171875,-95.0
0.07551216200045019,-94.8699951171875,-95.0
0.07725782099987555,-94.8699951171875,-95.0
0.0790091589997246,-94.8699951171875,-95.0
0.08075730000018666,-94.8699951171875,-95.0
0.0825076370001625,-94.8699951171875,-95.0
0.08427484300045762,-94.8699951171875,-95.0
0.08602400299969304,-94.8699951171875,-95.0
0.08775837299981504,-94.8699951171875,-95.0
0.0895061920000444,-94.8699951171875,-95.0
0.09127427299972624,-94.8699951171875,-95.0
0.09300840900050389,-94.8699951171875,-95.0
0.09475836000001436,-94.8699951171875,-95.0
0.09650643799977843,-94.8699951171875,-95.0
0.09827408399996784,-94.8699951171875,-95.0
0.10000435300025856,-94.8699951171875,-95.0
0.10175621200050955,-94.8699951171875,-95.0
0.10350634600035846,-94.8699951171875,-95.0
0.10525833800056716,-94.8699951171875,-95.0
0.10700837100011995,-94.8699951171875,-95.0
0.10875871900043421,-94.8699951171875,-95.0
0.11050657299983868,-94.8699951171875,-95.0
0.11225762699996267,-94.8699951171875,-95.0
0.11410504000014043,-94.8699951171875,-95.0
0.11585067600026377,-94.8699951171875,-95.0
0.11765648900018277,-94.8699951171875,-95.0
0.11937542299983761,-94.8699951171875,-95.0
0.12121610099984537,-94.8699951171875,-95.0
0.12322523900002125,-94.8699951171875,-95.0
0.12524062900047284,-94.8699951171875,-95.0
0.12722401900009572,-94.8699951171875,-95.0
0.12921791200005828,-94.8699951171875,-95.0
0.1309637960002874,-94.8699951171875,-95.0
0.1329586530000597,-94.8699951171875,-95.0
0.13472272299986798,-94.8699951171875,-95.0
0.1366713349998463,-94.8699951171875,-95.0
0.13870453300023655,-94.8699951171875,-95.0
0.14061365300040052,-94.8699951171875,-95.0
0.14242194400048902,-94.8699951171875,-95.0
0.14414931700048328,-94.8699951171875,-95.0
0.1460897710003337,-94.8699951171875,-95.0
0.14782759100035037,-94.8699951171875,-95.0
0.14955623900004866,-94.8699951171875,-95.0
0.15127677400050743,-94.8699951171875,-95.0
0.15303830399989238,-94.8699951171875,-95.0
0.15479382100056682,-94.8699951171875,-95.0
0.1565344830005415,-94.8699951171875,-95.0
0.15829673999996885,-94.8699951171875,-95.0
0.16004593199977535,-94.8699951171875,-95.0
0.16179451199968753,-94.8699951171875,-95.0
0.16354427700025553,-94.8699951171875,-95.0
0.16529754900057014,-94.8699951171875,-95.0
0.16704615599974204,-94.8699951171875,-95.0
0.21927656499974546,-94.8699951171875,-95.0
0.22145062799972948,-94.8699951171875,-95.0
0.22320252200006507,-94.8699951171875,-95.0
0.2249537830002737,-94.8699951171875,-95.0
0.22670579900022858,-94.8699951171875,-95.0
0.22834627500014903,-94.8699951171875,-95.0
0.23004720300014014,-94.8699951171875,-95.0
0.23181560700049886,-94.8699951171875,-95.0
0.2335631790001571,-94.8699951171875,-95.0
0.2353070139997726,-94.8699951171875,-95.0
0.2370449230002123,-94.8699951171875,-95.0
0.23879348100035713,-94.8699951171875,-95.0
0.24055860899989057,-94.8699951171875,-95.0
0.2423195460005445,-94.8699951171875,-95.0
0.24404546400000982,-94.8699951171875,-95.0
0.24581638499967084,-94.8699951171875,-95.0
0.2475574729996879,-94.8699951171875,-95.0
0.24928877799993643,-94.8699951171875,-95.0
0.2510427300003357,-94.8699951171875,-95.0
0.25294726500032993,-94.8699951171875,-95.0
0.25494032300048275,-94.8699951171875,-95.0
0.256672205000541,-94.8699951171875,-95.0
0.2586530959997617,-94.8699951171875,-95.0
0.26041247000011936,-94.8699951171875,-95.0
0.262342555000032,-94.8699951171875,-95.0
0.2640719760001957,-94.8699951171875,-95.0
0.26581196900042414,-94.8699951171875,-95.0
0.26756686699991405,-94.8699951171875,-95.0
0.2693190019999747,-94.8699951171875,-95.0
0.27106250900033046,-94.8699951171875,-95.0
0.27281800899982045,-94.8699951171875,-95.0
0.27456543399966904,-94.8699951171875,-95.0
0.2763438789997963,-94.8699951171875,-95.0
0.2780667050001284,-94.8699951171875,-95.0
0.2798156890003156,-94.8699951171875,-95.0
0.2815654040005029,-94.8699951171875,-95.0
0.28330785799971636,-94.8699951171875,-95.0
0.2850645260004967,-94.8699951171875,-95.0
0.2868078110004717,-94.8699951171875,-95.0
0.28856653700040624,-94.8699951171875,-95.0
0.2904469949999111,-94.8699951171875,-95.0
0.2924484539998957,-94.8699951171875,-95.0
0.29419554800006154,-94.8699951171875,-95.0
0.2961899239999184,-94.8699951171875,-95.0
0.2981916620001357,-94.8699951171875,-95.0
0.29996015000051557,-94.8699951171875,-95.0
0.30169381700034137,-94.8699951171875,-95.0
0.30370274300003075,-94.8699951171875,-95.0
0.3054469019998578,-94.8699951171875,-95.0
0.30719840500023565,-94.8699951171875,-95.0
0.309197796999797,-94.8699951171875,-95.0
0.3112041330005013,-94.8699951171875,-95.0
0.3129459689998839,-94.8699951171875,-95.0
0.3146973339999022,-94.8699951171875,-95.0
0.3163990519997242,-94.8699951171875,-95.0
0.31819728600021335,-94.8699951171875,-95.0
0.3202188639997985,-94.8699951171875,-95.0
0.32219768400045723,-94.8699951171875,-95.0
0.3239412180000727,-94.8699951171875,-95.0
0.3256937360001757,-94.8699951171875,-95.0
0.3277019460001611,-94.8699951171875,-95.0
0.32944169900019915,-94.8699951171875,-95.0
0.3311934960001963,-94.8699951171875,-95.0
0.33296716600034415,-94.8699951171875,-95.0
0.3346996380005294,-94.8699951171875,-95.0
0.3366989590003868,-94.8699951171875,-95.0
0.33844274600050994,-94.8699951171875,-95.0
0.3402257300003839,-94.8699951171875,-95.0
0.3419586589998289,-94.8699951171875,-95.0
0.34394970100038336,-94.8699951171875,-95.0
0.34572362700055237,-94.8699951171875,-95.0
0.3477013450001323,-94.8699951171875,-95.0
0.34966864099988015,-94.8699951171875,-95.0
0.35171329700006027,-94.8699951171875,-95.0
0.35346946499976184,-94.8699951171875,-95.0
0.3554661349999151,-94.8699951171875,-95.0
0.3574634659998992,-94.8699951171875,-95.0
0.3592134660002557,-94.8699951171875,-95.0
0.3609672379998301,-94.8699951171875,-95.0
0.3629550269997708,-94.8699951171875,-95.0
0.3647355240000252,-94.8699951171875,-95.0
0.3667192390003038,-94.8699951171875,-95.0
0.3687041600005614,-94.8699951171875,-95.0
0.3704000540001289,-94.8699951171875,-95.0
0.3721928000004482,-94.8699951171875,-95.0
0.37420620400007465,-94.8699951171875,-95.0
0.37593646500044997,-94.8699951171875,-95.0
0.37770245200044883,-94.8699951171875,-95.0
0.37943461400027445,-94.8699951171875,-95.0
0.3811847550005041,-94.8699951171875,-95.0
0.3829312059997392,-94.8699951171875,-95.0
0.38467919300001086,-94.8699951171875,-95.0
0.38644674599981954,-94.8699951171875,-95.0
0.38818787800028076,-94.8699951171875,-95.0
0.3899414870002147,-94.8699951171875,-95.0
0.3916811790004431,-94.8699951171875,-95.0
0.39343383699997503,-94.8699951171875,-95.0
0.395440721000341,-94.8699951171875,-95.0
0.39718902700042236,-94.8699951171875,-95.0
0.39918612299970846,-94.8699951171875,-95.0
0.40094248300010804,-94.8699951171875,-95.0
0.40266351199989003,-94.8699951171875,-95.0
0.4046809060000669,-94.8699951171875,-95.0
0.4064731309999843,-94.8699951171875,-95.0
0.40843650399983744,-94.8699951171875,-95.0
0.4102015280004707,-94.8699951171875,-95.0
0.4119385459998739,-94.8699951171875,-95.0
0.41369061400018836,-94.8699951171875,-95.0
0.4154686150004636,-94.8699951171875,-95.0
0.4171882079999705,-94.8699951171875,-95.0
0.41893883400007326,-94.8699951171875,-95.0
0.4206880709998586,-94.8699951171875,-95.0
0.4224466929999835,-94.8699951171875,-95.0
0.4241831210001692,-94.8699951171875,-95.0
0.4261923710000701,-94.8699951171875,-95.0
0.42794360399966536,-94.8699951171875,-95.0
0.4297060139997484,-94.8699951171875,-95.0
0.4314396609997857,-94.8699951171875,-95.0
0.4334541750004064,-94.8699951171875,-95.0
0.43520326700036094,-94.8699951171875,-95.0
0.43696377800006303,-94.8699951171875,-95.0
0.43869310399986716,-94.8699951171875,-95.0
0.4404515619999074,-94.8699951171875,-95.0
0.4422104360000958,-94.8699951171875,-95.0
0.4439377329999843,-94.8699951171875,-95.0
0.44570359099998313,-94.8699951171875,-95.0
0.44768527599990193,-94.8699951171875,-95.0
0.4494312639999407,-94.8699951171875,-95.0
0.4514370839997355,-94.8699951171875,-95.0
0.45320668800013664,-94.8699951171875,-95.0
0.4549610450003456,-94.8699951171875,-95.0
0.45672553300028085,-94.8699951171875,-95.0
0.4584703279997484,-94.8699951171875,-95.0
0.4602028870003778,-94.8699951171875,-95.0
0.4619395820000136,-94.8699951171875,-95.0
0.46370598700013943,-94.8699951171875,-95.0
0.4654372510003668,-94.8699951171875,-95.0
0.4674798430005467,-94.8699951171875,-95.0
0.4691973629996937,-94.8699951171875,-95.0
0.4709410739997111,-94.8699951171875,-95.0
0.47269348800000444,-94.8699951171875,-95.0
0.47469798600013746,-94.8699951171875,-95.0
0.47645240499969077,-94.8699951171875,-95.0
0.47844204700049886,-94.8699951171875,-95.0
0.4801919050005381,-94.8699951171875,-95.0
0.48195470399969054,-94.8699951171875,-95.0
0.48368789100004506,-94.8699951171875,-95.0
0.4854526449998957,-94.8699951171875,-95.0
0.4871986250000191,-94.8699951171875,-95.0
0.4889476919997833,-94.8699951171875,-95.0
0.49068268800056103,-94.8699951171875,-95.0
0.4923992300000464,-94.8699951171875,-95.0
0.4942167540002629,-94.8699951171875,-95.0
0.49595533200044883,-94.8699951171875,-95.0
0.4977074560001711,-94.8699951171875,-95.0
0.4997357299998839,-94.8699951171875,-95.0
0.5014722779997101,-94.8699951171875,-95.0
0.5032146040002772,-94.8699951171875,-95.0
0.5052132979999442,-94.8699951171875,-95.0
0.5072153589999289,-94.8699951171875,-95.0
0.508949443000347,-94.8699951171875,-95.0
0.5107061220005562,-94.8699951171875,-95.0
0.5124974360005581,-94.8699951171875,-95.0
0.5144627050003692,-94.8699951171875,-95.0
0.5162115000002814,-94.8699951171875,-95.0
0.5179586860003838,-94.8699951171875,-95.0
0.5197101570001905,-94.8699951171875,-95.0
0.5214638759998707,-94.8699951171875,-95.0
0.5232185840004604,-94.8699951171875,-95.0
0.5249606170000334,-94.8699951171875,-95.0
0.5267141200001788,-94.8699951171875,-95.0
0.5284713359997113,-94.8699951171875,-95.0
0.530217755999729,-94.8699951171875,-95.0
0.5320078920003652,-94.8699951171875,-95.0
0.5339826449999237,-94.8699951171875,-95.0
0.5357359400004498,-94.8699951171875,-95.0
0.5374523899999986,-94.8699951171875,-95.0
0.539222090000294,-94.8699951171875,-95.0
0.540962287000184,-94.8699951171875,-95.0
0.542731907000416,-94.8699951171875,-95.0
0.5444568270004311,-94.8699951171875,-95.0
0.5462265850001131,-94.8699951171875,-95.0
0.5479656919997069,-94.8699951171875,-95.0
0.5499635599999237,-94.8699951171875,-95.0
0.5517329849999442,-94.8699951171875,-95.0
0.5534654590001082,-94.8699951171875,-95.0
0.5552284780005721,-94.8699951171875,-95.0
0.5569852389999141,-94.8699951171875,-95.0
0.5587336529997629,-94.8699951171875,-95.0
0.5604974899997615,-94.8699951171875,-95.0
0.5622598660002041,-94.8699951171875,-95.0
0.5642104600001403,-94.8699951171875,-95.0
0.565989644000183,-94.8699951171875,-95.0
0.5677318540001579,-94.8699951171875,-95.0
0.569463509000343,-94.8699951171875,-95.0
0.5712307209996652,-94.8699951171875,-95.0
0.5729908820003402,-94.8699951171875,-95.0
0.5747306089997437,-94.8699951171875,-95.0
0.576482993999889,-94.8699951171875,-95.0
0.578236287999971,-94.8699951171875,-95.0
0.5800076060004358,-94.8699951171875,-95.0
0.5817426780004098,-94.8699951171875,-95.0
0.583482383000046,-94.8699951171875,-95.0
0.5852259769999364,-94.8699951171875,-95.0
0.5869886549999137,-94.8699951171875,-95.0
0.5887297320005018,-94.8699951171875,-95.0
0.5904681769998206,-94.8699951171875,-95.0
0.5922227520004526,-94.8699951171875,-95.0
0.5942337280002903,-94.8699951171875,-95.0
0.5962295360004646,-94.8699951171875,-95.0
0.5979894829997647,-94.8699951171875,-95.0
0.5997293000000354,-94.8699951171875,-95.0
0.601489214999674,-94.8699951171875,-95.0
0.6034760130005452,-94.8699951171875,-95.0
0.605233729000247,-94.8699951171875,-95.0
0.6069824010000957,-94.8699951171875,-95.0
0.6087233549997109,-94.8699951171875,-95.0
0.6104940750001333,-94.8699951171875,-95.0
0.6124974820004354,-94.8699951171875,-95.0
0.6142302460002611,-94.8699951171875,-95.0
0.6159849690002375,-94.8699951171875,-95.0
0.6177299620003396,-94.8699951171875,-95.0
0.6194927060005284,-94.8699951171875,-95.0
0.6212351410003976,-94.8699951171875,-95.0
0.6232435140000234,-94.8699951171875,-95.0
0.6249800060004418,-94.8699951171875,-95.0
0.626726786999825,-94.8699951171875,-95.0
0.6284924860001411,-94.8699951171875,-95.0
0.6302330449998408,-94.8699951171875,-95.0
0.6319858610004303,-94.8699951171875,-95.0
0.633749650000027,-94.8699951171875,-95.0
0.6357348100000308,-94.8699951171875,-95.0
0.6374764530000903,-94.8699951171875,-95.0
0.6392287329999817,-94.8699951171875,-95.0
0.6410382530002607,-94.8699951171875,-95.0
0.6427317170000606,-94.8699951171875,-95.0
0.6444875670003967,-94.8699951171875,-95.0
0.646268121000503,-94.8699951171875,-95.0
0.6480010710001807,-94.8699951171875,-95.0
0.6497353410004507,-94.8699951171875,-95.0
0.6514980780002588,-94.8699951171875,-95.0
0.6532652819996656,-94.8699951171875,-95.0
0.6549397939998016,-94.8699951171875,-95.0
0.656655623000006,-94.8699951171875,-95.0
0.6583832739997888,-94.8699951171875,-95.0
0.6601498270001684,-94.8699951171875,-95.0
0.6618936020004185,-94.8699951171875,-95.0
0.6636516819999088,-94.8699951171875,-95.0
0.6655152789999192,-94.8699951171875,-95.0
0.6675419900002453,-94.8699951171875,-95.0
0.6695145610001418,-94.8699951171875,-95.0
0.6715495650005323,-94.8699951171875,-95.0
0.6732905660001052,-94.8699951171875,-95.0
0.6750282290004179,-94.8699951171875,-95.0
0.6770291800003179,-94.8699951171875,-95.0
0.6787684339997213,-94.8699951171875,-95.0
0.6807973800005129,-94.8699951171875,-95.0
0.6825346719997469,-94.8699951171875,-95.0
0.6842812330005472,-94.8699951171875,-95.0
0.686207695000121,-94.8699951171875,-94.0
0.6879006790004496,-94.8699951171875,-95.0
0.6896664710002369,-94.8699951171875,-95.0
0.6914137230005508,-94.8699951171875,-95.0
0.6931550219997007,-94.8699951171875,-95.0
0.6949242950004191,-94.8699951171875,-95.0
0.6966409659999044,-94.8699951171875,-95.0
0.6983927410001343,-94.8699951171875,-95.0
0.7001621999997951,-94.8699951171875,-95.0
0.7018950330002554,-94.8699951171875,-95.0
0.7036845720003839,-94.8699951171875,-95.0
0.705397056000038,-94.8699951171875,-95.0
0.7071673529999316,-94.8699951171875,-95.0
0.7089130889999069,-94.8699951171875,-95.0
0.7106550839998818,-94.8699951171875,-95.0
0.7124231529996905,-94.8699951171875,-94.0
0.7141571970005316,-94.8699951171875,-95.0
0.7159028060004857,-94.8699951171875,-95.0
0.717659679999997,-94.8699951171875,-95.0
0.7193998239999928,-94.8699951171875,-95.0
0.721145061000243,-94.8699951171875,-95.0
0.7229038020004737,-94.8699951171875,-95.0
0.7246844419996705,-94.8699951171875,-95.0
0.7263929460004874,-94.8699951171875,-95.0
0.7282770950005215,-94.8699951171875,-95.0
0.7300353990003714,-94.8699951171875,-95.0
0.7316734799996993,-94.8699951171875,-95.0
0.7333947039996929,-94.8699951171875,-95.0
0.7351430389999223,-94.8699951171875,-95.0
0.7369028929997512,-94.8699951171875,-95.0
0.7386529229997905,-94.8699951171875,-95.0
0.7404760310000711,-94.8699951171875,-94.0
0.7422635069997341,-94.8699951171875,-95.0
0.7439731360000224,-94.8699951171875,-95.0
0.7456904669998039,-94.8699951171875,-95.0
0.7473964480004724,-94.8699951171875,-95.0
0.7492049920001591,-94.8699951171875,-95.0
0.7511936920000153,-94.8699951171875,-95.0
0.7529511780003304,-94.8699951171875,-95.0
0.7547082460005186,-94.8699951171875,-94.0
0.7564433320003445,-94.8699951171875,-95.0
0.758178412000234,-94.8699951171875,-95.0
0.7599384129998725,-94.8699951171875,-95.0
0.7616838339999958,-94.8699951171875,-94.0
0.7634316490002675,-94.8699951171875,-95.0
0.7652371490003134,-94.8699951171875,-95.0
0.7670045510003547,-94.8699951171875,-95.0
0.7689699290003773,-94.8699951171875,-94.0
0.7707544949998919,-94.8699951171875,-95.0
0.7727668389998144,-94.8699951171875,-95.0
0.7745003770005496,-94.8699951171875,-95.0
0.7762547600004837,-94.8699951171875,-94.0
0.7779584239997348,-94.8699951171875,-95.0
0.779728385999988,-94.8699951171875,-95.0
0.7814219560004858,-94.8699951171875,-94.0
0.7832213319998118,-94.8699951171875,-95.0
0.7851962800004912,-94.8699951171875,-94.0
0.786947071999748,-94.8699951171875,-95.0
0.7886786369999754,-94.8699951171875,-95.0
0.7905457320002824,-94.8699951171875,-94.0
0.7925271800004339,-94.8699951171875,-95.0
0.7942685819998587,-94.8699951171875,-95.0
0.7959927350002545,-94.8699951171875,-95.0
0.797722874000101,-94.8699951171875,-94.0
0.7997592680003436,-94.8699951171875,-95.0
0.8014901500000633,-94.8699951171875,-94.0
0.8032651410003382,-94.8699951171875,-95.0
0.8052551749997292,-94.8699951171875,-95.0
0.806946071999846,-94.8699951171875,-94.0
0.8086820620001163,-94.8699951171875,-94.0
0.8104263269997318,-94.8699951171875,-94.0
0.81217086200013,-94.8699951171875,-95.0
0.8139261229998738,-94.8699951171875,-94.0
0.8156925909997881,-94.8699951171875,-95.0
0.8174187029999302,-94.8699951171875,-94.0
0.8192092939998474,-94.8699951171875,-94.0
0.8209222060004322,-94.8699951171875,-94.0
0.8226749739997103,-94.8699951171875,-95.0
0.8244143379997695,-94.8699951171875,-94.0
0.8261764609997044,-94.8699951171875,-94.0
0.8279182610003772,-94.8699951171875,-94.0
0.8296775500002695,-94.8699951171875,-94.0
0.831423481999991,-94.8699951171875,-94.0
0.8331966750001811,-94.8699951171875,-94.0
0.834948307000559,-94.8699951171875,-94.0
0.8366671740004676,-94.8699951171875,-94.0
0.8384183529997244,-94.8699951171875,-94.0
0.8401768760004416,-94.8699951171875,-95.0
0.8419426780001231,-94.8699951171875,-95.0
0.8436839340001825,-94.8699951171875,-94.0
0.8454576109998015,-94.8699951171875,-95.0
0.8471742769997945,-94.8699951171875,-94.0
0.8489375420003853,-94.8699951171875,-94.0
0.850692906000404,-94.8699951171875,-94.0
0.8524422979999144,-94.8699951171875,-94.0
0.8541989109999122,-94.8699951171875,-94.0
0.8559448440000779,-94.8699951171875,-94.0
0.8576983590000964,-94.8699951171875,-94.0
0.8594455299999026,-94.8699951171875,-94.0
0.8611845920004271,-94.8699951171875,-94.0
0.8629493139997066,-94.8699951171875,-94.0
0.8647080470000219,-94.8699951171875,-94.0
0.8664404420005667,-94.8699951171875,-94.0
0.8681936040002256,-94.8699951171875,-94.0
0.8699782740004594,-94.8699951171875,-95.0
0.8716875019999861,-94.8699951171875,-94.0
0.873528857000565,-94.8699951171875,-94.0
0.8752774430004138,-94.8699951171875,-95.0
0.8770133090001764,-94.8699951171875,-94.0
0.8787985210001352,-94.8699951171875,-94.0
0.8804900430004636,-94.8699951171875,-95.0
0.8822563720004837,-94.8699951171875,-94.0
0.8840443919998506,-94.8699951171875,-94.0
0.8857911249997414,-94.8699951171875,-95.0
0.8875470620005217,-94.8699951171875,-94.0
0.8892945229999896,-94.8699951171875,-94.0
0.8910450180001135,-94.8699951171875,-95.0
0.8930504290001409,-94.8699951171875,-94.0
0.895042910000484,-94.8699951171875,-95.0
0.8967896169997402,-94.8699951171875,-94.0
0.8985433389998434,-94.8699951171875,-94.0
0.9003199540002242,-94.8699951171875,-95.0
0.9023047400005453,-94.8699951171875,-95.0
0.9040530880001825,-94.8699951171875,-94.0
0.9057888340003046,-94.8699951171875,-94.0
0.9075478980003027,-94.8699951171875,-94.0
0.9092953930003205,-94.8699951171875,-94.0
0.9110461959999157,-94.8699951171875,-94.0
0.9127815910005666,-94.8699951171875,-94.0
0.9145412959996975,-94.8699951171875,-95.0
0.9162986230003298,-94.8699951171875,-94.0
0.91803666099986,-94.8699951171875,-94.0
0.9197161479996794,-94.8699951171875,-94.0
0.9214378130000114,-94.8699951171875,-94.0
0.9231883060001564,-94.8699951171875,-94.0
0.9249701670005379,-94.8699951171875,-94.0
0.9266964660000667,-94.8699951171875,-94.0
0.9284782340000675,-94.8699951171875,-95.0
0.9301989180003147,-94.8699951171875,-94.0
0.9320460260005348,-94.8699951171875,-94.0
0.9337715239998943,-94.8699951171875,-94.0
0.9354936099998667,-94.8699951171875,-94.0
0.9372706690000996,-94.8699951171875,-94.0
0.9390469529998882,-94.8699951171875,-95.0
0.9407679430005373,-94.8699951171875,-94.0
0.9425269169996682,-94.8699951171875,-94.0
0.944274286000109,-94.8699951171875,-94.0
0.9460226840001269,-94.8699951171875,-94.0
0.947781949000273,-94.8699951171875,-94.0
0.9495316789998469,-94.8699951171875,-94.0
0.9513090190002913,-94.8699951171875,-94.0
0.9530291130004116,-94.8699951171875,-94.0
0.9547901989999446,-94.8699951171875,-94.0
0.9565221749999182,-94.8699951171875,-94.0
0.9582530779998706,-94.8699951171875,-94.0
0.9600425810003799,-94.8699951171875,-94.0
0.9617917810001018,-94.8699951171875,-94.0
0.9635168289996727,-94.8699951171875,-94.0
0.9652884280003491,-94.8699951171875,-94.0
0.9670494410001993,-94.8699951171875,-94.0
0.9687396790004641,-94.8699951171875,-94.0
0.9704684489997817,-94.8699951171875,-94.0
0.9722189200001594,-94.8699951171875,-94.0
0.9739655029998175,-94.8699951171875,-94.0
0.975734470000134,-94.8699951171875,-94.0
0.9774665699997058,-94.8699951171875,-94.0
0.9792318660001911,-94.8699951171875,-94.0
0.9809660979999535,-94.8699951171875,-94.0
0.9827199330002259,-94.8699951171875,-94.0
0.9844606560000102,-94.8699951171875,-94.0
0.9862177969998811,-94.8699951171875,-94.0
0.9879593109999405,-94.8699951171875,-94.0
0.9897068629998103,-94.8699951171875,-94.0
0.9914669310001045,-94.8699951171875,-94.0
0.993209021000439,-94.8699951171875,-94.0
0.994966492000458,-94.8699951171875,-94.0
0.9967236729999058,-94.8699951171875,-94.0
0.9984563870002603,-94.8699951171875,-94.0
1.0002195710003434,-64.8699951171875,-94.0
1.0037108639999133,-64.8699951171875,-94.0
1.0054676300005667,-64.8699951171875,-94.0
1.0072056460003296,-64.8699951171875,-94.0
1.0089672069998414,-64.8699951171875,-95.0
1.010714208000536,-64.8699951171875,-95.0
1.0124755169999844,-64.8699951171875,-95.0
1.0142165630004456,-64.8699951171875,-95.0
1.0159709890003796,-64.8699951171875,-95.0
1.017721686999721,-64.8699951171875,-95.0
1.019483048999973,-64.8699951171875,-95.0
1.02122228799999,-64.8699951171875,-95.0
1.0229672770001343,-64.8699951171875,-95.0
1.0247676019998835,-64.8699951171875,-95.0
1.0267236039999261,-64.8699951171875,-95.0
1.0284677330000704,-64.8699951171875,-95.0
1.0302169710003,-64.8699951171875,-95.0
1.0319887269997707,-64.8699951171875,-95.0
1.033752920000552,-64.8699951171875,-94.0
1.0355820869999661,-64.8699951171875,-94.0
1.0373192659999404,-64.8699951171875,-94.0
1.0389862479996737,-64.8699951171875,-94.0
1.040740684999946,-64.8699951171875,-94.0
1.0425012189998597,-64.8699951171875,-94.0
1.044229990000531,-64.8699951171875,-94.0
1.0460029710002345,-64.8699951171875,-94.0
1.047723765000228,-64.8699951171875,-94.0
1.0494734940002672,-64.8699951171875,-94.0
1.0509918200004904,-64.8699951171875,-94.0
1.052845148000415,-64.8699951171875,-94.0
1.054608391000329,-64.8699951171875,-94.0
1.0563002760000018,-64.8699951171875,-94.0
1.0580496660004428,-64.8699951171875,-94.0
1.0597721730000558,-64.8699951171875,-94.0
1.0615526729998237,-64.8699951171875,-94.0
1.06336207700042,-64.8699951171875,-94.0
1.065326554999956,-64.8699951171875,-94.0
1.0673745100002634,-64.8699951171875,-94.0
1.0690592910004852,-64.8699951171875,-94.0
1.070786481000141,-64.8699951171875,-94.0
1.0725260310000522,-64.8699951171875,-94.0
1.0743081629998414,-64.8699951171875,-94.0
1.0762540510004328,-64.8699951171875,-94.0
1.077984815000491,-64.8699951171875,-94.0
1.0797661130000051,-64.8699951171875,-94.0
1.081480122999892,-64.8699951171875,-94.0
1.083236690999911,-64.8699951171875,-94.0
1.0849734780003928,-64.8699951171875,-94.0
1.0868185030003588,-64.8699951171875,-94.0
1.0888420890005364,-64.8699951171875,-94.0
1.0905484049999359,-64.8699951171875,-94.0
1.0923412940001072,-64.8699951171875,-94.0
1.0940673450004397,-64.8699951171875,-94.0
1.0958265360004589,-64.8699951171875,-94.0
1.0975411280005574,-64.8699951171875,-94.0
1.099339575999693,-64.8699951171875,-94.0
1.1010593350001727,-64.8699951171875,-94.0
1.10279588100002,-64.8699951171875,-94.0
1.1045608249996803,-64.8699951171875,-93.0
1.106548877000023,-64.8699951171875,-93.0
1.1083097430000635,-64.8699951171875,-93.0
1.1100624720002088,-64.8699951171875,-93.0
1.1118075180002052,-64.8699951171875,-93.0
1.113535444000263,-64.8699951171875,-93.0
1.1153089500003261,-64.8699951171875,-93.0
1.1173262889997204,-64.8699951171875,-93.0
1.1190544589999263,-64.8699951171875,-93.0
1.1208318019998842,-64.8699951171875,-93.0
1.1225586489999841,-64.8699951171875,-93.0
1.1243141240001933,-64.8699951171875,-93.0
1.1263264480003272,-64.8699951171875,-92.0
1.128056268000364,-64.8699951171875,-92.0
1.1298102020000442,-64.8699951171875,-92.0
1.1315731249997043,-64.8699951171875,-92.0
1.1333195850002085,-64.8699951171875,-92.0
1.135082644999784,-64.8699951171875,-92.0
1.1368118030004553,-64.8699951171875,-92.0
1.1385467079999216,-64.8699951171875,-92.0
1.1403834239999924,-64.8699951171875,-92.0
1.142012854999848,-64.8699951171875,-92.0
1.1437279090005177,-64.8699951171875,-92.0
1.1455050519998622,-64.8699951171875,-92.0
1.1472673730004317,-64.8699951171875,-91.0
1.1489859210005307,-64.8699951171875,-91.0
1.1507645020001291,-64.8699951171875,-91.0
1.152502294000442,-64.8699951171875,-91.0
1.154262961999848,-64.8699951171875,-91.0
1.155757427000026,-64.8699951171875,-91.0
1.157501821000551,-64.8699951171875,-91.0
1.1592635670003801,-64.8699951171875,-91.0
1.161012810000102,-64.8699951171875,-91.0
1.1627982279997013,-64.8699951171875,-91.0
1.1645120290004343,-64.8699951171875,-91.0
1.1663038510005208,-64.8699951171875,-91.0
1.1680100829998992,-64.8699951171875,-90.0
1.16986918099974,-64.8699951171875,-90.0
1.1715870400003041,-64.8699951171875,-90.0
1.173323552000511,-64.8699951171875,-90.0
1.1750861540003825,-64.8699951171875,-90.0
1.176804694000566,-64.8699951171875,-90.0
1.178580702000545,-64.8699951171875,-90.0
1.1803723129996797,-64.8699951171875,-90.0
1.1820987510000123,-64.8699951171875,-90.0
1.1838034499996866,-64.8699951171875,-89.0
1.1855538870004239,-64.8699951171875,-89.0
1.1873243010004444,-64.8699951171875,-89.0
1.1890851919997658,-64.8699951171875,-89.0
1.1908231719999094,-64.8699951171875,-89.0
1.1925580140004968,-64.8699951171875,-89.0
1.1943087330000708,-64.8699951171875,-89.0
1.1960716829999,-64.8699951171875,-89.0
1.1978043690005507,-64.8699951171875,-89.0
1.1995891770002345,-64.8699951171875,-88.0
1.2015507819996856,-64.8699951171875,-88.0
1.203385253000306,-64.8699951171875,-88.0
1.2050896380005724,-64.8699951171875,-88.0
1.2070285250001689,-64.8699951171875,-88.0
1.2087835040001664,-64.8699951171875,-88.0
1.210528866000459,-64.8699951171875,-88.0
1.2122581720004746,-64.8699951171875,-88.0
1.2140093990001333,-64.8699951171875,-88.0
1.2158300460005194,-64.8699951171875,-87.0
1.2175614939997104,-64.8699951171875,-87.0
1.2193407800004934,-64.8699951171875,-87.0
1.2210939180004061,-64.8699951171875,-87.0
1.2230646810003236,-64.8699951171875,-87.0
1.224848646999817,-64.8699951171875,-87.0
1.2265897140005109,-64.8699951171875,-87.0
1.2283452740002758,-64.8699951171875,-86.0
1.2300822280003558,-64.8699951171875,-86.0
1.2318410830002904,-64.8699951171875,-86.0
1.2335613579998608,-64.8699951171875,-86.0
1.235333475000516,-64.8699951171875,-86.0
1.2373813399999563,-64.8699951171875,-86.0
1.2390840050002225,-64.8699951171875,-86.0
1.24113797300015,-64.8699951171875,-86.0
1.2428800170000613,-64.8699951171875,-85.0
1.2445810600002005,-64.8699951171875,-85.0
1.2464234480003142,-64.8699951171875,-85.0
1.2480299310000191,-64.8699951171875,-85.0
1.2498015399996802,-64.8699951171875,-85.0
1.2515017340001577,-64.8699951171875,-85.0
1.2532789120004963,-64.8699951171875,-85.0
1.2550370959997963,-64.8699951171875,-84.0
1.2567775730003632,-64.8699951171875,-84.0
1.2585226520004653,-64.8699951171875,-84.0
1.2602748429999338,-64.8699951171875,-84.0
1.2620377989996996,-64.8699951171875,-84.0
1.2637843929996961,-64.8699951171875,-84.0
1.2655466590003925,-64.8699951171875,-83.0
1.267288871999881,-64.8699951171875,-83.0
1.2690257499998552,-64.8699951171875,-83.0
1.2705392079997182,-64.8699951171875,-83.0
1.272282646000349,-64.8699951171875,-83.0
1.2740693390005617,-64.8699951171875,-83.0
1.2758536520004782,-64.8699951171875,-83.0
1.2775917660001141,-64.8699951171875,-82.0
1.2793743809997977,-64.8699951171875,-82.0
1.2811015699999189,-64.8699951171875,-82.0
1.2828495280000425,-64.8699951171875,-82.0
1.2846013990001666,-64.8699951171875,-82.0
1.2863498810002056,-64.8699951171875,-82.0
1.2881073810003727,-64.8699951171875,-81.0
1.289856071000031,-64.8699951171875,-81.0
1.2916029819998585,-64.8699951171875,-81.0
1.2933807589997741,-64.8699951171875,-81.0
1.2951040580001063,-64.8699951171875,-81.0
1.2968763050002963,-64.8699951171875,-81.0
1.29860884899972,-64.8699951171875,-80.0
1.30035154000052,-64.8699951171875,-80.0
1.3021157920002224,-64.8699951171875,-80.0
1.3038634869999441,-64.8699951171875,-80.0
1.3056047299996862,-64.8699951171875,-80.0
1.3076340600000549,-64.8699951171875,-80.0
1.309390305999841,-64.8699951171875,-79.0
1.3111516449998817,-64.8699951171875,-79.0
1.312880395999855,-64.8699951171875,-79.0
1.3145840080005655,-64.8699951171875,-79.0
1.3163892720003787,-64.8699951171875,-79.0
1.3181159280002248,-64.8699951171875,-79.0
1.3201159560003362,-64.8699951171875,-78.0
1.3218591200002265,-64.8699951171875,-78.0
1.3238730760003818,-64.8699951171875,-78.0
1.3256329530004223,-64.8699951171875,-78.0
1.3276568330002192,-64.8699951171875,-78.0
1.3293911649998336,-64.8699951171875,-77.0
1.3311103650003133,-64.8699951171875,-77.0
1.3328594599997814,-64.8699951171875,-77.0
1.3346299960003307,-64.8699951171875,-77.0
1.336404857999696,-64.8699951171875,-77.0
1.3381296930001554,-64.8699951171875,-77.0
1.3401059309999255,-64.8699951171875,-76.0
1.3418566480004301,-64.8699951171875,-76.0
1.3438457479996941,-64.8699951171875,-76.0
1.3456195340004342,-64.8699951171875,-76.0
1.3474039789998642,-64.8699951171875,-76.0
1.3491233969998575,-64.8699951171875,-76.0
1.350870766999833,-64.8699951171875,-75.0
1.352608916000463,-64.8699951171875,-75.0
1.354393132000041,-64.8699951171875,-75.0
1.3561269620004168,-64.8699951171875,-75.0
1.3581421879998743,-64.8699951171875,-75.0
1.3598784329997216,-64.8699951171875,-75.0
1.361911709999731,-64.8699951171875,-75.0
1.3636131410003145,-64.8699951171875,-74.0
1.3653641210003116,-64.8699951171875,-74.0
1.3671291480004584,-64.8699951171875,-74.0
1.368873381999947,-64.8699951171875,-74.0
1.3706440980004118,-64.8699951171875,-74.0
1.3724052269999447,-64.8699951171875,-74.0
1.374138863000553,-64.8699951171875,-74.0
1.37615016700056,-64.8699951171875,-73.0
1.3778843820000475,-64.8699951171875,-73.0
1.37960719000057,-64.8699951171875,-73.0
1.3813905220004017,-64.8699951171875,-73.0
1.383132709000165,-64.8699951171875,-73.0
1.3851360589997057,-64.8699951171875,-73.0
1.386881913000252,-64.8699951171875,-73.0
1.3888743480001722,-64.8699951171875,-72.0
1.390620090000084,-64.8699951171875,-72.0
1.3923690880001232,-64.8699951171875,-72.0
1.3941371800001434,-64.8699951171875,-72.0
1.3958790149999913,-64.8699951171875,-72.0
1.3978784569999334,-64.8699951171875,-72.0
1.3996360999999524,-64.8699951171875,-72.0
1.401386602000457,-64.8699951171875,-71.0
1.4031046469999637,-64.8699951171875,-71.0
1.4048819730005562,-64.8699951171875,-71.0
1.406640158999835,-64.8699951171875,-71.0
1.4086221039997326,-64.8699951171875,-71.0
1.4106018120000954,-64.8699951171875,-71.0
1.412361540999882,-64.8699951171875,-71.0
1.414094321000448,-64.8699951171875,-71.0
1.415819853999892,-64.8699951171875,-71.0
1.4176297789999808,-64.8699951171875,-71.0
1.4193821710005068,-64.8699951171875,-70.0
1.4210861910005406,-64.8699951171875,-70.0
1.4228694590001396,-64.8699951171875,-70.0
1.4245777100004489,-64.8699951171875,-70.0
1.4263079350002954,-64.8699951171875,-70.0
1.428066299999955,-64.8699951171875,-70.0
1.4298263139999108,-64.8699951171875,-70.0
1.431544502000179,-64.8699951171875,-70.0
1.4333369590003713,-64.8699951171875,-70.0
1.435069072999795,-64.8699951171875,-69.0
1.436823765000554,-64.8699951171875,-69.0
1.4385690400004023,-64.8699951171875,-69.0
1.4403159510002297,-64.8699951171875,-69.0
1.4420733879996988,-64.8699951171875,-69.0
1.4438279480000347,-64.8699951171875,-69.0
1.4455659280001782,-64.8699951171875,-69.0
1.4473055320004278,-64.8699951171875,-69.0
1.4491140489999452,-64.8699951171875,-69.0
1.4509040000002642,-64.8699951171875,-68.0
1.4526308109998354,-64.8699951171875,-68.0
1.4544308390004517,-64.8699951171875,-68.0
1.4564016829999673,-64.8699951171875,-68.0
1.4580976610004655,-64.8699951171875,-68.0
1.459815733999676,-64.8699951171875,-68.0
1.4615851640000983,-64.8699951171875,-68.0
1.4633283470002425,-64.8699951171875,-68.0
1.4651059590005389,-64.8699951171875,-68.0
1.4669108489997598,-64.8699951171875,-68.0
1.4686420650004948,-64.8699951171875,-68.0
1.4703559529998529,-64.8699951171875,-68.0
1.4720897990000594,-64.8699951171875,-68.0
1.4738556510001217,-64.8699951171875,-68.0
1.4755948060001174,-64.8699951171875,-67.0
1.4773230509999848,-64.8699951171875,-67.0
1.4790897190005126,-64.8699951171875,-67.0
1.480840717999854,-64.8699951171875,-67.0
1.4826045790005082,-64.8699951171875,-67.0
1.484341580000546,-64.8699951171875,-67.0
1.486079692000203,-64.8699951171875,-67.0
1.487836535000497,-64.8699951171875,-67.0
1.4895732100003443,-64.8699951171875,-67.0
1.491339453999899,-64.8699951171875,-67.0
1.4930730550004228,-64.8699951171875,-67.0
1.4948302860002514,-64.8699951171875,-67.0
1.4965685180004584,-64.8699951171875,-67.0
1.4983225040004982,-64.8699951171875,-66.0
1.5000808200002211,-64.8699951171875,-66.0
1.501832277000176,-64.8699951171875,-66.0
1.503585827000279,-64.8699951171875,-66.0
1.5053448890002983,-64.8699951171875,-66.0
1.5070730670004195,-64.8699951171875,-66.0
1.5088328560004811,-64.8699951171875,-66.0
1.5105832730005204,-64.8699951171875,-66.0
1.5123272279997764,-64.8699951171875,-66.0
1.5140822559997105,-64.8699951171875,-66.0
1.5158344480005326,-64.8699951171875,-66.0
1.5175832980003179,-64.8699951171875,-66.0
1.51932389600006,-64.8699951171875,-66.0
1.521085499000037,-64.8699951171875,-66.0
1.52283447300033,-64.8699951171875,-66.0
1.524719197000195,-64.8699951171875,-66.0
1.5267084059996705,-64.8699951171875,-65.0
1.5287060880000354,-64.8699951171875,-65.0
1.5304559699998208,-64.8699951171875,-65.0
1.5322615590002897,-64.8699951171875,-65.0
1.534210644000268,-64.8699951171875,-65.0
1.5359927030003746,-64.8699951171875,-65.0
1.5379591629998686,-64.8699951171875,-65.0
1.5399640639998324,-64.8699951171875,-65.0
1.5419772739996915,-64.8699951171875,-65.0
1.543723384000259,-64.8699951171875,-65.0
1.5457265249997363,-64.8699951171875,-65.0
1.547704299000543,-64.8699951171875,-65.0
1.54972903900034,-64.8699951171875,-65.0
1.5517273470004511,-64.8699951171875,-65.0
1.5537313499999073,-64.8699951171875,-65.0
1.5557310459998916,-64.8699951171875,-65.0
1.5577307749999818,-64.8699951171875,-65.0
1.5594287230005648,-64.8699951171875,-65.0
1.561490273000345,-64.8699951171875,-65.0
1.5632287079997695,-64.8699951171875,-65.0
1.56523425999967,-64.8699951171875,-65.0
1.5672328669998024,-64.8699951171875,-65.0
1.5692326569997022,-64.8699951171875,-65.0
1.571234091000406,-64.8699951171875,-65.0
1.573235208999904,-64.8699951171875,-65.0
1.5752336000005016,-64.8699951171875,-65.0
1.5772285510001893,-64.8699951171875,-65.0
1.579225948000385,-64.8699951171875,-65.0
1.5812280299996928,-64.8699951171875,-65.0
1.5832346480001434,-64.8699951171875,-65.0
1.585230214999683,-64.8699951171875,-65.0
1.587233465999816,-64.8699951171875,-65.0
1.5892340810005408,-64.8699951171875,-65.0
1.5912375730003987,-64.8699951171875,-65.0
1.5929373979997763,-64.8699951171875,-65.0
1.5947314459999689,-64.8699951171875,-65.0
1.5964857030003259,-64.8699951171875,-65.0
1.5982235270003002,-64.8699951171875,-65.0
1.6002413389996946,-64.8699951171875,-65.0
1.6022354010001436,-64.8699951171875,-65.0
1.6039807560000554,-64.8699951171875,-65.0
1.6057301760001792,-64.8699951171875,-65.0
1.6074887069999022,-64.8699951171875,-65.0
1.6092295489997923,-64.8699951171875,-65.0
1.6112348759997985,-64.8699951171875,-65.0
1.6132285410003533,-64.8699951171875,-65.0
1.6152284090003377,-64.8699951171875,-65.0
1.6172334660004708,-64.8699951171875,-65.0
1.6192715120005232,-64.8699951171875,-65.0
1.6212243279996983,-64.8699951171875,-65.0
1.6232290160005505,-64.8699951171875,-65.0
1.6252441650003675,-64.8699951171875,-65.0
1.6272341290004988,-64.8699951171875,-65.0
1.629229619000398,-64.8699951171875,-65.0
1.6309850839998035,-64.8699951171875,-65.0
1.6327506730003734,-64.8699951171875,-65.0
1.6344949290005388,-64.8699951171875,-65.0
1.6362411299996893,-64.8699951171875,-65.0
1.6379819559997486,-64.8699951171875,-65.0
1.639762034999876,-64.8699951171875,-65.0
1.6417363000000478,-64.8699951171875,-65.0
1.643478019000213,-64.8699951171875,-65.0
1.6452670079997915,-64.8699951171875,-65.0
1.6472307450003427,-64.8699951171875,-65.0
1.6492662860000564,-64.8699951171875,-65.0
1.6509812869999223,-64.8699951171875,-65.0
1.6530091800004811,-64.8699951171875,-65.0
1.655003886000486,-64.8699951171875,-65.0
1.6570135580004717,-64.8699951171875,-65.0
1.6590002049997565,-64.8699951171875,-65.0
1.6610061960000166,-64.8699951171875,-65.0
1.6627503059999071,-64.8699951171875,-65.0
1.664415850000296,-64.8699951171875,-65.0
1.6661365680001836,-64.8699951171875,-65.0
1.6678680499999246,-64.8699951171875,-65.0
1.6697582209999382,-64.8699951171875,-65.0
1.6714979200005473,-64.8699951171875,-65.0
1.6732588260001648,-64.8699951171875,-65.0
1.6749926120000964,-64.8699951171875,-65.0
1.6767367620004734,-64.8699951171875,-65.0
1.6784162519998063,-64.8699951171875,-65.0
1.680265787999815,-64.8699951171875,-65.0
1.682266539000011,-64.8699951171875,-65.0
1.6839946560003227,-64.8699951171875,-65.0
1.6857558709998557,-64.8699951171875,-65.0
1.6877255090003018,-64.8699951171875,-65.0
1.6897361979999914,-64.8699951171875,-65.0
1.6917249979996996,-64.8699951171875,-65.0
1.693467203000182,-64.8699951171875,-65.0
1.695220065000285,-64.8699951171875,-65.0
1.6972220090001429,-64.8699951171875,-65.0
1.698967270999674,-64.8699951171875,-65.0
1.700967320000018,-64.8699951171875,-65.0
1.7027142890001414,-64.8699951171875,-65.0
1.7044789370002036,-64.8699951171875,-65.0
1.7062100170005579,-64.8699951171875,-65.0
1.7079688290004924,-64.8699951171875,-65.0
1.7097285939998983,-64.8699951171875,-65.0
1.7114941050003836,-64.8699951171875,-65.0
1.7132149509998271,-64.8699951171875,-65.0
1.7149737569998251,-64.8699951171875,-65.0
1.7167222970001603,-64.8699951171875,-65.0
1.718474186000094,-64.8699951171875,-65.0
1.720231531000536,-64.8699951171875,-65.0
1.7219643819998964,-64.8699951171875,-65.0
1.7237407040001926,-64.8699951171875,-65.0
1.72548109499985,-64.8699951171875,-65.0
1.7272714509999787,-64.8699951171875,-65.0
1.7292245220005498,-64.8699951171875,-65.0
1.7312235790004706,-64.8699951171875,-65.0
1.732985089000067,-64.8699951171875,-65.0
1.7347313410000424,-64.8699951171875,-65.0
1.7364765649999754,-64.8699951171875,-65.0
1.7382224660004795,-64.8699951171875,-65.0
1.7402381459996832,-64.8699951171875,-65.0
1.7422208919997502,-64.8699951171875,-65.0
1.7439585689999149,-64.8699951171875,-65.0
1.7457329340004435,-64.8699951171875,-65.0
1.7474868569997852,-64.8699951171875,-65.0
1.7492380430003323,-64.8699951171875,-65.0
1.7509681990004538,-64.8699951171875,-65.0
1.7527345070002411,-64.8699951171875,-65.0
1.7544870259998788,-64.8699951171875,-65.0
1.7562269569998534,-64.8699951171875,-65.0
1.757986487999915,-64.8699951171875,-65.0
1.7597401900002296,-64.8699951171875,-65.0
1.7614898920000996,-64.8699951171875,-65.0
1.7632360850002442,-64.8699951171875,-65.0
1.7649862190000931,-64.8699951171875,-65.0
1.7667422160002388,-64.8699951171875,-65.0
1.7684913590001088,-64.8699951171875,-65.0
1.7702583460004462,-64.8699951171875,-65.0
1.7719991700005266,-64.8699951171875,-65.0
1.7737350670004162,-64.8699951171875,-65.0
1.7754764700002852,-64.8699951171875,-65.0
1.777235833999839,-64.8699951171875,-65.0
1.7792438269998456,-64.8699951171875,-65.0
1.780999343000076,-64.8699951171875,-65.0
1.782739873000537,-64.8699951171875,-65.0
1.784496389999731,-64.8699951171875,-65.0
1.786265022000407,-64.8699951171875,-65.0
1.787973184999828,-64.8699951171875,-65.0
1.7897653179998088,-64.8699951171875,-65.0
1.791487987000437,-64.8699951171875,-65.0
1.7932358590005606,-64.8699951171875,-65.0
1.7949862840005153,-64.8699951171875,-65.0
1.7967376930000682,-64.8699951171875,-65.0
1.7984865240005092,-64.8699951171875,-65.0
1.8002438430003167,-64.8699951171875,-65.0
1.801997155999743,-64.8699951171875,-65.0
1.8037405350005429,-64.8699951171875,-65.0
1.8054847860003065,-64.8699951171875,-65.0
1.807224920000408,-64.8699951171875,-65.0
1.8089936249998573,-64.8699951171875,-65.0
1.810666305000268,-64.8699951171875,-65.0
1.812394816000051,-64.8699951171875,-65.0
1.814136277000216,-64.8699951171875,-65.0
1.8158807840000009,-64.8699951171875,-65.0
1.8176340520003578,-64.8699951171875,-65.0
1.8193823920000796,-64.8699951171875,-65.0
1.8211371220004366,-64.8699951171875,-65.0
1.822906225999759,-64.8699951171875,-65.0
1.8246376830002191,-64.8699951171875,-65.0
1.8263776109997707,-64.8699951171875,-65.0
1.8281312350000007,-64.8699951171875,-65.0
1.829879890000484,-64.8699951171875,-65.0
1.8316476259997216,-64.8699951171875,-65.0
1.8333802810002453,-64.8699951171875,-65.0
1.8351549369999702,-64.8699951171875,-65.0
1.836886023000261,-64.8699951171875,-65.0
1.838634071999877,-64.8699951171875,-65.0
1.8403820029998315,-64.8699951171875,-65.0
1.842133481000019,-64.8699951171875,-65.0
1.9809990359999574,-64.8699951171875,-65.0
1.9830202749999444,-64.8699951171875,-65.0
1.9847564570000031,-64.8699951171875,-65.0
1.9865099290000217,-64.8699951171875,-65.0
1.9882747560004645,-64.8699951171875,-65.0
1.9900379199998497,-64.8699951171875,-65.0
1.9917682610002885,-64.8699951171875,-65.0
1.9934850850004295,-64.8699951171875,-65.0
1.9952585080000063,-64.8699951171875,-65.0
1.9970090699998764,-64.8699951171875,-65.0
1.9990419670002666,-64.8699951171875,-65.0
2.000760480000281,-64.8699951171875,-64.0
2.0025554690000718,-64.8699951171875,-64.0
2.004274945000361,-64.8699951171875,-64.0
2.006006628999785,-64.8699951171875,-64.0
2.0077733919997627,-64.8699951171875,-64.0
2.0094616189999215,-64.8699951171875,-64.0
2.0112586470004317,-64.8699951171875,-64.0
2.0130164780002815,-64.8699951171875,-64.0
2.0147822930002803,-64.8699951171875,-64.0
2.0165303419998963,-64.8699951171875,-64.0
2.0182536290003554,-64.8699951171875,-64.0
2.020007455999803,-64.8699951171875,-64.0
2.022018212000148,-64.8699951171875,-64.0
2.0237501179999526,-64.8699951171875,-64.0
2.0254918600003293,-64.8699951171875,-64.0
2.0273619190002137,-64.8699951171875,-64.0
2.0290495560002455,-64.8699951171875,-64.0
2.030754815000364,-64.8699951171875,-64.0
2.032553853000536,-64.8699951171875,-64.0
2.0342983079999613,-64.8699951171875,-64.0
2.0361511150003935,-64.8699951171875,-64.0
2.038011691000065,-64.8699951171875,-64.0
2.0397573370000828,-64.8699951171875,-64.0
2.0415363909996813,-64.8699951171875,-64.0
2.0433525030002784,-64.8699951171875,-64.0
2.0450417740003104,-64.8699951171875,-64.0
2.0468063910002456,-64.8699951171875,-64.0
2.0488019439999334,-64.8699951171875,-64.0
2.050491787000283,-64.8699951171875,-64.0
2.0523144859998865,-64.8699951171875,-64.0
2.054054862999692,-64.8699951171875,-64.0
2.055789173999983,-64.8699951171875,-64.0
2.0578245110000353,-64.8699951171875,-64.0
2.0595474450001348,-64.8699951171875,-64.0
2.0613142780002818,-64.8699951171875,-64.0
2.063072101999751,-64.8699951171875,-64.0
2.0650468920002822,-64.8699951171875,-64.0
2.0668055599999207,-64.8699951171875,-64.0
2.0685590849998334,-64.8699951171875,-64.0
2.0703007339998294,-64.8699951171875,-64.0
2.072057440000208,-64.8699951171875,-64.0
2.0737952979998227,-64.8699951171875,-64.0
2.075554865000413,-64.8699951171875,-64.0
2.0773184420004327,-64.8699951171875,-64.0
2.0793109770002047,-64.8699951171875,-64.0
2.0810592309999265,-64.8699951171875,-64.0
2.0828135640003893,-64.8699951171875,-64.0
2.0848300180005026,-64.8699951171875,-64.0
2.086551524999777,-64.8699951171875,-64.0
2.0885663290000593,-64.8699951171875,-64.0
2.090315885000564,-64.8699951171875,-64.0
2.092311131000315,-64.8699951171875,-64.0
2.0940796220002085,-64.8699951171875,-64.0
2.0957971759999054,-64.8699951171875,-64.0
2.097552983999776,-64.8699951171875,-64.0
2.0995550799998455,-64.8699951171875,-64.0
2.1013296780001838,-64.8699951171875,-64.0
2.103316312000061,-64.8699951171875,-64.0
2.1050467499999286,-64.8699951171875,-64.0
2.106829461000416,-64.8699951171875,-64.0
2.108547791000092,-64.8699951171875,-64.0
2.1103216609999436,-64.8699951171875,-64.0
2.1120492700001705,-64.8699951171875,-64.0
2.1138020999997025,-64.8699951171875,-64.0
2.1155821330003164,-64.8699951171875,-64.0
2.1175540320000437,-64.8699951171875,-64.0
2.1193082449999565,-64.8699951171875,-64.0
2.1210514849999527,-64.8699951171875,-64.0
2.1228428280001026,-64.8699951171875,-64.0
2.1248316050005087,-64.8699951171875,-64.0
2.1265719129996796,-64.8699951171875,-64.0
2.1285536570003387,-64.8699951171875,-64.0
2.130315143000189,-64.8699951171875,-64.0
2.132098109999788,-64.8699951171875,-64.0
2.1337975710002866,-64.8699951171875,-64.0
2.1355830479997167,-64.8699951171875,-64.0
2.137540243999865,-64.8699951171875,-64.0
2.1393440299998474,-64.8699951171875,-64.0
2.141082641000139,-64.8699951171875,-64.0
2.1428284230005374,-64.8699951171875,-64.0
2.144608853000136,-64.8699951171875,-64.0
2.146553507000135,-64.8699951171875,-64.0
2.148360713999864,-64.8699951171875,-64.0
2.1500757630001317,-64.8699951171875,-64.0
2.151827509999748,-64.8699951171875,-64.0
2.153563335000399,-64.8699951171875,-64.0
2.155580509000174,-64.8699951171875,-64.0
2.1575994490003723,-64.8699951171875,-64.0
2.159330250000494,-64.8699951171875,-64.0
2.161071307000384,-64.8699951171875,-64.0
2.162835341000573,-64.8699951171875,-64.0
2.1645823489998293,-64.8699951171875,-64.0
2.1665749129997494,-64.8699951171875,-64.0
2.1685806450004748,-64.8699951171875,-64.0
2.170334360999732,-64.8699951171875,-64.0
2.172067857000002,-64.8699951171875,-64.0
2.173836883000149,-64.8699951171875,-64.0
2.1758226960000684,-64.8699951171875,-64.0
2.1778236030004336,-64.8699951171875,-64.0
2.1795800130003045,-64.8699951171875,-64.0
2.1815835190000143,-64.8699951171875,-64.0
2.1833284100002857,-64.8699951171875,-64.0
2.185066873999858,-64.8699951171875,-64.0
2.1870750770003724,-64.8699951171875,-64.0
2.1888188749999244,-64.8699951171875,-64.0
2.19083000899991,-64.8699951171875,-64.0
2.192575877999843,-64.8699951171875,-64.0
2.1946236989997487,-64.8699951171875,-64.0
2.1965715289998116,-64.8699951171875,-64.0
2.1985894119998193,-64.8699951171875,-64.0
2.2005945170003542,-64.8699951171875,-64.0
2.202346328999738,-64.8699951171875,-64.0
2.204082844000368,-64.8699951171875,-64.0
2.2058199849998346,-64.8699951171875,-64.0
2.20781764900039,-64.8699951171875,-64.0
2.2095668319998367,-64.8699951171875,-64.0
2.2113373920001322,-64.8699951171875,-64.0
2.2130804320004245,-64.8699951171875,-64.0
2.2150839619998806,-64.8699951171875,-64.0
2.2170751410003504,-64.8699951171875,-64.0
2.2190809499998068,-64.8699951171875,-64.0
2.220822187000522,-64.8699951171875,-64.0
2.222850285000277,-64.8699951171875,-64.0
2.224570798000059,-64.8699951171875,-64.0
2.2263451910002914,-64.8699951171875,-64.0
2.228072439999778,-64.8699951171875,-64.0
2.229822665000029,-64.8699951171875,-64.0
2.2315732349998143,-64.8699951171875,-64.0
2.233328645000256,-64.8699951171875,-64.0
2.235351491000074,-64.8699951171875,-64.0
2.2370776140005546,-64.8699951171875,-64.0
2.2388188000004448,-64.8699951171875,-64.0
2.240567892999934,-64.8699951171875,-64.0
2.2423498260004635,-64.8699951171875,-64.0
2.2440943860001425,-64.8699951171875,-64.0
2.245841414000097,-64.8699951171875,-64.0
2.2475979840000946,-64.8699951171875,-64.0
2.249347738999859,-64.8699951171875,-64.0
2.251093331999982,-64.8699951171875,-64.0
2.2528433210000003,-64.8699951171875,-64.0
2.2548515520002184,-64.8699951171875,-64.0
2.2565928539997913,-64.8699951171875,-64.0
2.258592340999712,-64.8699951171875,-64.0
2.2603490950004925,-64.8699951171875,-64.0
2.262086622999959,-64.8699951171875,-64.0
2.2638377260000198,-64.8699951171875,-64.0
2.2655919300004825,-64.8699951171875,-64.0
2.267348946999846,-64.8699951171875,-64.0
2.2693488000004436,-64.8699951171875,-64.0
2.2710932179998053,-64.8699951171875,-64.0
2.2728396900001826,-64.8699951171875,-64.0
2.2745889170000737,-64.8699951171875,-64.0
2.2763426310002615,-64.8699951171875,-64.0
2.2783676300005027,-64.8699951171875,-64.0
2.280090057000052,-64.8699951171875,-64.0
2.2818551589998606,-64.8699951171875,-64.0
2.2835900039999615,-64.8699951171875,-64.0
2.285570885999732,-64.8699951171875,-64.0
2.287357938999776,-64.8699951171875,-64.0
2.2890852090004046,-64.8699951171875,-64.0
2.2908398179997675,-64.8699951171875,-64.0
2.29259917499985,-64.8699951171875,-64.0
2.2946076360003644,-64.8699951171875,-64.0
2.2963383140004225,-64.8699951171875,-64.0
2.298098946999744,-64.8699951171875,-64.0
2.2998489090005023,-64.8699951171875,-64.0
2.3015981549997377,-64.8699951171875,-64.0
2.3035923759998695,-64.8699951171875,-64.0
2.3053432990000147,-64.8699951171875,-64.0
2.3070986029997584,-64.8699951171875,-64.0
2.3088413020004737,-64.8699951171875,-64.0
2.3108636130000377,-64.8699951171875,-64.0
2.3126071560000128,-64.8699951171875,-64.0
2.3143603990001793,-64.8699951171875,-64.0
2.3163540619998457,-64.8699951171875,-64.0
2.3181000080003287,-64.8699951171875,-64.0
2.3198749459998,-64.8699951171875,-64.0
2.3215946520003854,-64.8699951171875,-64.0
2.323360538000088,-64.8699951171875,-64.0
2.325090272000125,-64.8699951171875,-64.0
2.326848415999848,-64.8699951171875,-64.0
2.3285885000004782,-64.8699951171875,-64.0
2.3303443849999894,-64.8699951171875,-64.0
2.3323877040002117,-64.8699951171875,-64.0
2.3340958750004575,-64.8699951171875,-64.0
2.3358637609999278,-64.8699951171875,-64.0
2.3375934249997954,-64.8699951171875,-64.0
2.3393933570005174,-64.8699951171875,-64.0
2.341094921000149,-64.8699951171875,-64.0
2.342855449000126,-64.8699951171875,-64.0
2.344873324999753,-64.8699951171875,-64.0
2.3466142970000874,-64.8699951171875,-64.0
2.348622706000242,-64.8699951171875,-64.0
2.35037533600007,-64.8699951171875,-64.0
2.352123362000384,-64.8699951171875,-64.0
2.353862885000126,-64.8699951171875,-64.0
2.355862997999793,-64.8699951171875,-64.0
2.3578645810002854,-64.8699951171875,-64.0
2.3596184750003886,-64.8699951171875,-64.0
2.361402444000305,-64.8699951171875,-64.0
2.3631158130001495,-64.8699951171875,-64.0
2.3648688749999565,-64.8699951171875,-64.0
2.3666165690001435,-64.8699951171875,-64.0
2.368381885999952,-64.8699951171875,-64.0
2.370138477999717,-64.8699951171875,-64.0
2.3721178300002066,-64.8699951171875,-64.0
2.3738683749998017,-64.8699951171875,-64.0
2.3756238400001166,-64.8699951171875,-64.0
2.3773824299996704,-64.8699951171875,-64.0
2.379148521999923,-64.8699951171875,-64.0
2.380867835000572,-64.8699951171875,-64.0
2.382619531000273,-64.8699951171875,-64.0
2.3843977110000196,-64.8699951171875,-64.0
2.386122658000204,-64.8699951171875,-64.0
2.387870323000243,-64.8699951171875,-64.0
2.3896099980001964,-64.8699951171875,-64.0
2.391385110000556,-64.8699951171875,-64.0
2.3931163059996834,-64.8699951171875,-64.0
2.3948795200003588,-64.8699951171875,-64.0
2.3968678110004475,-64.8699951171875,-64.0
2.3986181840000427,-64.8699951171875,-64.0
2.4003767029998926,-64.8699951171875,-64.0
2.4021252210004604,-64.8699951171875,-64.0
2.40411767400019,-64.8699951171875,-64.0
2.406135150999944,-64.8699951171875,-64.0
2.4078685720005524,-64.8699951171875,-64.0
2.4096248220002963,-64.8699951171875,-64.0
2.41137796699968,-64.8699951171875,-64.0
2.413112690000162,-64.8699951171875,-64.0
2.4151154680002946,-64.8699951171875,-64.0
2.416879408000568,-64.8699951171875,-64.0
2.4186154360004366,-64.8699951171875,-64.0
2.4204098609998255,-64.8699951171875,-64.0
2.4221187310004098,-64.8699951171875,-64.0
2.4241191780001827,-64.8699951171875,-64.0
2.425886175999949,-64.8699951171875,-64.0
2.427622512000198,-64.8699951171875,-64.0
2.4293781389997093,-64.8699951171875,-64.0
2.431111984000381,-64.8699951171875,-64.0
2.43290358700051,-64.8699951171875,-64.0
2.4346179889998893,-64.8699951171875,-64.0
2.436376735000522,-64.8699951171875,-64.0
2.4381177160003062,-64.8699951171875,-64.0
2.440117508000185,-64.8699951171875,-64.0
2.4418697159999283,-64.8699951171875,-64.0
2.443638001999716,-64.8699951171875,-64.0
2.445410899000308,-64.8699951171875,-64.0
2.4473776069999076,-64.8699951171875,-64.0
2.4491392740001174,-64.8699951171875,-64.0
2.4511093580003944,-64.8699951171875,-64.0
2.4528860179998446,-64.8699951171875,-64.0
2.454648626000562,-64.8699951171875,-64.0
2.456419367000308,-64.8699951171875,-64.0
2.4583949670004586,-64.8699951171875,-64.0
2.4601422450004975,-64.8699951171875,-64.0
2.4618983500004106,-64.8699951171875,-64.0
2.463633987000321,-64.8699951171875,-64.0
2.4656565590003083,-64.8699951171875,-64.0
2.4674195400002645,-64.8699951171875,-64.0
2.469173729000431,-64.8699951171875,-64.0
2.4708927560004668,-64.8699951171875,-64.0
2.4726401349998923,-64.8699951171875,-64.0
2.4743710170005215,-64.8699951171875,-64.0
2.47641354300049,-64.8699951171875,-64.0
2.478136612000526,-64.8699951171875,-64.0
2.479884327000036,-64.8699951171875,-64.0
2.4816102439999668,-64.8699951171875,-64.0
2.48343370099974,-64.8699951171875,-64.0
2.485133139000027,-64.8699951171875,-64.0
2.486884214999918,-64.8699951171875,-64.0
2.4888855250001143,-64.8699951171875,-64.0
2.4906283299997085,-64.8699951171875,-64.0
2.492656536999675,-64.8699951171875,-64.0
2.494404666000264,-64.8699951171875,-64.0
2.4961311990000468,-64.8699951171875,-64.0
2.497881348000192,-64.8699951171875,-64.0
2.499886456999775,-64.8699951171875,-64.0
2.5016446629997517,-64.8699951171875,-64.0
2.5033898100000442,-64.8699951171875,-64.0
2.505135928000527,-64.8699951171875,-64.0
2.5068826550004815,-64.8699951171875,-64.0
2.508908097999665,-64.8699951171875,-64.0
2.5106606680001278,-64.8699951171875,-64.0
2.5124222790000204,-64.8699951171875,-64.0
2.5144305419999,-64.8699951171875,-64.0
2.516133183999955,-64.8699951171875,-64.0
2.517885011000544,-64.8699951171875,-64.0
2.5195645670000886,-64.8699951171875,-64.0
2.5212846029999127,-64.8699951171875,-64.0
2.523038225000164,-64.8699951171875,-64.0
2.5247877970004993,-64.8699951171875,-64.0
2.5265296850002414,-64.8699951171875,-64.0
2.528287875999922,-64.8699951171875,-64.0
2.5300350309998976,-64.8699951171875,-64.0
2.53180356699977,-64.8699951171875,-64.0
2.533527643000525,-64.8699951171875,-64.0
2.535298492000038,-64.8699951171875,-64.0
2.5370370279997587,-64.8699951171875,-64.0
2.5387901209996926,-64.8699951171875,-64.0
2.5405283420004707,-64.8699951171875,-64.0
2.542289179000363,-64.8699951171875,-64.0
2.544036455999958,-64.8699951171875,-64.0
2.545813311000529,-64.8699951171875,-64.0
2.5475585499998488,-64.8699951171875,-64.0
2.5493119630000365,-64.8699951171875,-64.0
2.551056940000308,-64.8699951171875,-64.0
2.5528012920003675,-64.8699951171875,-64.0
2.5545562930001324,-64.8699951171875,-64.0
2.5563052879997485,-64.8699951171875,-64.0
2.5580549639998935,-64.8699951171875,-64.0
2.5598055310001655,-64.8699951171875,-64.0
2.5615551830005643,-64.8699951171875,-64.0
2.5633035040000323,-64.8699951171875,-64.0
2.5650547980003466,-64.8699951171875,-64.0
2.566808843000217,-64.8699951171875,-64.0
2.5685510280000017,-64.8699951171875,-64.0
2.570303970000168,-64.8699951171875,-64.0
2.5720585500002926,-64.8699951171875,-64.0
2.573798960000204,-64.8699951171875,-64.0
2.5755588470001385,-64.8699951171875,-64.0
2.577306426999712,-64.8699951171875,-64.0
2.5790489339997293,-64.8699951171875,-64.0
2.5808068209998964,-64.8699951171875,-64.0
2.582549124000252,-64.8699951171875,-64.0
2.584307570000419,-64.8699951171875,-64.0
2.5860664980000365,-64.8699951171875,-64.0
2.587809059000392,-64.8699951171875,-64.0
2.5895570009997755,-64.8699951171875,-64.0
2.591308017999836,-64.8699951171875,-64.0
2.5930568109997694,-64.8699951171875,-64.0
2.5948011000000406,-64.8699951171875,-64.0
2.596558520999679,-64.8699951171875,-64.0
2.598302917000183,-64.8699951171875,-64.0
2.6000687650002874,-64.8699951171875,-64.0
2.6018054400001347,-64.8699951171875,-64.0
2.603299608999805,-64.8699951171875,-64.0
2.6050575210001625,-64.8699951171875,-64.0
2.6067978520004544,-64.8699951171875,-64.0
2.6085533860004944,-64.8699951171875,-64.0
2.6103083509997305,-64.8699951171875,-64.0
2.6120572010004253,-64.8699951171875,-64.0
2.6138120670002536,-64.8699951171875,-64.0
2.61555370699989,-64.8699951171875,-64.0
2.6173128990003534,-64.8699951171875,-64.0
2.6190526350001164,-64.8699951171875,-64.0
2.620812723999734,-64.8699951171875,-64.0
2.622557360999963,-64.8699951171875,-64.0
2.6243210800003,-64.8699951171875,-64.0
2.626049743999829,-64.8699951171875,-64.0
2.6278041890000168,-64.8699951171875,-64.0
2.6295589680003104,-64.8699951171875,-64.0
2.6313054239999474,-64.8699951171875,-64.0
2.633057914999881,-64.8699951171875,-64.0
2.6348345950000294,-64.8699951171875,-64.0
2.636586896999688,-64.8699951171875,-64.0
2.6383214670004236,-64.8699951171875,-64.0
2.640079818999766,-64.8699951171875,-64.0
2.641828534000524,-64.8699951171875,-64.0
2.643577888999971,-64.8699951171875,-64.0
2.645329633000074,-64.8699951171875,-64.0
2.647086116000537,-64.8699951171875,-64.0
2.648821114000384,-64.8699951171875,-64.0
2.650578523999684,-64.8699951171875,-64.0
2.6523294460002944,-64.8699951171875,-64.0
2.654077416999826,-64.8699951171875,-64.0
2.655828052000288,-64.8699951171875,-64.0
2.6576813709998532,-64.8699951171875,-64.0
2.659659754999666,-64.8699951171875,-64.0
2.6613824790001672,-64.8699951171875,-64.0
2.6631486080004834,-64.8699951171875,-64.0
2.6651021099996797,-64.8699951171875,-64.0
2.666899022000507,-64.8699951171875,-64.0
2.6689136180002606,-64.8699951171875,-64.0
2.6706541800003833,-64.8699951171875,-64.0
2.672357925999677,-64.8699951171875,-64.0
2.674153791000208,-64.8699951171875,-64.0
2.675897566000458,-64.8699951171875,-64.0
2.677644624000095,-64.8699951171875,-64.0
2.679357848000109,-64.8699951171875,-64.0
2.6811553779998576,-64.8699951171875,-64.0
2.68290078300015,-64.8699951171875,-64.0
2.6846516719997453,-64.8699951171875,-64.0
2.6866159720002543,-64.8699951171875,-64.0
2.688401557999896,-64.8699951171875,-64.0
2.6901628670002538,-64.8699951171875,-64.0
2.691898424000101,-64.8699951171875,-64.0
2.69363611100016,-64.8699951171875,-64.0
2.6956604980005068,-64.8699951171875,-64.0
2.6974053029998686,-64.8699951171875,-64.0
2.6992359470004885,-64.8699951171875,-64.0
2.70094299900029,-64.8699951171875,-64.0
2.7029478820004442,-64.8699951171875,-64.0
2.704664507000416,-64.8699951171875,-64.0
2.7066676780004855,-64.8699951171875,-64.0
2.7083985750005013,-64.8699951171875,-64.0
2.710178629999973,-64.8699951171875,-64.0
2.7119305799997164,-64.8699951171875,-64.0
2.7139322889997857,-64.8699951171875,-64.0
2.71566145900033,-64.8699951171875,-64.0
2.717390847000388,-64.8699951171875,-64.0
2.719176026000241,-64.8699951171875,-64.0
2.721176887999718,-64.8699951171875,-64.0
2.7229453540003306,-64.8699951171875,-64.0
2.72492900799989,-64.8699951171875,-64.0
2.726681021999866,-64.8699951171875,-64.0
2.728438021999864,-64.8699951171875,-64.0
2.730179512000177,-64.8699951171875,-64.0
2.731960557000093,-64.8699951171875,-64.0
2.733700657000554,-64.8699951171875,-64.0
2.7354636500003835,-64.8699951171875,-64.0
2.7371953170004417,-64.8699951171875,-64.0
2.739205368000512,-64.8699951171875,-64.0
2.7411825549997957,-64.8699951171875,-64.0
2.7432004530000995,-64.8699951171875,-64.0
2.744905853000091,-64.8699951171875,-64.0
2.746695102000558,-64.8699951171875,-64.0
2.7484475700002804,-64.8699951171875,-64.0
2.7504437249999683,-64.8699951171875,-64.0
2.752196487999754,-64.8699951171875,-64.0
2.7542030869999508,-64.8699951171875,-64.0
2.7559611080005197,-64.8699951171875,-64.0
2.7577067350002835,-64.8699951171875,-64.0
2.759469284000261,-64.8699951171875,-64.0
2.7612231020002582,-64.8699951171875,-64.0
2.763201939999817,-64.8699951171875,-64.0
2.764951091000512,-64.8699951171875,-64.0
2.766951841000264,-64.8699951171875,-64.0
2.7686954379996678,-64.8699951171875,-64.0
2.770447232999686,-64.8699951171875,-64.0
2.77219309100019,-64.8699951171875,-64.0
2.774204131999795,-64.8699951171875,-64.0
2.7759527580001304,-64.8699951171875,-64.0
2.77770191899981,-64.8699951171875,-64.0
2.779473163000148,-64.8699951171875,-64.0
2.781205195000439,-64.8699951171875,-64.0
2.782952280000245,-64.8699951171875,-64.0
2.7847111299997778,-64.8699951171875,-64.0
2.7864503930004503,-64.8699951171875,-64.0
2.788203830000384,-64.8699951171875,-64.0
2.7899639510005727,-64.8699951171875,-64.0
2.79170245000023,-64.8699951171875,-64.0
2.79346022000027,-64.8699951171875,-64.0
2.79547020300015,-64.8699951171875,-64.0
2.7971973100002288,-64.8699951171875,-64.0
2.798960332999741,-64.8699951171875,-64.0
2.8007073999997374,-64.8699951171875,-64.0
2.802461105000475,-64.8699951171875,-64.0
2.80447353100044,-64.8699951171875,-64.0
2.8062096700004986,-64.8699951171875,-64.0
2.8079466019999018,-64.8699951171875,-64.0
2.8097296510004526,-64.8699951171875,-64.0
2.8114670360000673,-64.8699951171875,-64.0
2.813202670999999,-64.8699951171875,-64.0
2.8149826369999573,-64.8699951171875,-64.0
2.8166959279997172,-64.8699951171875,-64.0
2.8184669990005204,-64.8699951171875,-64.0
2.820452248000038,-64.8699951171875,-64.0
2.8222101569999722,-64.8699951171875,-64.0
2.8239530680002645,-64.8699951171875,-64.0
2.825712556000326,-64.8699951171875,-64.0
2.8274542520002797,-64.8699951171875,-64.0
2.8294643039998846,-64.8699951171875,-64.0
2.8312069579997114,-64.8699951171875,-64.0
2.8329761590002818,-64.8699951171875,-64.0
2.834705944000234,-64.8699951171875,-64.0
2.83647529100017,-64.8699951171875,-64.0
2.838476007999816,-64.8699951171875,-64.0
2.8402135320002344,-64.8699951171875,-64.0
2.8419427720000385,-64.8699951171875,-64.0
2.843674130999716,-64.8699951171875,-64.0
2.845470469999782,-64.8699951171875,-64.0
2.847495505000552,-64.8699951171875,-64.0
2.8492312489997857,-64.8699951171875,-64.0
2.851227629999812,-64.8699951171875,-64.0
2.8531537010003376,-64.8699951171875,-64.0
2.8549729329997717,-64.8699951171875,-64.0
2.857025483999678,-64.8699951171875,-64.0
2.8586259880003126,-64.8699951171875,-64.0
2.860374447999675,-64.8699951171875,-64.0
2.862113744999988,-64.8699951171875,-64.0
2.8638755020001554,-64.8699951171875,-64.0
2.8656230500000675,-64.8699951171875,-64.0
2.8673733410005298,-64.8699951171875,-64.0
2.869121976000315,-64.8699951171875,-64.0
2.8708744850000585,-64.8699951171875,-64.0
2.8726231370001187,-64.8699951171875,-64.0
2.874364121999861,-64.8699951171875,-64.0
2.8761229330002607,-64.8699951171875,-64.0
2.877866618000553,-64.8699951171875,-64.0
2.8796244519999163,-64.8699951171875,-64.0
2.881372638999892,-64.8699951171875,-64.0
2.883124136999868,-64.8699951171875,-64.0
2.884865097999864,-64.8699951171875,-64.0
2.8866245300005176,-64.8699951171875,-64.0
2.888373323000451,-64.8699951171875,-64.0
2.8901237299996865,-64.8699951171875,-64.0
2.89186749000055,-64.8699951171875,-64.0
2.8936233020003783,-64.8699951171875,-64.0
2.895373166000354,-64.8699951171875,-64.0
2.8971161010003925,-64.8699951171875,-64.0
2.8988669950003896,-64.8699951171875,-64.0
2.9006223450005564,-64.8699951171875,-64.0
2.9024748589999945,-64.8699951171875,-64.0
2.904368550000072,-64.8699951171875,-64.0
2.9061222090003866,-64.8699951171875,-64.0
2.9078699609999603,-64.8699951171875,-64.0
2.909613810999872,-64.8699951171875,-64.0
2.911365842000123,-64.8699951171875,-64.0
2.913131338000312,-64.8699951171875,-64.0
2.9148964850000993,-64.8699951171875,-64.0
2.9166250950001995,-64.8699951171875,-64.0
2.9183813239997107,-64.8699951171875,-64.0
2.9201147069998115,-64.8699951171875,-64.0
2.921872435000296,-64.8699951171875,-64.0
2.9236179600002288,-64.8699951171875,-64.0
2.9253921330000594,-64.8699951171875,-64.0
2.9271196540003075,-64.8699951171875,-64.0
2.928880514999946,-64.8699951171875,-64.0
2.9306217190005555,-64.8699951171875,-64.0
2.9323949899999207,-64.8699951171875,-64.0
2.9341219420002744,-64.8699951171875,-64.0
2.935892700000295,-64.8699951171875,-64.0
2.9376208730000144,-64.8699951171875,-64.0
2.9393617730002006,-64.8699951171875,-64.0
2.9411234489998606,-64.8699951171875,-64.0
2.9428718039998785,-64.8699951171875,-64.0
2.9446869550001793,-64.8699951171875,-64.0
2.94639787899996,-64.8699951171875,-64.0
2.9483011749998695,-64.8699951171875,-64.0
2.950281075000021,-64.8699951171875,-64.0
2.9522930009998163,-64.8699951171875,-64.0
2.95429344600052,-64.8699951171875,-64.0
2.956308630999956,-64.8699951171875,-64.0
2.95829024700015,-64.8699951171875,-64.0
2.960024386000441,-64.8699951171875,-64.0
2.9619831159998284,-64.8699951171875,-64.0
2.9640213430002404,-64.8699951171875,-64.0
2.965786771999774,-64.8699951171875,-64.0
2.9675204320001285,-64.8699951171875,-64.0
2.9692994160004673,-64.8699951171875,-64.0
2.971023377000165,-64.8699951171875,-64.0
2.973022463000234,-64.8699951171875,-64.0
2.9750311320003675,-64.8699951171875,-64.0
2.9767807469997933,-64.8699951171875,-64.0
2.978779979999672,-64.8699951171875,-64.0
2.9804393690001234,-64.8699951171875,-64.0
2.982287935000386,-64.8699951171875,-64.0
2.984018013000423,-64.8699951171875,-64.0
2.98576818499987,-64.8699951171875,-64.0
2.9877701049999814,-64.8699951171875,-64.0
2.989529608000339,-64.8699951171875,-64.0
2.9912831040001038,-64.8699951171875,-64.0
2.993023170000015,-64.8699951171875,-64.0
2.9947819300004994,-64.8699951171875,-64.0
2.996524412999861,-64.8699951171875,-64.0
2.9982873460003248,-64.8699951171875,-64.0
3.000022361000447,-64.8699951171875,-64.0
3.001771500000359,-64.8699951171875,-64.0
3.0037803759996677,-64.8699951171875,-64.0
3.005497453999851,-64.8699951171875,-64.0
3.0072666510004638,-64.8699951171875,-64.0
3.008961698999883,-64.8699951171875,-64.0
3.01096552800027,-64.8699951171875,-64.0
3.0127346070003114,-64.8699951171875,-64.0
3.0144426710003245,-64.8699951171875,-64.0
3.0162119470005564,-64.8699951171875,-64.0
3.017974243000026,-64.8699951171875,-64.0
3.019983408999906,-64.8699951171875,-64.0
3.0217289000001983,-64.8699951171875,-64.0
3.023744756999804,-64.8699951171875,-64.0
3.025544582999828,-64.8699951171875,-64.0
3.0273163970005044,-64.8699951171875,-64.0
3.029286392999893,-64.8699951171875,-64.0
3.0310223429996768,-64.8699951171875,-64.0
3.0330573720002576,-64.8699951171875,-64.0
3.034795221999957,-64.8699951171875,-64.0
3.036551746000441,-64.8699951171875,-64.0
3.0385341990004235,-64.8699951171875,-64.0
3.040280516999701,-64.8699951171875,-64.0
3.042039171000397,-64.8699951171875,-64.0
3.0440161790002094,-64.8699951171875,-64.0
3.0457865420003145,-64.8699951171875,-64.0
3.047523498999908,-64.8699951171875,-64.0
3.049314523999783,-64.8699951171875,-64.0
3.051266831999783,-64.8699951171875,-64.0
3.0529368409997915,-64.8699951171875,-64.0
3.0549366920004104,-64.8699951171875,-64.0
3.0566662849996646,-64.8699951171875,-64.0
3.0584146279998095,-64.8699951171875,-64.0
3.060168204000547,-64.8699951171875,-64.0
3.061913771000036,-64.8699951171875,-64.0
3.063669824000499,-64.8699951171875,-64.0
3.0654055180002615,-64.8699951171875,-64.0
3.067177107000134,-64.8699951171875,-64.0
3.0689180360004684,-64.8699951171875,-64.0
3.070677221000551,-64.8699951171875,-64.0
3.072417759000018,-64.8699951171875,-64.0
3.0741657059998033,-64.8699951171875,-64.0
3.0759272420000343,-64.8699951171875,-64.0
3.0776707659997555,-64.8699951171875,-64.0
3.0794258559999435,-64.8699951171875,-64.0
3.081167084000299,-64.8699951171875,-64.0
3.082925714000339,-64.8699951171875,-64.0
3.0846688960000392,-64.8699951171875,-64.0
3.0864107509996757,-64.8699951171875,-64.0
3.0881755199998224,-64.8699951171875,-64.0
3.0899258669996925,-64.8699951171875,-64.0
3.091671230999964,-64.8699951171875,-64.0
3.093415463999918,-64.8699951171875,-64.0
3.0951758250002968,-64.8699951171875,-64.0
3.0969204040002296,-64.8699951171875,-64.0
3.098663294000289,-64.8699951171875,-64.0
3.1004093310002645,-64.8699951171875,-64.0
3.102163002999987,-64.8699951171875,-64.0
3.1039149670004917,-64.8699951171875,-64.0
3.1056850149998354,-64.8699951171875,-64.0
3.10741513100038,-64.8699951171875,-64.0
3.109173689000272,-64.8699951171875,-64.0
3.1109251260004385,-64.8699951171875,-64.0
3.1126937740000358,-64.8699951171875,-64.0
3.114414986999691,-64.8699951171875,-64.0
3.1165162240004065,-64.8699951171875,-64.0
3.118264401000488,-64.8699951171875,-64.0
3.1202928490001796,-64.8699951171875,-64.0
3.1220167530000253,-64.8699951171875,-64.0
3.1237857109999823,-64.8699951171875,-64.0
3.1254977690005035,-64.8699951171875,-64.0
3.127529334000428,-64.8699951171875,-64.0
3.129519781000454,-64.8699951171875,-64.0
3.1311924530000397,-64.8699951171875,-64.0
3.1332938949999516,-64.8699951171875,-64.0
3.1350308270002643,-64.8699951171875,-64.0
3.136703129000125,-64.8699951171875,-64.0
3.1384118719997787,-64.8699951171875,-64.0
3.140167747000305,-64.8699951171875,-64.0
3.141918641000302,-64.8699951171875,-64.0
3.143683238000449,-64.8699951171875,-64.0
3.145438143999854,-64.8699951171875,-64.0
3.1471902000002956,-64.8699951171875,-64.0
3.14894306899987,-64.8699951171875,-64.0
3.1506897059998664,-64.8699951171875,-64.0
3.1524828589999743,-64.8699951171875,-64.0
3.154445267000483,-64.8699951171875,-64.0
3.1561855239997385,-64.8699951171875,-64.0
3.157927961000496,-64.8699951171875,-64.0
3.159686206000515,-64.8699951171875,-64.0
3.161428170000363,-64.8699951171875,-64.0
3.1631800800005294,-64.8699951171875,-64.0
3.164929157000188,-64.8699951171875,-64.0
3.1666796919998887,-64.8699951171875,-64.0
3.168436955999823,-64.8699951171875,-64.0
3.170176653999988,-64.8699951171875,-64.0
3.171936581000409,-64.8699951171875,-64.0
3.173677581999982,-64.8699951171875,-64.0
3.175436714999705,-64.8699951171875,-64.0
3.1771853500004,-64.8699951171875,-64.0
3.1789362199997413,-64.8699951171875,-64.0
3.180684906999886,-64.8699951171875,-64.0
3.1824359960000947,-64.8699951171875,-64.0
3.184177789000387,-64.8699951171875,-64.0
3.1859290230004262,-64.8699951171875,-64.0
3.1876878720004242,-64.8699951171875,-64.0
3.18943501800004,-64.8699951171875,-64.0
3.1911775280004804,-64.8699951171875,-64.0
3.19293748400014,-64.8699951171875,-64.0
3.1946778219999032,-64.8699951171875,-64.0
3.1964284369996676,-64.8699951171875,-64.0
3.1981793089998973,-64.8699951171875,-64.0
3.1999302320000425,-64.8699951171875,-64.0
3.2016824940001243,-64.8699951171875,-64.0
3.203430329999719,-64.8699951171875,-64.0
3.205178539999906,-64.8699951171875,-64.0
3.206932240000242,-64.8699951171875,-64.0
3.2086784490002174,-64.8699951171875,-64.0
3.210426458999791,-64.8699951171875,-64.0
3.2121976710004674,-64.8699951171875,-64.0
3.213938980000421,-64.8699951171875,-64.0
3.2157009970005674,-64.8699951171875,-64.0
3.217427759000202,-64.8699951171875,-64.0
3.2191869159996713,-64.8699951171875,-64.0
3.220935811000345,-64.8699951171875,-64.0
3.222705225000027,-64.8699951171875,-64.0
3.2244570339998972,-64.8699951171875,-64.0
3.2261981900001047,-64.8699951171875,-64.0
3.22793075699974,-64.8699951171875,-64.0
3.2297081209999305,-64.8699951171875,-64.0
3.2314559619999272,-64.8699951171875,-64.0
3.2331988870000714,-64.8699951171875,-64.0
3.2349557679999634,-64.8699951171875,-64.0
3.2367072369997913,-64.8699951171875,-64.0
3.2384562830002324,-64.8699951171875,-64.0
3.240203362000102,-64.8699951171875,-64.0
3.241952794000099,-64.8699951171875,-64.0
3.243708226000308,-64.8699951171875,-64.0
3.245450270999754,-64.8699951171875,-64.0
3.24720699000045,-64.8699951171875,-64.0
3.2489498439999807,-64.8699951171875,-64.0
3.250706234000063,-64.8699951171875,-64.0
3.252456367000377,-64.8699951171875,-64.0
3.2542069099999935,-64.8699951171875,-64.0
3.2559561839998423,-64.8699951171875,-64.0
3.2577075270000933,-64.8699951171875,-64.0
3.2594566670004497,-64.8699951171875,-64.0
3.2611999649998324,-64.8699951171875,-64.0
3.262950510000337,-64.8699951171875,-64.0
3.264454768000178,-64.8699951171875,-64.0
3.266207139000471,-64.8699951171875,-64.0
3.2679557980000027,-64.8699951171875,-64.0
3.2696991539996816,-64.8699951171875,-64.0
3.271456724000018,-64.8699951171875,-64.0
3.2732067429997187,-64.8699951171875,-64.0
3.2749573170003714,-64.8699951171875,-64.0
3.2767066389997126,-64.8699951171875,-64.0
3.2784571199999846,-64.8699951171875,-64.0
3.2802065570003833,-64.8699951171875,-64.0
3.2819563600005495,-64.8699951171875,-64.0
3.283706107999933,-64.8699951171875,-64.0
3.28545682100048,-64.8699951171875,-64.0
3.2871984710000106,-64.8699951171875,-64.0
3.2889515540000502,-64.8699951171875,-64.0
3.290710324000429,-64.8699951171875,-64.0
3.29245554299996,-64.8699951171875,-64.0
3.2942054120003377,-64.8699951171875,-64.0
3.295956730999933,-64.8699951171875,-64.0
3.2977054980001412,-64.8699951171875,-64.0
3.299449822000497,-64.8699951171875,-64.0
3.30120585900022,-64.8699951171875,-64.0
3.3029513410001528,-64.8699951171875,-64.0
3.3047007220002342,-64.8699951171875,-64.0
3.3064504250005484,-64.8699951171875,-64.0
3.3082061559998692,-64.8699951171875,-64.0
3.3099549640000987,-64.8699951171875,-64.0
3.3117082019998634,-64.8699951171875,-64.0
3.313467937000496,-64.8699951171875,-64.0
3.3152335650001987,-64.8699951171875,-64.0
3.3169620090002354,-64.8699951171875,-64.0
3.3187108629999784,-64.8699951171875,-64.0
3.3204563219997,-64.8699951171875,-64.0
3.322207315000014,-64.8699951171875,-64.0
3.3239713809998648,-64.8699951171875,-64.0
3.3257280810003067,-64.8699951171875,-64.0
3.327477337000346,-64.8699951171875,-64.0
3.3292075360004674,-64.8699951171875,-64.0
3.330970611000339,-64.8699951171875,-64.0
3.3327296710003793,-64.8699951171875,-64.0
3.334476046999953,-64.8699951171875,-64.0
3.3362215030001607,-64.8699951171875,-64.0
3.3379767650003487,-64.8699951171875,-64.0
3.339727641000536,-64.8699951171875,-64.0
3.3414791000004698,-64.8699951171875,-64.0
3.3432270270004665,-64.8699951171875,-64.0
3.3449789779997445,-64.8699951171875,-65.0
3.346732060999784,-64.8699951171875,-65.0
3.3484745100004147,-64.8699951171875,-65.0
3.3502280769998833,-64.8699951171875,-65.0
3.3519795570000497,-64.8699951171875,-65.0
3.3537224600004265,-64.8699951171875,-65.0
3.355477207000149,-64.8699951171875,-65.0
3.3572208490004414,-64.8699951171875,-65.0
3.358978823000143,-64.8699951171875,-65.0
3.3607215720003296,-64.8699951171875,-65.0
3.362480276000497,-64.8699951171875,-65.0
3.3642271300004722,-64.8699951171875,-65.0
3.3659786500002156,-64.8699951171875,-65.0
3.3677280510000855,-64.8699951171875,-65.0
3.369480508000379,-64.8699951171875,-65.0
3.3712211219999517,-64.8699951171875,-65.0
3.3729789400003938,-64.8699951171875,-65.0
3.3747294479999255,-64.8699951171875,-65.0
3.3764778289996684,-64.8699951171875,-65.0
3.37822789799975,-64.8699951171875,-65.0
3.379977997000424,-64.8699951171875,-65.0
3.3817282629997862,-64.8699951171875,-65.0
3.3834712759999093,-64.8699951171875,-65.0
3.3852262640002664,-64.8699951171875,-65.0
3.386973140000009,-64.8699951171875,-65.0
3.3887217880001117,-64.8699951171875,-65.0
3.390471216000151,-64.8699951171875,-65.0
3.392229316000339,-64.8699951171875,-65.0
3.393974536999849,-64.8699951171875,-65.0
3.3957219290005014,-64.8699951171875,-65.0
3.397470116000477,-64.8699951171875,-65.0
3.399227885000073,-64.8699951171875,-65.0
3.4011195410002983,-64.8699951171875,-65.0
3.403114781000113,-64.8699951171875,-65.0
3.4048556200004896,-64.8699951171875,-65.0
3.4066248449998966,-64.8699951171875,-65.0
3.4083599670002513,-64.8699951171875,-65.0
3.410106282000015,-64.8699951171875,-65.0
3.412132577999728,-64.8699951171875,-65.0
3.4138527249997423,-64.8699951171875,-65.0
3.415614612000354,-64.8699951171875,-65.0
3.417355903000498,-64.8699951171875,-65.0
3.4191383070001393,-64.8699951171875,-65.0
3.420860694000112,-64.8699951171875,-65.0
3.422608167999897,-64.8699951171875,-65.0
3.42462186100056,-64.8699951171875,-65.0
3.4263603830004286,-64.8699951171875,-65.0
3.4281058719998327,-64.8699951171875,-65.0
3.4298502270003155,-64.8699951171875,-65.0
3.431609916000525,-64.8699951171875,-65.0
3.4336178479998125,-64.8699951171875,-65.0
3.435622631000115,-64.8699951171875,-65.0
3.437381908000134,-64.8699951171875,-65.0
3.4391028669997468,-64.8699951171875,-65.0
3.440857335999681,-64.8699951171875,-65.0
3.4426197960001446,-64.8699951171875,-65.0
3.4446459139999206,-64.8699951171875,-65.0
3.4466281800005163,-64.8699951171875,-65.0
3.448494307999681,-64.8699951171875,-65.0
3.4503458790004515,-64.8699951171875,-65.0
3.452374585999678,-64.8699951171875,-65.0
3.4543558470004427,-64.8699951171875,-65.0
3.4561004160004813,-64.8699951171875,-65.0
3.4578505300005418,-64.8699951171875,-65.0
3.4596007159998408,-64.8699951171875,-65.0
3.461371362999671,-64.8699951171875,-65.0
3.4631044919997294,-64.8699951171875,-65.0
3.4648681850003413,-64.8699951171875,-65.0
3.466854952999711,-64.8699951171875,-65.0
3.4686032440004055,-64.8699951171875,-65.0
3.470376862000194,-64.8699951171875,-65.0
3.4723566100001335,-64.8699951171875,-65.0
3.474110580999877,-64.8699951171875,-65.0
3.475851254999725,-64.8699951171875,-65.0
3.477606938000463,-64.8699951171875,-65.0
3.4793563620005443,-64.8699951171875,-65.0
3.4813767149998966,-64.8699951171875,-65.0
3.4833504349999203,-64.8699951171875,-65.0
3.485097558999769,-64.8699951171875,-65.0
3.4868487029998505,-64.8699951171875,-65.0
3.4886009510000804,-64.8699951171875,-65.0
3.490352102000543,-64.8699951171875,-65.0
3.492100561999905,-64.8699951171875,-65.0
3.493852825000431,-64.8699951171875,-65.0
3.4955972220004696,-64.8699951171875,-65.0
3.4973565099999178,-64.8699951171875,-65.0
3.4993553240001347,-64.8699951171875,-65.0
3.5011056450002798,-64.8699951171875,-65.0
3.5028626060002352,-64.8699951171875,-65.0
3.504851683999732,-64.8699951171875,-65.0
3.506853572000182,-64.8699951171875,-65.0
3.5088497409997217,-64.8699951171875,-65.0
3.510582873999738,-64.8699951171875,-65.0
3.5126043910004228,-64.8699951171875,-65.0
3.5143570370000816,-64.8699951171875,-65.0
3.516107915000248,-64.8699951171875,-65.0
3.517853952000223,-64.8699951171875,-65.0
3.519601939000495,-64.8699951171875,-65.0
3.5213518279997515,-64.8699951171875,-65.0
3.523106437000024,-64.8699951171875,-65.0
3.5248758810002983,-64.8699951171875,-65.0
3.5266030239999964,-64.8699951171875,-65.0
3.5283606220000365,-64.8699951171875,-65.0
3.5301132550002876,-64.8699951171875,-65.0
3.5321291520003797,-64.8699951171875,-65.0
3.5338547419996758,-64.8699951171875,-65.0
3.5356240780001826,-64.8699951171875,-65.0
3.5376050419999956,-64.8699951171875,-65.0
3.5393611800000144,-64.8699951171875,-65.0
3.54112214900033,-64.8699951171875,-65.0
3.542900049000309,-64.8699951171875,-65.0
3.544629390999944,-64.8699951171875,-65.0
3.5463611330005733,-64.8699951171875,-65.0
3.5481210099997043,-64.8699951171875,-65.0
3.549886138999682,-64.8699951171875,-65.0
3.55161519900048,-64.8699951171875,-65.0
3.55340353199972,-64.8699951171875,-65.0
3.5551281759999256,-64.8699951171875,-65.0
3.5571226359998036,-64.8699951171875,-65.0
3.5588735110004563,-64.8699951171875,-65.0
3.560618249000072,-64.8699951171875,-65.0
3.5623778059998585,-64.8699951171875,-65.0
3.564114372000404,-64.8699951171875,-65.0
3.565871896000317,-64.8699951171875,-65.0
3.5676106540004184,-64.8699951171875,-65.0
3.5693884510001226,-64.8699951171875,-65.0
3.5711196450001808,-64.8699951171875,-65.0
3.5731379870003366,-64.8699951171875,-65.0
3.5748763900000995,-64.8699951171875,-65.0
3.5766298839998854,-64.8699951171875,-65.0
3.5786329299999124,-64.8699951171875,-65.0
3.5803766320004797,-64.8699951171875,-65.0
3.582133124000393,-64.8699951171875,-65.0
3.584125336999932,-64.8699951171875,-65.0
3.586132964999706,-64.8699951171875,-65.0
3.5881188909997945,-64.8699951171875,-65.0
3.5898741290002363,-64.8699951171875,-65.0
3.59163262400034,-64.8699951171875,-65.0
3.593377003000569,-64.8699951171875,-65.0
3.5951224999998885,-64.8699951171875,-65.0
3.596876620999865,-64.8699951171875,-65.0
3.598607202000494,-64.8699951171875,-65.0
3.600396429000284,-64.8699951171875,-65.0
3.60239832499974,-64.8699951171875,-65.0
3.6041304820000732,-64.8699951171875,-65.0
3.6058767120002813,-64.8699951171875,-65.0
3.607618517999981,-64.8699951171875,-65.0
3.6093969350004045,-64.8699951171875,-65.0
3.611122438000166,-64.8699951171875,-65.0
3.6131294960005107,-64.8699951171875,-65.0
3.614873677000105,-64.8699951171875,-65.0
3.6166210470000806,-64.8699951171875,-65.0
3.618621579000319,-64.8699951171875,-65.0
3.620403425999939,-64.8699951171875,-65.0
3.6223823210002593,-64.8699951171875,-65.0
3.624116865999895,-64.8699951171875,-65.0
3.6258416199998464,-64.8699951171875,-65.0
3.627619717000016,-64.8699951171875,-65.0
3.6293751960001828,-64.8699951171875,-65.0
3.631121119000454,-64.8699951171875,-65.0
3.6328973609997774,-64.8699951171875,-65.0
3.6346363969996673,-64.8699951171875,-65.0
3.6364089030003015,-64.8699951171875,-65.0
3.638127457000337,-64.8699951171875,-65.0
3.639894206000463,-64.8699951171875,-65.0
3.6416210400002456,-64.8699951171875,-65.0
3.64339795900014,-64.8699951171875,-65.0
3.645159519000117,-64.8699951171875,-65.0
3.647150769000291,-64.8699951171875,-65.0
3.6489002719999917,-64.8699951171875,-65.0
3.6506451249997554,-64.8699951171875,-65.0
3.6523913170003652,-64.8699951171875,-65.0
3.654150084000321,-64.8699951171875,-65.0
3.6558994080005505,-64.8699951171875,-65.0
3.657916240999839,-64.8699951171875,-65.0
3.6596391450002557,-64.8699951171875,-65.0
3.6616567800001576,-64.8699951171875,-65.0
3.663404101999731,-64.8699951171875,-65.0
3.6651551380000456,-64.8699951171875,-65.0
3.6671474049999233,-64.8699951171875,-65.0
3.6689053780000904,-64.8699951171875,-65.0
3.6706473089998326,-64.8699951171875,-65.0
3.672400624999682,-64.8699951171875,-65.0
3.674141239999699,-64.8699951171875,-65.0
3.6758948890001193,-64.8699951171875,-65.0
3.6776505150000958,-64.8699951171875,-65.0
3.679403946000093,-64.8699951171875,-65.0
3.6814155299998674,-64.8699951171875,-65.0
3.6831475270000738,-64.8699951171875,-65.0
3.6848975060001976,-64.8699951171875,-65.0
3.6869125330003953,-64.8699951171875,-65.0
3.6886443729999883,-64.8699951171875,-65.0
3.6906413470005646,-64.8699951171875,-65.0
3.6923811560000104,-64.8699951171875,-65.0
3.6943895129998054,-64.8699951171875,-65.0
3.6964304519997313,-64.8699951171875,-65.0
3.6981336950002515,-64.8699951171875,-65.0
3.700153548000344,-64.8699951171875,-65.0
3.702106818000175,-64.8699951171875,-65.0
3.703788458999952,-64.8699951171875,-65.0
3.7055362450000757,-64.8699951171875,-65.0
3.7072859729996708,-64.8699951171875,-65.0
3.70903483300026,-64.8699951171875,-65.0
3.7107867169997917,-64.8699951171875,-65.0
3.7125438909997683,-64.8699951171875,-65.0
3.7142972310002733,-64.8699951171875,-65.0
3.716036319000523,-64.8699951171875,-65.0
3.717794615999992,-64.8699951171875,-65.0
3.719536282000263,-64.8699951171875,-65.0
3.7212932410002395,-64.8699951171875,-65.0
3.72304319199975,-64.8699951171875,-65.0
3.724815665999813,-64.8699951171875,-65.0
3.7265428990003784,-64.8699951171875,-65.0
3.72829398399972,-64.8699951171875,-65.0
3.7300482860000557,-64.8699951171875,-65.0
3.7318163320005624,-64.8699951171875,-65.0
3.7335372130000906,-64.8699951171875,-65.0
3.7353139560000272,-64.8699951171875,-65.0
3.737057602999812,-64.8699951171875,-65.0
3.7388022470004216,-64.8699951171875,-65.0
3.740542350999931,-64.8699951171875,-65.0
3.7422940369997377,-64.8699951171875,-65.0
3.744044140999904,-64.8699951171875,-65.0
3.7458089130004737,-64.8699951171875,-65.0
3.7475656080005137,-64.8699951171875,-65.0
3.74930811700051,-64.8699951171875,-65.0
3.7510652239998308,-64.8699951171875,-65.0
3.7528067009998267,-64.8699951171875,-65.0
3.7545589609999297,-64.8699951171875,-65.0
3.7563131980004982,-64.8699951171875,-65.0
3.7580627930001356,-64.8699951171875,-65.0
3.7598138149996885,-64.8699951171875,-65.0
3.761562581999897,-64.8699951171875,-65.0
3.763309498000126,-64.8699951171875,-65.0
3.765063482000187,-64.8699951171875,-65.0
3.7668133739998666,-64.8699951171875,-65.0
3.768577748000098,-64.8699951171875,-65.0
3.770321461000094,-64.8699951171875,-65.0
3.8154935160000605,-64.8699951171875,-65.0
3.8173626039997544,-64.8699951171875,-65.0
3.8190606950001893,-64.8699951171875,-65.0
3.8208185210005468,-64.8699951171875,-65.0
3.8225826660000166,-64.8699951171875,-65.0
3.824325677000161,-64.8699951171875,-65.0
3.8260754519997136,-64.8699951171875,-65.0
3.827823767999689,-64.8699951171875,-65.0
3.829556476000107,-64.8699951171875,-65.0
3.8313309810000646,-64.8699951171875,-65.0
3.8330814490000193,-64.8699951171875,-65.0
3.8348415569998906,-64.8699951171875,-65.0
3.8366359600004216,-64.8699951171875,-65.0
3.83856992300025,-64.8699951171875,-65.0
3.8403238709997822,-64.8699951171875,-65.0
3.8420608950000315,-64.8699951171875,-65.0
3.8438388450003913,-64.8699951171875,-65.0
3.845574971000133,-64.8699951171875,-65.0
3.847331566000321,-64.8699951171875,-65.0
3.8490844879997894,-64.8699951171875,-65.0
3.850831656000082,-64.8699951171875,-65.0
3.852582817000439,-64.8699951171875,-65.0
3.8543327019997378,-64.8699951171875,-65.0
3.856083769000179,-64.8699951171875,-65.0
3.85783476800043,-64.8699951171875,-65.0
3.8595838460005325,-64.8699951171875,-65.0
3.861328969999704,-64.8699951171875,-65.0
3.8630839070001457,-64.8699951171875,-65.0
3.864835733000291,-64.8699951171875,-65.0
3.8665746839997155,-64.8699951171875,-65.0
3.8683339489998616,-64.8699951171875,-65.0
3.87008254400007,-64.8699951171875,-65.0
3.8718336860001727,-64.8699951171875,-65.0
3.8735823480001272,-64.8699951171875,-65.0
3.875333734999913,-64.8699951171875,-65.0
3.8770816220003326,-64.8699951171875,-65.0
3.8788347600002453,-64.8699951171875,-65.0
3.880583547999777,-64.8699951171875,-65.0
3.882333598000514,-64.8699951171875,-65.0
3.884083021999686,-64.8699951171875,-65.0
3.885842249000234,-64.8699951171875,-65.0
3.8875756050001655,-64.8699951171875,-65.0
3.889333774000079,-64.8699951171875,-65.0
3.8910844720003297,-64.8699951171875,-65.0
3.8928340110005593,-64.8699951171875,-65.0
3.894578952000302,-64.8699951171875,-65.0
3.896333116000278,-64.8699951171875,-65.0
3.8980838620000213,-64.8699951171875,-65.0
3.899835291999807,-64.8699951171875,-65.0
3.9015811720000784,-64.8699951171875,-65.0
3.903335658999822,-64.8699951171875,-65.0
3.905082639000284,-64.8699951171875,-65.0
3.906830914999773,-64.8699951171875,-65.0
3.908577711000362,-64.8699951171875,-65.0
3.9103251189999355,-64.8699951171875,-65.0
3.9120845050001662,-64.8699951171875,-65.0
3.9138457620001645,-64.8699951171875,-65.0
3.9156029200003104,-64.8699951171875,-65.0
3.917336436000369,-64.8699951171875,-65.0
3.919084899000154,-64.8699951171875,-65.0
3.9208357910001723,-64.8699951171875,-65.0
3.9225846340004864,-64.8699951171875,-65.0
3.924349132000316,-64.8699951171875,-65.0
3.9261246120004216,-64.8699951171875,-65.0
3.92782737700054,-64.8699951171875,-65.0
3.9295871009999246,-64.8699951171875,-65.0
3.9313360169999214,-64.8699951171875,-65.0
3.9331157200003872,-64.8699951171875,-65.0
3.9348560580001504,-64.8699951171875,-65.0
3.936607257000105,-64.8699951171875,-65.0
3.938355582999975,-64.8699951171875,-65.0
3.9401049899997815,-64.8699951171875,-65.0
3.9418566599997575,-64.8699951171875,-65.0
3.9435995760004516,-64.8699951171875,-65.0
3.9453589639997517,-64.8699951171875,-65.0
3.947107957999833,-64.8699951171875,-65.0
3.9488484069997867,-64.8699951171875,-65.0
3.9506058130000383,-64.8699951171875,-65.0
3.952365459000248,-64.8699951171875,-65.0
3.9540997390004122,-64.8699951171875,-65.0
3.955855614000029,-64.8699951171875,-65.0
3.957598285000131,-64.8699951171875,-65.0
3.9593584340000234,-64.8699951171875,-65.0
3.9611019060002945,-64.8699951171875,-65.0
3.96284863100027,-64.8699951171875,-65.0
3.964605441000458,-64.8699951171875,-65.0
3.966347348000454,-64.8699951171875,-65.0
3.9681050300005154,-64.8699951171875,-65.0
3.969857447999857,-64.8699951171875,-65.0
3.97159825000017,-64.8699951171875,-65.0
3.9733582959997875,-64.8699951171875,-65.0
3.9751068420000593,-64.8699951171875,-65.0
3.976856446000056,-64.8699951171875,-65.0
3.978616332000456,-64.8699951171875,-65.0
3.9803556530005153,-64.8699951171875,-65.0
3.982097258000067,-64.8699951171875,-65.0
3.9838482269997257,-64.8699951171875,-65.0
3.985607853000147,-64.8699951171875,-65.0
3.9873480969999946,-64.8699951171875,-65.0
3.9891069200002676,-64.8699951171875,-65.0
3.990856903999884,-64.8699951171875,-65.0
3.992606247000367,-64.8699951171875,-65.0
3.994360071000301,-64.8699951171875,-65.0
3.99610610200034,-64.8699951171875,-65.0
3.997856261000379,-64.8699951171875,-65.0
3.9995998829999735,-64.8699951171875,-65.0
4.001349469000161,-64.8699951171875,-65.0
4.003100036000433,-64.8699951171875,-65.0
4.004853534999711,-64.8699951171875,-65.0
4.006599260000257,-64.8699951171875,-65.0
4.008349186000487,-64.8699951171875,-65.0
4.010105879000548,-64.8699951171875,-65.0
4.011849831000291,-64.8699951171875,-65.0
4.013620870000523,-64.8699951171875,-65.0
4.015355841000201,-64.8699951171875,-65.0
4.017141137000181,-64.8699951171875,-65.0
4.018857340000068,-64.8699951171875,-65.0
4.020608355999684,-64.8699951171875,-65.0
4.02236756900038,-64.8699951171875,-65.0
4.024108872999932,-64.8699951171875,-65.0
4.0258687479999935,-64.8699951171875,-65.0
4.027598030000263,-64.8699951171875,-65.0
4.029358173000219,-64.8699951171875,-65.0
4.031105877999835,-64.8699951171875,-65.0
4.032870462000574,-64.8699951171875,-65.0
4.03461451000021,-64.8699951171875,-65.0
4.036369958999785,-64.8699951171875,-65.0
4.037868809999964,-64.8699951171875,-65.0
4.039627277999898,-64.8699951171875,-65.0
4.041371467999852,-64.8699951171875,-65.0
4.043127130999892,-64.8699951171875,-65.0
4.0448734239998885,-64.8699951171875,-65.0
4.046628432000034,-64.8699951171875,-65.0
4.048368449000009,-64.8699951171875,-65.0
4.05012870399969,-64.8699951171875,-65.0
4.051877500000046,-64.8699951171875,-65.0
4.053618236999682,-64.8699951171875,-65.0
4.055377294000209,-64.8699951171875,-65.0
4.056881778000388,-64.8699951171875,-65.0
4.058617601999686,-64.8699951171875,-65.0
4.060377726999832,-64.8699951171875,-65.0
4.062128147999829,-64.8699951171875,-65.0
4.063869454999804,-64.8699951171875,-65.0
4.065617731000202,-64.8699951171875,-65.0
4.067369442000199,-64.8699951171875,-65.0
4.069127192999986,-64.8699951171875,-65.0
4.070879222000258,-64.8699951171875,-65.0
4.072627947000001,-64.8699951171875,-65.0
4.074370256999828,-64.8699951171875,-65.0
4.076127365000502,-64.8699951171875,-65.0
4.0778710490003505,-64.8699951171875,-65.0
4.079626468000242,-64.8699951171875,-65.0
4.08137673300007,-64.8699951171875,-65.0
4.083119355000235,-64.8699951171875,-65.0
4.084879111999726,-64.8699951171875,-65.0
4.086637164999956,-64.8699951171875,-65.0
4.088368945000184,-64.8699951171875,-65.0
4.090136659000564,-64.8699951171875,-65.0
4.091877425999883,-64.8699951171875,-65.0
4.093627747000028,-64.8699951171875,-65.0
4.095370043000003,-64.8699951171875,-65.0
4.097126573999958,-64.8699951171875,-65.0
4.09886997600006,-64.8699951171875,-65.0
4.10062001300048,-64.8699951171875,-65.0
4.10263974100053,-64.8699951171875,-65.0
4.104477455000051,-64.8699951171875,-65.0
4.106377128000531,-64.8699951171875,-65.0
4.10812457800057,-64.8699951171875,-65.0
4.109872564999932,-64.8699951171875,-65.0
4.111620837999908,-64.8699951171875,-65.0
4.113377986999694,-64.8699951171875,-65.0
4.115134190999925,-64.8699951171875,-65.0
4.116883153999879,-64.8699951171875,-65.0
4.118630859000405,-64.8699951171875,-65.0
4.120381329999873,-64.8699951171875,-65.0
4.122128031000102,-64.8699951171875,-65.0
4.123892260000503,-64.8699951171875,-65.0
4.125649098999929,-64.8699951171875,-65.0
4.127377104000516,-64.8699951171875,-65.0
4.129129400000238,-64.8699951171875,-65.0
4.130878189999748,-64.8699951171875,-65.0
4.132642634999684,-64.8699951171875,-65.0
4.13439153499985,-64.8699951171875,-65.0
4.136260090999713,-64.8699951171875,-65.0
4.137950283000464,-64.8699951171875,-65.0
4.13972831800038,-64.8699951171875,-65.0
4.141463144000227,-64.8699951171875,-65.0
4.143174355000156,-64.8699951171875,-65.0
4.1449764629996935,-64.8699951171875,-65.0
4.146716539000408,-64.8699951171875,-65.0
4.14846527500049,-64.8699951171875,-65.0
4.15022032700017,-64.8699951171875,-64.0
4.151987921,-64.8699951171875,-64.0
4.15372957999989,-64.8699951171875,-64.0
4.155477649999739,-64.8699951171875,-64.0
4.157220934000179,-64.8699951171875,-64.0
4.158991764999882,-64.8699951171875,-64.0
4.160975407000478,-64.8699951171875,-64.0
4.162710665999839,-64.8699951171875,-64.0
4.164474303999668,-64.8699951171875,-64.0
4.1662248550001095,-64.8699951171875,-64.0
4.1679738949997045,-64.8699951171875,-64.0
4.169739895000021,-64.8699951171875,-64.0
4.171724157000426,-64.8699951171875,-64.0
4.17347615700055,-64.8699951171875,-64.0
4.1752264160004415,-64.8699951171875,-64.0
4.176974384999994,-64.8699951171875,-64.0
4.178718334999758,-64.8699951171875,-64.0
4.180454776000261,-64.8699951171875,-64.0
4.182165232000443,-64.8699951171875,-64.0
4.183959277999747,-64.8699951171875,-64.0
4.18566423700031,-64.8699951171875,-64.0
4.187401701999988,-64.8699951171875,-64.0
4.189150893999795,-64.8699951171875,-64.0
4.190896296000574,-64.8699951171875,-64.0
4.192649593000169,-64.8699951171875,-64.0
4.194406622000315,-64.8699951171875,-64.0
4.196149147000142,-64.8699951171875,-64.0
4.197898141000223,-64.8699951171875,-64.0
4.199641877999966,-64.8699951171875,-64.0
4.201389756000026,-64.8699951171875,-64.0
4.203141941000467,-64.8699951171875,-64.0
4.204898504000084,-64.8699951171875,-64.0
4.206648080000377,-64.8699951171875,-64.0
4.208391201999802,-64.8699951171875,-64.0
4.210146788999737,-64.8699951171875,-64.0
4.211918687000434,-64.8699951171875,-64.0
4.213659163000557,-64.8699951171875,-64.0
4.215401164000468,-64.8699951171875,-64.0
4.217153419000169,-64.8699951171875,-64.0
4.2189040100001876,-64.8699951171875,-64.0
4.2206543190004595,-64.8699951171875,-64.0
4.222399131999737,-64.8699951171875,-64.0
4.224170858999969,-64.8699951171875,-64.0
4.225916432000304,-64.8699951171875,-64.0
4.22764978899977,-64.8699951171875,-64.0
4.229400295000232,-64.8699951171875,-64.0
4.2311484399997425,-64.8699951171875,-64.0
4.2329214920000595,-64.8699951171875,-64.0
4.234670515999824,-64.8699951171875,-64.0
4.236413413999799,-64.8699951171875,-64.0
4.238179429000411,-64.8699951171875,-64.0
4.239900458000193,-64.8699951171875,-64.0
4.241671478999706,-64.8699951171875,-64.0
4.243420421000337,-64.8699951171875,-64.0
4.245170539000355,-64.8699951171875,-64.0
4.246920716999739,-64.8699951171875,-64.0
4.248662236999735,-64.8699951171875,-64.0
4.250412831999711,-64.8699951171875,-64.0
4.2521642199999405,-64.8699951171875,-64.0
4.253921166000509,-64.8699951171875,-64.0
4.2556715529999565,-64.8699951171875,-64.0
4.257420249999996,-64.8699951171875,-64.0
4.259163988999717,-64.8699951171875,-64.0
4.260920384999736,-64.8699951171875,-64.0
4.26267251399986,-64.8699951171875,-64.0
4.26442167300047,-64.8699951171875,-64.0
4.26617454999996,-64.8699951171875,-64.0
4.267926080000507,-64.8699951171875,-64.0
4.269665050000185,-64.8699951171875,-64.0
4.271422052000162,-64.8699951171875,-64.0
4.273171220999757,-64.8699951171875,-64.0
4.274922440999944,-64.8699951171875,-64.0
4.276670467999793,-64.8699951171875,-64.0
4.278422803000467,-64.8699951171875,-64.0
4.280171223999787,-64.8699951171875,-64.0
4.281920723999974,-64.8699951171875,-64.0
4.283663480000541,-64.8699951171875,-64.0
4.285421690000476,-64.8699951171875,-64.0
4.287172663000092,-64.8699951171875,-64.0
4.288922001000174,-64.8699951171875,-64.0
4.290672545999769,-64.8699951171875,-64.0
4.292420968999977,-64.8699951171875,-64.0
4.294171508000545,-64.8699951171875,-64.0
4.295922868999696,-64.8699951171875,-64.0
4.297664233000432,-64.8699951171875,-64.0
4.299431452000135,-64.8699951171875,-64.0
4.301169387999835,-64.8699951171875,-64.0
4.302913892000106,-64.8699951171875,-64.0
4.304670833000273,-64.8699951171875,-64.0
4.30641330599974,-64.8699951171875,-64.0
4.308171665000373,-64.8699951171875,-64.0
4.309920634000264,-64.8699951171875,-64.0
4.311671092000324,-64.8699951171875,-64.0
4.313432187000217,-64.8699951171875,-64.0
4.31517784100015,-64.8699951171875,-64.0
4.316924915000527,-64.8699951171875,-64.0
4.318672866999805,-64.8699951171875,-64.0
4.320418346000224,-64.8699951171875,-64.0
4.322171663000518,-64.8699951171875,-64.0
4.323914970999795,-64.8699951171875,-64.0
4.325671595999665,-64.8699951171875,-64.0
4.3274211839998316,-64.8699951171875,-64.0
4.329171676999977,-64.8699951171875,-64.0
4.330921857000249,-64.8699951171875,-64.0
4.332693670000481,-64.8699951171875,-64.0
4.334435630000371,-64.8699951171875,-64.0
4.336184124000283,-64.8699951171875,-64.0
4.337942916999964,-64.8699951171875,-64.0
4.339673964999747,-64.8699951171875,-64.0
4.341414266000356,-64.8699951171875,-64.0
4.343171946999973,-64.8699951171875,-64.0
4.344944540000142,-64.8699951171875,-64.0
4.346692848999737,-64.8699951171875,-64.0
4.348451916000158,-64.8699951171875,-64.0
4.350192032999985,-64.8699951171875,-64.0
4.351940090000426,-64.8699951171875,-64.0
4.3536917930005075,-64.8699951171875,-64.0
4.355439863000356,-64.8699951171875,-64.0
4.357184815000437,-64.8699951171875,-64.0
4.35894287300016,-64.8699951171875,-64.0
4.360691110000516,-64.8699951171875,-64.0
4.362435275999815,-64.8699951171875,-64.0
4.364191665999897,-64.8699951171875,-64.0
4.365940849999788,-64.8699951171875,-64.0
4.367690957000377,-64.8699951171875,-64.0
4.369436351000331,-64.8699951171875,-64.0
4.371191684999758,-64.8699951171875,-64.0
4.3729403650004315,-64.8699951171875,-64.0
4.374691986000471,-64.8699951171875,-64.0
4.37644142299996,-64.8699951171875,-64.0
4.378192551000211,-64.8699951171875,-64.0
4.379941328000314,-64.8699951171875,-64.0
4.3816928880005435,-64.8699951171875,-64.0
4.383442467999885,-64.8699951171875,-64.0
4.385192114999882,-64.8699951171875,-64.0
4.386942533000365,-64.8699951171875,-64.0
4.388701089000278,-64.8699951171875,-64.0
4.39043463500002,-64.8699951171875,-64.0
4.392193415999827,-64.8699951171875,-64.0
4.393942095000057,-64.8699951171875,-64.0
4.395691712000371,-64.8699951171875,-64.0
4.397441971999797,-64.8699951171875,-64.0
4.399184214000343,-64.8699951171875,-64.0
4.400944310000341,-64.8699951171875,-64.0
4.402685990000464,-64.8699951171875,-64.0
4.404183485000431,-64.8699951171875,-64.0
4.405942479999794,-64.8699951171875,-64.0
4.407691076999981,-64.8699951171875,-64.0
4.409432837000168,-64.8699951171875,-64.0
4.411183754999911,-64.8699951171875,-64.0
4.41294275600012,-64.8699951171875,-64.0
4.41469158900054,-64.8699951171875,-64.0
4.4164377690003676,-64.8699951171875,-64.0
4.418193063999752,-64.8699951171875,-64.0
4.419942893000552,-64.8699951171875,-64.0
4.421690168000168,-64.8699951171875,-64.0
4.4234562199999345,-64.8699951171875,-64.0
4.425211832000059,-64.8699951171875,-64.0
4.426962645999993,-64.8699951171875,-64.0
4.4287056080002,-64.8699951171875,-64.0
4.430435942999793,-64.8699951171875,-64.0
4.4322079120001945,-64.8699951171875,-64.0
4.433963434000361,-64.8699951171875,-64.0
4.435712696000337,-64.8699951171875,-64.0
4.437461053000334,-64.8699951171875,-64.0
4.439192126999842,-64.8699951171875,-64.0
4.440964749999694,-64.8699951171875,-64.0
4.442711609000071,-64.8699951171875,-64.0
4.444457749000321,-64.8699951171875,-64.0
4.446206002000508,-64.8699951171875,-64.0
4.4479614000001675,-64.8699951171875,-64.0
4.449707534000481,-64.8699951171875,-64.0
4.451455233000161,-64.8699951171875,-64.0
4.453208824000285,-64.8699951171875,-64.0
4.454965935000473,-64.8699951171875,-64.0
4.456712000000152,-64.8699951171875,-64.0
4.458455793000212,-64.8699951171875,-64.0
4.4602058729997225,-64.8699951171875,-64.0
4.461963865000143,-64.8699951171875,-64.0
4.463712755000415,-64.8699951171875,-64.0
4.465456064000136,-64.8699951171875,-64.0
4.4672151860004305,-64.8699951171875,-64.0
4.468963002000237,-64.8699951171875,-64.0
4.4707125069999165,-64.8699951171875,-64.0
4.472462992000146,-64.8699951171875,-64.0
4.474205379000523,-64.8699951171875,-64.0
4.475964529000521,-64.8699951171875,-64.0
4.477717323999968,-64.8699951171875,-64.0
4.479463568000028,-64.8699951171875,-64.0
4.481213561000004,-64.8699951171875,-64.0
4.482963810000001,-64.8699951171875,-64.0
4.484713879000083,-64.8699951171875,-64.0
4.486459816000206,-64.8699951171875,-64.0
4.488212784000098,-64.8699951171875,-64.0
4.489962075999756,-64.8699951171875,-64.0
4.491713637999965,-64.8699951171875,-64.0
4.4934625969999615,-64.8699951171875,-64.0
4.495205926000381,-64.8699951171875,-64.0
4.496963806000167,-64.8699951171875,-64.0
4.498706186999698,-64.8699951171875,-64.0
4.500464814000225,-64.8699951171875,-64.0
4.502211691999946,-64.8699951171875,-64.0
4.503967181000007,-64.8699951171875,-64.0
4.505733158000112,-64.8699951171875,-64.0
4.507454296000105,-64.8699951171875,-64.0
4.509214869000061,-64.8699951171875,-64.0
4.510956154000269,-64.8699951171875,-64.0
4.512736053000481,-64.8699951171875,-64.0
4.514469525000095,-64.8699951171875,-64.0
4.516208891999668,-64.8699951171875,-64.0
4.517966299999898,-64.8699951171875,-64.0
4.519704447000549,-64.8699951171875,-64.0
4.521463160000167,-64.8699951171875,-64.0
4.52323325999987,-64.8699951171875,-64.0
4.524985476999973,-64.8699951171875,-64.0
4.52673399700052,-64.8699951171875,-64.0
4.528477104000558,-64.8699951171875,-64.0
4.530235187000471,-64.8699951171875,-64.0
4.53197859500051,-64.8699951171875,-64.0
4.533733461999873,-64.8699951171875,-64.0
4.535484722000547,-64.8699951171875,-64.0
4.537232116999803,-64.8699951171875,-64.0
4.5389848599998,-64.8699951171875,-64.0
4.540735274000326,-64.8699951171875,-64.0
4.542485525999837,-64.8699951171875,-64.0
4.544254272999751,-64.8699951171875,-64.0
4.546102311999675,-64.8699951171875,-64.0
4.54806824499974,-64.8699951171875,-64.0
4.5498294240005634,-64.8699951171875,-64.0
4.551594397000372,-64.8699951171875,-64.0
4.553590084999996,-64.8699951171875,-64.0
4.555347907000396,-64.8699951171875,-64.0
4.5570891409997785,-64.8699951171875,-64.0
4.558841339000537,-64.8699951171875,-64.0
4.56057088200032,-64.8699951171875,-64.0
4.562335968999832,-64.8699951171875,-64.0
4.564357932000348,-64.8699951171875,-64.0
4.566092930000195,-64.8699951171875,-64.0
4.56809509499999,-64.8699951171875,-64.0
4.569838133000303,-64.8699951171875,-64.0
4.571584938999877,-64.8699951171875,-64.0
4.573344159000044,-64.8699951171875,-64.0
4.575091710999914,-64.8699951171875,-64.0
4.576827887000036,-64.8699951171875,-64.0
4.578576056000202,-64.8699951171875,-64.0
4.5803510599998845,-64.8699951171875,-64.0
4.582105366999713,-64.8699951171875,-64.0
4.583839048999835,-64.8699951171875,-64.0
4.585753309999745,-64.8699951171875,-64.0
4.587484128999677,-64.8699951171875,-64.0
4.589342645000215,-64.8699951171875,-64.0
4.59106165600042,-64.8699951171875,-64.0
4.592806925000332,-64.8699951171875,-64.0
4.594822111000212,-64.8699951171875,-64.0
4.596568584000124,-64.8699951171875,-64.0
4.598332749000292,-64.8699951171875,-64.0
4.600090642000396,-64.8699951171875,-64.0
4.60183607900035,-64.8699951171875,-64.0
4.603589323000051,-64.8699951171875,-64.0
4.605338819999815,-64.8699951171875,-64.0
4.607099994000237,-64.8699951171875,-64.0
4.609091621000516,-64.8699951171875,-64.0
4.610832080000364,-64.8699951171875,-64.0
4.612607252000089,-64.8699951171875,-64.0
4.614339761999872,-64.8699951171875,-64.0
4.616359262000515,-64.8699951171875,-64.0
4.618088942000213,-64.8699951171875,-64.0
4.620108592000179,-64.8699951171875,-64.0
4.621857173000535,-64.8699951171875,-64.0
4.623591155999748,-64.8699951171875,-64.0
4.625359308000043,-64.8699951171875,-64.0
4.627335516999665,-64.8699951171875,-64.0
4.629089132000445,-64.8699951171875,-64.0
4.630857717000254,-64.8699951171875,-64.0
4.632604778000314,-64.8699951171875,-64.0
4.634614458000215,-64.8699951171875,-64.0
4.636356889000126,-64.8699951171875,-64.0
4.638101960000313,-64.8699951171875,-64.0
4.639858483000353,-64.8699951171875,-64.0
4.641580882999733,-64.8699951171875,-64.0
4.643370955999671,-64.8699951171875,-64.0
4.645109644000513,-64.8699951171875,-64.0
4.646861561999685,-64.8699951171875,-64.0
4.648600155000167,-64.8699951171875,-64.0
4.6503584829997635,-64.8699951171875,-64.0
4.652130800000123,-64.8699951171875,-64.0
4.653861388000223,-64.8699951171875,-64.0
4.655871413000568,-64.8699951171875,-64.0
4.657620945999952,-64.8699951171875,-64.0
4.659633135000149,-64.8699951171875,-64.0
4.661380348000421,-64.8699951171875,-64.0
4.663362277000488,-64.8699951171875,-64.0
4.665109796999786,-64.8699951171875,-64.0
4.6668579329998465,-64.8699951171875,-64.0
4.668607546999738,-64.8699951171875,-64.0
4.6703873360002035,-64.8699951171875,-64.0
4.67236284000046,-64.8699951171875,-64.0
4.674113322999801,-64.8699951171875,-64.0
4.675863528999798,-64.8699951171875,-64.0
4.677889728000082,-64.8699951171875,-64.0
4.679617795000013,-64.8699951171875,-64.0
4.681587465000121,-64.8699951171875,-64.0
4.6833667190003325,-64.8699951171875,-64.0
4.685393605999707,-64.8699951171875,-64.0
4.687360912000258,-64.8699951171875,-64.0
4.689377226000033,-64.8699951171875,-64.0
4.691108830000303,-64.8699951171875,-64.0
4.692864649000512,-64.8699951171875,-64.0
4.694865575999756,-64.8699951171875,-64.0
4.696612560999711,-64.8699951171875,-64.0
4.698380325000471,-64.8699951171875,-64.0
4.7003595579999455,-64.8699951171875,-64.0
4.702140149000115,-64.8699951171875,-64.0
4.703867162000279,-64.8699951171875,-64.0
4.705888854000477,-64.8699951171875,-64.0
4.7076214690005145,-64.8699951171875,-64.0
4.709360945000299,-64.8699951171875,-64.0
4.711374688000433,-64.8699951171875,-64.0
4.71313052000005,-64.8699951171875,-64.0
4.715112427999884,-64.8699951171875,-64.0
4.716883517000497,-64.8699951171875,-64.0
4.718606839999666,-64.8699951171875,-64.0
4.720596539000326,-64.8699951171875,-64.0
4.722377107999819,-64.8699951171875,-64.0
4.724119313999836,-64.8699951171875,-64.0
4.726125041999694,-64.8699951171875,-64.0
4.727898934000223,-64.8699951171875,-64.0
4.729607721999855,-64.8699951171875,-64.0
4.731394135999835,-64.8699951171875,-64.0
4.733136056999683,-64.8699951171875,-64.0
4.735148779000156,-64.8699951171875,-64.0
4.7368760669996846,-64.8699951171875,-64.0
4.738620912999977,-64.8699951171875,-64.0
4.740604782999981,-64.8699951171875,-64.0
4.742378932000065,-64.8699951171875,-64.0
4.7441472540003815,-64.8699951171875,-64.0
4.746146683000006,-64.8699951171875,-64.0
4.748148442999991,-64.8699951171875,-64.0
4.750133635000566,-64.8699951171875,-64.0
4.751880136000182,-64.8699951171875,-64.0
4.753631966000285,-64.8699951171875,-64.0
4.755382117999943,-64.8699951171875,-64.0
4.757127955999749,-64.8699951171875,-64.0
4.75915006500054,-64.8699951171875,-64.0
4.760902865000389,-64.8699951171875,-64.0
4.762630621000426,-64.8699951171875,-64.0
4.76439199700053,-64.8699951171875,-64.0
4.766139203000421,-64.8699951171875,-64.0
4.768132133000108,-64.8699951171875,-64.0
4.769877601000189,-64.8699951171875,-64.0
4.771632103999764,-64.8699951171875,-64.0
4.773394693999762,-64.8699951171875,-64.0
4.775401079999938,-64.8699951171875,-64.0
4.777126028000566,-64.8699951171875,-64.0
4.778883101000247,-64.8699951171875,-64.0
4.780630389999715,-64.8699951171875,-64.0
4.782394192000538,-64.8699951171875,-64.0
4.784134653000365,-64.8699951171875,-64.0
4.786136929999884,-64.8699951171875,-64.0
4.7878878660003465,-64.8699951171875,-64.0
4.7896294550000675,-64.8699951171875,-64.0
4.791391116000341,-64.8699951171875,-64.0
4.793125387000146,-64.8699951171875,-64.0
4.795136526000533,-64.8699951171875,-64.0
4.796882093000022,-64.8699951171875,-64.0
4.798628886000188,-64.8699951171875,-64.0
4.800632511000003,-64.8699951171875,-64.0
4.802379323000423,-64.8699951171875,-64.0
4.8044084339999245,-64.8699951171875,-64.0
4.806135284000447,-64.8699951171875,-64.0
4.807881720000296,-64.8699951171875,-64.0
4.80955043799986,-64.8699951171875,-64.0
4.811279126000045,-64.8699951171875,-64.0
4.813027609000528,-64.8699951171875,-64.0
4.814809846000571,-64.8699951171875,-64.0
4.816528477000247,-64.8699951171875,-64.0
4.818277915999715,-64.8699951171875,-64.0
4.820026700999733,-64.8699951171875,-64.0
4.821780438999667,-64.8699951171875,-64.0
4.8235516650001955,-64.8699951171875,-64.0
4.82527233700057,-64.8699951171875,-64.0
4.827047048999702,-64.8699951171875,-64.0
4.8287722610002675,-64.8699951171875,-64.0
4.830539530999886,-64.8699951171875,-64.0
4.8322978140004125,-64.8699951171875,-64.0
4.8340313650005555,-64.8699951171875,-64.0
4.835546538000017,-64.8699951171875,-64.0
4.837301859000036,-64.8699951171875,-64.0
4.839049039999736,-64.8699951171875,-64.0
4.8407978189998175,-64.8699951171875,-64.0
4.842521773000044,-64.8699951171875,-64.0
4.844310831000257,-64.8699951171875,-64.0
4.846055601000444,-64.8699951171875,-64.0
4.847791596999741,-64.8699951171875,-64.0
4.849552317000416,-64.8699951171875,-64.0
4.851300620000075,-64.8699951171875,-64.0
4.853042617000028,-64.8699951171875,-64.0
4.854798993999793,-64.8699951171875,-64.0
4.856549666000319,-64.8699951171875,-64.0
4.858302794999872,-64.8699951171875,-64.0
4.86004928300008,-64.8699951171875,-64.0
4.861801363999803,-64.8699951171875,-64.0
4.863540090999777,-64.8699951171875,-64.0
4.865298952000558,-64.8699951171875,-64.0
4.867050359999666,-64.8699951171875,-64.0
4.86879928000053,-64.8699951171875,-64.0
4.870550806999745,-64.8699951171875,-64.0
4.872299925000334,-64.8699951171875,-64.0
4.874043876000542,-64.8699951171875,-64.0
4.875792448000539,-64.8699951171875,-64.0
4.877549670000008,-64.8699951171875,-64.0
4.879311265000069,-64.8699951171875,-64.0
4.881049863000044,-64.8699951171875,-64.0
4.882791580999765,-64.8699951171875,-64.0
4.884550071999911,-64.8699951171875,-64.0
4.886294058999738,-64.8699951171875,-64.0
4.8880504480002855,-64.8699951171875,-64.0
4.889799477000452,-64.8699951171875,-64.0
4.891542276000109,-64.8699951171875,-64.0
4.89330054400034,-64.8699951171875,-64.0
4.895050846999766,-64.8699951171875,-64.0
4.896799003000524,-64.8699951171875,-64.0
4.8985492120000345,-64.8699951171875,-64.0
4.900295893000475,-64.8699951171875,-64.0
4.902048687000388,-64.8699951171875,-64.0
4.903809673000069,-64.8699951171875,-64.0
4.905539676999979,-64.8699951171875,-64.0
4.907292335999955,-64.8699951171875,-64.0
4.909042195000438,-64.8699951171875,-64.0
4.910798118000457,-64.8699951171875,-64.0
4.912563460000456,-64.8699951171875,-64.0
4.9143110679997335,-64.8699951171875,-64.0
4.9160558769999625,-64.8699951171875,-64.0
4.917808418000277,-64.8699951171875,-64.0
4.919544887000484,-64.8699951171875,-64.0
4.921298916000524,-64.8699951171875,-64.0
4.923071698000058,-64.8699951171875,-64.0
4.924810630999673,-64.8699951171875,-64.0
4.926542131999668,-64.8699951171875,-64.0
4.928291948000151,-64.8699951171875,-64.0
4.930042224000317,-64.8699951171875,-64.0
4.93179610199968,-64.8699951171875,-64.0
4.933572302999892,-64.8699951171875,-64.0
4.935320921999846,-64.8699951171875,-64.0
4.9370728660005625,-64.8699951171875,-64.0
4.938801178000176,-64.8699951171875,-64.0
4.940563920999921,-64.8699951171875,-64.0
4.9423001340001065,-64.8699951171875,-64.0
4.944071189999704,-64.8699951171875,-64.0
4.945822941999722,-64.8699951171875,-64.0
4.947572064000269,-64.8699951171875,-64.0
4.949312175000159,-64.8699951171875,-64.0
4.951072044000284,-64.8699951171875,-64.0
4.952832423000473,-64.8699951171875,-64.0
4.9545709109997915,-64.8699951171875,-64.0
4.956319779999831,-64.8699951171875,-64.0
4.9580627120003555,-64.8699951171875,-64.0
4.95982051700048,-64.8699951171875,-64.0
4.96156527400035,-64.8699951171875,-64.0
4.963321127000199,-64.8699951171875,-64.0
4.965068372999667,-64.8699951171875,-64.0
4.966811526000129,-64.8699951171875,-64.0
4.968571403999704,-64.8699951171875,-64.0
4.970325518000209,-64.8699951171875,-64.0
4.972067564000099,-64.8699951171875,-64.0
4.973813134000011,-64.8699951171875,-64.0
4.9755625699999655,-64.8699951171875,-64.0
4.977322122999794,-64.8699951171875,-64.0
4.9790748880004685,-64.8699951171875,-64.0
4.980818363999788,-64.8699951171875,-64.0
4.9825625640005455,-64.8699951171875,-64.0
4.984322127999803,-64.8699951171875,-64.0
4.986063553000349,-64.8699951171875,-64.0
4.987823364999713,-64.8699951171875,-64.0
4.989570042000196,-64.8699951171875,-64.0
4.991322894999939,-64.8699951171875,-64.0
4.993070391000401,-64.8699951171875,-64.0
4.994818885999848,-64.8699951171875,-64.0
4.99656950500048,-64.8699951171875,-64.0
4.998318947000371,-64.8699951171875,-64.0
5.000062416999754,-64.8699951171875,-64.0
5.001818476000153,-64.8699951171875,-64.0
5.003572481999981,-64.8699951171875,-64.0
5.005310362999808,-64.8699951171875,-64.0
5.007063613000355,-64.8699951171875,-64.0
5.0088205430001835,-64.8699951171875,-64.0
5.010568954000519,-64.8699951171875,-64.0
5.01233314000001,-64.8699951171875,-64.0
5.014088009999796,-64.8699951171875,-64.0
5.015839069000322,-64.8699951171875,-64.0
5.017578113000127,-64.8699951171875,-64.0
5.019316423999953,-64.8699951171875,-64.0
5.02106656199976,-64.8699951171875,-64.0
5.022840601000098,-64.8699951171875,-64.0
5.024590484999862,-64.8699951171875,-64.0
5.026333368999985,-64.8699951171875,-64.0
5.028063292000297,-64.8699951171875,-64.0
5.0298419380005726,-64.8699951171875,-64.0
5.0315905260004,-64.8699951171875,-64.0
5.033342925999932,-64.8699951171875,-64.0
5.035090888000013,-64.8699951171875,-64.0
5.036850118000075,-64.8699951171875,-64.0
5.0385910690001765,-64.8699951171875,-64.0
5.040488347000064,-64.8699951171875,-64.0
5.042220461000397,-64.8699951171875,-64.0
5.043938198000433,-64.8699951171875,-64.0
5.045969366999998,-64.8699951171875,-64.0
5.047713380999994,-64.8699951171875,-64.0
5.049728691000382,-64.8699951171875,-64.0
5.051480152999829,-64.8699951171875,-64.0
5.053212986999824,-64.8699951171875,-64.0
5.0549644419998,-64.8699951171875,-64.0
5.056716752000284,-64.8699951171875,-64.0
5.0587150789997395,-64.8699951171875,-64.0
5.0604843270002675,-64.8699951171875,-64.0
5.062466397999742,-64.8699951171875,-64.0
5.064499484999942,-64.8699951171875,-64.0
5.066212505000294,-64.8699951171875,-64.0
5.068099164999694,-64.8699951171875,-64.0
5.069831861000239,-64.8699951171875,-64.0
5.071594537000237,-64.8699951171875,-64.0
5.073331980999683,-64.8699951171875,-64.0
5.075095611000506,-64.8699951171875,-64.0
5.076841349999995,-64.8699951171875,-64.0
5.078592578000098,-64.8699951171875,-64.0
5.080341464999947,-64.8699951171875,-64.0
5.082082241000535,-64.8699951171875,-64.0
5.083841812999708,-64.8699951171875,-64.0
5.085590311000487,-64.8699951171875,-64.0
5.087342544000421,-64.8699951171875,-64.0
5.089090032000058,-64.8699951171875,-64.0
5.0908420470004785,-64.8699951171875,-64.0
5.092590788000052,-64.8699951171875,-64.0
5.094353430999945,-64.8699951171875,-64.0
5.096091125000385,-64.8699951171875,-64.0
5.097841429999789,-64.8699951171875,-64.0
5.099583015000462,-64.8699951171875,-64.0
5.101336315000481,-64.8699951171875,-64.0
5.103086242000245,-64.8699951171875,-64.0
5.104843881000306,-64.8699951171875,-64.0
5.106589763000557,-64.8699951171875,-64.0
5.1083372960001725,-64.8699951171875,-64.0
5.110090238999874,-64.8699951171875,-64.0
5.11186139199981,-64.8699951171875,-64.0
5.113590650000333,-64.8699951171875,-64.0
5.115499313000328,-64.8699951171875,-64.0
5.11722084899975,-64.8699951171875,-64.0
5.118964483000127,-64.8699951171875,-64.0
5.120720167999934,-64.8699951171875,-64.0
5.122503909999978,-64.8699951171875,-64.0
5.1244566650002525,-64.8699951171875,-64.0
5.126216528999976,-64.8699951171875,-64.0
5.128210412000044,-64.8699951171875,-64.0
5.1299548400002095,-64.8699951171875,-64.0
5.131733093000548,-64.8699951171875,-64.0
5.133477641000354,-64.8699951171875,-64.0
5.135217170000033,-64.8699951171875,-64.0
5.137215876000482,-64.8699951171875,-64.0
5.138957739000034,-64.8699951171875,-64.0
5.140701035999882,-64.8699951171875,-64.0
5.1424920859999474,-64.8699951171875,-64.0
5.144220975999815,-64.8699951171875,-64.0
5.14596338299998,-64.8699951171875,-64.0
5.147649212000033,-64.8699951171875,-64.0
5.149464412999805,-64.8699951171875,-64.0
5.151471027999833,-64.8699951171875,-64.0
5.153209959000378,-64.8699951171875,-64.0
5.154961950000143,-64.8699951171875,-64.0
5.156711307000478,-64.8699951171875,-64.0
5.1584624930001155,-64.8699951171875,-64.0
5.16021748500043,-64.8699951171875,-64.0
5.16198415100007,-64.8699951171875,-64.0
5.16371941899979,-64.8699951171875,-64.0
5.165468058000442,-64.8699951171875,-64.0
5.167217373000312,-64.8699951171875,-64.0
5.168957922000118,-64.8699951171875,-64.0
5.170715027999904,-64.8699951171875,-64.0
5.172467364000113,-64.8699951171875,-64.0
5.174212586000067,-64.8699951171875,-64.0
5.175962530000106,-64.8699951171875,-64.0
5.177723802000401,-64.8699951171875,-64.0
5.179459245000544,-64.8699951171875,-64.0
5.181243633000122,-64.8699951171875,-64.0
5.183219256000484,-64.8699951171875,-64.0
5.185218921999876,-64.8699951171875,-64.0
5.186985017000552,-64.8699951171875,-64.0
5.18896092399973,-64.8699951171875,-64.0
5.190709342000446,-64.8699951171875,-64.0
5.192716067999754,-64.8699951171875,-64.0
5.194465051999941,-64.8699951171875,-64.0
5.196469446000265,-64.8699951171875,-64.0
5.198203877000196,-64.8699951171875,-64.0
5.199960492000173,-64.8699951171875,-64.0
5.201965789000496,-64.8699951171875,-64.0
5.203715507000197,-64.8699951171875,-64.0
5.205409221000082,-64.8699951171875,-64.0
5.207498116000352,-64.8699951171875,-64.0
5.2092031239999415,-64.8699951171875,-64.0
5.210986832000344,-64.8699951171875,-64.0
5.212956549999944,-64.8699951171875,-64.0
5.214664555000127,-64.8699951171875,-64.0
5.216736022000077,-64.8699951171875,-64.0
5.21845600100005,-64.8699951171875,-64.0
5.2202224009997735,-64.8699951171875,-64.0
5.221959710999727,-64.8699951171875,-64.0
5.274019385999964,-64.8699951171875,-64.0
5.276235070999974,-64.8699951171875,-64.0
5.278163363999738,-64.8699951171875,-64.0
5.330201832000057,-64.8699951171875,-64.0
5.332415705999665,-64.8699951171875,-64.0
5.334166659999937,-64.8699951171875,-64.0
5.335916300000463,-64.8699951171875,-64.0
5.337663438000163,-64.8699951171875,-64.0
5.3394098179996945,-64.8699951171875,-64.0
5.341157710000516,-64.8699951171875,-64.0
5.3429116400002385,-64.8699951171875,-64.0
5.344662577000236,-64.8699951171875,-64.0
5.346408068000528,-64.8699951171875,-64.0
5.348170889000357,-64.8699951171875,-64.0
5.349907525000162,-64.8699951171875,-64.0
5.351655266000307,-64.8699951171875,-64.0
5.353404964999754,-64.8699951171875,-64.0
5.355266988000039,-64.8699951171875,-64.0
5.3570183150004596,-64.8699951171875,-64.0
5.358769078000478,-64.8699951171875,-64.0
5.360730024000077,-64.8699951171875,-64.0
5.362454080999669,-64.8699951171875,-64.0
5.364419223000368,-64.8699951171875,-64.0
5.366161746999751,-64.8699951171875,-64.0
5.367907363000086,-64.8699951171875,-64.0
5.369672238000021,-64.8699951171875,-64.0
5.3714078080001855,-64.8699951171875,-64.0
5.373170839000522,-64.8699951171875,-64.0
5.37491860099999,-64.8699951171875,-64.0
5.376668656999755,-64.8699951171875,-64.0
5.378401869999834,-64.8699951171875,-64.0
5.380151920000571,-64.8699951171875,-64.0
5.381928759000402,-64.8699951171875,-64.0
5.38366164800027,-64.8699951171875,-64.0
5.385407370000394,-64.8699951171875,-64.0
5.387157117999777,-64.8699951171875,-64.0
5.388658800000485,-64.8699951171875,-64.0
5.390406743999847,-64.8699951171875,-64.0
5.392161011000098,-64.8699951171875,-64.0
5.393915982999715,-64.8699951171875,-64.0
5.395660836000388,-64.8699951171875,-64.0
5.3974085420004485,-64.8699951171875,-64.0
5.399168240000108,-64.8699951171875,-64.0
5.400911665999956,-64.8699951171875,-64.0
5.402662641000461,-64.8699951171875,-64.0
5.404398929999843,-64.8699951171875,-64.0
5.406154191000496,-64.8699951171875,-64.0
5.407916295999712,-64.8699951171875,-64.0
5.409658732000025,-64.8699951171875,-64.0
5.4114082169999165,-64.8699951171875,-64.0
5.413179391000085,-64.8699951171875,-64.0
5.414926192999701,-64.8699951171875,-64.0
5.4166682229997605,-64.8699951171875,-64.0
5.418408575000285,-64.8699951171875,-64.0
5.420155996999711,-64.8699951171875,-64.0
5.421931052999753,-64.8699951171875,-64.0
5.4236770460001935,-64.8699951171875,-64.0
5.42542302000038,-64.8699951171875,-64.0
5.427177327000209,-64.8699951171875,-64.0
5.428906504999759,-64.8699951171875,-64.0
5.430661410000539,-64.8699951171875,-64.0
5.432427223000559,-64.8699951171875,-64.0
5.434180750999985,-64.8699951171875,-64.0
5.4359375490003,-64.8699951171875,-64.0
5.437683861000551,-64.8699951171875,-64.0
5.439425452999785,-64.8699951171875,-64.0
5.44117463099974,-64.8699951171875,-64.0
5.442919367000286,-64.8699951171875,-64.0
5.444683398000052,-64.8699951171875,-64.0
5.446432824000112,-64.8699951171875,-64.0
5.448172190999685,-64.8699951171875,-64.0
5.449938085000213,-64.8699951171875,-64.0
5.451681694000399,-64.8699951171875,-64.0
5.453438507000101,-64.8699951171875,-64.0
5.455182530999991,-64.8699951171875,-64.0
5.456932308000432,-64.8699951171875,-64.0
5.4586819360001755,-64.8699951171875,-64.0
5.460422601000573,-64.8699951171875,-64.0
5.462187479000022,-64.8699951171875,-64.0
5.4639550769998095,-64.8699951171875,-64.0
5.465696051000123,-64.8699951171875,-64.0
5.467432770999949,-64.8699951171875,-64.0
5.469187982000221,-64.8699951171875,-64.0
5.470932787000493,-64.8699951171875,-64.0
5.472689905999687,-64.8699951171875,-64.0
5.474432402000275,-64.8699951171875,-64.0
5.4761786660001235,-64.8699951171875,-64.0
5.47791819899976,-64.8699951171875,-64.0
5.4796819889998005,-64.8699951171875,-64.0
5.481418923000092,-64.8699951171875,-64.0
5.483168251000279,-64.8699951171875,-64.0
5.484927950000383,-64.8699951171875,-64.0
5.486689272000149,-64.8699951171875,-64.0
5.48843213300006,-64.8699951171875,-65.0
5.490193726999678,-64.8699951171875,-65.0
5.491933006999716,-64.8699951171875,-65.0
5.493854303999797,-64.8699951171875,-65.0
5.495813425000051,-64.8699951171875,-65.0
5.49783454000044,-64.8699951171875,-65.0
5.499812087000464,-64.8699951171875,-65.0
5.501518873999885,-64.8699951171875,-65.0
5.503514885000186,-64.8699951171875,-65.0
5.505281319999995,-64.8699951171875,-65.0
5.507032452999738,-64.8699951171875,-65.0
5.508756721000282,-64.8699951171875,-65.0
5.51077805299974,-64.8699951171875,-65.0
5.512482834000366,-64.8699951171875,-65.0
5.514287994999904,-64.8699951171875,-65.0
5.516003044999707,-64.8699951171875,-65.0
5.517752708000444,-64.8699951171875,-65.0
5.519492159000038,-64.8699951171875,-65.0
5.521285896999871,-64.8699951171875,-65.0
5.523048681000546,-64.8699951171875,-65.0
5.524766217999968,-64.8699951171875,-65.0
5.526773339000101,-64.8699951171875,-65.0
5.5285059230000115,-64.8699951171875,-65.0
5.530334369000229,-64.8699951171875,-65.0
5.531951871999809,-64.8699951171875,-65.0
5.533700388000398,-64.8699951171875,-65.0
5.535452050000458,-64.8699951171875,-65.0
5.537207626000054,-64.8699951171875,-65.0
5.538951235999775,-64.8699951171875,-65.0
5.540706632000365,-64.8699951171875,-65.0
5.542446618000213,-64.8699951171875,-65.0
5.544202732000485,-64.8699951171875,-65.0
5.545952739999848,-64.8699951171875,-65.0
5.5476960060004785,-64.8699951171875,-65.0
5.549448300000222,-64.8699951171875,-65.0
5.551201176000177,-64.8699951171875,-65.0
5.5529602289998365,-64.8699951171875,-65.0
5.554695101000107,-64.8699951171875,-65.0
5.556452736999745,-64.8699951171875,-65.0
5.558208737000314,-64.8699951171875,-65.0
5.559949813999992,-64.8699951171875,-65.0
5.5617098239999905,-64.8699951171875,-65.0
5.563445458999922,-64.8699951171875,-65.0
5.565213648999816,-64.8699951171875,-65.0
5.566951894999875,-64.8699951171875,-65.0
5.568698303000019,-64.8699951171875,-65.0
5.570449435000228,-64.8699951171875,-65.0
5.572201978000521,-64.8699951171875,-65.0
5.5739563400002226,-64.8699951171875,-65.0
5.575696699999753,-64.8699951171875,-65.0
5.5774534749998566,-64.8699951171875,-65.0
5.5792052220003825,-64.8699951171875,-65.0
5.5809494060004,-64.8699951171875,-65.0
5.582704409999678,-64.8699951171875,-65.0
5.584441533000245,-64.8699951171875,-65.0
5.586208587999863,-64.8699951171875,-65.0
5.587954788999923,-64.8699951171875,-65.0
5.589709149000555,-64.8699951171875,-65.0
5.5914456299997255,-64.8699951171875,-65.0
5.59320165400004,-64.8699951171875,-65.0
5.594959136000398,-64.8699951171875,-65.0
5.596704827999929,-64.8699951171875,-65.0
5.598451994000243,-64.8699951171875,-65.0
5.600195967000218,-64.8699951171875,-65.0
5.601950236000448,-64.8699951171875,-65.0
5.603708231999917,-64.8699951171875,-65.0
5.605445488999976,-64.8699951171875,-65.0
5.607209587000398,-64.8699951171875,-65.0
5.608954584999992,-64.8699951171875,-65.0
5.6107096430005186,-64.8699951171875,-65.0
5.612476754000454,-64.8699951171875,-65.0
5.614199002000532,-64.8699951171875,-65.0
5.615978118999919,-64.8699951171875,-65.0
5.617700433000209,-64.8699951171875,-65.0
5.61946872200042,-64.8699951171875,-65.0
5.621224358999825,-64.8699951171875,-65.0
5.6229517609999675,-64.8699951171875,-65.0
5.624729340999693,-64.8699951171875,-65.0
5.626472979000027,-64.8699951171875,-65.0
5.628230389999771,-64.8699951171875,-65.0
5.6299509380005475,-64.8699951171875,-65.0
5.631721575000483,-64.8699951171875,-65.0
5.633468060999803,-64.8699951171875,-65.0
5.635230089999823,-64.8699951171875,-65.0
5.636978192999777,-64.8699951171875,-65.0
5.638722030999816,-64.8699951171875,-65.0
5.640469984000447,-64.8699951171875,-65.0
5.642225129000508,-64.8699951171875,-65.0
5.643972978999955,-64.8699951171875,-65.0
5.645722774000205,-64.8699951171875,-65.0
5.6474642780003705,-64.8699951171875,-65.0
5.649227699999756,-64.8699951171875,-65.0
5.6509758450001755,-64.8699951171875,-65.0
5.652722962000553,-64.8699951171875,-65.0
5.654468001000168,-64.8699951171875,-65.0
5.656229942999744,-64.8699951171875,-65.0
5.657973676999973,-64.8699951171875,-65.0
5.659719760000371,-64.8699951171875,-65.0
5.6614714899997125,-64.8699951171875,-65.0
5.663226575999943,-64.8699951171875,-65.0
5.664972647000468,-64.8699951171875,-65.0
5.666713567000443,-64.8699951171875,-65.0
5.668470728000102,-64.8699951171875,-65.0
5.670232033000502,-64.8699951171875,-65.0
5.671966322000117,-64.8699951171875,-65.0
5.673730723000517,-64.8699951171875,-65.0
5.675468880000153,-64.8699951171875,-65.0
5.6772318430003,-64.8699951171875,-65.0
5.678974315000232,-64.8699951171875,-65.0
5.680720688999827,-64.8699951171875,-65.0
5.682471424999676,-64.8699951171875,-65.0
5.731509131999701,-64.8699951171875,-65.0
5.733287598000061,-64.8699951171875,-65.0
5.734980809999797,-64.8699951171875,-65.0
5.736748153000008,-64.8699951171875,-65.0
5.7384909700003846,-64.8699951171875,-65.0
5.740248615999917,-64.8699951171875,-65.0
5.741998073000104,-64.8699951171875,-65.0
5.743844677000197,-64.8699951171875,-65.0
5.745839440000054,-64.8699951171875,-65.0
5.747850644000209,-64.8699951171875,-65.0
5.749600119000206,-64.8699951171875,-65.0
5.751348220999716,-64.8699951171875,-65.0
5.753095529000348,-64.8699951171875,-65.0
5.754839922999963,-64.8699951171875,-65.0
5.756604447000427,-64.8699951171875,-65.0
5.758350275000339,-64.8699951171875,-65.0
5.760375884000496,-64.8699951171875,-65.0
5.762092873999791,-64.8699951171875,-65.0
5.763839146000464,-64.8699951171875,-65.0
5.765602751999722,-64.8699951171875,-65.0
5.76734549899993,-64.8699951171875,-65.0
5.7690956389997154,-64.8699951171875,-65.0
5.770862833999672,-64.8699951171875,-65.0
5.772838398000204,-64.8699951171875,-65.0
5.774607293999907,-64.8699951171875,-65.0
5.776347285999691,-64.8699951171875,-65.0
5.778101982000408,-64.8699951171875,-65.0
5.779845095999917,-64.8699951171875,-65.0
5.781602081000528,-64.8699951171875,-65.0
5.783354883999891,-64.8699951171875,-65.0
5.785093757000141,-64.8699951171875,-65.0
5.786843224999757,-64.8699951171875,-65.0
5.78859924399967,-64.8699951171875,-65.0
5.790598442999908,-64.8699951171875,-65.0
5.792337804000454,-64.8699951171875,-65.0
5.794118667000475,-64.8699951171875,-65.0
5.795837303000553,-64.8699951171875,-65.0
5.797588061999704,-64.8699951171875,-65.0
5.799345891000485,-64.8699951171875,-65.0
5.80101947500043,-64.8699951171875,-65.0
5.802756076999685,-64.8699951171875,-65.0
5.804487092999807,-64.8699951171875,-65.0
5.806251085999975,-64.8699951171875,-65.0
5.808003490000374,-64.8699951171875,-65.0
5.809748433000095,-64.8699951171875,-65.0
5.811501813999712,-64.8699951171875,-65.0
5.813240786999813,-64.8699951171875,-65.0
5.815003382000214,-64.8699951171875,-65.0
5.816757755999788,-64.8699951171875,-65.0
5.818484166000417,-64.8699951171875,-65.0
5.820251543999802,-64.8699951171875,-65.0
5.822001135999926,-64.8699951171875,-65.0
5.823770951999904,-64.8699951171875,-65.0
5.825508984999942,-64.8699951171875,-65.0
5.827298412000346,-64.8699951171875,-65.0
5.829013274000317,-64.8699951171875,-65.0
5.83076620599968,-64.8699951171875,-65.0
5.832520873000249,-64.8699951171875,-65.0
5.834271190999971,-64.8699951171875,-65.0
5.836081084000398,-64.8699951171875,-65.0
5.837828949000141,-64.8699951171875,-65.0
5.8396186840000155,-64.8699951171875,-65.0
5.841596181000568,-64.8699951171875,-65.0
5.843298210999819,-64.8699951171875,-65.0
5.845092356999885,-64.8699951171875,-65.0
5.846838659000241,-64.8699951171875,-65.0
5.848536944999978,-64.8699951171875,-65.0
5.8503932200001145,-64.8699951171875,-65.0
5.852390216000458,-64.8699951171875,-65.0
5.854106001999753,-64.8699951171875,-65.0
5.8557980860005046,-64.8699951171875,-65.0
5.857537450000564,-64.8699951171875,-65.0
5.859270773999924,-64.8699951171875,-65.0
5.8611281310004415,-64.8699951171875,-65.0
5.862845644000117,-64.8699951171875,-65.0
5.86461525499999,-64.8699951171875,-65.0
5.8663642910005365,-64.8699951171875,-65.0
5.868383212000481,-64.8699951171875,-65.0
5.870086693000303,-64.8699951171875,-65.0
5.871833223000067,-64.8699951171875,-65.0
5.873585098999683,-64.8699951171875,-65.0
5.875396831999751,-64.8699951171875,-65.0
5.877114279000125,-64.8699951171875,-65.0
5.878855597999973,-64.8699951171875,-65.0
5.880557346000387,-64.8699951171875,-65.0
5.882377038999948,-64.8699951171875,-65.0
5.884113056999922,-64.8699951171875,-65.0
5.88589462300024,-64.8699951171875,-65.0
5.887872576000518,-64.8699951171875,-65.0
5.889848013000119,-64.8699951171875,-65.0
5.891861685000549,-64.8699951171875,-65.0
5.8935980850001215,-64.8699951171875,-65.0
5.895401790000506,-64.8699951171875,-65.0
5.8971149959998,-64.8699951171875,-65.0
5.898869051000474,-64.8699951171875,-65.0
5.900604242000554,-64.8699951171875,-65.0
5.902402237000388,-64.8699951171875,-65.0
5.9041160859997035,-64.8699951171875,-65.0
5.905870286999743,-64.8699951171875,-65.0
5.907586956999694,-64.8699951171875,-65.0
5.909401875000185,-64.8699951171875,-65.0
5.911118075000559,-64.8699951171875,-65.0
5.913115467999887,-64.8699951171875,-65.0
5.914878390000013,-64.8699951171875,-65.0
5.916625038000348,-64.8699951171875,-65.0
5.9183041819997015,-64.8699951171875,-65.0
5.9200279149999915,-64.8699951171875,-65.0
5.9217558540003665,-64.8699951171875,-65.0
5.92370509400007,-64.8699951171875,-65.0
5.925604846999704,-64.8699951171875,-65.0
5.927406282999982,-64.8699951171875,-65.0
5.929440148999674,-64.8699951171875,-65.0
5.9312034960003075,-64.8699951171875,-65.0
5.9328528500000175,-64.8699951171875,-65.0
5.934583461000329,-64.8699951171875,-65.0
5.936369121000098,-64.8699951171875,-65.0
5.938383618999978,-64.8699951171875,-65.0
5.940107502000501,-64.8699951171875,-65.0
5.942140320000362,-64.8699951171875,-65.0
5.9438331950004795,-64.8699951171875,-65.0
5.945595072999822,-64.8699951171875,-65.0
5.947362746000181,-64.8699951171875,-65.0
5.949361259000398,-64.8699951171875,-65.0
5.9510614430000714,-64.8699951171875,-65.0
5.953124882999873,-64.8699951171875,-65.0
5.954887982999935,-64.8699951171875,-65.0
5.9565814130000945,-64.8699951171875,-65.0
5.958382134000203,-64.8699951171875,-65.0
5.960358608000206,-64.8699951171875,-65.0
5.962109590999717,-64.8699951171875,-65.0
5.96410709599968,-64.8699951171875,-65.0
5.9658103860001575,-64.8699951171875,-65.0
5.967530798000553,-64.8699951171875,-65.0
5.969279926000127,-64.8699951171875,-65.0
5.971027702000356,-64.8699951171875,-65.0
5.9727852050000365,-64.8699951171875,-65.0
5.9745430370003305,-64.8699951171875,-65.0
5.976317602000563,-64.8699951171875,-65.0
5.978031784999985,-64.8699951171875,-65.0
5.979786177000278,-64.8699951171875,-65.0
5.9815287130004435,-64.8699951171875,-65.0
5.983283166000547,-64.8699951171875,-65.0
5.985037389000354,-64.8699951171875,-65.0
5.986784544000329,-64.8699951171875,-65.0
5.988527325000177,-64.8699951171875,-65.0
5.9902916290002395,-64.8699951171875,-65.0
5.992038856000363,-64.8699951171875,-65.0
5.993779670000549,-64.8699951171875,-65.0
5.995526853000229,-64.8699951171875,-65.0
5.997287697000502,-64.8699951171875,-65.0
5.999034104999737,-64.8699951171875,-65.0
