  0.00	  0.00	  0.00	  0.00	  0.00	  0.00	  0.00	  0.00	  0.00	  0.00	  0.00	  0.00	  0.00	  0.00	
 -0.00	  0.15	 -0.03	 -0.00	  0.15	 -0.03	 -0.00	  0.49	 -0.07	 -0.42	 -0.00	  0.49	 -0.07	 -0.42	
 -0.00	  0.15	 -0.02	 -0.00	  0.15	 -0.02	 -0.00	  0.49	 -0.07	 -0.42	 -0.00	  0.49	 -0.07	 -0.42	
 -0.00	  0.15	 -0.02	 -0.00	  0.15	 -0.02	 -0.00	  0.49	 -0.07	 -0.43	 -0.00	  0.49	 -0.07	 -0.43	
 -0.00	  0.15	 -0.02	 -0.00	  0.15	 -0.02	 -0.00	  0.50	 -0.07	 -0.43	 -0.00	  0.50	 -0.07	 -0.43	
 -0.00	  0.15	 -0.02	 -0.00	  0.15	 -0.02	 -0.00	  0.50	 -0.07	 -0.43	 -0.00	  0.50	 -0.07	 -0.43	
 -0.00	  0.15	 -0.02	 -0.00	  0.15	 -0.02	 -0.00	  0.50	 -0.07	 -0.43	 -0.00	  0.50	 -0.07	 -0.43	
 -0.00	  0.16	 -0.02	 -0.00	  0.16	 -0.02	 -0.00	  0.50	 -0.07	 -0.43	 -0.00	  0.50	 -0.07	 -0.43	
 -0.00	  0.16	 -0.02	 -0.00	  0.16	 -0.02	 -0.00	  0.50	 -0.07	 -0.43	 -0.00	  0.50	 -0.07	 -0.43	
 -0.00	  0.16	 -0.02	 -0.00	  0.16	 -0.02	 -0.00	  0.51	 -0.07	 -0.43	 -0.00	  0.51	 -0.07	 -0.43	
 -0.00	  0.16	 -0.02	 -0.00	  0.16	 -0.02	 -0.00	  0.51	 -0.07	 -0.43	 -0.00	  0.51	 -0.07	 -0.43	
 -0.00	  0.16	 -0.02	 -0.00	  0.16	 -0.02	 -0.00	  0.51	 -0.07	 -0.44	 -0.00	  0.51	 -0.07	 -0.44	
 -0.00	  0.16	 -0.02	 -0.00	  0.16	 -0.02	 -0.00	  0.51	 -0.07	 -0.44	 -0.00	  0.51	 -0.07	 -0.44	
 -0.00	  0.16	 -0.02	 -0.00	  0.16	 -0.02	 -0.00	  0.51	 -0.07	 -0.44	 -0.00	  0.51	 -0.07	 -0.44	
 -0.00	  0.16	 -0.02	 -0.00	  0.16	 -0.02	 -0.00	  0.51	 -0.07	 -0.44	 -0.00	  0.51	 -0.07	 -0.44	
 -0.00	  0.16	 -0.02	 -0.00	  0.16	 -0.02	 -0.00	  0.52	 -0.08	 -0.44	 -0.00	  0.52	 -0.08	 -0.44	
 -0.00	  0.16	 -0.02	 -0.00	  0.16	 -0.02	 -0.00	  0.52	 -0.08	 -0.44	 -0.00	  0.52	 -0.08	 -0.44	
 -0.00	  0.16	 -0.02	 -0.00	  0.16	 -0.02	 -0.00	  0.52	 -0.08	 -0.44	 -0.00	  0.52	 -0.08	 -0.44	
 -0.00	  0.16	 -0.02	 -0.00	  0.16	 -0.02	 -0.00	  0.52	 -0.08	 -0.44	 -0.00	  0.52	 -0.08	 -0.44	
 -0.00	  0.16	 -0.02	 -0.00	  0.16	 -0.02	 -0.00	  0.52	 -0.08	 -0.44	 -0.00	  0.52	 -0.08	 -0.44	
 -0.00	  0.16	 -0.02	 -0.00	  0.16	 -0.02	 -0.00	  0.52	 -0.08	 -0.45	 -0.00	  0.52	 -0.08	 -0.45	
 -0.00	  0.16	 -0.02	 -0.00	  0.16	 -0.02	 -0.00	  0.53	 -0.08	 -0.45	 -0.00	  0.53	 -0.08	 -0.45	
 -0.00	  0.16	 -0.02	 -0.00	  0.16	 -0.02	 -0.00	  0.53	 -0.08	 -0.45	 -0.00	  0.53	 -0.08	 -0.45	
 -0.00	  0.16	 -0.02	 -0.00	  0.16	 -0.02	 -0.00	  0.53	 -0.08	 -0.45	 -0.00	  0.53	 -0.08	 -0.45	
 -0.00	  0.16	 -0.02	 -0.00	  0.16	 -0.02	 -0.00	  0.53	 -0.08	 -0.45	 -0.00	  0.53	 -0.08	 -0.45	
 -0.00	  0.16	 -0.02	 -0.00	  0.16	 -0.02	 -0.00	  0.53	 -0.08	 -0.45	 -0.00	  0.53	 -0.08	 -0.45	
 -0.00	  0.16	 -0.02	 -0.00	  0.16	 -0.02	 -0.00	  0.53	 -0.08	 -0.45	 -0.00	  0.53	 -0.08	 -0.45	
 -0.00	  0.16	 -0.02	 -0.00	  0.16	 -0.02	 -0.00	  0.54	 -0.08	 -0.45	 -0.00	  0.54	 -0.08	 -0.45	
 -0.00	  0.16	 -0.02	 -0.00	  0.16	 -0.02	 -0.00	  0.54	 -0.08	 -0.45	 -0.00	  0.54	 -0.08	 -0.45	
 -0.00	  0.16	 -0.02	 -0.00	  0.16	 -0.02	 -0.00	  0.54	 -0.08	 -0.46	 -0.00	  0.54	 -0.08	 -0.46	
 -0.00	  0.16	 -0.02	 -0.00	  0.16	 -0.02	 -0.00	  0.54	 -0.08	 -0.46	 -0.00	  0.54	 -0.08	 -0.46	
 -0.00	  0.16	 -0.02	 -0.00	  0.16	 -0.02	 -0.00	  0.54	 -0.08	 -0.46	 -0.00	  0.54	 -0.08	 -0.46	
 -0.00	  0.17	 -0.02	 -0.00	  0.17	 -0.02	 -0.00	  0.54	 -0.08	 -0.46	 -0.00	  0.54	 -0.08	 -0.46	
 -0.00	  0.17	 -0.02	 -0.00	  0.17	 -0.02	 -0.00	  0.55	 -0.09	 -0.46	 -0.00	  0.55	 -0.09	 -0.46	
 -0.00	  0.17	 -0.02	 -0.00	  0.17	 -0.02	 -0.00	  0.55	 -0.09	 -0.46	 -0.00	  0.55	 -0.09	 -0.46	
 -0.00	  0.17	 -0.02	 -0.00	  0.17	 -0.02	 -0.00	  0.55	 -0.09	 -0.46	 -0.00	  0.55	 -0.09	 -0.46	
 -0.00	  0.17	 -0.02	 -0.00	  0.17	 -0.02	 -0.00	  0.55	 -0.09	 -0.46	 -0.00	  0.55	 -0.09	 -0.46	
 -0.00	  0.17	 -0.02	 -0.00	  0.17	 -0.02	 -0.00	  0.55	 -0.09	 -0.46	 -0.00	  0.55	 -0.09	 -0.46	
 -0.00	  0.17	 -0.02	 -0.00	  0.17	 -0.02	 -0.00	  0.55	 -0.09	 -0.47	 -0.00	  0.55	 -0.09	 -0.47	
 -0.00	  0.17	 -0.02	 -0.00	  0.17	 -0.02	 -0.00	  0.55	 -0.09	 -0.47	 -0.00	  0.55	 -0.09	 -0.47	
 -0.00	  0.17	 -0.02	 -0.00	  0.17	 -0.02	 -0.00	  0.56	 -0.09	 -0.47	 -0.00	  0.56	 -0.09	 -0.47	
 -0.00	  0.17	 -0.02	 -0.00	  0.17	 -0.02	 -0.00	  0.56	 -0.09	 -0.47	 -0.00	  0.56	 -0.09	 -0.47	
 -0.00	  0.17	 -0.02	 -0.00	  0.17	 -0.02	 -0.00	  0.56	 -0.09	 -0.47	 -0.00	  0.56	 -0.09	 -0.47	
 -0.00	  0.17	 -0.02	 -0.00	  0.17	 -0.02	 -0.00	  0.56	 -0.09	 -0.47	 -0.00	  0.56	 -0.09	 -0.47	
 -0.00	  0.17	 -0.02	 -0.00	  0.17	 -0.02	 -0.00	  0.56	 -0.09	 -0.47	 -0.00	  0.56	 -0.09	 -0.47	
 -0.00	  0.17	 -0.02	 -0.00	  0.17	 -0.02	 -0.00	  0.56	 -0.09	 -0.47	 -0.00	  0.56	 -0.09	 -0.47	
 -0.00	  0.17	 -0.02	 -0.00	  0.17	 -0.02	 -0.00	  0.57	 -0.09	 -0.47	 -0.00	  0.57	 -0.09	 -0.47	
 -0.00	  0.17	 -0.02	 -0.00	  0.17	 -0.02	 -0.00	  0.57	 -0.09	 -0.47	 -0.00	  0.57	 -0.09	 -0.47	
 -0.00	  0.17	 -0.02	 -0.00	  0.17	 -0.02	 -0.00	  0.57	 -0.09	 -0.47	 -0.00	  0.57	 -0.09	 -0.47	
 -0.00	  0.17	 -0.02	 -0.00	  0.17	 -0.02	 -0.00	  0.57	 -0.09	 -0.48	 -0.00	  0.57	 -0.09	 -0.48	
 -0.00	  0.17	 -0.02	 -0.00	  0.17	 -0.02	 -0.00	  0.57	 -0.09	 -0.48	 -0.00	  0.57	 -0.09	 -0.48	
 -0.00	  0.17	 -0.02	 -0.00	  0.17	 -0.02	 -0.00	  0.57	 -0.10	 -0.48	 -0.00	  0.57	 -0.10	 -0.48	
 -0.00	  0.17	 -0.02	 -0.00	  0.17	 -0.02	 -0.00	  0.57	 -0.10	 -0.48	 -0.00	  0.57	 -0.10	 -0.48	
 -0.00	  0.17	 -0.02	 -0.00	  0.17	 -0.02	 -0.00	  0.58	 -0.10	 -0.48	 -0.00	  0.58	 -0.10	 -0.48	
 -0.00	  0.17	 -0.02	 -0.00	  0.17	 -0.02	 -0.00	  0.58	 -0.10	 -0.48	 -0.00	  0.58	 -0.10	 -0.48	
 -0.00	  0.17	 -0.02	 -0.00	  0.17	 -0.02	 -0.00	  0.58	 -0.10	 -0.48	 -0.00	  0.58	 -0.10	 -0.48	
 -0.00	  0.17	 -0.02	 -0.00	  0.17	 -0.02	 -0.00	  0.58	 -0.10	 -0.48	 -0.00	  0.58	 -0.10	 -0.48	
 -0.00	  0.17	 -0.02	 -0.00	  0.17	 -0.02	 -0.00	  0.58	 -0.10	 -0.48	 -0.00	  0.58	 -0.10	 -0.48	
 -0.00	  0.17	 -0.02	 -0.00	  0.17	 -0.02	 -0.00	  0.58	 -0.10	 -0.48	 -0.00	  0.58	 -0.10	 -0.48	
 -0.00	  0.17	 -0.02	 -0.00	  0.17	 -0.02	 -0.00	  0.58	 -0.10	 -0.48	 -0.00	  0.58	 -0.10	 -0.48	
 -0.00	  0.18	 -0.02	 -0.00	  0.18	 -0.02	 -0.00	  0.58	 -0.10	 -0.48	 -0.00	  0.58	 -0.10	 -0.48	
 -0.00	  0.18	 -0.02	 -0.00	  0.18	 -0.02	 -0.00	  0.59	 -0.10	 -0.49	 -0.00	  0.59	 -0.10	 -0.49	
 -0.00	  0.18	 -0.02	 -0.00	  0.18	 -0.02	 -0.00	  0.59	 -0.10	 -0.49	 -0.00	  0.59	 -0.10	 -0.49	
 -0.00	  0.18	 -0.02	 -0.00	  0.18	 -0.02	 -0.00	  0.59	 -0.10	 -0.49	 -0.00	  0.59	 -0.10	 -0.49	
 -0.00	  0.18	 -0.02	 -0.00	  0.18	 -0.02	 -0.00	  0.59	 -0.10	 -0.49	 -0.00	  0.59	 -0.10	 -0.49	
 -0.00	  0.18	 -0.02	 -0.00	  0.18	 -0.02	 -0.00	  0.59	 -0.10	 -0.49	 -0.00	  0.59	 -0.10	 -0.49	
 -0.00	  0.18	 -0.02	 -0.00	  0.18	 -0.02	 -0.00	  0.59	 -0.10	 -0.49	 -0.00	  0.59	 -0.10	 -0.49	
 -0.00	  0.18	 -0.02	 -0.00	  0.18	 -0.02	 -0.00	  0.59	 -0.10	 -0.49	 -0.00	  0.59	 -0.10	 -0.49	
 -0.00	  0.18	 -0.02	 -0.00	  0.18	 -0.02	 -0.00	  0.60	 -0.10	 -0.49	 -0.00	  0.60	 -0.10	 -0.49	
 -0.00	  0.18	 -0.02	 -0.00	  0.18	 -0.02	 -0.00	  0.60	 -0.11	 -0.49	 -0.00	  0.60	 -0.11	 -0.49	
 -0.00	  0.18	 -0.02	 -0.00	  0.18	 -0.02	 -0.00	  0.60	 -0.11	 -0.49	 -0.00	  0.60	 -0.11	 -0.49	
 -0.00	  0.18	 -0.02	 -0.00	  0.18	 -0.02	 -0.00	  0.60	 -0.11	 -0.49	 -0.00	  0.60	 -0.11	 -0.49	
 -0.00	  0.18	 -0.02	 -0.00	  0.18	 -0.02	 -0.00	  0.60	 -0.11	 -0.49	 -0.00	  0.60	 -0.11	 -0.49	
 -0.00	  0.18	 -0.01	 -0.00	  0.18	 -0.01	 -0.00	  0.60	 -0.11	 -0.49	 -0.00	  0.60	 -0.11	 -0.49	
 -0.00	  0.18	 -0.01	 -0.00	  0.18	 -0.01	 -0.00	  0.60	 -0.11	 -0.49	 -0.00	  0.60	 -0.11	 -0.49	
 -0.00	  0.18	 -0.01	 -0.00	  0.18	 -0.01	 -0.00	  0.60	 -0.11	 -0.50	 -0.00	  0.60	 -0.11	 -0.50	
 -0.00	  0.18	 -0.01	 -0.00	  0.18	 -0.01	 -0.00	  0.61	 -0.11	 -0.50	 -0.00	  0.61	 -0.11	 -0.50	
 -0.00	  0.18	 -0.01	 -0.00	  0.18	 -0.01	 -0.00	  0.61	 -0.11	 -0.50	 -0.00	  0.61	 -0.11	 -0.50	
 -0.00	  0.18	 -0.01	 -0.00	  0.18	 -0.01	 -0.00	  0.61	 -0.11	 -0.50	 -0.00	  0.61	 -0.11	 -0.50	
 -0.00	  0.18	 -0.01	 -0.00	  0.18	 -0.01	 -0.00	  0.61	 -0.11	 -0.50	 -0.00	  0.61	 -0.11	 -0.50	
 -0.00	  0.18	 -0.01	 -0.00	  0.18	 -0.01	 -0.00	  0.61	 -0.11	 -0.50	 -0.00	  0.61	 -0.11	 -0.50	
 -0.00	  0.18	 -0.01	 -0.00	  0.18	 -0.01	 -0.00	  0.61	 -0.11	 -0.50	 -0.00	  0.61	 -0.11	 -0.50	
 -0.00	  0.18	 -0.01	 -0.00	  0.18	 -0.01	 -0.00	  0.61	 -0.11	 -0.50	 -0.00	  0.61	 -0.11	 -0.50	
 -0.00	  0.18	 -0.01	 -0.00	  0.18	 -0.01	 -0.00	  0.61	 -0.11	 -0.50	 -0.00	  0.61	 -0.11	 -0.50	
 -0.00	  0.18	 -0.01	 -0.00	  0.18	 -0.01	 -0.00	  0.61	 -0.11	 -0.50	 -0.00	  0.61	 -0.11	 -0.50	
 -0.00	  0.18	 -0.01	 -0.00	  0.18	 -0.01	 -0.00	  0.62	 -0.11	 -0.50	 -0.00	  0.62	 -0.11	 -0.50	
 -0.00	  0.18	 -0.01	 -0.00	  0.18	 -0.01	 -0.00	  0.62	 -0.11	 -0.50	 -0.00	  0.62	 -0.11	 -0.50	
 -0.00	  0.18	 -0.01	 -0.00	  0.18	 -0.01	 -0.00	  0.62	 -0.11	 -0.50	 -0.00	  0.62	 -0.11	 -0.50	
 -0.00	  0.18	 -0.01	 -0.00	  0.18	 -0.01	 -0.00	  0.62	 -0.12	 -0.50	 -0.00	  0.62	 -0.12	 -0.50	
 -0.00	  0.18	 -0.01	 -0.00	  0.18	 -0.01	 -0.00	  0.62	 -0.12	 -0.50	 -0.00	  0.62	 -0.12	 -0.50	
 -0.00	  0.18	 -0.01	 -0.00	  0.18	 -0.01	 -0.00	  0.62	 -0.12	 -0.50	 -0.00	  0.62	 -0.12	 -0.50	
 -0.00	  0.18	 -0.01	 -0.00	  0.18	 -0.01	 -0.00	  0.62	 -0.12	 -0.51	 -0.00	  0.62	 -0.12	 -0.51	
 -0.00	  0.18	 -0.01	 -0.00	  0.18	 -0.01	 -0.00	  0.62	 -0.12	 -0.51	 -0.00	  0.62	 -0.12	 -0.51	
 -0.00	  0.18	 -0.01	 -0.00	  0.18	 -0.01	 -0.00	  0.62	 -0.12	 -0.51	 -0.00	  0.62	 -0.12	 -0.51	
 -0.00	  0.18	 -0.01	 -0.00	  0.18	 -0.01	 -0.00	  0.63	 -0.12	 -0.51	 -0.00	  0.63	 -0.12	 -0.51	
 -0.00	  0.19	 -0.01	 -0.00	  0.19	 -0.01	 -0.00	  0.63	 -0.12	 -0.51	 -0.00	  0.63	 -0.12	 -0.51	
 -0.00	  0.19	 -0.01	 -0.00	  0.19	 -0.01	 -0.00	  0.63	 -0.12	 -0.51	 -0.00	  0.63	 -0.12	 -0.51	
 -0.00	  0.19	 -0.01	 -0.00	  0.19	 -0.01	 -0.00	  0.63	 -0.12	 -0.51	 -0.00	  0.63	 -0.12	 -0.51	
 -0.00	  0.19	 -0.01	 -0.00	  0.19	 -0.01	 -0.00	  0.63	 -0.12	 -0.51	 -0.00	  0.63	 -0.12	 -0.51	
 -0.00	  0.19	 -0.01	 -0.00	  0.19	 -0.01	 -0.00	  0.63	 -0.12	 -0.51	 -0.00	  0.63	 -0.12	 -0.51	
 -0.00	  0.19	 -0.01	 -0.00	  0.19	 -0.01	 -0.00	  0.63	 -0.12	 -0.51	 -0.00	  0.63	 -0.12	 -0.51	
 -0.00	  0.19	 -0.01	 -0.00	  0.19	 -0.01	 -0.00	  0.63	 -0.12	 -0.51	 -0.00	  0.63	 -0.12	 -0.51	
 -0.00	  0.19	 -0.01	 -0.00	  0.19	 -0.01	 -0.00	  0.63	 -0.12	 -0.51	 -0.00	  0.63	 -0.12	 -0.51	
 -0.00	  0.19	 -0.01	 -0.00	  0.19	 -0.01	 -0.00	  0.63	 -0.12	 -0.51	 -0.00	  0.63	 -0.12	 -0.51	
 -0.00	  0.19	 -0.01	 -0.00	  0.19	 -0.01	 -0.00	  0.64	 -0.12	 -0.51	 -0.00	  0.64	 -0.12	 -0.51	
 -0.00	  0.19	 -0.01	 -0.00	  0.19	 -0.01	 -0.00	  0.64	 -0.12	 -0.51	 -0.00	  0.64	 -0.12	 -0.51	
 -0.00	  0.19	 -0.01	 -0.00	  0.19	 -0.01	 -0.00	  0.64	 -0.13	 -0.51	 -0.00	  0.64	 -0.13	 -0.51	
 -0.00	  0.19	 -0.01	 -0.00	  0.19	 -0.01	 -0.00	  0.64	 -0.13	 -0.51	 -0.00	  0.64	 -0.13	 -0.51	
 -0.00	  0.19	 -0.01	 -0.00	  0.19	 -0.01	 -0.00	  0.64	 -0.13	 -0.51	 -0.00	  0.64	 -0.13	 -0.51	
 -0.00	  0.19	 -0.01	 -0.00	  0.19	 -0.01	 -0.00	  0.64	 -0.13	 -0.51	 -0.00	  0.64	 -0.13	 -0.51	
 -0.00	  0.19	 -0.01	 -0.00	  0.19	 -0.01	 -0.00	  0.64	 -0.13	 -0.51	 -0.00	  0.64	 -0.13	 -0.51	
 -0.00	  0.19	 -0.01	 -0.00	  0.19	 -0.01	 -0.00	  0.64	 -0.13	 -0.51	 -0.00	  0.64	 -0.13	 -0.51	
 -0.00	  0.19	 -0.01	 -0.00	  0.19	 -0.01	 -0.00	  0.64	 -0.13	 -0.51	 -0.00	  0.64	 -0.13	 -0.51	
 -0.00	  0.19	 -0.01	 -0.00	  0.19	 -0.01	 -0.00	  0.64	 -0.13	 -0.51	 -0.00	  0.64	 -0.13	 -0.51	
 -0.00	  0.19	 -0.01	 -0.00	  0.19	 -0.01	 -0.00	  0.64	 -0.13	 -0.52	 -0.00	  0.64	 -0.13	 -0.52	
 -0.00	  0.19	 -0.01	 -0.00	  0.19	 -0.01	 -0.00	  0.65	 -0.13	 -0.52	 -0.00	  0.65	 -0.13	 -0.52	
 -0.00	  0.19	 -0.01	 -0.00	  0.19	 -0.01	 -0.00	  0.65	 -0.13	 -0.52	 -0.00	  0.65	 -0.13	 -0.52	
 -0.00	  0.19	 -0.01	 -0.00	  0.19	 -0.01	 -0.00	  0.65	 -0.13	 -0.52	 -0.00	  0.65	 -0.13	 -0.52	
 -0.00	  0.19	 -0.01	 -0.00	  0.19	 -0.01	 -0.00	  0.65	 -0.13	 -0.52	 -0.00	  0.65	 -0.13	 -0.52	
 -0.00	  0.19	 -0.01	 -0.00	  0.19	 -0.01	 -0.00	  0.65	 -0.13	 -0.52	 -0.00	  0.65	 -0.13	 -0.52	
 -0.00	  0.19	 -0.01	 -0.00	  0.19	 -0.01	 -0.00	  0.65	 -0.13	 -0.52	 -0.00	  0.65	 -0.13	 -0.52	
 -0.00	  0.19	 -0.01	 -0.00	  0.19	 -0.01	 -0.00	  0.65	 -0.13	 -0.52	 -0.00	  0.65	 -0.13	 -0.52	
 -0.00	  0.19	 -0.01	 -0.00	  0.19	 -0.01	 -0.00	  0.65	 -0.13	 -0.52	 -0.00	  0.65	 -0.13	 -0.52	
 -0.00	  0.19	 -0.01	 -0.00	  0.19	 -0.01	 -0.00	  0.65	 -0.13	 -0.52	 -0.00	  0.65	 -0.13	 -0.52	
 -0.00	  0.19	 -0.01	 -0.00	  0.19	 -0.01	 -0.00	  0.65	 -0.13	 -0.52	 -0.00	  0.65	 -0.13	 -0.52	
 -0.00	  0.19	 -0.01	 -0.00	  0.19	 -0.01	 -0.00	  0.65	 -0.14	 -0.52	 -0.00	  0.65	 -0.14	 -0.52	
 -0.00	  0.19	 -0.01	 -0.00	  0.19	 -0.01	 -0.00	  0.65	 -0.14	 -0.52	 -0.00	  0.65	 -0.14	 -0.52	
 -0.00	  0.19	 -0.00	 -0.00	  0.19	 -0.00	 -0.00	  0.66	 -0.14	 -0.52	 -0.00	  0.66	 -0.14	 -0.52	
 -0.00	  0.19	 -0.00	 -0.00	  0.19	 -0.00	 -0.00	  0.66	 -0.14	 -0.52	 -0.00	  0.66	 -0.14	 -0.52	
 -0.00	  0.19	 -0.00	 -0.00	  0.19	 -0.00	 -0.00	  0.66	 -0.14	 -0.52	 -0.00	  0.66	 -0.14	 -0.52	
 -0.00	  0.19	 -0.00	 -0.00	  0.19	 -0.00	 -0.00	  0.66	 -0.14	 -0.52	 -0.00	  0.66	 -0.14	 -0.52	
 -0.00	  0.19	 -0.00	 -0.00	  0.19	 -0.00	 -0.00	  0.66	 -0.14	 -0.52	 -0.00	  0.66	 -0.14	 -0.52	
 -0.00	  0.19	 -0.00	 -0.00	  0.19	 -0.00	 -0.00	  0.66	 -0.14	 -0.52	 -0.00	  0.66	 -0.14	 -0.52	
 -0.00	  0.19	 -0.00	 -0.00	  0.19	 -0.00	 -0.00	  0.66	 -0.14	 -0.52	 -0.00	  0.66	 -0.14	 -0.52	
 -0.00	  0.19	 -0.00	 -0.00	  0.19	 -0.00	 -0.00	  0.66	 -0.14	 -0.52	 -0.00	  0.66	 -0.14	 -0.52	
 -0.00	  0.19	 -0.00	 -0.00	  0.19	 -0.00	 -0.00	  0.66	 -0.14	 -0.52	 -0.00	  0.66	 -0.14	 -0.52	
 -0.00	  0.19	 -0.00	 -0.00	  0.19	 -0.00	 -0.00	  0.66	 -0.14	 -0.52	 -0.00	  0.66	 -0.14	 -0.52	
 -0.00	  0.19	 -0.00	 -0.00	  0.19	 -0.00	 -0.00	  0.66	 -0.14	 -0.52	 -0.00	  0.66	 -0.14	 -0.52	
 -0.00	  0.19	 -0.00	 -0.00	  0.19	 -0.00	 -0.00	  0.66	 -0.14	 -0.52	 -0.00	  0.66	 -0.14	 -0.52	
 -0.00	  0.19	 -0.00	 -0.00	  0.19	 -0.00	 -0.00	  0.66	 -0.14	 -0.52	 -0.00	  0.66	 -0.14	 -0.52	
 -0.00	  0.19	 -0.00	 -0.00	  0.19	 -0.00	 -0.00	  0.66	 -0.14	 -0.52	 -0.00	  0.66	 -0.14	 -0.52	
 -0.00	  0.19	 -0.00	 -0.00	  0.19	 -0.00	 -0.00	  0.67	 -0.14	 -0.52	 -0.00	  0.67	 -0.14	 -0.52	
 -0.00	  0.19	 -0.00	 -0.00	  0.19	 -0.00	 -0.00	  0.67	 -0.14	 -0.52	 -0.00	  0.67	 -0.14	 -0.52	
 -0.00	  0.19	 -0.00	 -0.00	  0.19	 -0.00	 -0.00	  0.67	 -0.14	 -0.52	 -0.00	  0.67	 -0.14	 -0.52	
 -0.00	  0.19	 -0.00	 -0.00	  0.19	 -0.00	 -0.00	  0.67	 -0.15	 -0.52	 -0.00	  0.67	 -0.15	 -0.52	
 -0.00	  0.20	 -0.00	 -0.00	  0.20	 -0.00	 -0.00	  0.67	 -0.15	 -0.52	 -0.00	  0.67	 -0.15	 -0.52	
 -0.00	  0.20	 -0.00	 -0.00	  0.20	 -0.00	 -0.00	  0.67	 -0.15	 -0.52	 -0.00	  0.67	 -0.15	 -0.52	
 -0.00	  0.20	 -0.00	 -0.00	  0.20	 -0.00	 -0.00	  0.67	 -0.15	 -0.52	 -0.00	  0.67	 -0.15	 -0.52	
 -0.00	  0.20	 -0.00	 -0.00	  0.20	 -0.00	 -0.00	  0.67	 -0.15	 -0.52	 -0.00	  0.67	 -0.15	 -0.52	
 -0.00	  0.20	 -0.00	 -0.00	  0.20	 -0.00	 -0.00	  0.67	 -0.15	 -0.52	 -0.00	  0.67	 -0.15	 -0.52	
 -0.00	  0.20	 -0.00	 -0.00	  0.20	 -0.00	 -0.00	  0.67	 -0.15	 -0.52	 -0.00	  0.67	 -0.15	 -0.52	
 -0.00	  0.20	  0.00	 -0.00	  0.20	  0.00	 -0.00	  0.67	 -0.15	 -0.52	 -0.00	  0.67	 -0.15	 -0.52	
 -0.00	  0.20	  0.00	 -0.00	  0.20	  0.00	 -0.00	  0.67	 -0.15	 -0.52	 -0.00	  0.67	 -0.15	 -0.52	
 -0.00	  0.20	  0.00	 -0.00	  0.20	  0.00	 -0.00	  0.67	 -0.15	 -0.52	 -0.00	  0.67	 -0.15	 -0.52	
 -0.00	  0.20	  0.00	 -0.00	  0.20	  0.00	 -0.00	  0.67	 -0.15	 -0.52	 -0.00	  0.67	 -0.15	 -0.52	
 -0.00	  0.20	  0.00	 -0.00	  0.20	  0.00	 -0.00	  0.67	 -0.15	 -0.52	 -0.00	  0.67	 -0.15	 -0.52	
 -0.00	  0.20	  0.00	 -0.00	  0.20	  0.00	 -0.00	  0.67	 -0.15	 -0.52	 -0.00	  0.67	 -0.15	 -0.52	
 -0.00	  0.20	  0.00	 -0.00	  0.20	  0.00	 -0.00	  0.67	 -0.15	 -0.52	 -0.00	  0.67	 -0.15	 -0.52	
 -0.00	  0.20	  0.00	 -0.00	  0.20	  0.00	 -0.00	  0.67	 -0.15	 -0.52	 -0.00	  0.67	 -0.15	 -0.52	
 -0.00	  0.20	  0.00	 -0.00	  0.20	  0.00	 -0.00	  0.68	 -0.15	 -0.52	 -0.00	  0.68	 -0.15	 -0.52	
 -0.00	  0.20	  0.00	 -0.00	  0.20	  0.00	 -0.00	  0.68	 -0.15	 -0.52	 -0.00	  0.68	 -0.15	 -0.52	
 -0.00	  0.20	  0.00	 -0.00	  0.20	  0.00	 -0.00	  0.68	 -0.15	 -0.52	 -0.00	  0.68	 -0.15	 -0.52	
 -0.00	  0.20	  0.00	 -0.00	  0.20	  0.00	 -0.00	  0.68	 -0.15	 -0.52	 -0.00	  0.68	 -0.15	 -0.52	
 -0.00	  0.20	  0.00	 -0.00	  0.20	  0.00	 -0.00	  0.68	 -0.15	 -0.52	 -0.00	  0.68	 -0.15	 -0.52	
 -0.00	  0.20	  0.00	 -0.00	  0.20	  0.00	 -0.00	  0.68	 -0.16	 -0.52	 -0.00	  0.68	 -0.16	 -0.52	
 -0.00	  0.20	  0.00	 -0.00	  0.20	  0.00	 -0.00	  0.68	 -0.16	 -0.52	 -0.00	  0.68	 -0.16	 -0.52	
 -0.00	  0.20	  0.00	 -0.00	  0.20	  0.00	 -0.00	  0.68	 -0.16	 -0.52	 -0.00	  0.68	 -0.16	 -0.52	
 -0.00	  0.20	  0.00	 -0.00	  0.20	  0.00	 -0.00	  0.68	 -0.16	 -0.52	 -0.00	  0.68	 -0.16	 -0.52	
 -0.00	  0.20	  0.00	 -0.00	  0.20	  0.00	 -0.00	  0.68	 -0.16	 -0.52	 -0.00	  0.68	 -0.16	 -0.52	
 -0.00	  0.20	  0.00	 -0.00	  0.20	  0.00	 -0.00	  0.68	 -0.16	 -0.52	 -0.00	  0.68	 -0.16	 -0.52	
 -0.00	  0.20	  0.00	 -0.00	  0.20	  0.00	 -0.00	  0.68	 -0.16	 -0.52	 -0.00	  0.68	 -0.16	 -0.52	
 -0.00	  0.20	  0.00	 -0.00	  0.20	  0.00	 -0.00	  0.68	 -0.16	 -0.52	 -0.00	  0.68	 -0.16	 -0.52	
 -0.00	  0.20	  0.00	 -0.00	  0.20	  0.00	 -0.00	  0.68	 -0.16	 -0.52	 -0.00	  0.68	 -0.16	 -0.52	
 -0.00	  0.20	  0.00	 -0.00	  0.20	  0.00	 -0.00	  0.68	 -0.16	 -0.52	 -0.00	  0.68	 -0.16	 -0.52	
 -0.00	  0.20	  0.01	 -0.00	  0.20	  0.01	 -0.00	  0.68	 -0.16	 -0.52	 -0.00	  0.68	 -0.16	 -0.52	
 -0.00	  0.20	  0.01	 -0.00	  0.20	  0.01	 -0.00	  0.68	 -0.16	 -0.52	 -0.00	  0.68	 -0.16	 -0.52	
 -0.00	  0.20	  0.01	 -0.00	  0.20	  0.01	 -0.00	  0.68	 -0.16	 -0.52	 -0.00	  0.68	 -0.16	 -0.52	
 -0.00	  0.20	  0.01	 -0.00	  0.20	  0.01	 -0.00	  0.68	 -0.16	 -0.52	 -0.00	  0.68	 -0.16	 -0.52	
 -0.00	  0.20	  0.01	 -0.00	  0.20	  0.01	 -0.00	  0.68	 -0.16	 -0.52	 -0.00	  0.68	 -0.16	 -0.52	
 -0.00	  0.20	  0.01	 -0.00	  0.20	  0.01	 -0.00	  0.68	 -0.16	 -0.52	 -0.00	  0.68	 -0.16	 -0.52	
 -0.00	  0.20	  0.01	 -0.00	  0.20	  0.01	 -0.00	  0.68	 -0.16	 -0.52	 -0.00	  0.68	 -0.16	 -0.52	
 -0.00	  0.20	  0.01	 -0.00	  0.20	  0.01	 -0.00	  0.68	 -0.16	 -0.52	 -0.00	  0.68	 -0.16	 -0.52	
 -0.00	  0.20	  0.01	 -0.00	  0.20	  0.01	 -0.00	  0.68	 -0.16	 -0.52	 -0.00	  0.68	 -0.16	 -0.52	
 -0.00	  0.20	  0.01	 -0.00	  0.20	  0.01	 -0.00	  0.68	 -0.16	 -0.52	 -0.00	  0.68	 -0.16	 -0.52	
 -0.00	  0.20	  0.01	 -0.00	  0.20	  0.01	 -0.00	  0.68	 -0.17	 -0.52	 -0.00	  0.68	 -0.17	 -0.52	
 -0.00	  0.20	  0.01	 -0.00	  0.20	  0.01	 -0.00	  0.69	 -0.17	 -0.52	 -0.00	  0.69	 -0.17	 -0.52	
 -0.00	  0.20	  0.01	 -0.00	  0.20	  0.01	 -0.00	  0.69	 -0.17	 -0.52	 -0.00	  0.69	 -0.17	 -0.52	
 -0.00	  0.20	  0.01	 -0.00	  0.20	  0.01	 -0.00	  0.69	 -0.17	 -0.52	 -0.00	  0.69	 -0.17	 -0.52	
 -0.00	  0.20	  0.01	 -0.00	  0.20	  0.01	 -0.00	  0.69	 -0.17	 -0.52	 -0.00	  0.69	 -0.17	 -0.52	
 -0.00	  0.20	  0.01	 -0.00	  0.20	  0.01	 -0.00	  0.69	 -0.17	 -0.52	 -0.00	  0.69	 -0.17	 -0.52	
 -0.00	  0.20	  0.01	 -0.00	  0.20	  0.01	 -0.00	  0.69	 -0.17	 -0.52	 -0.00	  0.69	 -0.17	 -0.52	
 -0.00	  0.20	  0.01	 -0.00	  0.20	  0.01	 -0.00	  0.69	 -0.17	 -0.52	 -0.00	  0.69	 -0.17	 -0.52	
 -0.00	  0.20	  0.01	 -0.00	  0.20	  0.01	 -0.00	  0.69	 -0.17	 -0.52	 -0.00	  0.69	 -0.17	 -0.52	
 -0.00	  0.20	  0.01	 -0.00	  0.20	  0.01	 -0.00	  0.69	 -0.17	 -0.52	 -0.00	  0.69	 -0.17	 -0.52	
 -0.00	  0.20	  0.01	 -0.00	  0.20	  0.01	 -0.00	  0.69	 -0.17	 -0.52	 -0.00	  0.69	 -0.17	 -0.52	
 -0.00	  0.20	  0.01	 -0.00	  0.20	  0.01	 -0.00	  0.69	 -0.17	 -0.52	 -0.00	  0.69	 -0.17	 -0.52	
 -0.00	  0.20	  0.01	 -0.00	  0.20	  0.01	 -0.00	  0.69	 -0.17	 -0.52	 -0.00	  0.69	 -0.17	 -0.52	
 -0.00	  0.20	  0.01	 -0.00	  0.20	  0.01	 -0.00	  0.69	 -0.17	 -0.52	 -0.00	  0.69	 -0.17	 -0.52	
 -0.00	  0.20	  0.01	 -0.00	  0.20	  0.01	 -0.00	  0.69	 -0.17	 -0.52	 -0.00	  0.69	 -0.17	 -0.52	
 -0.00	  0.20	  0.01	 -0.00	  0.20	  0.01	 -0.00	  0.69	 -0.17	 -0.52	 -0.00	  0.69	 -0.17	 -0.52	
 -0.00	  0.20	  0.01	 -0.00	  0.20	  0.01	 -0.00	  0.69	 -0.17	 -0.52	 -0.00	  0.69	 -0.17	 -0.52	
 -0.00	  0.20	  0.01	 -0.00	  0.20	  0.01	 -0.00	  0.69	 -0.17	 -0.52	 -0.00	  0.69	 -0.17	 -0.52	
 -0.00	  0.20	  0.01	 -0.00	  0.20	  0.01	 -0.00	  0.69	 -0.17	 -0.52	 -0.00	  0.69	 -0.17	 -0.52	
 -0.00	  0.20	  0.01	 -0.00	  0.20	  0.01	 -0.00	  0.69	 -0.17	 -0.51	 -0.00	  0.69	 -0.17	 -0.51	
 -0.00	  0.20	  0.01	 -0.00	  0.20	  0.01	 -0.00	  0.69	 -0.17	 -0.51	 -0.00	  0.69	 -0.17	 -0.51	
 -0.00	  0.20	  0.01	 -0.00	  0.20	  0.01	 -0.00	  0.69	 -0.17	 -0.51	 -0.00	  0.69	 -0.17	 -0.51	
 -0.00	  0.20	  0.01	 -0.00	  0.20	  0.01	 -0.00	  0.69	 -0.18	 -0.51	 -0.00	  0.69	 -0.18	 -0.51	
 -0.00	  0.20	  0.01	 -0.00	  0.20	  0.01	 -0.00	  0.69	 -0.18	 -0.51	 -0.00	  0.69	 -0.18	 -0.51	
 -0.00	  0.20	  0.01	 -0.00	  0.20	  0.01	 -0.00	  0.69	 -0.18	 -0.51	 -0.00	  0.69	 -0.18	 -0.51	
 -0.00	  0.20	  0.01	 -0.00	  0.20	  0.01	 -0.00	  0.69	 -0.18	 -0.51	 -0.00	  0.69	 -0.18	 -0.51	
 -0.00	  0.20	  0.01	 -0.00	  0.20	  0.01	 -0.00	  0.69	 -0.18	 -0.51	 -0.00	  0.69	 -0.18	 -0.51	
 -0.00	  0.20	  0.01	 -0.00	  0.20	  0.01	 -0.00	  0.69	 -0.18	 -0.51	 -0.00	  0.69	 -0.18	 -0.51	
 -0.00	  0.20	  0.01	 -0.00	  0.20	  0.01	 -0.00	  0.69	 -0.18	 -0.51	 -0.00	  0.69	 -0.18	 -0.51	
 -0.00	  0.20	  0.01	 -0.00	  0.20	  0.01	 -0.00	  0.69	 -0.18	 -0.51	 -0.00	  0.69	 -0.18	 -0.51	
 -0.00	  0.20	  0.01	 -0.00	  0.20	  0.01	 -0.00	  0.69	 -0.18	 -0.51	 -0.00	  0.69	 -0.18	 -0.51	
 -0.00	  0.20	  0.01	 -0.00	  0.20	  0.01	 -0.00	  0.69	 -0.18	 -0.51	 -0.00	  0.69	 -0.18	 -0.51	
 -0.00	  0.20	  0.02	 -0.00	  0.20	  0.02	 -0.00	  0.69	 -0.18	 -0.51	 -0.00	  0.69	 -0.18	 -0.51	
 -0.00	  0.20	  0.02	 -0.00	  0.20	  0.02	 -0.00	  0.69	 -0.18	 -0.51	 -0.00	  0.69	 -0.18	 -0.51	
 -0.00	  0.20	  0.02	 -0.00	  0.20	  0.02	 -0.00	  0.69	 -0.18	 -0.51	 -0.00	  0.69	 -0.18	 -0.51	
 -0.00	  0.20	  0.02	 -0.00	  0.20	  0.02	 -0.00	  0.69	 -0.18	 -0.51	 -0.00	  0.69	 -0.18	 -0.51	
 -0.00	  0.20	  0.02	 -0.00	  0.20	  0.02	 -0.00	  0.69	 -0.18	 -0.51	 -0.00	  0.69	 -0.18	 -0.51	
 -0.00	  0.20	  0.02	 -0.00	  0.20	  0.02	 -0.00	  0.69	 -0.18	 -0.51	 -0.00	  0.69	 -0.18	 -0.51	
 -0.00	  0.20	  0.02	 -0.00	  0.20	  0.02	 -0.00	  0.69	 -0.18	 -0.51	 -0.00	  0.69	 -0.18	 -0.51	
 -0.00	  0.20	  0.02	 -0.00	  0.20	  0.02	 -0.00	  0.69	 -0.18	 -0.51	 -0.00	  0.69	 -0.18	 -0.51	
 -0.00	  0.20	  0.02	 -0.00	  0.20	  0.02	 -0.00	  0.69	 -0.18	 -0.51	 -0.00	  0.69	 -0.18	 -0.51	
 -0.00	  0.20	  0.02	 -0.00	  0.20	  0.02	 -0.00	  0.69	 -0.18	 -0.51	 -0.00	  0.69	 -0.18	 -0.51	
 -0.00	  0.20	  0.02	 -0.00	  0.20	  0.02	 -0.00	  0.69	 -0.18	 -0.51	 -0.00	  0.69	 -0.18	 -0.51	
 -0.00	  0.20	  0.02	 -0.00	  0.20	  0.02	 -0.00	  0.69	 -0.18	 -0.51	 -0.00	  0.69	 -0.18	 -0.51	
 -0.00	  0.20	  0.02	 -0.00	  0.20	  0.02	 -0.00	  0.69	 -0.19	 -0.50	 -0.00	  0.69	 -0.19	 -0.50	
 -0.00	  0.20	  0.02	 -0.00	  0.20	  0.02	 -0.00	  0.69	 -0.19	 -0.50	 -0.00	  0.69	 -0.19	 -0.50	
 -0.00	  0.20	  0.02	 -0.00	  0.20	  0.02	 -0.00	  0.69	 -0.19	 -0.50	 -0.00	  0.69	 -0.19	 -0.50	
 -0.00	  0.20	  0.02	 -0.00	  0.20	  0.02	 -0.00	  0.69	 -0.19	 -0.50	 -0.00	  0.69	 -0.19	 -0.50	
 -0.00	  0.20	  0.02	 -0.00	  0.20	  0.02	 -0.00	  0.69	 -0.19	 -0.50	 -0.00	  0.69	 -0.19	 -0.50	
 -0.00	  0.20	  0.02	 -0.00	  0.20	  0.02	 -0.00	  0.69	 -0.19	 -0.50	 -0.00	  0.69	 -0.19	 -0.50	
 -0.00	  0.20	  0.02	 -0.00	  0.20	  0.02	 -0.00	  0.69	 -0.19	 -0.50	 -0.00	  0.69	 -0.19	 -0.50	
 -0.00	  0.20	  0.02	 -0.00	  0.20	  0.02	 -0.00	  0.69	 -0.19	 -0.50	 -0.00	  0.69	 -0.19	 -0.50	
 -0.00	  0.20	  0.02	 -0.00	  0.20	  0.02	 -0.00	  0.69	 -0.19	 -0.50	 -0.00	  0.69	 -0.19	 -0.50	
 -0.00	  0.20	  0.02	 -0.00	  0.20	  0.02	 -0.00	  0.69	 -0.19	 -0.50	 -0.00	  0.69	 -0.19	 -0.50	
 -0.00	  0.20	  0.02	 -0.00	  0.20	  0.02	 -0.00	  0.69	 -0.19	 -0.50	 -0.00	  0.69	 -0.19	 -0.50	
 -0.00	  0.20	  0.02	 -0.00	  0.20	  0.02	 -0.00	  0.69	 -0.19	 -0.50	 -0.00	  0.69	 -0.19	 -0.50	
 -0.00	  0.20	  0.02	 -0.00	  0.20	  0.02	 -0.00	  0.69	 -0.19	 -0.50	 -0.00	  0.69	 -0.19	 -0.50	
 -0.00	  0.20	  0.02	 -0.00	  0.20	  0.02	 -0.00	  0.69	 -0.19	 -0.50	 -0.00	  0.69	 -0.19	 -0.50	
 -0.00	  0.20	  0.02	 -0.00	  0.20	  0.02	 -0.00	  0.69	 -0.19	 -0.50	 -0.00	  0.69	 -0.19	 -0.50	
 -0.00	  0.20	  0.02	 -0.00	  0.20	  0.02	 -0.00	  0.69	 -0.19	 -0.50	 -0.00	  0.69	 -0.19	 -0.50	
 -0.00	  0.20	  0.02	 -0.00	  0.20	  0.02	 -0.00	  0.69	 -0.19	 -0.50	 -0.00	  0.69	 -0.19	 -0.50	
 -0.00	  0.20	  0.02	 -0.00	  0.20	  0.02	 -0.00	  0.69	 -0.19	 -0.50	 -0.00	  0.69	 -0.19	 -0.50	
 -0.00	  0.20	  0.02	 -0.00	  0.20	  0.02	 -0.00	  0.69	 -0.19	 -0.50	 -0.00	  0.69	 -0.19	 -0.50	
 -0.00	  0.20	  0.02	 -0.00	  0.20	  0.02	 -0.00	  0.69	 -0.19	 -0.49	 -0.00	  0.69	 -0.19	 -0.49	
 -0.00	  0.20	  0.02	 -0.00	  0.20	  0.02	 -0.00	  0.69	 -0.19	 -0.49	 -0.00	  0.69	 -0.19	 -0.49	
 -0.00	  0.20	  0.02	 -0.00	  0.20	  0.02	 -0.00	  0.69	 -0.19	 -0.49	 -0.00	  0.69	 -0.19	 -0.49	
 -0.00	  0.20	  0.02	 -0.00	  0.20	  0.02	 -0.00	  0.69	 -0.19	 -0.49	 -0.00	  0.69	 -0.19	 -0.49	
 -0.00	  0.20	  0.02	 -0.00	  0.20	  0.02	 -0.00	  0.69	 -0.19	 -0.49	 -0.00	  0.69	 -0.19	 -0.49	
 -0.00	  0.20	  0.02	 -0.00	  0.20	  0.02	 -0.00	  0.69	 -0.20	 -0.49	 -0.00	  0.69	 -0.20	 -0.49	
 -0.00	  0.20	  0.02	 -0.00	  0.20	  0.02	 -0.00	  0.69	 -0.20	 -0.49	 -0.00	  0.69	 -0.20	 -0.49	
 -0.00	  0.20	  0.02	 -0.00	  0.20	  0.02	 -0.00	  0.69	 -0.20	 -0.49	 -0.00	  0.69	 -0.20	 -0.49	
 -0.00	  0.20	  0.03	 -0.00	  0.20	  0.03	 -0.00	  0.69	 -0.20	 -0.49	 -0.00	  0.69	 -0.20	 -0.49	
 -0.00	  0.20	  0.03	 -0.00	  0.20	  0.03	 -0.00	  0.69	 -0.20	 -0.49	 -0.00	  0.69	 -0.20	 -0.49	
 -0.00	  0.20	  0.03	 -0.00	  0.20	  0.03	 -0.00	  0.69	 -0.20	 -0.49	 -0.00	  0.69	 -0.20	 -0.49	
 -0.00	  0.20	  0.03	 -0.00	  0.20	  0.03	 -0.00	  0.69	 -0.20	 -0.49	 -0.00	  0.69	 -0.20	 -0.49	
 -0.00	  0.20	  0.03	 -0.00	  0.20	  0.03	 -0.00	  0.68	 -0.20	 -0.49	 -0.00	  0.68	 -0.20	 -0.49	
 -0.00	  0.20	  0.03	 -0.00	  0.20	  0.03	 -0.00	  0.68	 -0.20	 -0.49	 -0.00	  0.68	 -0.20	 -0.49	
 -0.00	  0.20	  0.03	 -0.00	  0.20	  0.03	 -0.00	  0.68	 -0.20	 -0.49	 -0.00	  0.68	 -0.20	 -0.49	
 -0.00	  0.20	  0.03	 -0.00	  0.20	  0.03	 -0.00	  0.68	 -0.20	 -0.49	 -0.00	  0.68	 -0.20	 -0.49	
 -0.00	  0.20	  0.03	 -0.00	  0.20	  0.03	 -0.00	  0.68	 -0.20	 -0.48	 -0.00	  0.68	 -0.20	 -0.48	
 -0.00	  0.20	  0.03	 -0.00	  0.20	  0.03	 -0.00	  0.68	 -0.20	 -0.48	 -0.00	  0.68	 -0.20	 -0.48	
 -0.00	  0.20	  0.03	 -0.00	  0.20	  0.03	 -0.00	  0.68	 -0.20	 -0.48	 -0.00	  0.68	 -0.20	 -0.48	
 -0.00	  0.20	  0.03	 -0.00	  0.20	  0.03	 -0.00	  0.68	 -0.20	 -0.48	 -0.00	  0.68	 -0.20	 -0.48	
 -0.00	  0.20	  0.03	 -0.00	  0.20	  0.03	 -0.00	  0.68	 -0.20	 -0.48	 -0.00	  0.68	 -0.20	 -0.48	
 -0.00	  0.20	  0.03	 -0.00	  0.20	  0.03	 -0.00	  0.68	 -0.20	 -0.48	 -0.00	  0.68	 -0.20	 -0.48	
 -0.00	  0.20	  0.03	 -0.00	  0.20	  0.03	 -0.00	  0.68	 -0.20	 -0.48	 -0.00	  0.68	 -0.20	 -0.48	
 -0.00	  0.20	  0.03	 -0.00	  0.20	  0.03	 -0.00	  0.68	 -0.20	 -0.48	 -0.00	  0.68	 -0.20	 -0.48	
 -0.00	  0.20	  0.03	 -0.00	  0.20	  0.03	 -0.00	  0.68	 -0.20	 -0.48	 -0.00	  0.68	 -0.20	 -0.48	
 -0.00	  0.20	  0.03	 -0.00	  0.20	  0.03	 -0.00	  0.68	 -0.20	 -0.48	 -0.00	  0.68	 -0.20	 -0.48	
 -0.00	  0.20	  0.03	 -0.00	  0.20	  0.03	 -0.00	  0.68	 -0.20	 -0.48	 -0.00	  0.68	 -0.20	 -0.48	
 -0.00	  0.20	  0.03	 -0.00	  0.20	  0.03	 -0.00	  0.68	 -0.20	 -0.48	 -0.00	  0.68	 -0.20	 -0.48	
 -0.00	  0.20	  0.03	 -0.00	  0.20	  0.03	 -0.00	  0.68	 -0.20	 -0.48	 -0.00	  0.68	 -0.20	 -0.48	
 -0.00	  0.20	  0.03	 -0.00	  0.20	  0.03	 -0.00	  0.68	 -0.20	 -0.48	 -0.00	  0.68	 -0.20	 -0.48	
 -0.00	  0.20	  0.03	 -0.00	  0.20	  0.03	 -0.00	  0.68	 -0.20	 -0.47	 -0.00	  0.68	 -0.20	 -0.47	
 -0.00	  0.20	  0.03	 -0.00	  0.20	  0.03	 -0.00	  0.68	 -0.20	 -0.47	 -0.00	  0.68	 -0.20	 -0.47	
 -0.00	  0.20	  0.03	 -0.00	  0.20	  0.03	 -0.00	  0.68	 -0.21	 -0.47	 -0.00	  0.68	 -0.21	 -0.47	
 -0.00	  0.20	  0.03	 -0.00	  0.20	  0.03	 -0.00	  0.68	 -0.21	 -0.47	 -0.00	  0.68	 -0.21	 -0.47	
 -0.00	  0.20	  0.03	 -0.00	  0.20	  0.03	 -0.00	  0.68	 -0.21	 -0.47	 -0.00	  0.68	 -0.21	 -0.47	
 -0.00	  0.20	  0.03	 -0.00	  0.20	  0.03	 -0.00	  0.68	 -0.21	 -0.47	 -0.00	  0.68	 -0.21	 -0.47	
 -0.00	  0.20	  0.03	 -0.00	  0.20	  0.03	 -0.00	  0.68	 -0.21	 -0.47	 -0.00	  0.68	 -0.21	 -0.47	
 -0.00	  0.20	  0.03	 -0.00	  0.20	  0.03	 -0.00	  0.68	 -0.21	 -0.47	 -0.00	  0.68	 -0.21	 -0.47	
 -0.00	  0.20	  0.03	 -0.00	  0.20	  0.03	 -0.00	  0.68	 -0.21	 -0.47	 -0.00	  0.68	 -0.21	 -0.47	
 -0.00	  0.20	  0.03	 -0.00	  0.20	  0.03	 -0.00	  0.68	 -0.21	 -0.47	 -0.00	  0.68	 -0.21	 -0.47	
 -0.00	  0.20	  0.03	 -0.00	  0.20	  0.03	 -0.00	  0.68	 -0.21	 -0.47	 -0.00	  0.68	 -0.21	 -0.47	
 -0.00	  0.20	  0.03	 -0.00	  0.20	  0.03	 -0.00	  0.67	 -0.21	 -0.47	 -0.00	  0.67	 -0.21	 -0.47	
 -0.00	  0.20	  0.03	 -0.00	  0.20	  0.03	 -0.00	  0.67	 -0.21	 -0.47	 -0.00	  0.67	 -0.21	 -0.47	
 -0.00	  0.20	  0.03	 -0.00	  0.20	  0.03	 -0.00	  0.67	 -0.21	 -0.46	 -0.00	  0.67	 -0.21	 -0.46	
 -0.00	  0.20	  0.03	 -0.00	  0.20	  0.03	 -0.00	  0.67	 -0.21	 -0.46	 -0.00	  0.67	 -0.21	 -0.46	
 -0.00	  0.20	  0.03	 -0.00	  0.20	  0.03	 -0.00	  0.67	 -0.21	 -0.46	 -0.00	  0.67	 -0.21	 -0.46	
 -0.00	  0.20	  0.04	 -0.00	  0.20	  0.04	 -0.00	  0.67	 -0.21	 -0.46	 -0.00	  0.67	 -0.21	 -0.46	
 -0.00	  0.20	  0.04	 -0.00	  0.20	  0.04	 -0.00	  0.67	 -0.21	 -0.46	 -0.00	  0.67	 -0.21	 -0.46	
 -0.00	  0.20	  0.04	 -0.00	  0.20	  0.04	 -0.00	  0.67	 -0.21	 -0.46	 -0.00	  0.67	 -0.21	 -0.46	
 -0.00	  0.20	  0.04	 -0.00	  0.20	  0.04	 -0.00	  0.67	 -0.21	 -0.46	 -0.00	  0.67	 -0.21	 -0.46	
 -0.00	  0.20	  0.04	 -0.00	  0.20	  0.04	 -0.00	  0.67	 -0.21	 -0.46	 -0.00	  0.67	 -0.21	 -0.46	
 -0.00	  0.20	  0.04	 -0.00	  0.20	  0.04	 -0.00	  0.67	 -0.21	 -0.46	 -0.00	  0.67	 -0.21	 -0.46	
 -0.00	  0.20	  0.04	 -0.00	  0.20	  0.04	 -0.00	  0.67	 -0.21	 -0.46	 -0.00	  0.67	 -0.21	 -0.46	
 -0.00	  0.20	  0.04	 -0.00	  0.20	  0.04	 -0.00	  0.67	 -0.21	 -0.46	 -0.00	  0.67	 -0.21	 -0.46	
 -0.00	  0.20	  0.04	 -0.00	  0.20	  0.04	 -0.00	  0.67	 -0.21	 -0.46	 -0.00	  0.67	 -0.21	 -0.46	
 -0.00	  0.20	  0.04	 -0.00	  0.20	  0.04	 -0.00	  0.67	 -0.21	 -0.45	 -0.00	  0.67	 -0.21	 -0.45	
 -0.00	  0.20	  0.04	 -0.00	  0.20	  0.04	 -0.00	  0.67	 -0.21	 -0.45	 -0.00	  0.67	 -0.21	 -0.45	
 -0.00	  0.20	  0.04	 -0.00	  0.20	  0.04	 -0.00	  0.67	 -0.21	 -0.45	 -0.00	  0.67	 -0.21	 -0.45	
 -0.00	  0.20	  0.04	 -0.00	  0.20	  0.04	 -0.00	  0.67	 -0.21	 -0.45	 -0.00	  0.67	 -0.21	 -0.45	
 -0.00	  0.20	  0.04	 -0.00	  0.20	  0.04	 -0.00	  0.67	 -0.21	 -0.45	 -0.00	  0.67	 -0.21	 -0.45	
 -0.00	  0.20	  0.04	 -0.00	  0.20	  0.04	 -0.00	  0.67	 -0.21	 -0.45	 -0.00	  0.67	 -0.21	 -0.45	
 -0.00	  0.19	  0.04	 -0.00	  0.19	  0.04	 -0.00	  0.66	 -0.22	 -0.45	 -0.00	  0.66	 -0.22	 -0.45	
 -0.00	  0.19	  0.04	 -0.00	  0.19	  0.04	 -0.00	  0.66	 -0.22	 -0.45	 -0.00	  0.66	 -0.22	 -0.45	
 -0.00	  0.19	  0.04	 -0.00	  0.19	  0.04	 -0.00	  0.66	 -0.22	 -0.45	 -0.00	  0.66	 -0.22	 -0.45	
 -0.00	  0.19	  0.04	 -0.00	  0.19	  0.04	 -0.00	  0.66	 -0.22	 -0.45	 -0.00	  0.66	 -0.22	 -0.45	
 -0.00	  0.19	  0.04	 -0.00	  0.19	  0.04	 -0.00	  0.66	 -0.22	 -0.45	 -0.00	  0.66	 -0.22	 -0.45	
 -0.00	  0.19	  0.04	 -0.00	  0.19	  0.04	 -0.00	  0.66	 -0.22	 -0.45	 -0.00	  0.66	 -0.22	 -0.45	
 -0.00	  0.19	  0.04	 -0.00	  0.19	  0.04	 -0.00	  0.66	 -0.22	 -0.44	 -0.00	  0.66	 -0.22	 -0.44	
 -0.00	  0.19	  0.04	 -0.00	  0.19	  0.04	 -0.00	  0.66	 -0.22	 -0.44	 -0.00	  0.66	 -0.22	 -0.44	
 -0.00	  0.19	  0.04	 -0.00	  0.19	  0.04	 -0.00	  0.66	 -0.22	 -0.44	 -0.00	  0.66	 -0.22	 -0.44	
 -0.00	  0.19	  0.04	 -0.00	  0.19	  0.04	 -0.00	  0.66	 -0.22	 -0.44	 -0.00	  0.66	 -0.22	 -0.44	
 -0.00	  0.19	  0.04	 -0.00	  0.19	  0.04	 -0.00	  0.66	 -0.22	 -0.44	 -0.00	  0.66	 -0.22	 -0.44	
 -0.00	  0.19	  0.04	 -0.00	  0.19	  0.04	 -0.00	  0.66	 -0.22	 -0.44	 -0.00	  0.66	 -0.22	 -0.44	
 -0.00	  0.19	  0.04	 -0.00	  0.19	  0.04	 -0.00	  0.66	 -0.22	 -0.44	 -0.00	  0.66	 -0.22	 -0.44	
 -0.00	  0.19	  0.04	 -0.00	  0.19	  0.04	 -0.00	  0.66	 -0.22	 -0.44	 -0.00	  0.66	 -0.22	 -0.44	
 -0.00	  0.19	  0.04	 -0.00	  0.19	  0.04	 -0.00	  0.66	 -0.22	 -0.44	 -0.00	  0.66	 -0.22	 -0.44	
 -0.00	  0.19	  0.04	 -0.00	  0.19	  0.04	 -0.00	  0.66	 -0.22	 -0.44	 -0.00	  0.66	 -0.22	 -0.44	
 -0.00	  0.19	  0.04	 -0.00	  0.19	  0.04	 -0.00	  0.66	 -0.22	 -0.44	 -0.00	  0.66	 -0.22	 -0.44	
 -0.00	  0.19	  0.04	 -0.00	  0.19	  0.04	 -0.00	  0.65	 -0.22	 -0.43	 -0.00	  0.65	 -0.22	 -0.43	
 -0.00	  0.19	  0.04	 -0.00	  0.19	  0.04	 -0.00	  0.65	 -0.22	 -0.43	 -0.00	  0.65	 -0.22	 -0.43	
 -0.00	  0.19	  0.04	 -0.00	  0.19	  0.04	 -0.00	  0.65	 -0.22	 -0.43	 -0.00	  0.65	 -0.22	 -0.43	
 -0.00	  0.19	  0.04	 -0.00	  0.19	  0.04	 -0.00	  0.65	 -0.22	 -0.43	 -0.00	  0.65	 -0.22	 -0.43	
 -0.00	  0.19	  0.04	 -0.00	  0.19	  0.04	 -0.00	  0.65	 -0.22	 -0.43	 -0.00	  0.65	 -0.22	 -0.43	
 -0.00	  0.19	  0.05	 -0.00	  0.19	  0.05	 -0.00	  0.65	 -0.22	 -0.43	 -0.00	  0.65	 -0.22	 -0.43	
 -0.00	  0.19	  0.05	 -0.00	  0.19	  0.05	 -0.00	  0.65	 -0.22	 -0.43	 -0.00	  0.65	 -0.22	 -0.43	
 -0.00	  0.19	  0.05	 -0.00	  0.19	  0.05	 -0.00	  0.65	 -0.22	 -0.43	 -0.00	  0.65	 -0.22	 -0.43	
 -0.00	  0.19	  0.05	 -0.00	  0.19	  0.05	 -0.00	  0.65	 -0.22	 -0.43	 -0.00	  0.65	 -0.22	 -0.43	
 -0.00	  0.19	  0.05	 -0.00	  0.19	  0.05	 -0.00	  0.65	 -0.22	 -0.43	 -0.00	  0.65	 -0.22	 -0.43	
 -0.00	  0.19	  0.05	 -0.00	  0.19	  0.05	 -0.00	  0.65	 -0.22	 -0.43	 -0.00	  0.65	 -0.22	 -0.43	
 -0.00	  0.19	  0.05	 -0.00	  0.19	  0.05	 -0.00	  0.65	 -0.22	 -0.42	 -0.00	  0.65	 -0.22	 -0.42	
 -0.00	  0.19	  0.05	 -0.00	  0.19	  0.05	 -0.00	  0.65	 -0.22	 -0.42	 -0.00	  0.65	 -0.22	 -0.42	
 -0.00	  0.19	  0.05	 -0.00	  0.19	  0.05	 -0.00	  0.65	 -0.22	 -0.42	 -0.00	  0.65	 -0.22	 -0.42	
 -0.00	  0.19	  0.05	 -0.00	  0.19	  0.05	 -0.00	  0.65	 -0.22	 -0.42	 -0.00	  0.65	 -0.22	 -0.42	
 -0.00	  0.19	  0.05	 -0.00	  0.19	  0.05	 -0.00	  0.64	 -0.22	 -0.42	 -0.00	  0.64	 -0.22	 -0.42	
 -0.00	  0.19	  0.05	 -0.00	  0.19	  0.05	 -0.00	  0.64	 -0.22	 -0.42	 -0.00	  0.64	 -0.22	 -0.42	
 -0.00	  0.19	  0.05	 -0.00	  0.19	  0.05	 -0.00	  0.64	 -0.22	 -0.42	 -0.00	  0.64	 -0.22	 -0.42	
 -0.00	  0.19	  0.05	 -0.00	  0.19	  0.05	 -0.00	  0.64	 -0.23	 -0.42	 -0.00	  0.64	 -0.23	 -0.42	
 -0.00	  0.19	  0.05	 -0.00	  0.19	  0.05	 -0.00	  0.64	 -0.23	 -0.42	 -0.00	  0.64	 -0.23	 -0.42	
 -0.00	  0.19	  0.05	 -0.00	  0.19	  0.05	 -0.00	  0.64	 -0.23	 -0.42	 -0.00	  0.64	 -0.23	 -0.42	
 -0.00	  0.19	  0.05	 -0.00	  0.19	  0.05	 -0.00	  0.64	 -0.23	 -0.41	 -0.00	  0.64	 -0.23	 -0.41	
 -0.00	  0.19	  0.05	 -0.00	  0.19	  0.05	 -0.00	  0.64	 -0.23	 -0.41	 -0.00	  0.64	 -0.23	 -0.41	
 -0.00	  0.19	  0.05	 -0.00	  0.19	  0.05	 -0.00	  0.64	 -0.23	 -0.41	 -0.00	  0.64	 -0.23	 -0.41	
 -0.00	  0.19	  0.05	 -0.00	  0.19	  0.05	 -0.00	  0.64	 -0.23	 -0.41	 -0.00	  0.64	 -0.23	 -0.41	
 -0.00	  0.19	  0.05	 -0.00	  0.19	  0.05	 -0.00	  0.64	 -0.23	 -0.41	 -0.00	  0.64	 -0.23	 -0.41	
 -0.00	  0.19	  0.05	 -0.00	  0.19	  0.05	 -0.00	  0.64	 -0.23	 -0.41	 -0.00	  0.64	 -0.23	 -0.41	
 -0.00	  0.19	  0.05	 -0.00	  0.19	  0.05	 -0.00	  0.64	 -0.23	 -0.41	 -0.00	  0.64	 -0.23	 -0.41	
 -0.00	  0.19	  0.05	 -0.00	  0.19	  0.05	 -0.00	  0.64	 -0.23	 -0.41	 -0.00	  0.64	 -0.23	 -0.41	
 -0.00	  0.19	  0.05	 -0.00	  0.19	  0.05	 -0.00	  0.63	 -0.23	 -0.41	 -0.00	  0.63	 -0.23	 -0.41	
 -0.00	  0.19	  0.05	 -0.00	  0.19	  0.05	 -0.00	  0.63	 -0.23	 -0.41	 -0.00	  0.63	 -0.23	 -0.41	
 -0.00	  0.19	  0.05	 -0.00	  0.19	  0.05	 -0.00	  0.63	 -0.23	 -0.40	 -0.00	  0.63	 -0.23	 -0.40	
 -0.00	  0.19	  0.05	 -0.00	  0.19	  0.05	 -0.00	  0.63	 -0.23	 -0.40	 -0.00	  0.63	 -0.23	 -0.40	
 -0.00	  0.19	  0.05	 -0.00	  0.19	  0.05	 -0.00	  0.63	 -0.23	 -0.40	 -0.00	  0.63	 -0.23	 -0.40	
 -0.00	  0.18	  0.05	 -0.00	  0.18	  0.05	 -0.00	  0.63	 -0.23	 -0.40	 -0.00	  0.63	 -0.23	 -0.40	
 -0.00	  0.18	  0.05	 -0.00	  0.18	  0.05	 -0.00	  0.63	 -0.23	 -0.40	 -0.00	  0.63	 -0.23	 -0.40	
  0.00	  0.18	  0.05	  0.00	  0.18	  0.05	  0.00	  0.63	 -0.23	 -0.40	  0.00	  0.63	 -0.23	 -0.40	
  0.00	  0.18	  0.05	  0.00	  0.18	  0.05	  0.00	  0.63	 -0.23	 -0.40	  0.00	  0.63	 -0.23	 -0.40	
  0.00	  0.18	  0.05	  0.00	  0.18	  0.05	  0.00	  0.63	 -0.23	 -0.40	  0.00	  0.63	 -0.23	 -0.40	
  0.00	  0.18	  0.05	  0.00	  0.18	  0.05	  0.00	  0.63	 -0.23	 -0.40	  0.00	  0.63	 -0.23	 -0.40	
  0.00	  0.18	  0.05	  0.00	  0.18	  0.05	  0.00	  0.63	 -0.23	 -0.40	  0.00	  0.63	 -0.23	 -0.40	
  0.00	  0.18	  0.06	  0.00	  0.18	  0.06	  0.00	  0.63	 -0.23	 -0.39	  0.00	  0.63	 -0.23	 -0.39	
  0.00	  0.18	  0.06	  0.00	  0.18	  0.06	  0.00	  0.62	 -0.23	 -0.39	  0.00	  0.62	 -0.23	 -0.39	
  0.00	  0.18	  0.06	  0.00	  0.18	  0.06	  0.00	  0.62	 -0.23	 -0.39	  0.00	  0.62	 -0.23	 -0.39	
  0.00	  0.18	  0.06	  0.00	  0.18	  0.06	  0.00	  0.62	 -0.23	 -0.39	  0.00	  0.62	 -0.23	 -0.39	
  0.00	  0.18	  0.06	  0.00	  0.18	  0.06	  0.00	  0.62	 -0.23	 -0.39	  0.00	  0.62	 -0.23	 -0.39	
  0.00	  0.18	  0.06	  0.00	  0.18	  0.06	  0.00	  0.62	 -0.23	 -0.39	  0.00	  0.62	 -0.23	 -0.39	
  0.00	  0.18	  0.06	  0.00	  0.18	  0.06	  0.00	  0.62	 -0.23	 -0.39	  0.00	  0.62	 -0.23	 -0.39	
  0.00	  0.18	  0.06	  0.00	  0.18	  0.06	  0.00	  0.62	 -0.23	 -0.39	  0.00	  0.62	 -0.23	 -0.39	
  0.00	  0.18	  0.06	  0.00	  0.18	  0.06	  0.00	  0.62	 -0.23	 -0.39	  0.00	  0.62	 -0.23	 -0.39	
  0.00	  0.18	  0.06	  0.00	  0.18	  0.06	  0.00	  0.62	 -0.23	 -0.39	  0.00	  0.62	 -0.23	 -0.39	
  0.00	  0.18	  0.06	  0.00	  0.18	  0.06	  0.00	  0.62	 -0.23	 -0.38	  0.00	  0.62	 -0.23	 -0.38	
  0.00	  0.18	  0.06	  0.00	  0.18	  0.06	  0.00	  0.62	 -0.23	 -0.38	  0.00	  0.62	 -0.23	 -0.38	
  0.00	  0.18	  0.06	  0.00	  0.18	  0.06	  0.00	  0.62	 -0.23	 -0.38	  0.00	  0.62	 -0.23	 -0.38	
  0.00	  0.18	  0.06	  0.00	  0.18	  0.06	  0.00	  0.61	 -0.23	 -0.38	  0.00	  0.61	 -0.23	 -0.38	
  0.00	  0.18	  0.06	  0.00	  0.18	  0.06	  0.00	  0.61	 -0.23	 -0.38	  0.00	  0.61	 -0.23	 -0.38	
  0.00	  0.18	  0.06	  0.00	  0.18	  0.06	  0.00	  0.61	 -0.23	 -0.38	  0.00	  0.61	 -0.23	 -0.38	
  0.00	  0.18	  0.06	  0.00	  0.18	  0.06	  0.00	  0.61	 -0.23	 -0.38	  0.00	  0.61	 -0.23	 -0.38	
  0.00	  0.18	  0.06	  0.00	  0.18	  0.06	  0.00	  0.61	 -0.23	 -0.38	  0.00	  0.61	 -0.23	 -0.38	
  0.00	  0.18	  0.06	  0.00	  0.18	  0.06	  0.00	  0.61	 -0.23	 -0.38	  0.00	  0.61	 -0.23	 -0.38	
  0.00	  0.18	  0.06	  0.00	  0.18	  0.06	  0.00	  0.61	 -0.23	 -0.38	  0.00	  0.61	 -0.23	 -0.38	
  0.00	  0.18	  0.06	  0.00	  0.18	  0.06	  0.00	  0.61	 -0.23	 -0.37	  0.00	  0.61	 -0.23	 -0.37	
  0.00	  0.18	  0.06	  0.00	  0.18	  0.06	  0.00	  0.61	 -0.23	 -0.37	  0.00	  0.61	 -0.23	 -0.37	
  0.00	  0.18	  0.06	  0.00	  0.18	  0.06	  0.00	  0.61	 -0.23	 -0.37	  0.00	  0.61	 -0.23	 -0.37	
  0.00	  0.18	  0.06	  0.00	  0.18	  0.06	  0.00	  0.61	 -0.23	 -0.37	  0.00	  0.61	 -0.23	 -0.37	
  0.00	  0.18	  0.06	  0.00	  0.18	  0.06	  0.00	  0.61	 -0.23	 -0.37	  0.00	  0.61	 -0.23	 -0.37	
  0.00	  0.18	  0.06	  0.00	  0.18	  0.06	  0.00	  0.60	 -0.24	 -0.37	  0.00	  0.60	 -0.24	 -0.37	
  0.00	  0.18	  0.06	  0.00	  0.18	  0.06	  0.00	  0.60	 -0.24	 -0.37	  0.00	  0.60	 -0.24	 -0.37	
  0.00	  0.18	  0.06	  0.00	  0.18	  0.06	  0.00	  0.60	 -0.24	 -0.37	  0.00	  0.60	 -0.24	 -0.37	
  0.00	  0.18	  0.06	  0.00	  0.18	  0.06	  0.00	  0.60	 -0.24	 -0.37	  0.00	  0.60	 -0.24	 -0.37	
  0.00	  0.18	  0.06	  0.00	  0.18	  0.06	  0.00	  0.60	 -0.24	 -0.37	  0.00	  0.60	 -0.24	 -0.37	
  0.00	  0.18	  0.06	  0.00	  0.18	  0.06	  0.00	  0.60	 -0.24	 -0.36	  0.00	  0.60	 -0.24	 -0.36	
  0.00	  0.18	  0.06	  0.00	  0.18	  0.06	  0.00	  0.60	 -0.24	 -0.36	  0.00	  0.60	 -0.24	 -0.36	
  0.00	  0.17	  0.06	  0.00	  0.17	  0.06	  0.00	  0.60	 -0.24	 -0.36	  0.00	  0.60	 -0.24	 -0.36	
  0.00	  0.17	  0.06	  0.00	  0.17	  0.06	  0.00	  0.60	 -0.24	 -0.36	  0.00	  0.60	 -0.24	 -0.36	
  0.00	  0.17	  0.06	  0.00	  0.17	  0.06	  0.00	  0.60	 -0.24	 -0.36	  0.00	  0.60	 -0.24	 -0.36	
  0.00	  0.17	  0.06	  0.00	  0.17	  0.06	  0.00	  0.60	 -0.24	 -0.36	  0.00	  0.60	 -0.24	 -0.36	
  0.00	  0.17	  0.06	  0.00	  0.17	  0.06	  0.00	  0.59	 -0.24	 -0.36	  0.00	  0.59	 -0.24	 -0.36	
  0.00	  0.17	  0.06	  0.00	  0.17	  0.06	  0.00	  0.59	 -0.24	 -0.36	  0.00	  0.59	 -0.24	 -0.36	
  0.00	  0.17	  0.06	  0.00	  0.17	  0.06	  0.00	  0.59	 -0.24	 -0.36	  0.00	  0.59	 -0.24	 -0.36	
  0.00	  0.17	  0.07	  0.00	  0.17	  0.07	  0.00	  0.59	 -0.24	 -0.35	  0.00	  0.59	 -0.24	 -0.35	
  0.00	  0.17	  0.07	  0.00	  0.17	  0.07	  0.00	  0.59	 -0.24	 -0.35	  0.00	  0.59	 -0.24	 -0.35	
  0.00	  0.17	  0.07	  0.00	  0.17	  0.07	  0.00	  0.59	 -0.24	 -0.35	  0.00	  0.59	 -0.24	 -0.35	
  0.00	  0.17	  0.07	  0.00	  0.17	  0.07	  0.00	  0.59	 -0.24	 -0.35	  0.00	  0.59	 -0.24	 -0.35	
  0.00	  0.17	  0.07	  0.00	  0.17	  0.07	  0.00	  0.59	 -0.24	 -0.35	  0.00	  0.59	 -0.24	 -0.35	
  0.00	  0.17	  0.07	  0.00	  0.17	  0.07	  0.00	  0.59	 -0.24	 -0.35	  0.00	  0.59	 -0.24	 -0.35	
  0.00	  0.17	  0.07	  0.00	  0.17	  0.07	  0.00	  0.59	 -0.24	 -0.35	  0.00	  0.59	 -0.24	 -0.35	
  0.00	  0.17	  0.07	  0.00	  0.17	  0.07	  0.00	  0.59	 -0.24	 -0.35	  0.00	  0.59	 -0.24	 -0.35	
  0.00	  0.17	  0.07	  0.00	  0.17	  0.07	  0.00	  0.58	 -0.24	 -0.35	  0.00	  0.58	 -0.24	 -0.35	
  0.00	  0.17	  0.07	  0.00	  0.17	  0.07	  0.00	  0.58	 -0.24	 -0.35	  0.00	  0.58	 -0.24	 -0.35	
  0.00	  0.17	  0.07	  0.00	  0.17	  0.07	  0.00	  0.58	 -0.24	 -0.34	  0.00	  0.58	 -0.24	 -0.34	
  0.00	  0.17	  0.07	  0.00	  0.17	  0.07	  0.00	  0.58	 -0.24	 -0.34	  0.00	  0.58	 -0.24	 -0.34	
  0.00	  0.17	  0.07	  0.00	  0.17	  0.07	  0.00	  0.58	 -0.24	 -0.34	  0.00	  0.58	 -0.24	 -0.34	
  0.00	  0.17	  0.07	  0.00	  0.17	  0.07	  0.00	  0.58	 -0.24	 -0.34	  0.00	  0.58	 -0.24	 -0.34	
  0.00	  0.17	  0.07	  0.00	  0.17	  0.07	  0.00	  0.58	 -0.24	 -0.34	  0.00	  0.58	 -0.24	 -0.34	
  0.00	  0.17	  0.07	  0.00	  0.17	  0.07	  0.00	  0.58	 -0.24	 -0.34	  0.00	  0.58	 -0.24	 -0.34	
  0.00	  0.17	  0.07	  0.00	  0.17	  0.07	  0.00	  0.58	 -0.24	 -0.34	  0.00	  0.58	 -0.24	 -0.34	
  0.00	  0.17	  0.07	  0.00	  0.17	  0.07	  0.00	  0.58	 -0.24	 -0.34	  0.00	  0.58	 -0.24	 -0.34	
  0.00	  0.17	  0.07	  0.00	  0.17	  0.07	  0.00	  0.58	 -0.24	 -0.34	  0.00	  0.58	 -0.24	 -0.34	
  0.00	  0.17	  0.07	  0.00	  0.17	  0.07	  0.00	  0.57	 -0.24	 -0.34	  0.00	  0.57	 -0.24	 -0.34	
  0.00	  0.17	  0.07	  0.00	  0.17	  0.07	  0.00	  0.57	 -0.24	 -0.33	  0.00	  0.57	 -0.24	 -0.33	
  0.00	  0.17	  0.07	  0.00	  0.17	  0.07	  0.00	  0.57	 -0.24	 -0.33	  0.00	  0.57	 -0.24	 -0.33	
  0.00	  0.17	  0.07	  0.00	  0.17	  0.07	  0.00	  0.57	 -0.24	 -0.33	  0.00	  0.57	 -0.24	 -0.33	
  0.00	  0.17	  0.07	  0.00	  0.17	  0.07	  0.00	  0.57	 -0.24	 -0.33	  0.00	  0.57	 -0.24	 -0.33	
  0.00	  0.17	  0.07	  0.00	  0.17	  0.07	  0.00	  0.57	 -0.24	 -0.33	  0.00	  0.57	 -0.24	 -0.33	
  0.00	  0.17	  0.07	  0.00	  0.17	  0.07	  0.00	  0.57	 -0.24	 -0.33	  0.00	  0.57	 -0.24	 -0.33	
  0.00	  0.17	  0.07	  0.00	  0.17	  0.07	  0.00	  0.57	 -0.24	 -0.33	  0.00	  0.57	 -0.24	 -0.33	
  0.00	  0.16	  0.07	  0.00	  0.16	  0.07	  0.00	  0.57	 -0.24	 -0.33	  0.00	  0.57	 -0.24	 -0.33	
  0.00	  0.16	  0.07	  0.00	  0.16	  0.07	  0.00	  0.57	 -0.24	 -0.33	  0.00	  0.57	 -0.24	 -0.33	
  0.00	  0.16	  0.07	  0.00	  0.16	  0.07	  0.00	  0.56	 -0.24	 -0.32	  0.00	  0.56	 -0.24	 -0.32	
  0.00	  0.16	  0.07	  0.00	  0.16	  0.07	  0.00	  0.56	 -0.24	 -0.32	  0.00	  0.56	 -0.24	 -0.32	
  0.00	  0.16	  0.07	  0.00	  0.16	  0.07	  0.00	  0.56	 -0.24	 -0.32	  0.00	  0.56	 -0.24	 -0.32	
  0.00	  0.16	  0.07	  0.00	  0.16	  0.07	  0.00	  0.56	 -0.24	 -0.32	  0.00	  0.56	 -0.24	 -0.32	
  0.00	  0.16	  0.07	  0.00	  0.16	  0.07	  0.00	  0.56	 -0.24	 -0.32	  0.00	  0.56	 -0.24	 -0.32	
  0.00	  0.16	  0.07	  0.00	  0.16	  0.07	  0.00	  0.56	 -0.24	 -0.32	  0.00	  0.56	 -0.24	 -0.32	
  0.00	  0.16	  0.07	  0.00	  0.16	  0.07	  0.00	  0.56	 -0.24	 -0.32	  0.00	  0.56	 -0.24	 -0.32	
  0.00	  0.16	  0.07	  0.00	  0.16	  0.07	  0.00	  0.56	 -0.24	 -0.32	  0.00	  0.56	 -0.24	 -0.32	
  0.00	  0.16	  0.07	  0.00	  0.16	  0.07	  0.00	  0.56	 -0.24	 -0.32	  0.00	  0.56	 -0.24	 -0.32	
  0.00	  0.16	  0.07	  0.00	  0.16	  0.07	  0.00	  0.56	 -0.24	 -0.32	  0.00	  0.56	 -0.24	 -0.32	
  0.00	  0.16	  0.07	  0.00	  0.16	  0.07	  0.00	  0.55	 -0.24	 -0.31	  0.00	  0.55	 -0.24	 -0.31	
  0.00	  0.16	  0.07	  0.00	  0.16	  0.07	  0.00	  0.55	 -0.24	 -0.31	  0.00	  0.55	 -0.24	 -0.31	
  0.00	  0.16	  0.07	  0.00	  0.16	  0.07	  0.00	  0.55	 -0.24	 -0.31	  0.00	  0.55	 -0.24	 -0.31	
  0.00	  0.16	  0.07	  0.00	  0.16	  0.07	  0.00	  0.55	 -0.24	 -0.31	  0.00	  0.55	 -0.24	 -0.31	
  0.00	  0.16	  0.07	  0.00	  0.16	  0.07	  0.00	  0.55	 -0.24	 -0.31	  0.00	  0.55	 -0.24	 -0.31	
  0.00	  0.16	  0.07	  0.00	  0.16	  0.07	  0.00	  0.55	 -0.24	 -0.31	  0.00	  0.55	 -0.24	 -0.31	
  0.00	  0.16	  0.07	  0.00	  0.16	  0.07	  0.00	  0.55	 -0.24	 -0.31	  0.00	  0.55	 -0.24	 -0.31	
  0.00	  0.16	  0.08	  0.00	  0.16	  0.08	  0.00	  0.55	 -0.24	 -0.31	  0.00	  0.55	 -0.24	 -0.31	
  0.00	  0.16	  0.08	  0.00	  0.16	  0.08	  0.00	  0.55	 -0.24	 -0.31	  0.00	  0.55	 -0.24	 -0.31	
  0.00	  0.16	  0.08	  0.00	  0.16	  0.08	  0.00	  0.55	 -0.24	 -0.31	  0.00	  0.55	 -0.24	 -0.31	
  0.00	  0.16	  0.08	  0.00	  0.16	  0.08	  0.00	  0.54	 -0.24	 -0.30	  0.00	  0.54	 -0.24	 -0.30	
  0.00	  0.16	  0.08	  0.00	  0.16	  0.08	  0.00	  0.54	 -0.24	 -0.30	  0.00	  0.54	 -0.24	 -0.30	
  0.00	  0.16	  0.08	  0.00	  0.16	  0.08	  0.00	  0.54	 -0.24	 -0.30	  0.00	  0.54	 -0.24	 -0.30	
  0.00	  0.16	  0.08	  0.00	  0.16	  0.08	  0.00	  0.54	 -0.24	 -0.30	  0.00	  0.54	 -0.24	 -0.30	
  0.00	  0.16	  0.08	  0.00	  0.16	  0.08	  0.00	  0.54	 -0.24	 -0.30	  0.00	  0.54	 -0.24	 -0.30	
  0.00	  0.16	  0.08	  0.00	  0.16	  0.08	  0.00	  0.54	 -0.24	 -0.30	  0.00	  0.54	 -0.24	 -0.30	
  0.00	  0.16	  0.08	  0.00	  0.16	  0.08	  0.00	  0.54	 -0.24	 -0.30	  0.00	  0.54	 -0.24	 -0.30	
  0.00	  0.16	  0.08	  0.00	  0.16	  0.08	  0.00	  0.54	 -0.24	 -0.30	  0.00	  0.54	 -0.24	 -0.30	
  0.00	  0.16	  0.08	  0.00	  0.16	  0.08	  0.00	  0.54	 -0.24	 -0.30	  0.00	  0.54	 -0.24	 -0.30	
  0.00	  0.16	  0.08	  0.00	  0.16	  0.08	  0.00	  0.54	 -0.24	 -0.29	  0.00	  0.54	 -0.24	 -0.29	
  0.00	  0.15	  0.08	  0.00	  0.15	  0.08	  0.00	  0.53	 -0.24	 -0.29	  0.00	  0.53	 -0.24	 -0.29	
  0.00	  0.15	  0.08	  0.00	  0.15	  0.08	  0.00	  0.53	 -0.24	 -0.29	  0.00	  0.53	 -0.24	 -0.29	
  0.00	  0.15	  0.08	  0.00	  0.15	  0.08	  0.00	  0.53	 -0.24	 -0.29	  0.00	  0.53	 -0.24	 -0.29	
  0.00	  0.15	  0.08	  0.00	  0.15	  0.08	  0.00	  0.53	 -0.24	 -0.29	  0.00	  0.53	 -0.24	 -0.29	
  0.00	  0.15	  0.08	  0.00	  0.15	  0.08	  0.00	  0.53	 -0.24	 -0.29	  0.00	  0.53	 -0.24	 -0.29	
  0.00	  0.15	  0.08	  0.00	  0.15	  0.08	  0.00	  0.53	 -0.24	 -0.29	  0.00	  0.53	 -0.24	 -0.29	
  0.00	  0.15	  0.08	  0.00	  0.15	  0.08	  0.00	  0.53	 -0.24	 -0.29	  0.00	  0.53	 -0.24	 -0.29	
  0.00	  0.15	  0.08	  0.00	  0.15	  0.08	  0.00	  0.53	 -0.24	 -0.29	  0.00	  0.53	 -0.24	 -0.29	
  0.00	  0.15	  0.08	  0.00	  0.15	  0.08	  0.00	  0.53	 -0.24	 -0.29	  0.00	  0.53	 -0.24	 -0.29	
  0.00	  0.15	  0.08	  0.00	  0.15	  0.08	  0.00	  0.53	 -0.24	 -0.28	  0.00	  0.53	 -0.24	 -0.28	
  0.00	  0.15	  0.08	  0.00	  0.15	  0.08	  0.00	  0.52	 -0.24	 -0.28	  0.00	  0.52	 -0.24	 -0.28	
  0.00	  0.15	  0.08	  0.00	  0.15	  0.08	  0.00	  0.52	 -0.24	 -0.28	  0.00	  0.52	 -0.24	 -0.28	
  0.00	  0.15	  0.08	  0.00	  0.15	  0.08	  0.00	  0.52	 -0.24	 -0.28	  0.00	  0.52	 -0.24	 -0.28	
  0.00	  0.15	  0.08	  0.00	  0.15	  0.08	  0.00	  0.52	 -0.24	 -0.28	  0.00	  0.52	 -0.24	 -0.28	
  0.00	  0.15	  0.08	  0.00	  0.15	  0.08	  0.00	  0.52	 -0.24	 -0.28	  0.00	  0.52	 -0.24	 -0.28	
  0.00	  0.15	  0.08	  0.00	  0.15	  0.08	  0.00	  0.52	 -0.24	 -0.28	  0.00	  0.52	 -0.24	 -0.28	
  0.00	  0.15	  0.08	  0.00	  0.15	  0.08	  0.00	  0.52	 -0.24	 -0.28	  0.00	  0.52	 -0.24	 -0.28	
  0.00	  0.15	  0.08	  0.00	  0.15	  0.08	  0.00	  0.52	 -0.24	 -0.28	  0.00	  0.52	 -0.24	 -0.28	
  0.00	  0.15	  0.08	  0.00	  0.15	  0.08	  0.00	  0.52	 -0.24	 -0.28	  0.00	  0.52	 -0.24	 -0.28	
  0.00	  0.15	  0.08	  0.00	  0.15	  0.08	  0.00	  0.52	 -0.24	 -0.27	  0.00	  0.52	 -0.24	 -0.27	
  0.00	  0.15	  0.08	  0.00	  0.15	  0.08	  0.00	  0.51	 -0.24	 -0.27	  0.00	  0.51	 -0.24	 -0.27	
  0.00	  0.15	  0.08	  0.00	  0.15	  0.08	  0.00	  0.51	 -0.24	 -0.27	  0.00	  0.51	 -0.24	 -0.27	
  0.00	  0.15	  0.08	  0.00	  0.15	  0.08	  0.00	  0.51	 -0.24	 -0.27	  0.00	  0.51	 -0.24	 -0.27	
  0.00	  0.15	  0.08	  0.00	  0.15	  0.08	  0.00	  0.51	 -0.24	 -0.27	  0.00	  0.51	 -0.24	 -0.27	
  0.00	  0.15	  0.08	  0.00	  0.15	  0.08	  0.00	  0.51	 -0.24	 -0.27	  0.00	  0.51	 -0.24	 -0.27	
  0.00	  0.15	  0.08	  0.00	  0.15	  0.08	  0.00	  0.51	 -0.24	 -0.27	  0.00	  0.51	 -0.24	 -0.27	
  0.00	  0.15	  0.08	  0.00	  0.15	  0.08	  0.00	  0.51	 -0.24	 -0.27	  0.00	  0.51	 -0.24	 -0.27	
  0.00	  0.15	  0.08	  0.00	  0.15	  0.08	  0.00	  0.51	 -0.24	 -0.27	  0.00	  0.51	 -0.24	 -0.27	
  0.00	  0.15	  0.08	  0.00	  0.15	  0.08	  0.00	  0.51	 -0.24	 -0.27	  0.00	  0.51	 -0.24	 -0.27	
  0.00	  0.15	  0.08	  0.00	  0.15	  0.08	  0.00	  0.50	 -0.24	 -0.26	  0.00	  0.50	 -0.24	 -0.26	
  0.00	  0.14	  0.08	  0.00	  0.14	  0.08	  0.00	  0.50	 -0.24	 -0.26	  0.00	  0.50	 -0.24	 -0.26	
  0.00	  0.14	  0.08	  0.00	  0.14	  0.08	  0.00	  0.50	 -0.24	 -0.26	  0.00	  0.50	 -0.24	 -0.26	
  0.00	  0.14	  0.08	  0.00	  0.14	  0.08	  0.00	  0.50	 -0.24	 -0.26	  0.00	  0.50	 -0.24	 -0.26	
  0.00	  0.14	  0.08	  0.00	  0.14	  0.08	  0.00	  0.50	 -0.24	 -0.26	  0.00	  0.50	 -0.24	 -0.26	
  0.00	  0.14	  0.08	  0.00	  0.14	  0.08	  0.00	  0.50	 -0.24	 -0.26	  0.00	  0.50	 -0.24	 -0.26	
  0.00	  0.14	  0.08	  0.00	  0.14	  0.08	  0.00	  0.50	 -0.24	 -0.26	  0.00	  0.50	 -0.24	 -0.26	
  0.00	  0.14	  0.08	  0.00	  0.14	  0.08	  0.00	  0.50	 -0.24	 -0.26	  0.00	  0.50	 -0.24	 -0.26	
  0.00	  0.14	  0.08	  0.00	  0.14	  0.08	  0.00	  0.50	 -0.24	 -0.26	  0.00	  0.50	 -0.24	 -0.26	
  0.00	  0.14	  0.08	  0.00	  0.14	  0.08	  0.00	  0.50	 -0.24	 -0.26	  0.00	  0.50	 -0.24	 -0.26	
  0.00	  0.14	  0.08	  0.00	  0.14	  0.08	  0.00	  0.49	 -0.24	 -0.26	  0.00	  0.49	 -0.24	 -0.26	
  0.00	  0.14	  0.08	  0.00	  0.14	  0.08	  0.00	  0.49	 -0.24	 -0.25	  0.00	  0.49	 -0.24	 -0.25	
  0.00	  0.14	  0.08	  0.00	  0.14	  0.08	  0.00	  0.49	 -0.24	 -0.25	  0.00	  0.49	 -0.24	 -0.25	
  0.00	  0.14	  0.08	  0.00	  0.14	  0.08	  0.00	  0.49	 -0.24	 -0.25	  0.00	  0.49	 -0.24	 -0.25	
  0.00	  0.14	  0.08	  0.00	  0.14	  0.08	  0.00	  0.49	 -0.24	 -0.25	  0.00	  0.49	 -0.24	 -0.25	
  0.00	  0.14	  0.08	  0.00	  0.14	  0.08	  0.00	  0.49	 -0.24	 -0.25	  0.00	  0.49	 -0.24	 -0.25	
  0.00	  0.14	  0.08	  0.00	  0.14	  0.08	  0.00	  0.49	 -0.24	 -0.25	  0.00	  0.49	 -0.24	 -0.25	
  0.00	  0.14	  0.08	  0.00	  0.14	  0.08	  0.00	  0.49	 -0.24	 -0.25	  0.00	  0.49	 -0.24	 -0.25	
  0.00	  0.14	  0.09	  0.00	  0.14	  0.09	  0.00	  0.49	 -0.24	 -0.25	  0.00	  0.49	 -0.24	 -0.25	
  0.00	  0.14	  0.09	  0.00	  0.14	  0.09	  0.00	  0.48	 -0.24	 -0.25	  0.00	  0.48	 -0.24	 -0.25	
  0.00	  0.14	  0.09	  0.00	  0.14	  0.09	  0.00	  0.48	 -0.24	 -0.25	  0.00	  0.48	 -0.24	 -0.25	
  0.00	  0.14	  0.09	  0.00	  0.14	  0.09	  0.00	  0.48	 -0.24	 -0.24	  0.00	  0.48	 -0.24	 -0.24	
  0.00	  0.14	  0.09	  0.00	  0.14	  0.09	  0.00	  0.48	 -0.24	 -0.24	  0.00	  0.48	 -0.24	 -0.24	
  0.00	  0.14	  0.09	  0.00	  0.14	  0.09	  0.00	  0.48	 -0.24	 -0.24	  0.00	  0.48	 -0.24	 -0.24	
  0.00	  0.14	  0.09	  0.00	  0.14	  0.09	  0.00	  0.48	 -0.24	 -0.24	  0.00	  0.48	 -0.24	 -0.24	
  0.00	  0.14	  0.09	  0.00	  0.14	  0.09	  0.00	  0.48	 -0.24	 -0.24	  0.00	  0.48	 -0.24	 -0.24	
  0.00	  0.14	  0.09	  0.00	  0.14	  0.09	  0.00	  0.48	 -0.24	 -0.24	  0.00	  0.48	 -0.24	 -0.24	
  0.00	  0.14	  0.09	  0.00	  0.14	  0.09	  0.00	  0.48	 -0.24	 -0.24	  0.00	  0.48	 -0.24	 -0.24	
  0.00	  0.14	  0.09	  0.00	  0.14	  0.09	  0.00	  0.48	 -0.24	 -0.24	  0.00	  0.48	 -0.24	 -0.24	
  0.00	  0.13	  0.09	  0.00	  0.13	  0.09	  0.00	  0.47	 -0.24	 -0.24	  0.00	  0.47	 -0.24	 -0.24	
  0.00	  0.13	  0.09	  0.00	  0.13	  0.09	  0.00	  0.47	 -0.24	 -0.24	  0.00	  0.47	 -0.24	 -0.24	
  0.00	  0.13	  0.09	  0.00	  0.13	  0.09	  0.00	  0.47	 -0.24	 -0.23	  0.00	  0.47	 -0.24	 -0.23	
  0.00	  0.13	  0.09	  0.00	  0.13	  0.09	  0.00	  0.47	 -0.24	 -0.23	  0.00	  0.47	 -0.24	 -0.23	
  0.00	  0.13	  0.09	  0.00	  0.13	  0.09	  0.00	  0.47	 -0.24	 -0.23	  0.00	  0.47	 -0.24	 -0.23	
  0.00	  0.13	  0.09	  0.00	  0.13	  0.09	  0.00	  0.47	 -0.24	 -0.23	  0.00	  0.47	 -0.24	 -0.23	
  0.00	  0.13	  0.09	  0.00	  0.13	  0.09	  0.00	  0.47	 -0.24	 -0.23	  0.00	  0.47	 -0.24	 -0.23	
  0.00	  0.13	  0.09	  0.00	  0.13	  0.09	  0.00	  0.47	 -0.24	 -0.23	  0.00	  0.47	 -0.24	 -0.23	
  0.00	  0.13	  0.09	  0.00	  0.13	  0.09	  0.00	  0.47	 -0.24	 -0.23	  0.00	  0.47	 -0.24	 -0.23	
  0.00	  0.13	  0.09	  0.00	  0.13	  0.09	  0.00	  0.46	 -0.24	 -0.23	  0.00	  0.46	 -0.24	 -0.23	
  0.00	  0.13	  0.09	  0.00	  0.13	  0.09	  0.00	  0.46	 -0.24	 -0.23	  0.00	  0.46	 -0.24	 -0.23	
  0.00	  0.13	  0.09	  0.00	  0.13	  0.09	  0.00	  0.46	 -0.24	 -0.23	  0.00	  0.46	 -0.24	 -0.23	
  0.00	  0.13	  0.09	  0.00	  0.13	  0.09	  0.00	  0.46	 -0.24	 -0.23	  0.00	  0.46	 -0.24	 -0.23	
  0.00	  0.13	  0.09	  0.00	  0.13	  0.09	  0.00	  0.46	 -0.24	 -0.22	  0.00	  0.46	 -0.24	 -0.22	
  0.00	  0.13	  0.09	  0.00	  0.13	  0.09	  0.00	  0.46	 -0.24	 -0.22	  0.00	  0.46	 -0.24	 -0.22	
  0.00	  0.13	  0.09	  0.00	  0.13	  0.09	  0.00	  0.46	 -0.23	 -0.22	  0.00	  0.46	 -0.23	 -0.22	
  0.00	  0.13	  0.09	  0.00	  0.13	  0.09	  0.00	  0.46	 -0.23	 -0.22	  0.00	  0.46	 -0.23	 -0.22	
  0.00	  0.13	  0.09	  0.00	  0.13	  0.09	  0.00	  0.46	 -0.23	 -0.22	  0.00	  0.46	 -0.23	 -0.22	
  0.00	  0.13	  0.09	  0.00	  0.13	  0.09	  0.00	  0.45	 -0.23	 -0.22	  0.00	  0.45	 -0.23	 -0.22	
  0.00	  0.13	  0.09	  0.00	  0.13	  0.09	  0.00	  0.45	 -0.23	 -0.22	  0.00	  0.45	 -0.23	 -0.22	
  0.00	  0.13	  0.09	  0.00	  0.13	  0.09	  0.00	  0.45	 -0.23	 -0.22	  0.00	  0.45	 -0.23	 -0.22	
  0.00	  0.13	  0.09	  0.00	  0.13	  0.09	  0.00	  0.45	 -0.23	 -0.22	  0.00	  0.45	 -0.23	 -0.22	
  0.00	  0.13	  0.09	  0.00	  0.13	  0.09	  0.00	  0.45	 -0.23	 -0.22	  0.00	  0.45	 -0.23	 -0.22	
  0.00	  0.13	  0.09	  0.00	  0.13	  0.09	  0.00	  0.45	 -0.23	 -0.22	  0.00	  0.45	 -0.23	 -0.22	
  0.00	  0.13	  0.09	  0.00	  0.13	  0.09	  0.00	  0.45	 -0.23	 -0.21	  0.00	  0.45	 -0.23	 -0.21	
  0.00	  0.13	  0.09	  0.00	  0.13	  0.09	  0.00	  0.45	 -0.23	 -0.21	  0.00	  0.45	 -0.23	 -0.21	
  0.00	  0.13	  0.09	  0.00	  0.13	  0.09	  0.00	  0.45	 -0.23	 -0.21	  0.00	  0.45	 -0.23	 -0.21	
  0.00	  0.12	  0.09	  0.00	  0.12	  0.09	  0.00	  0.44	 -0.23	 -0.21	  0.00	  0.44	 -0.23	 -0.21	
  0.00	  0.12	  0.09	  0.00	  0.12	  0.09	  0.00	  0.44	 -0.23	 -0.21	  0.00	  0.44	 -0.23	 -0.21	
  0.00	  0.12	  0.09	  0.00	  0.12	  0.09	  0.00	  0.44	 -0.23	 -0.21	  0.00	  0.44	 -0.23	 -0.21	
  0.00	  0.12	  0.09	  0.00	  0.12	  0.09	  0.00	  0.44	 -0.23	 -0.21	  0.00	  0.44	 -0.23	 -0.21	
  0.00	  0.12	  0.09	  0.00	  0.12	  0.09	  0.00	  0.44	 -0.23	 -0.21	  0.00	  0.44	 -0.23	 -0.21	
  0.00	  0.12	  0.09	  0.00	  0.12	  0.09	  0.00	  0.44	 -0.23	 -0.21	  0.00	  0.44	 -0.23	 -0.21	
  0.00	  0.12	  0.09	  0.00	  0.12	  0.09	  0.00	  0.44	 -0.23	 -0.21	  0.00	  0.44	 -0.23	 -0.21	
  0.00	  0.12	  0.09	  0.00	  0.12	  0.09	  0.00	  0.44	 -0.23	 -0.21	  0.00	  0.44	 -0.23	 -0.21	
  0.00	  0.12	  0.09	  0.00	  0.12	  0.09	  0.00	  0.44	 -0.23	 -0.20	  0.00	  0.44	 -0.23	 -0.20	
  0.00	  0.12	  0.09	  0.00	  0.12	  0.09	  0.00	  0.43	 -0.23	 -0.20	  0.00	  0.43	 -0.23	 -0.20	
  0.00	  0.12	  0.09	  0.00	  0.12	  0.09	  0.00	  0.43	 -0.23	 -0.20	  0.00	  0.43	 -0.23	 -0.20	
  0.00	  0.12	  0.09	  0.00	  0.12	  0.09	  0.00	  0.43	 -0.23	 -0.20	  0.00	  0.43	 -0.23	 -0.20	
  0.00	  0.12	  0.09	  0.00	  0.12	  0.09	  0.00	  0.43	 -0.23	 -0.20	  0.00	  0.43	 -0.23	 -0.20	
  0.00	  0.12	  0.09	  0.00	  0.12	  0.09	  0.00	  0.43	 -0.23	 -0.20	  0.00	  0.43	 -0.23	 -0.20	
  0.00	  0.12	  0.09	  0.00	  0.12	  0.09	  0.00	  0.43	 -0.23	 -0.20	  0.00	  0.43	 -0.23	 -0.20	
  0.00	  0.12	  0.09	  0.00	  0.12	  0.09	  0.00	  0.43	 -0.23	 -0.20	  0.00	  0.43	 -0.23	 -0.20	
  0.00	  0.12	  0.09	  0.00	  0.12	  0.09	  0.00	  0.43	 -0.23	 -0.20	  0.00	  0.43	 -0.23	 -0.20	
  0.00	  0.12	  0.09	  0.00	  0.12	  0.09	  0.00	  0.43	 -0.23	 -0.20	  0.00	  0.43	 -0.23	 -0.20	
  0.00	  0.12	  0.09	  0.00	  0.12	  0.09	  0.00	  0.42	 -0.23	 -0.20	  0.00	  0.42	 -0.23	 -0.20	
  0.00	  0.12	  0.09	  0.00	  0.12	  0.09	  0.00	  0.42	 -0.23	 -0.19	  0.00	  0.42	 -0.23	 -0.19	
  0.00	  0.12	  0.09	  0.00	  0.12	  0.09	  0.00	  0.42	 -0.23	 -0.19	  0.00	  0.42	 -0.23	 -0.19	
  0.00	  0.12	  0.09	  0.00	  0.12	  0.09	  0.00	  0.42	 -0.23	 -0.19	  0.00	  0.42	 -0.23	 -0.19	
  0.00	  0.12	  0.09	  0.00	  0.12	  0.09	  0.00	  0.42	 -0.23	 -0.19	  0.00	  0.42	 -0.23	 -0.19	
  0.00	  0.12	  0.09	  0.00	  0.12	  0.09	  0.00	  0.42	 -0.23	 -0.19	  0.00	  0.42	 -0.23	 -0.19	
  0.00	  0.12	  0.09	  0.00	  0.12	  0.09	  0.00	  0.42	 -0.23	 -0.19	  0.00	  0.42	 -0.23	 -0.19	
  0.00	  0.12	  0.09	  0.00	  0.12	  0.09	  0.00	  0.42	 -0.23	 -0.19	  0.00	  0.42	 -0.23	 -0.19	
  0.00	  0.12	  0.09	  0.00	  0.12	  0.09	  0.00	  0.42	 -0.23	 -0.19	  0.00	  0.42	 -0.23	 -0.19	
  0.00	  0.11	  0.09	  0.00	  0.11	  0.09	  0.00	  0.41	 -0.23	 -0.19	  0.00	  0.41	 -0.23	 -0.19	
  0.00	  0.11	  0.09	  0.00	  0.11	  0.09	  0.00	  0.41	 -0.23	 -0.19	  0.00	  0.41	 -0.23	 -0.19	
  0.00	  0.11	  0.09	  0.00	  0.11	  0.09	  0.00	  0.41	 -0.23	 -0.19	  0.00	  0.41	 -0.23	 -0.19	
  0.00	  0.11	  0.09	  0.00	  0.11	  0.09	  0.00	  0.41	 -0.23	 -0.19	  0.00	  0.41	 -0.23	 -0.19	
  0.00	  0.11	  0.09	  0.00	  0.11	  0.09	  0.00	  0.41	 -0.23	 -0.18	  0.00	  0.41	 -0.23	 -0.18	
  0.00	  0.11	  0.09	  0.00	  0.11	  0.09	  0.00	  0.41	 -0.23	 -0.18	  0.00	  0.41	 -0.23	 -0.18	
  0.00	  0.11	  0.09	  0.00	  0.11	  0.09	  0.00	  0.41	 -0.23	 -0.18	  0.00	  0.41	 -0.23	 -0.18	
  0.00	  0.11	  0.09	  0.00	  0.11	  0.09	  0.00	  0.41	 -0.23	 -0.18	  0.00	  0.41	 -0.23	 -0.18	
  0.00	  0.11	  0.09	  0.00	  0.11	  0.09	  0.00	  0.41	 -0.23	 -0.18	  0.00	  0.41	 -0.23	 -0.18	
  0.00	  0.11	  0.09	  0.00	  0.11	  0.09	  0.00	  0.40	 -0.22	 -0.18	  0.00	  0.40	 -0.22	 -0.18	
  0.00	  0.11	  0.09	  0.00	  0.11	  0.09	  0.00	  0.40	 -0.22	 -0.18	  0.00	  0.40	 -0.22	 -0.18	
  0.00	  0.11	  0.09	  0.00	  0.11	  0.09	  0.00	  0.40	 -0.22	 -0.18	  0.00	  0.40	 -0.22	 -0.18	
  0.00	  0.11	  0.09	  0.00	  0.11	  0.09	  0.00	  0.40	 -0.22	 -0.18	  0.00	  0.40	 -0.22	 -0.18	
  0.00	  0.11	  0.09	  0.00	  0.11	  0.09	  0.00	  0.40	 -0.22	 -0.18	  0.00	  0.40	 -0.22	 -0.18	
  0.00	  0.11	  0.09	  0.00	  0.11	  0.09	  0.00	  0.40	 -0.22	 -0.18	  0.00	  0.40	 -0.22	 -0.18	
  0.00	  0.11	  0.09	  0.00	  0.11	  0.09	  0.00	  0.40	 -0.22	 -0.17	  0.00	  0.40	 -0.22	 -0.17	
  0.00	  0.11	  0.09	  0.00	  0.11	  0.09	  0.00	  0.40	 -0.22	 -0.17	  0.00	  0.40	 -0.22	 -0.17	
  0.00	  0.11	  0.09	  0.00	  0.11	  0.09	  0.00	  0.40	 -0.22	 -0.17	  0.00	  0.40	 -0.22	 -0.17	
  0.00	  0.11	  0.09	  0.00	  0.11	  0.09	  0.00	  0.39	 -0.22	 -0.17	  0.00	  0.39	 -0.22	 -0.17	
  0.00	  0.11	  0.09	  0.00	  0.11	  0.09	  0.00	  0.39	 -0.22	 -0.17	  0.00	  0.39	 -0.22	 -0.17	
  0.00	  0.11	  0.09	  0.00	  0.11	  0.09	  0.00	  0.39	 -0.22	 -0.17	  0.00	  0.39	 -0.22	 -0.17	
  0.00	  0.11	  0.09	  0.00	  0.11	  0.09	  0.00	  0.39	 -0.22	 -0.17	  0.00	  0.39	 -0.22	 -0.17	
  0.00	  0.11	  0.09	  0.00	  0.11	  0.09	  0.00	  0.39	 -0.22	 -0.17	  0.00	  0.39	 -0.22	 -0.17	
  0.00	  0.11	  0.09	  0.00	  0.11	  0.09	  0.00	  0.39	 -0.22	 -0.17	  0.00	  0.39	 -0.22	 -0.17	
  0.00	  0.11	  0.09	  0.00	  0.11	  0.09	  0.00	  0.39	 -0.22	 -0.17	  0.00	  0.39	 -0.22	 -0.17	
  0.00	  0.11	  0.09	  0.00	  0.11	  0.09	  0.00	  0.39	 -0.22	 -0.17	  0.00	  0.39	 -0.22	 -0.17	
  0.00	  0.10	  0.09	  0.00	  0.10	  0.09	  0.00	  0.39	 -0.22	 -0.17	  0.00	  0.39	 -0.22	 -0.17	
  0.00	  0.10	  0.09	  0.00	  0.10	  0.09	  0.00	  0.38	 -0.22	 -0.16	  0.00	  0.38	 -0.22	 -0.16	
  0.00	  0.10	  0.09	  0.00	  0.10	  0.09	  0.00	  0.38	 -0.22	 -0.16	  0.00	  0.38	 -0.22	 -0.16	
  0.00	  0.10	  0.09	  0.00	  0.10	  0.09	  0.00	  0.38	 -0.22	 -0.16	  0.00	  0.38	 -0.22	 -0.16	
  0.00	  0.10	  0.09	  0.00	  0.10	  0.09	  0.00	  0.38	 -0.22	 -0.16	  0.00	  0.38	 -0.22	 -0.16	
  0.00	  0.10	  0.09	  0.00	  0.10	  0.09	  0.00	  0.38	 -0.22	 -0.16	  0.00	  0.38	 -0.22	 -0.16	
  0.00	  0.10	  0.09	  0.00	  0.10	  0.09	  0.00	  0.38	 -0.22	 -0.16	  0.00	  0.38	 -0.22	 -0.16	
  0.00	  0.10	  0.09	  0.00	  0.10	  0.09	  0.00	  0.38	 -0.22	 -0.16	  0.00	  0.38	 -0.22	 -0.16	
  0.00	  0.10	  0.09	  0.00	  0.10	  0.09	  0.00	  0.38	 -0.22	 -0.16	  0.00	  0.38	 -0.22	 -0.16	
  0.00	  0.10	  0.09	  0.00	  0.10	  0.09	  0.00	  0.38	 -0.22	 -0.16	  0.00	  0.38	 -0.22	 -0.16	
  0.00	  0.10	  0.09	  0.00	  0.10	  0.09	  0.00	  0.37	 -0.22	 -0.16	  0.00	  0.37	 -0.22	 -0.16	
  0.00	  0.10	  0.09	  0.00	  0.10	  0.09	  0.00	  0.37	 -0.22	 -0.16	  0.00	  0.37	 -0.22	 -0.16	
  0.00	  0.10	  0.09	  0.00	  0.10	  0.09	  0.00	  0.37	 -0.22	 -0.16	  0.00	  0.37	 -0.22	 -0.16	
  0.00	  0.10	  0.09	  0.00	  0.10	  0.09	  0.00	  0.37	 -0.22	 -0.15	  0.00	  0.37	 -0.22	 -0.15	
  0.00	  0.10	  0.09	  0.00	  0.10	  0.09	  0.00	  0.37	 -0.22	 -0.15	  0.00	  0.37	 -0.22	 -0.15	
  0.00	  0.10	  0.09	  0.00	  0.10	  0.09	  0.00	  0.37	 -0.22	 -0.15	  0.00	  0.37	 -0.22	 -0.15	
  0.00	  0.10	  0.09	  0.00	  0.10	  0.09	  0.00	  0.37	 -0.22	 -0.15	  0.00	  0.37	 -0.22	 -0.15	
  0.00	  0.10	  0.09	  0.00	  0.10	  0.09	  0.00	  0.37	 -0.22	 -0.15	  0.00	  0.37	 -0.22	 -0.15	
  0.00	  0.10	  0.09	  0.00	  0.10	  0.09	  0.00	  0.37	 -0.21	 -0.15	  0.00	  0.37	 -0.21	 -0.15	
  0.00	  0.10	  0.09	  0.00	  0.10	  0.09	  0.00	  0.36	 -0.21	 -0.15	  0.00	  0.36	 -0.21	 -0.15	
  0.00	  0.10	  0.09	  0.00	  0.10	  0.09	  0.00	  0.36	 -0.21	 -0.15	  0.00	  0.36	 -0.21	 -0.15	
  0.00	  0.10	  0.09	  0.00	  0.10	  0.09	  0.00	  0.36	 -0.21	 -0.15	  0.00	  0.36	 -0.21	 -0.15	
  0.00	  0.10	  0.09	  0.00	  0.10	  0.09	  0.00	  0.36	 -0.21	 -0.15	  0.00	  0.36	 -0.21	 -0.15	
  0.00	  0.10	  0.09	  0.00	  0.10	  0.09	  0.00	  0.36	 -0.21	 -0.15	  0.00	  0.36	 -0.21	 -0.15	
  0.00	  0.10	  0.09	  0.00	  0.10	  0.09	  0.00	  0.36	 -0.21	 -0.15	  0.00	  0.36	 -0.21	 -0.15	
  0.00	  0.10	  0.09	  0.00	  0.10	  0.09	  0.00	  0.36	 -0.21	 -0.15	  0.00	  0.36	 -0.21	 -0.15	
  0.00	  0.09	  0.09	  0.00	  0.09	  0.09	  0.00	  0.36	 -0.21	 -0.14	  0.00	  0.36	 -0.21	 -0.14	
  0.00	  0.09	  0.09	  0.00	  0.09	  0.09	  0.00	  0.36	 -0.21	 -0.14	  0.00	  0.36	 -0.21	 -0.14	
  0.00	  0.09	  0.09	  0.00	  0.09	  0.09	  0.00	  0.35	 -0.21	 -0.14	  0.00	  0.35	 -0.21	 -0.14	
  0.00	  0.09	  0.09	  0.00	  0.09	  0.09	  0.00	  0.35	 -0.21	 -0.14	  0.00	  0.35	 -0.21	 -0.14	
  0.00	  0.09	  0.09	  0.00	  0.09	  0.09	  0.00	  0.35	 -0.21	 -0.14	  0.00	  0.35	 -0.21	 -0.14	
  0.00	  0.09	  0.09	  0.00	  0.09	  0.09	  0.00	  0.35	 -0.21	 -0.14	  0.00	  0.35	 -0.21	 -0.14	
  0.00	  0.09	  0.09	  0.00	  0.09	  0.09	  0.00	  0.35	 -0.21	 -0.14	  0.00	  0.35	 -0.21	 -0.14	
  0.00	  0.09	  0.09	  0.00	  0.09	  0.09	  0.00	  0.35	 -0.21	 -0.14	  0.00	  0.35	 -0.21	 -0.14	
  0.00	  0.09	  0.09	  0.00	  0.09	  0.09	  0.00	  0.35	 -0.21	 -0.14	  0.00	  0.35	 -0.21	 -0.14	
  0.00	  0.09	  0.09	  0.00	  0.09	  0.09	  0.00	  0.35	 -0.21	 -0.14	  0.00	  0.35	 -0.21	 -0.14	
  0.00	  0.09	  0.09	  0.00	  0.09	  0.09	  0.00	  0.35	 -0.21	 -0.14	  0.00	  0.35	 -0.21	 -0.14	
  0.00	  0.09	  0.09	  0.00	  0.09	  0.09	  0.00	  0.34	 -0.21	 -0.14	  0.00	  0.34	 -0.21	 -0.14	
  0.00	  0.09	  0.09	  0.00	  0.09	  0.09	  0.00	  0.34	 -0.21	 -0.14	  0.00	  0.34	 -0.21	 -0.14	
  0.00	  0.09	  0.09	  0.00	  0.09	  0.09	  0.00	  0.34	 -0.21	 -0.13	  0.00	  0.34	 -0.21	 -0.13	
  0.00	  0.09	  0.09	  0.00	  0.09	  0.09	  0.00	  0.34	 -0.21	 -0.13	  0.00	  0.34	 -0.21	 -0.13	
  0.00	  0.09	  0.09	  0.00	  0.09	  0.09	  0.00	  0.34	 -0.21	 -0.13	  0.00	  0.34	 -0.21	 -0.13	
  0.00	  0.09	  0.09	  0.00	  0.09	  0.09	  0.00	  0.34	 -0.21	 -0.13	  0.00	  0.34	 -0.21	 -0.13	
  0.00	  0.09	  0.09	  0.00	  0.09	  0.09	  0.00	  0.34	 -0.21	 -0.13	  0.00	  0.34	 -0.21	 -0.13	
  0.00	  0.09	  0.09	  0.00	  0.09	  0.09	  0.00	  0.34	 -0.21	 -0.13	  0.00	  0.34	 -0.21	 -0.13	
  0.00	  0.09	  0.09	  0.00	  0.09	  0.09	  0.00	  0.33	 -0.21	 -0.13	  0.00	  0.33	 -0.21	 -0.13	
  0.00	  0.09	  0.09	  0.00	  0.09	  0.09	  0.00	  0.33	 -0.20	 -0.13	  0.00	  0.33	 -0.20	 -0.13	
  0.00	  0.09	  0.09	  0.00	  0.09	  0.09	  0.00	  0.33	 -0.20	 -0.13	  0.00	  0.33	 -0.20	 -0.13	
  0.00	  0.09	  0.09	  0.00	  0.09	  0.09	  0.00	  0.33	 -0.20	 -0.13	  0.00	  0.33	 -0.20	 -0.13	
  0.00	  0.09	  0.09	  0.00	  0.09	  0.09	  0.00	  0.33	 -0.20	 -0.13	  0.00	  0.33	 -0.20	 -0.13	
  0.00	  0.09	  0.09	  0.00	  0.09	  0.09	  0.00	  0.33	 -0.20	 -0.13	  0.00	  0.33	 -0.20	 -0.13	
  0.00	  0.08	  0.09	  0.00	  0.08	  0.09	  0.00	  0.33	 -0.20	 -0.13	  0.00	  0.33	 -0.20	 -0.13	
  0.00	  0.08	  0.09	  0.00	  0.08	  0.09	  0.00	  0.33	 -0.20	 -0.12	  0.00	  0.33	 -0.20	 -0.12	
  0.00	  0.08	  0.09	  0.00	  0.08	  0.09	  0.00	  0.33	 -0.20	 -0.12	  0.00	  0.33	 -0.20	 -0.12	
  0.00	  0.08	  0.09	  0.00	  0.08	  0.09	  0.00	  0.32	 -0.20	 -0.12	  0.00	  0.32	 -0.20	 -0.12	
  0.00	  0.08	  0.09	  0.00	  0.08	  0.09	  0.00	  0.32	 -0.20	 -0.12	  0.00	  0.32	 -0.20	 -0.12	
  0.00	  0.08	  0.09	  0.00	  0.08	  0.09	  0.00	  0.32	 -0.20	 -0.12	  0.00	  0.32	 -0.20	 -0.12	
  0.00	  0.08	  0.09	  0.00	  0.08	  0.09	  0.00	  0.32	 -0.20	 -0.12	  0.00	  0.32	 -0.20	 -0.12	
  0.00	  0.08	  0.09	  0.00	  0.08	  0.09	  0.00	  0.32	 -0.20	 -0.12	  0.00	  0.32	 -0.20	 -0.12	
  0.00	  0.08	  0.09	  0.00	  0.08	  0.09	  0.00	  0.32	 -0.20	 -0.12	  0.00	  0.32	 -0.20	 -0.12	
  0.00	  0.08	  0.09	  0.00	  0.08	  0.09	  0.00	  0.32	 -0.20	 -0.12	  0.00	  0.32	 -0.20	 -0.12	
  0.00	  0.08	  0.09	  0.00	  0.08	  0.09	  0.00	  0.32	 -0.20	 -0.12	  0.00	  0.32	 -0.20	 -0.12	
  0.00	  0.08	  0.09	  0.00	  0.08	  0.09	  0.00	  0.32	 -0.20	 -0.12	  0.00	  0.32	 -0.20	 -0.12	
  0.00	  0.08	  0.09	  0.00	  0.08	  0.09	  0.00	  0.31	 -0.20	 -0.12	  0.00	  0.31	 -0.20	 -0.12	
  0.00	  0.08	  0.09	  0.00	  0.08	  0.09	  0.00	  0.31	 -0.20	 -0.12	  0.00	  0.31	 -0.20	 -0.12	
  0.00	  0.08	  0.09	  0.00	  0.08	  0.09	  0.00	  0.31	 -0.20	 -0.11	  0.00	  0.31	 -0.20	 -0.11	
  0.00	  0.08	  0.09	  0.00	  0.08	  0.09	  0.00	  0.31	 -0.20	 -0.11	  0.00	  0.31	 -0.20	 -0.11	
  0.00	  0.08	  0.09	  0.00	  0.08	  0.09	  0.00	  0.31	 -0.20	 -0.11	  0.00	  0.31	 -0.20	 -0.11	
  0.00	  0.08	  0.09	  0.00	  0.08	  0.09	  0.00	  0.31	 -0.20	 -0.11	  0.00	  0.31	 -0.20	 -0.11	
  0.00	  0.08	  0.09	  0.00	  0.08	  0.09	  0.00	  0.31	 -0.20	 -0.11	  0.00	  0.31	 -0.20	 -0.11	
  0.00	  0.08	  0.09	  0.00	  0.08	  0.09	  0.00	  0.31	 -0.19	 -0.11	  0.00	  0.31	 -0.19	 -0.11	
  0.00	  0.08	  0.09	  0.00	  0.08	  0.09	  0.00	  0.30	 -0.19	 -0.11	  0.00	  0.30	 -0.19	 -0.11	
  0.00	  0.08	  0.09	  0.00	  0.08	  0.09	  0.00	  0.30	 -0.19	 -0.11	  0.00	  0.30	 -0.19	 -0.11	
  0.00	  0.08	  0.09	  0.00	  0.08	  0.09	  0.00	  0.30	 -0.19	 -0.11	  0.00	  0.30	 -0.19	 -0.11	
  0.00	  0.08	  0.09	  0.00	  0.08	  0.09	  0.00	  0.30	 -0.19	 -0.11	  0.00	  0.30	 -0.19	 -0.11	
  0.00	  0.08	  0.09	  0.00	  0.08	  0.09	  0.00	  0.30	 -0.19	 -0.11	  0.00	  0.30	 -0.19	 -0.11	
  0.00	  0.07	  0.09	  0.00	  0.07	  0.09	  0.00	  0.30	 -0.19	 -0.11	  0.00	  0.30	 -0.19	 -0.11	
  0.00	  0.07	  0.09	  0.00	  0.07	  0.09	  0.00	  0.30	 -0.19	 -0.11	  0.00	  0.30	 -0.19	 -0.11	
  0.00	  0.07	  0.09	  0.00	  0.07	  0.09	  0.00	  0.30	 -0.19	 -0.11	  0.00	  0.30	 -0.19	 -0.11	
  0.00	  0.07	  0.09	  0.00	  0.07	  0.09	  0.00	  0.30	 -0.19	 -0.10	  0.00	  0.30	 -0.19	 -0.10	
  0.00	  0.07	  0.09	  0.00	  0.07	  0.09	  0.00	  0.29	 -0.19	 -0.10	  0.00	  0.29	 -0.19	 -0.10	
  0.00	  0.07	  0.09	  0.00	  0.07	  0.09	  0.00	  0.29	 -0.19	 -0.10	  0.00	  0.29	 -0.19	 -0.10	
  0.00	  0.07	  0.09	  0.00	  0.07	  0.09	  0.00	  0.29	 -0.19	 -0.10	  0.00	  0.29	 -0.19	 -0.10	
  0.00	  0.07	  0.09	  0.00	  0.07	  0.09	  0.00	  0.29	 -0.19	 -0.10	  0.00	  0.29	 -0.19	 -0.10	
  0.00	  0.07	  0.09	  0.00	  0.07	  0.09	  0.00	  0.29	 -0.19	 -0.10	  0.00	  0.29	 -0.19	 -0.10	
  0.00	  0.07	  0.09	  0.00	  0.07	  0.09	  0.00	  0.29	 -0.19	 -0.10	  0.00	  0.29	 -0.19	 -0.10	
  0.00	  0.07	  0.09	  0.00	  0.07	  0.09	  0.00	  0.29	 -0.19	 -0.10	  0.00	  0.29	 -0.19	 -0.10	
  0.00	  0.07	  0.09	  0.00	  0.07	  0.09	  0.00	  0.29	 -0.19	 -0.10	  0.00	  0.29	 -0.19	 -0.10	
  0.00	  0.07	  0.09	  0.00	  0.07	  0.09	  0.00	  0.29	 -0.19	 -0.10	  0.00	  0.29	 -0.19	 -0.10	
  0.00	  0.07	  0.09	  0.00	  0.07	  0.09	  0.00	  0.28	 -0.19	 -0.10	  0.00	  0.28	 -0.19	 -0.10	
  0.00	  0.07	  0.09	  0.00	  0.07	  0.09	  0.00	  0.28	 -0.19	 -0.10	  0.00	  0.28	 -0.19	 -0.10	
  0.00	  0.07	  0.09	  0.00	  0.07	  0.09	  0.00	  0.28	 -0.19	 -0.10	  0.00	  0.28	 -0.19	 -0.10	
  0.00	  0.07	  0.09	  0.00	  0.07	  0.09	  0.00	  0.28	 -0.18	 -0.10	  0.00	  0.28	 -0.18	 -0.10	
  0.00	  0.07	  0.09	  0.00	  0.07	  0.09	  0.00	  0.28	 -0.18	 -0.09	  0.00	  0.28	 -0.18	 -0.09	
  0.00	  0.07	  0.09	  0.00	  0.07	  0.09	  0.00	  0.28	 -0.18	 -0.09	  0.00	  0.28	 -0.18	 -0.09	
  0.00	  0.07	  0.09	  0.00	  0.07	  0.09	  0.00	  0.28	 -0.18	 -0.09	  0.00	  0.28	 -0.18	 -0.09	
  0.00	  0.07	  0.09	  0.00	  0.07	  0.09	  0.00	  0.28	 -0.18	 -0.09	  0.00	  0.28	 -0.18	 -0.09	
  0.00	  0.07	  0.09	  0.00	  0.07	  0.09	  0.00	  0.27	 -0.18	 -0.09	  0.00	  0.27	 -0.18	 -0.09	
  0.00	  0.07	  0.09	  0.00	  0.07	  0.09	  0.00	  0.27	 -0.18	 -0.09	  0.00	  0.27	 -0.18	 -0.09	
  0.00	  0.07	  0.09	  0.00	  0.07	  0.09	  0.00	  0.27	 -0.18	 -0.09	  0.00	  0.27	 -0.18	 -0.09	
  0.00	  0.07	  0.09	  0.00	  0.07	  0.09	  0.00	  0.27	 -0.18	 -0.09	  0.00	  0.27	 -0.18	 -0.09	
  0.00	  0.06	  0.09	  0.00	  0.06	  0.09	  0.00	  0.27	 -0.18	 -0.09	  0.00	  0.27	 -0.18	 -0.09	
  0.00	  0.06	  0.09	  0.00	  0.06	  0.09	  0.00	  0.27	 -0.18	 -0.09	  0.00	  0.27	 -0.18	 -0.09	
  0.00	  0.06	  0.09	  0.00	  0.06	  0.09	  0.00	  0.27	 -0.18	 -0.09	  0.00	  0.27	 -0.18	 -0.09	
  0.00	  0.06	  0.09	  0.00	  0.06	  0.09	  0.00	  0.27	 -0.18	 -0.09	  0.00	  0.27	 -0.18	 -0.09	
  0.00	  0.06	  0.09	  0.00	  0.06	  0.09	  0.00	  0.27	 -0.18	 -0.09	  0.00	  0.27	 -0.18	 -0.09	
  0.00	  0.06	  0.09	  0.00	  0.06	  0.09	  0.00	  0.26	 -0.18	 -0.09	  0.00	  0.26	 -0.18	 -0.09	
  0.00	  0.06	  0.09	  0.00	  0.06	  0.09	  0.00	  0.26	 -0.18	 -0.09	  0.00	  0.26	 -0.18	 -0.09	
  0.00	  0.06	  0.09	  0.00	  0.06	  0.09	  0.00	  0.26	 -0.18	 -0.08	  0.00	  0.26	 -0.18	 -0.08	
  0.00	  0.06	  0.09	  0.00	  0.06	  0.09	  0.00	  0.26	 -0.18	 -0.08	  0.00	  0.26	 -0.18	 -0.08	
  0.00	  0.06	  0.09	  0.00	  0.06	  0.09	  0.00	  0.26	 -0.18	 -0.08	  0.00	  0.26	 -0.18	 -0.08	
  0.00	  0.06	  0.09	  0.00	  0.06	  0.09	  0.00	  0.26	 -0.18	 -0.08	  0.00	  0.26	 -0.18	 -0.08	
  0.00	  0.06	  0.09	  0.00	  0.06	  0.09	  0.00	  0.26	 -0.17	 -0.08	  0.00	  0.26	 -0.17	 -0.08	
  0.00	  0.06	  0.09	  0.00	  0.06	  0.09	  0.00	  0.26	 -0.17	 -0.08	  0.00	  0.26	 -0.17	 -0.08	
  0.00	  0.06	  0.09	  0.00	  0.06	  0.09	  0.00	  0.25	 -0.17	 -0.08	  0.00	  0.25	 -0.17	 -0.08	
  0.00	  0.06	  0.09	  0.00	  0.06	  0.09	  0.00	  0.25	 -0.17	 -0.08	  0.00	  0.25	 -0.17	 -0.08	
  0.00	  0.06	  0.09	  0.00	  0.06	  0.09	  0.00	  0.25	 -0.17	 -0.08	  0.00	  0.25	 -0.17	 -0.08	
  0.00	  0.06	  0.09	  0.00	  0.06	  0.09	  0.00	  0.25	 -0.17	 -0.08	  0.00	  0.25	 -0.17	 -0.08	
  0.00	  0.06	  0.09	  0.00	  0.06	  0.09	  0.00	  0.25	 -0.17	 -0.08	  0.00	  0.25	 -0.17	 -0.08	
  0.00	  0.06	  0.09	  0.00	  0.06	  0.09	  0.00	  0.25	 -0.17	 -0.08	  0.00	  0.25	 -0.17	 -0.08	
  0.00	  0.06	  0.09	  0.00	  0.06	  0.09	  0.00	  0.25	 -0.17	 -0.08	  0.00	  0.25	 -0.17	 -0.08	
  0.00	  0.06	  0.09	  0.00	  0.06	  0.09	  0.00	  0.25	 -0.17	 -0.08	  0.00	  0.25	 -0.17	 -0.08	
  0.00	  0.06	  0.09	  0.00	  0.06	  0.09	  0.00	  0.24	 -0.17	 -0.08	  0.00	  0.25	 -0.17	 -0.08	
  0.00	  0.06	  0.09	  0.00	  0.06	  0.09	  0.00	  0.24	 -0.17	 -0.07	  0.00	  0.24	 -0.17	 -0.08	
  0.00	  0.06	  0.09	  0.00	  0.06	  0.09	  0.00	  0.24	 -0.17	 -0.07	  0.00	  0.24	 -0.17	 -0.07	
  0.00	  0.06	  0.08	  0.00	  0.06	  0.09	  0.00	  0.24	 -0.17	 -0.07	  0.00	  0.24	 -0.17	 -0.07	
  0.00	  0.06	  0.08	  0.00	  0.05	  0.09	  0.00	  0.24	 -0.17	 -0.07	  0.00	  0.24	 -0.17	 -0.07	
  0.00	  0.06	  0.08	  0.00	  0.05	  0.09	  0.00	  0.24	 -0.17	 -0.07	  0.00	  0.24	 -0.17	 -0.07	
  0.00	  0.06	  0.08	  0.00	  0.05	  0.09	  0.00	  0.24	 -0.17	 -0.07	  0.00	  0.24	 -0.17	 -0.07	
  0.00	  0.05	  0.08	  0.00	  0.05	  0.09	  0.00	  0.24	 -0.17	 -0.07	  0.00	  0.24	 -0.16	 -0.07	
  0.00	  0.05	  0.08	  0.00	  0.05	  0.08	  0.00	  0.24	 -0.17	 -0.07	  0.00	  0.24	 -0.16	 -0.07	
  0.00	  0.05	  0.08	  0.00	  0.05	  0.08	  0.00	  0.23	 -0.16	 -0.07	  0.00	  0.24	 -0.16	 -0.07	
  0.00	  0.05	  0.08	  0.00	  0.05	  0.08	  0.00	  0.23	 -0.16	 -0.07	  0.00	  0.23	 -0.16	 -0.07	
  0.00	  0.05	  0.08	  0.00	  0.05	  0.08	  0.00	  0.23	 -0.16	 -0.07	  0.00	  0.23	 -0.16	 -0.07	
  0.00	  0.05	  0.08	  0.00	  0.05	  0.08	  0.00	  0.23	 -0.16	 -0.07	  0.00	  0.23	 -0.16	 -0.07	
  0.00	  0.05	  0.08	  0.00	  0.05	  0.08	  0.00	  0.23	 -0.16	 -0.07	  0.00	  0.23	 -0.16	 -0.07	
  0.00	  0.05	  0.08	  0.00	  0.05	  0.08	  0.00	  0.23	 -0.16	 -0.07	  0.00	  0.23	 -0.16	 -0.07	
  0.00	  0.05	  0.08	  0.00	  0.05	  0.08	  0.00	  0.23	 -0.16	 -0.07	  0.00	  0.23	 -0.16	 -0.07	
  0.00	  0.05	  0.08	  0.00	  0.05	  0.08	  0.00	  0.23	 -0.16	 -0.07	  0.00	  0.23	 -0.16	 -0.07	
  0.00	  0.05	  0.08	  0.00	  0.05	  0.08	  0.00	  0.23	 -0.16	 -0.06	  0.00	  0.23	 -0.16	 -0.07	
  0.00	  0.05	  0.08	  0.00	  0.05	  0.08	  0.00	  0.22	 -0.16	 -0.06	  0.00	  0.23	 -0.15	 -0.07	
  0.00	  0.05	  0.08	  0.00	  0.05	  0.08	  0.00	  0.22	 -0.16	 -0.06	  0.00	  0.23	 -0.15	 -0.07	
  0.00	  0.05	  0.07	  0.00	  0.05	  0.08	  0.00	  0.22	 -0.16	 -0.06	  0.00	  0.22	 -0.15	 -0.07	
  0.00	  0.05	  0.07	  0.00	  0.05	  0.08	  0.00	  0.22	 -0.16	 -0.06	  0.00	  0.22	 -0.15	 -0.07	
  0.00	  0.05	  0.07	  0.00	  0.05	  0.08	  0.00	  0.22	 -0.16	 -0.06	  0.00	  0.22	 -0.15	 -0.07	
  0.00	  0.06	  0.07	  0.00	  0.05	  0.08	  0.00	  0.22	 -0.16	 -0.06	  0.00	  0.22	 -0.15	 -0.07	
  0.00	  0.06	  0.07	  0.00	  0.05	  0.08	  0.00	  0.22	 -0.16	 -0.06	  0.00	  0.22	 -0.15	 -0.07	
  0.00	  0.06	  0.07	  0.00	  0.05	  0.08	  0.00	  0.22	 -0.16	 -0.06	  0.00	  0.22	 -0.15	 -0.07	
  0.00	  0.06	  0.07	  0.00	  0.05	  0.08	  0.00	  0.22	 -0.16	 -0.06	  0.00	  0.22	 -0.15	 -0.07	
  0.00	  0.06	  0.07	  0.00	  0.05	  0.08	  0.00	  0.21	 -0.16	 -0.06	  0.00	  0.22	 -0.14	 -0.07	
  0.00	  0.06	  0.07	  0.00	  0.05	  0.08	  0.00	  0.21	 -0.16	 -0.06	  0.00	  0.22	 -0.14	 -0.07	
  0.00	  0.06	  0.07	  0.00	  0.05	  0.08	  0.00	  0.21	 -0.15	 -0.06	  0.00	  0.22	 -0.14	 -0.08	
  0.00	  0.06	  0.06	  0.00	  0.04	  0.08	  0.00	  0.21	 -0.15	 -0.06	  0.00	  0.22	 -0.14	 -0.08	
  0.00	  0.06	  0.06	  0.00	  0.04	  0.08	  0.00	  0.21	 -0.15	 -0.06	  0.00	  0.21	 -0.14	 -0.08	
  0.00	  0.06	  0.06	  0.00	  0.04	  0.08	  0.00	  0.21	 -0.15	 -0.06	  0.00	  0.21	 -0.14	 -0.08	
  0.00	  0.06	  0.06	  0.00	  0.04	  0.08	  0.00	  0.21	 -0.15	 -0.06	  0.00	  0.21	 -0.14	 -0.08	
  0.00	  0.06	  0.06	  0.00	  0.04	  0.08	  0.00	  0.21	 -0.15	 -0.06	  0.00	  0.21	 -0.13	 -0.08	
  0.00	  0.06	  0.06	  0.00	  0.04	  0.08	  0.00	  0.21	 -0.15	 -0.05	  0.00	  0.21	 -0.13	 -0.08	
  0.00	  0.06	  0.06	  0.00	  0.04	  0.08	  0.00	  0.21	 -0.15	 -0.05	  0.00	  0.21	 -0.13	 -0.08	
  0.00	  0.06	  0.06	  0.00	  0.04	  0.08	  0.00	  0.20	 -0.15	 -0.05	  0.00	  0.21	 -0.13	 -0.08	
  0.00	  0.06	  0.06	  0.00	  0.04	  0.08	  0.00	  0.20	 -0.15	 -0.05	  0.00	  0.21	 -0.13	 -0.08	
  0.00	  0.06	  0.05	  0.00	  0.04	  0.08	  0.00	  0.20	 -0.15	 -0.05	  0.00	  0.21	 -0.13	 -0.08	
  0.00	  0.06	  0.05	  0.00	  0.04	  0.08	  0.00	  0.20	 -0.15	 -0.05	  0.00	  0.21	 -0.13	 -0.08	
  0.00	  0.06	  0.05	  0.00	  0.04	  0.08	  0.00	  0.20	 -0.15	 -0.05	  0.00	  0.21	 -0.12	 -0.08	
  0.00	  0.06	  0.05	  0.00	  0.04	  0.08	  0.00	  0.20	 -0.15	 -0.05	  0.00	  0.21	 -0.12	 -0.08	
  0.00	  0.06	  0.05	  0.00	  0.04	  0.08	  0.00	  0.20	 -0.15	 -0.05	  0.00	  0.21	 -0.12	 -0.08	
  0.00	  0.06	  0.05	  0.00	  0.04	  0.08	  0.00	  0.20	 -0.15	 -0.05	  0.00	  0.20	 -0.12	 -0.08	
  0.00	  0.06	  0.05	  0.00	  0.04	  0.08	  0.00	  0.20	 -0.15	 -0.05	  0.00	  0.20	 -0.12	 -0.08	
  0.00	  0.06	  0.04	  0.00	  0.04	  0.08	  0.00	  0.19	 -0.15	 -0.05	  0.00	  0.20	 -0.12	 -0.09	
  0.00	  0.06	  0.04	  0.00	  0.04	  0.08	  0.00	  0.19	 -0.15	 -0.05	  0.00	  0.20	 -0.12	 -0.09	
  0.00	  0.06	  0.04	  0.00	  0.04	  0.08	  0.00	  0.19	 -0.15	 -0.05	  0.00	  0.20	 -0.11	 -0.09	
 -0.00	  0.06	  0.04	  0.00	  0.04	  0.08	  0.00	  0.19	 -0.14	 -0.05	 -0.00	  0.20	 -0.11	 -0.09	
 -0.00	  0.07	  0.04	  0.00	  0.04	  0.08	  0.00	  0.19	 -0.14	 -0.05	 -0.00	  0.20	 -0.11	 -0.09	
 -0.00	  0.07	  0.04	  0.00	  0.04	  0.08	  0.00	  0.19	 -0.14	 -0.05	 -0.00	  0.20	 -0.11	 -0.09	
 -0.00	  0.07	  0.04	  0.00	  0.04	  0.08	  0.00	  0.19	 -0.14	 -0.05	 -0.00	  0.20	 -0.11	 -0.09	
 -0.00	  0.07	  0.03	  0.00	  0.04	  0.08	  0.00	  0.19	 -0.14	 -0.05	 -0.00	  0.20	 -0.11	 -0.09	
 -0.00	  0.07	  0.03	  0.00	  0.04	  0.08	  0.00	  0.19	 -0.14	 -0.04	 -0.00	  0.20	 -0.10	 -0.09	
 -0.00	  0.07	  0.03	  0.00	  0.04	  0.08	  0.00	  0.19	 -0.14	 -0.04	 -0.00	  0.20	 -0.10	 -0.09	
 -0.00	  0.07	  0.03	  0.00	  0.04	  0.08	  0.00	  0.19	 -0.14	 -0.04	 -0.00	  0.20	 -0.10	 -0.09	
 -0.00	  0.07	  0.03	  0.00	  0.04	  0.08	  0.00	  0.18	 -0.14	 -0.04	 -0.00	  0.19	 -0.10	 -0.10	
 -0.00	  0.07	  0.03	  0.00	  0.04	  0.08	  0.00	  0.18	 -0.14	 -0.04	 -0.00	  0.19	 -0.10	 -0.10	
 -0.00	  0.07	  0.02	  0.00	  0.04	  0.08	  0.00	  0.18	 -0.14	 -0.04	 -0.00	  0.19	 -0.10	 -0.10	
 -0.00	  0.07	  0.02	  0.00	  0.03	  0.08	  0.00	  0.18	 -0.14	 -0.04	 -0.00	  0.19	 -0.09	 -0.10	
 -0.00	  0.07	  0.02	  0.00	  0.03	  0.08	  0.00	  0.18	 -0.14	 -0.04	 -0.00	  0.19	 -0.09	 -0.10	
 -0.00	  0.07	  0.02	  0.00	  0.03	  0.08	  0.00	  0.18	 -0.14	 -0.04	 -0.00	  0.19	 -0.09	 -0.10	
 -0.00	  0.07	  0.02	  0.00	  0.03	  0.08	  0.00	  0.18	 -0.14	 -0.04	 -0.00	  0.19	 -0.09	 -0.10	
 -0.00	  0.07	  0.02	  0.00	  0.03	  0.08	  0.00	  0.18	 -0.14	 -0.04	 -0.00	  0.19	 -0.09	 -0.10	
 -0.00	  0.07	  0.01	  0.00	  0.03	  0.08	  0.00	  0.18	 -0.14	 -0.04	 -0.00	  0.19	 -0.09	 -0.10	
 -0.00	  0.08	  0.01	  0.00	  0.03	  0.08	  0.00	  0.18	 -0.14	 -0.04	 -0.00	  0.19	 -0.08	 -0.11	
 -0.00	  0.08	  0.01	  0.00	  0.03	  0.08	  0.00	  0.17	 -0.14	 -0.04	 -0.00	  0.19	 -0.08	 -0.11	
 -0.00	  0.08	  0.01	  0.00	  0.03	  0.08	  0.00	  0.17	 -0.14	 -0.04	 -0.00	  0.19	 -0.08	 -0.11	
 -0.00	  0.08	  0.01	  0.00	  0.03	  0.08	  0.00	  0.17	 -0.14	 -0.04	 -0.00	  0.19	 -0.08	 -0.11	
 -0.00	  0.08	  0.00	  0.00	  0.03	  0.08	  0.00	  0.17	 -0.13	 -0.04	 -0.00	  0.19	 -0.08	 -0.11	
 -0.00	  0.08	  0.00	  0.00	  0.03	  0.08	  0.00	  0.17	 -0.13	 -0.04	 -0.00	  0.19	 -0.07	 -0.11	
 -0.00	  0.08	  0.00	  0.00	  0.03	  0.08	  0.00	  0.17	 -0.13	 -0.04	 -0.00	  0.18	 -0.07	 -0.11	
 -0.00	  0.08	 -0.00	  0.00	  0.03	  0.08	  0.00	  0.17	 -0.13	 -0.04	 -0.00	  0.18	 -0.07	 -0.11	
 -0.00	  0.08	 -0.00	  0.00	  0.03	  0.08	  0.00	  0.17	 -0.13	 -0.04	 -0.00	  0.18	 -0.07	 -0.12	
 -0.00	  0.08	 -0.00	  0.00	  0.03	  0.08	  0.00	  0.17	 -0.13	 -0.04	 -0.00	  0.18	 -0.07	 -0.12	
 -0.00	  0.08	 -0.01	  0.00	  0.03	  0.08	  0.00	  0.17	 -0.13	 -0.03	 -0.00	  0.18	 -0.06	 -0.12	
 -0.00	  0.08	 -0.01	  0.00	  0.03	  0.08	  0.00	  0.17	 -0.13	 -0.03	 -0.00	  0.18	 -0.06	 -0.12	
 -0.00	  0.08	 -0.01	  0.00	  0.03	  0.08	  0.00	  0.16	 -0.13	 -0.03	 -0.00	  0.18	 -0.06	 -0.12	
 -0.00	  0.09	 -0.01	  0.00	  0.03	  0.07	  0.00	  0.16	 -0.13	 -0.03	 -0.00	  0.18	 -0.06	 -0.12	
 -0.00	  0.09	 -0.01	  0.00	  0.03	  0.07	  0.00	  0.16	 -0.13	 -0.03	 -0.00	  0.18	 -0.06	 -0.12	
 -0.00	  0.09	 -0.02	  0.00	  0.03	  0.07	  0.00	  0.16	 -0.13	 -0.03	 -0.00	  0.18	 -0.05	 -0.12	
 -0.00	  0.09	 -0.02	  0.00	  0.03	  0.07	  0.00	  0.16	 -0.13	 -0.03	 -0.00	  0.18	 -0.05	 -0.13	
 -0.00	  0.09	 -0.02	  0.00	  0.03	  0.07	  0.00	  0.16	 -0.13	 -0.03	 -0.00	  0.18	 -0.05	 -0.13	
 -0.00	  0.09	 -0.02	  0.00	  0.03	  0.07	  0.00	  0.16	 -0.13	 -0.03	 -0.00	  0.18	 -0.05	 -0.13	
 -0.00	  0.09	 -0.02	  0.00	  0.03	  0.07	  0.00	  0.16	 -0.13	 -0.03	 -0.00	  0.18	 -0.05	 -0.13	
 -0.00	  0.09	 -0.03	  0.00	  0.03	  0.07	  0.00	  0.16	 -0.13	 -0.03	 -0.00	  0.18	 -0.04	 -0.13	
 -0.00	  0.09	 -0.03	  0.00	  0.03	  0.07	  0.00	  0.16	 -0.13	 -0.03	 -0.00	  0.17	 -0.04	 -0.13	
 -0.00	  0.09	 -0.03	  0.00	  0.03	  0.07	  0.00	  0.16	 -0.13	 -0.03	 -0.00	  0.17	 -0.04	 -0.13	
 -0.00	  0.09	 -0.03	  0.00	  0.03	  0.07	  0.00	  0.15	 -0.13	 -0.03	 -0.00	  0.17	 -0.04	 -0.14	
 -0.00	  0.09	 -0.03	  0.00	  0.03	  0.07	  0.00	  0.15	 -0.13	 -0.03	 -0.00	  0.17	 -0.04	 -0.14	
 -0.00	  0.10	 -0.04	  0.00	  0.03	  0.07	  0.00	  0.15	 -0.12	 -0.03	 -0.00	  0.17	 -0.03	 -0.14	
 -0.00	  0.10	 -0.04	  0.00	  0.03	  0.07	  0.00	  0.15	 -0.12	 -0.03	 -0.00	  0.17	 -0.03	 -0.14	
 -0.00	  0.10	 -0.04	  0.00	  0.03	  0.07	  0.00	  0.15	 -0.12	 -0.03	 -0.00	  0.17	 -0.03	 -0.14	
 -0.00	  0.10	 -0.04	  0.00	  0.02	  0.07	  0.00	  0.15	 -0.12	 -0.03	 -0.00	  0.17	 -0.03	 -0.14	
 -0.00	  0.10	 -0.04	  0.00	  0.02	  0.07	  0.00	  0.15	 -0.12	 -0.03	 -0.00	  0.17	 -0.03	 -0.14	
 -0.00	  0.10	 -0.05	  0.00	  0.02	  0.07	  0.00	  0.15	 -0.12	 -0.03	 -0.00	  0.17	 -0.02	 -0.15	
 -0.00	  0.10	 -0.05	  0.00	  0.02	  0.07	  0.00	  0.15	 -0.12	 -0.03	 -0.00	  0.17	 -0.02	 -0.15	
 -0.00	  0.10	 -0.05	  0.00	  0.02	  0.07	  0.00	  0.15	 -0.12	 -0.03	 -0.00	  0.17	 -0.02	 -0.15	
 -0.00	  0.10	 -0.05	  0.00	  0.02	  0.07	  0.00	  0.15	 -0.12	 -0.03	 -0.00	  0.17	 -0.02	 -0.15	
 -0.00	  0.10	 -0.06	  0.00	  0.02	  0.07	  0.00	  0.15	 -0.12	 -0.02	 -0.00	  0.17	 -0.01	 -0.15	
 -0.00	  0.10	 -0.06	  0.00	  0.02	  0.07	  0.00	  0.14	 -0.12	 -0.02	 -0.00	  0.17	 -0.01	 -0.15	
 -0.00	  0.11	 -0.06	  0.00	  0.02	  0.07	  0.00	  0.14	 -0.12	 -0.02	 -0.00	  0.16	 -0.01	 -0.15	
 -0.00	  0.11	 -0.06	  0.00	  0.02	  0.07	  0.00	  0.14	 -0.12	 -0.02	 -0.00	  0.16	 -0.01	 -0.16	
 -0.00	  0.11	 -0.06	  0.00	  0.02	  0.07	  0.00	  0.14	 -0.12	 -0.02	 -0.00	  0.16	 -0.01	 -0.16	
 -0.00	  0.11	 -0.07	  0.00	  0.02	  0.07	  0.00	  0.14	 -0.12	 -0.02	 -0.00	  0.16	 -0.00	 -0.16	
 -0.00	  0.11	 -0.07	  0.00	  0.02	  0.07	  0.00	  0.14	 -0.12	 -0.02	 -0.00	  0.16	 -0.00	 -0.16	
 -0.00	  0.11	 -0.07	  0.00	  0.02	  0.07	  0.00	  0.14	 -0.12	 -0.02	 -0.00	  0.16	  0.00	 -0.16	
 -0.00	  0.11	 -0.07	  0.00	  0.02	  0.07	  0.00	  0.14	 -0.12	 -0.02	 -0.00	  0.16	  0.00	 -0.16	
 -0.00	  0.11	 -0.07	  0.00	  0.02	  0.07	  0.00	  0.14	 -0.12	 -0.02	 -0.00	  0.16	  0.00	 -0.17	
 -0.00	  0.11	 -0.08	  0.00	  0.02	  0.07	  0.00	  0.14	 -0.12	 -0.02	 -0.00	  0.16	  0.01	 -0.17	
 -0.00	  0.11	 -0.08	  0.00	  0.02	  0.07	  0.00	  0.14	 -0.12	 -0.02	 -0.00	  0.16	  0.01	 -0.17	
 -0.00	  0.11	 -0.08	  0.00	  0.02	  0.07	  0.00	  0.14	 -0.12	 -0.02	 -0.00	  0.16	  0.01	 -0.17	
 -0.00	  0.12	 -0.08	  0.00	  0.02	  0.07	  0.00	  0.13	 -0.11	 -0.02	 -0.00	  0.16	  0.01	 -0.17	
 -0.00	  0.12	 -0.09	  0.00	  0.02	  0.07	  0.00	  0.13	 -0.11	 -0.02	 -0.00	  0.16	  0.02	 -0.17	
 -0.00	  0.12	 -0.09	  0.00	  0.02	  0.07	  0.00	  0.13	 -0.11	 -0.02	 -0.00	  0.16	  0.02	 -0.17	
 -0.00	  0.12	 -0.09	  0.00	  0.02	  0.07	  0.00	  0.13	 -0.11	 -0.02	 -0.00	  0.16	  0.02	 -0.18	
 -0.00	  0.12	 -0.09	  0.00	  0.02	  0.07	  0.00	  0.13	 -0.11	 -0.02	 -0.00	  0.15	  0.02	 -0.18	
 -0.00	  0.12	 -0.09	  0.00	  0.02	  0.07	  0.00	  0.13	 -0.11	 -0.02	 -0.00	  0.15	  0.02	 -0.18	
 -0.00	  0.12	 -0.10	  0.00	  0.02	  0.07	  0.00	  0.13	 -0.11	 -0.02	 -0.00	  0.15	  0.03	 -0.18	
 -0.00	  0.12	 -0.10	  0.00	  0.02	  0.07	  0.00	  0.13	 -0.11	 -0.02	 -0.00	  0.15	  0.03	 -0.18	
 -0.00	  0.12	 -0.10	  0.00	  0.02	  0.07	  0.00	  0.13	 -0.11	 -0.02	 -0.00	  0.15	  0.03	 -0.18	
 -0.00	  0.12	 -0.10	  0.00	  0.02	  0.07	  0.00	  0.13	 -0.11	 -0.02	 -0.00	  0.15	  0.03	 -0.19	
 -0.00	  0.12	 -0.11	  0.00	  0.02	  0.07	  0.00	  0.13	 -0.11	 -0.02	 -0.00	  0.15	  0.04	 -0.19	
 -0.00	  0.13	 -0.11	  0.00	  0.02	  0.07	  0.00	  0.13	 -0.11	 -0.02	 -0.00	  0.15	  0.04	 -0.19	
 -0.00	  0.13	 -0.11	  0.00	  0.02	  0.07	  0.00	  0.13	 -0.11	 -0.02	 -0.00	  0.15	  0.04	 -0.19	
 -0.00	  0.13	 -0.11	  0.00	  0.02	  0.07	  0.00	  0.12	 -0.11	 -0.02	 -0.00	  0.15	  0.04	 -0.19	
 -0.00	  0.13	 -0.11	  0.00	  0.02	  0.07	  0.00	  0.12	 -0.11	 -0.02	 -0.00	  0.15	  0.05	 -0.19	
 -0.00	  0.13	 -0.12	  0.00	  0.02	  0.07	  0.00	  0.12	 -0.11	 -0.01	 -0.00	  0.15	  0.05	 -0.19	
 -0.00	  0.13	 -0.12	  0.00	  0.02	  0.07	  0.00	  0.12	 -0.11	 -0.01	 -0.00	  0.15	  0.05	 -0.20	
 -0.00	  0.13	 -0.12	  0.00	  0.02	  0.07	  0.00	  0.12	 -0.11	 -0.01	 -0.00	  0.15	  0.05	 -0.20	
 -0.00	  0.13	 -0.12	  0.00	  0.02	  0.07	  0.00	  0.12	 -0.11	 -0.01	 -0.00	  0.15	  0.05	 -0.20	
 -0.00	  0.13	 -0.13	  0.00	  0.02	  0.07	  0.00	  0.12	 -0.11	 -0.01	 -0.00	  0.14	  0.06	 -0.20	
 -0.00	  0.13	 -0.13	  0.00	  0.01	  0.07	  0.00	  0.12	 -0.11	 -0.01	 -0.00	  0.14	  0.06	 -0.20	
 -0.00	  0.13	 -0.13	  0.00	  0.01	  0.07	  0.00	  0.12	 -0.11	 -0.01	 -0.00	  0.14	  0.06	 -0.20	
 -0.00	  0.14	 -0.13	  0.00	  0.01	  0.07	  0.00	  0.12	 -0.11	 -0.01	 -0.00	  0.14	  0.06	 -0.21	
 -0.00	  0.14	 -0.13	  0.00	  0.01	  0.07	  0.00	  0.12	 -0.10	 -0.01	 -0.00	  0.14	  0.07	 -0.21	
 -0.00	  0.14	 -0.14	  0.00	  0.01	  0.07	  0.00	  0.12	 -0.10	 -0.01	 -0.00	  0.14	  0.07	 -0.21	
 -0.00	  0.14	 -0.14	  0.00	  0.01	  0.07	  0.00	  0.12	 -0.10	 -0.01	 -0.00	  0.14	  0.07	 -0.21	
 -0.00	  0.14	 -0.14	  0.00	  0.01	  0.07	  0.00	  0.12	 -0.10	 -0.01	 -0.00	  0.14	  0.07	 -0.21	
 -0.00	  0.14	 -0.14	  0.00	  0.01	  0.07	  0.00	  0.11	 -0.10	 -0.01	 -0.00	  0.14	  0.08	 -0.21	
 -0.00	  0.14	 -0.15	  0.00	  0.01	  0.07	  0.00	  0.11	 -0.10	 -0.01	 -0.00	  0.14	  0.08	 -0.22	
 -0.00	  0.14	 -0.15	  0.00	  0.01	  0.06	  0.00	  0.11	 -0.10	 -0.01	 -0.00	  0.14	  0.08	 -0.22	
 -0.00	  0.14	 -0.15	  0.00	  0.01	  0.06	  0.00	  0.11	 -0.10	 -0.01	 -0.00	  0.14	  0.08	 -0.22	
 -0.00	  0.14	 -0.15	  0.00	  0.01	  0.06	  0.00	  0.11	 -0.10	 -0.01	 -0.00	  0.14	  0.08	 -0.22	
 -0.00	  0.14	 -0.15	  0.00	  0.01	  0.06	  0.00	  0.11	 -0.10	 -0.01	 -0.00	  0.13	  0.09	 -0.22	
 -0.00	  0.15	 -0.16	  0.00	  0.01	  0.06	  0.00	  0.11	 -0.10	 -0.01	 -0.00	  0.13	  0.09	 -0.22	
 -0.00	  0.15	 -0.16	  0.00	  0.01	  0.06	  0.00	  0.11	 -0.10	 -0.01	 -0.00	  0.13	  0.09	 -0.22	
 -0.00	  0.15	 -0.16	  0.00	  0.01	  0.06	  0.00	  0.11	 -0.10	 -0.01	 -0.00	  0.13	  0.09	 -0.23	
 -0.00	  0.15	 -0.16	  0.00	  0.01	  0.06	  0.00	  0.11	 -0.10	 -0.01	 -0.00	  0.13	  0.10	 -0.23	
 -0.00	  0.15	 -0.17	  0.00	  0.01	  0.06	  0.00	  0.11	 -0.10	 -0.01	 -0.00	  0.13	  0.10	 -0.23	
 -0.00	  0.15	 -0.17	  0.00	  0.01	  0.06	  0.00	  0.11	 -0.10	 -0.01	 -0.00	  0.13	  0.10	 -0.23	
 -0.00	  0.15	 -0.17	  0.00	  0.01	  0.06	  0.00	  0.11	 -0.10	 -0.01	 -0.00	  0.13	  0.10	 -0.23	
 -0.00	  0.15	 -0.17	  0.00	  0.01	  0.06	  0.00	  0.11	 -0.10	 -0.01	 -0.00	  0.13	  0.11	 -0.23	
 -0.00	  0.15	 -0.17	  0.00	  0.01	  0.06	  0.00	  0.10	 -0.10	 -0.01	 -0.00	  0.13	  0.11	 -0.24	
 -0.00	  0.15	 -0.18	  0.00	  0.01	  0.06	  0.00	  0.10	 -0.10	 -0.01	 -0.00	  0.13	  0.11	 -0.24	
 -0.00	  0.15	 -0.18	  0.00	  0.01	  0.06	  0.00	  0.10	 -0.10	 -0.01	 -0.00	  0.13	  0.11	 -0.24	
 -0.00	  0.15	 -0.18	  0.00	  0.01	  0.06	  0.00	  0.10	 -0.10	 -0.01	 -0.00	  0.13	  0.11	 -0.24	
 -0.00	  0.16	 -0.18	  0.00	  0.01	  0.06	  0.00	  0.10	 -0.10	 -0.01	 -0.00	  0.12	  0.12	 -0.24	
 -0.00	  0.16	 -0.19	  0.00	  0.01	  0.06	  0.00	  0.10	 -0.10	 -0.01	 -0.00	  0.12	  0.12	 -0.24	
 -0.00	  0.16	 -0.19	  0.00	  0.01	  0.06	  0.00	  0.10	 -0.09	 -0.01	 -0.00	  0.12	  0.12	 -0.24	
 -0.00	  0.16	 -0.19	  0.00	  0.01	  0.06	  0.00	  0.10	 -0.09	 -0.01	 -0.00	  0.12	  0.12	 -0.25	
 -0.00	  0.16	 -0.19	  0.00	  0.01	  0.06	  0.00	  0.10	 -0.09	 -0.00	 -0.00	  0.12	  0.13	 -0.25	
 -0.00	  0.16	 -0.19	  0.00	  0.01	  0.06	  0.00	  0.10	 -0.09	 -0.00	 -0.00	  0.12	  0.13	 -0.25	
 -0.00	  0.16	 -0.20	  0.00	  0.01	  0.06	  0.00	  0.10	 -0.09	 -0.00	 -0.00	  0.12	  0.13	 -0.25	
 -0.00	  0.16	 -0.20	  0.00	  0.01	  0.06	  0.00	  0.10	 -0.09	 -0.00	 -0.00	  0.12	  0.13	 -0.25	
 -0.00	  0.16	 -0.20	  0.00	  0.01	  0.06	  0.00	  0.10	 -0.09	 -0.00	 -0.00	  0.12	  0.13	 -0.25	
 -0.00	  0.16	 -0.20	  0.00	  0.01	  0.06	  0.00	  0.10	 -0.09	 -0.00	 -0.00	  0.12	  0.14	 -0.25	
 -0.00	  0.16	 -0.20	  0.00	  0.01	  0.06	  0.00	  0.10	 -0.09	 -0.00	 -0.00	  0.12	  0.14	 -0.26	
 -0.00	  0.16	 -0.21	  0.00	  0.01	  0.06	  0.00	  0.09	 -0.09	 -0.00	 -0.00	  0.11	  0.14	 -0.26	
 -0.00	  0.16	 -0.21	  0.00	  0.01	  0.06	  0.00	  0.09	 -0.09	 -0.00	 -0.00	  0.11	  0.14	 -0.26	
 -0.00	  0.16	 -0.21	  0.00	  0.01	  0.06	  0.00	  0.09	 -0.09	 -0.00	 -0.00	  0.11	  0.15	 -0.26	
 -0.00	  0.17	 -0.21	  0.00	  0.01	  0.06	  0.00	  0.09	 -0.09	 -0.00	 -0.00	  0.11	  0.15	 -0.26	
 -0.00	  0.17	 -0.22	  0.00	  0.01	  0.06	  0.00	  0.09	 -0.09	 -0.00	 -0.00	  0.11	  0.15	 -0.26	
 -0.00	  0.17	 -0.22	  0.00	  0.01	  0.06	  0.00	  0.09	 -0.09	 -0.00	 -0.00	  0.11	  0.15	 -0.26	
 -0.00	  0.17	 -0.22	  0.00	  0.01	  0.06	  0.00	  0.09	 -0.09	 -0.00	 -0.00	  0.11	  0.16	 -0.27	
 -0.00	  0.17	 -0.22	  0.00	  0.01	  0.06	  0.00	  0.09	 -0.09	 -0.00	 -0.00	  0.11	  0.16	 -0.27	
 -0.00	  0.17	 -0.22	  0.00	  0.01	  0.06	  0.00	  0.09	 -0.09	 -0.00	 -0.00	  0.11	  0.16	 -0.27	
 -0.00	  0.17	 -0.23	  0.00	  0.01	  0.06	  0.00	  0.09	 -0.09	 -0.00	 -0.00	  0.11	  0.16	 -0.27	
 -0.00	  0.17	 -0.23	  0.00	  0.01	  0.06	  0.00	  0.09	 -0.09	 -0.00	 -0.00	  0.11	  0.16	 -0.27	
 -0.00	  0.17	 -0.23	  0.00	  0.01	  0.06	  0.00	  0.09	 -0.09	 -0.00	 -0.00	  0.10	  0.17	 -0.27	
 -0.00	  0.17	 -0.23	  0.00	  0.01	  0.06	  0.00	  0.09	 -0.09	 -0.00	 -0.00	  0.10	  0.17	 -0.27	
 -0.00	  0.17	 -0.23	  0.00	  0.00	  0.06	  0.00	  0.09	 -0.09	 -0.00	 -0.00	  0.10	  0.17	 -0.27	
 -0.00	  0.17	 -0.24	  0.00	  0.00	  0.06	  0.00	  0.09	 -0.09	  0.00	 -0.00	  0.10	  0.17	 -0.28	
 -0.00	  0.17	 -0.24	  0.00	  0.00	  0.06	  0.00	  0.08	 -0.09	  0.00	 -0.00	  0.10	  0.18	 -0.28	
 -0.00	  0.17	 -0.24	  0.00	  0.00	  0.06	  0.00	  0.08	 -0.08	  0.00	 -0.00	  0.10	  0.18	 -0.28	
 -0.00	  0.17	 -0.24	  0.00	  0.00	  0.06	  0.00	  0.08	 -0.08	  0.00	 -0.00	  0.10	  0.18	 -0.28	
 -0.00	  0.17	 -0.24	  0.00	  0.00	  0.06	  0.00	  0.08	 -0.08	  0.00	 -0.00	  0.10	  0.18	 -0.28	
 -0.00	  0.17	 -0.25	  0.00	  0.00	  0.06	  0.00	  0.08	 -0.08	  0.00	 -0.00	  0.10	  0.18	 -0.28	
 -0.00	  0.18	 -0.25	  0.00	  0.00	  0.06	  0.00	  0.08	 -0.08	  0.00	 -0.00	  0.10	  0.19	 -0.28	
 -0.00	  0.18	 -0.25	  0.00	  0.00	  0.06	  0.00	  0.08	 -0.08	  0.00	 -0.00	  0.09	  0.19	 -0.28	
 -0.00	  0.18	 -0.25	  0.00	  0.00	  0.06	  0.00	  0.08	 -0.08	  0.00	 -0.00	  0.09	  0.19	 -0.29	
 -0.00	  0.18	 -0.25	  0.00	  0.00	  0.06	  0.00	  0.08	 -0.08	  0.00	 -0.00	  0.09	  0.19	 -0.29	
 -0.00	  0.18	 -0.26	  0.00	  0.00	  0.06	  0.00	  0.08	 -0.08	  0.00	 -0.00	  0.09	  0.20	 -0.29	
 -0.00	  0.18	 -0.26	  0.00	  0.00	  0.06	  0.00	  0.08	 -0.08	  0.00	 -0.00	  0.09	  0.20	 -0.29	
 -0.00	  0.18	 -0.26	  0.00	  0.00	  0.06	  0.00	  0.08	 -0.08	  0.00	 -0.00	  0.09	  0.20	 -0.29	
 -0.00	  0.18	 -0.26	  0.00	  0.00	  0.06	  0.00	  0.08	 -0.08	  0.00	 -0.00	  0.09	  0.20	 -0.29	
 -0.00	  0.18	 -0.26	  0.00	  0.00	  0.06	  0.00	  0.08	 -0.08	  0.00	 -0.00	  0.09	  0.20	 -0.29	
 -0.00	  0.18	 -0.26	  0.00	  0.00	  0.06	  0.00	  0.08	 -0.08	  0.00	 -0.00	  0.09	  0.21	 -0.29	
 -0.00	  0.18	 -0.27	  0.00	  0.00	  0.06	  0.00	  0.08	 -0.08	  0.00	 -0.00	  0.09	  0.21	 -0.29	
 -0.00	  0.18	 -0.27	  0.00	  0.00	  0.06	  0.00	  0.08	 -0.08	  0.00	 -0.00	  0.08	  0.21	 -0.30	
 -0.00	  0.18	 -0.27	  0.00	  0.00	  0.06	  0.00	  0.07	 -0.08	  0.00	 -0.00	  0.08	  0.21	 -0.30	
 -0.00	  0.18	 -0.27	  0.00	  0.00	  0.06	  0.00	  0.07	 -0.08	  0.00	 -0.00	  0.08	  0.22	 -0.30	
 -0.00	  0.18	 -0.27	  0.00	  0.00	  0.05	  0.00	  0.07	 -0.08	  0.00	 -0.00	  0.08	  0.22	 -0.30	
 -0.00	  0.18	 -0.28	  0.00	  0.00	  0.05	  0.00	  0.07	 -0.08	  0.00	 -0.00	  0.08	  0.22	 -0.30	
 -0.00	  0.18	 -0.28	  0.00	  0.00	  0.05	  0.00	  0.07	 -0.08	  0.00	 -0.00	  0.08	  0.22	 -0.30	
 -0.00	  0.18	 -0.28	  0.00	  0.00	  0.05	  0.00	  0.07	 -0.08	  0.01	 -0.00	  0.08	  0.22	 -0.30	
 -0.00	  0.18	 -0.28	  0.00	  0.00	  0.05	  0.00	  0.07	 -0.08	  0.01	 -0.00	  0.08	  0.23	 -0.30	
 -0.00	  0.18	 -0.28	  0.00	  0.00	  0.05	  0.00	  0.07	 -0.08	  0.01	 -0.00	  0.07	  0.23	 -0.30	
 -0.00	  0.18	 -0.29	  0.00	  0.00	  0.05	  0.00	  0.07	 -0.08	  0.01	 -0.00	  0.07	  0.23	 -0.30	
 -0.00	  0.18	 -0.29	  0.00	  0.00	  0.05	  0.00	  0.07	 -0.08	  0.01	 -0.00	  0.07	  0.23	 -0.31	
 -0.00	  0.18	 -0.29	  0.00	  0.00	  0.05	  0.00	  0.07	 -0.08	  0.01	 -0.00	  0.07	  0.24	 -0.31	
 -0.00	  0.18	 -0.29	  0.00	 -0.00	  0.05	  0.00	  0.07	 -0.07	  0.01	 -0.00	  0.07	  0.24	 -0.31	
 -0.00	  0.18	 -0.29	  0.00	 -0.00	  0.05	  0.00	  0.07	 -0.07	  0.01	 -0.00	  0.07	  0.24	 -0.31	
 -0.00	  0.18	 -0.29	  0.00	 -0.00	  0.05	  0.00	  0.07	 -0.07	  0.01	 -0.00	  0.07	  0.24	 -0.31	
 -0.00	  0.18	 -0.30	  0.00	 -0.00	  0.05	  0.00	  0.07	 -0.07	  0.01	 -0.00	  0.07	  0.24	 -0.31	
 -0.00	  0.19	 -0.30	  0.00	 -0.00	  0.05	  0.00	  0.07	 -0.07	  0.01	 -0.00	  0.06	  0.25	 -0.31	
 -0.00	  0.19	 -0.30	  0.00	 -0.00	  0.05	  0.00	  0.07	 -0.07	  0.01	 -0.00	  0.06	  0.25	 -0.31	
 -0.00	  0.19	 -0.30	  0.00	 -0.00	  0.05	  0.00	  0.07	 -0.07	  0.01	 -0.00	  0.06	  0.25	 -0.31	
 -0.00	  0.19	 -0.30	  0.00	 -0.00	  0.05	  0.00	  0.06	 -0.07	  0.01	 -0.00	  0.06	  0.25	 -0.31	
 -0.00	  0.19	 -0.30	  0.00	 -0.00	  0.05	  0.00	  0.06	 -0.07	  0.01	 -0.00	  0.06	  0.25	 -0.31	
 -0.00	  0.19	 -0.31	  0.00	 -0.00	  0.05	  0.00	  0.06	 -0.07	  0.01	 -0.00	  0.06	  0.26	 -0.31	
 -0.00	  0.19	 -0.31	  0.00	 -0.00	  0.05	  0.00	  0.06	 -0.07	  0.01	 -0.00	  0.06	  0.26	 -0.32	
 -0.00	  0.19	 -0.31	  0.00	 -0.00	  0.05	  0.00	  0.06	 -0.07	  0.01	 -0.00	  0.06	  0.26	 -0.32	
 -0.00	  0.19	 -0.31	  0.00	 -0.00	  0.05	  0.00	  0.06	 -0.07	  0.01	 -0.00	  0.05	  0.26	 -0.32	
 -0.00	  0.19	 -0.31	  0.00	 -0.00	  0.05	  0.00	  0.06	 -0.07	  0.01	 -0.00	  0.05	  0.26	 -0.32	
 -0.00	  0.19	 -0.31	  0.00	 -0.00	  0.05	  0.00	  0.06	 -0.07	  0.01	 -0.00	  0.05	  0.27	 -0.32	
 -0.00	  0.19	 -0.32	  0.00	 -0.00	  0.05	  0.00	  0.06	 -0.07	  0.01	 -0.00	  0.05	  0.27	 -0.32	
 -0.00	  0.19	 -0.32	  0.00	 -0.00	  0.05	  0.00	  0.06	 -0.07	  0.01	 -0.00	  0.05	  0.27	 -0.32	
 -0.00	  0.19	 -0.32	  0.00	 -0.00	  0.05	  0.00	  0.06	 -0.07	  0.01	 -0.00	  0.05	  0.27	 -0.32	
 -0.00	  0.19	 -0.32	  0.00	 -0.00	  0.05	  0.00	  0.06	 -0.07	  0.01	 -0.00	  0.05	  0.28	 -0.32	
 -0.00	  0.19	 -0.32	  0.00	 -0.00	  0.05	  0.00	  0.06	 -0.07	  0.01	 -0.00	  0.04	  0.28	 -0.32	
 -0.00	  0.19	 -0.32	  0.00	 -0.00	  0.05	  0.00	  0.06	 -0.07	  0.01	 -0.00	  0.04	  0.28	 -0.32	
 -0.00	  0.19	 -0.32	  0.00	 -0.00	  0.05	  0.00	  0.06	 -0.07	  0.01	 -0.00	  0.04	  0.28	 -0.32	
 -0.00	  0.19	 -0.33	  0.00	 -0.00	  0.05	  0.00	  0.06	 -0.07	  0.01	 -0.00	  0.04	  0.28	 -0.32	
 -0.00	  0.19	 -0.33	  0.00	 -0.00	  0.05	  0.00	  0.06	 -0.07	  0.01	 -0.00	  0.04	  0.29	 -0.32	
 -0.00	  0.19	 -0.33	  0.00	 -0.00	  0.05	  0.00	  0.06	 -0.07	  0.01	 -0.00	  0.04	  0.29	 -0.32	
 -0.00	  0.19	 -0.33	  0.00	 -0.00	  0.05	  0.00	  0.06	 -0.07	  0.01	 -0.00	  0.04	  0.29	 -0.32	
 -0.00	  0.19	 -0.33	  0.00	 -0.00	  0.05	  0.00	  0.06	 -0.07	  0.01	 -0.00	  0.03	  0.29	 -0.33	
 -0.00	  0.19	 -0.33	  0.00	 -0.00	  0.05	  0.00	  0.05	 -0.07	  0.01	 -0.00	  0.03	  0.29	 -0.33	
 -0.00	  0.19	 -0.33	  0.00	 -0.00	  0.05	  0.00	  0.05	 -0.06	  0.01	 -0.00	  0.03	  0.30	 -0.33	
 -0.00	  0.19	 -0.34	  0.00	 -0.00	  0.05	  0.00	  0.05	 -0.06	  0.01	 -0.00	  0.03	  0.30	 -0.33	
 -0.00	  0.19	 -0.34	  0.00	 -0.00	  0.05	  0.00	  0.05	 -0.06	  0.01	 -0.00	  0.03	  0.30	 -0.33	
 -0.00	  0.19	 -0.34	  0.00	 -0.00	  0.05	  0.00	  0.05	 -0.06	  0.01	 -0.00	  0.03	  0.30	 -0.33	
 -0.00	  0.18	 -0.34	  0.00	 -0.00	  0.05	  0.00	  0.05	 -0.06	  0.01	 -0.00	  0.02	  0.30	 -0.33	
 -0.00	  0.18	 -0.34	  0.00	 -0.00	  0.05	  0.00	  0.05	 -0.06	  0.01	 -0.00	  0.02	  0.31	 -0.33	
 -0.00	  0.18	 -0.34	  0.00	 -0.00	  0.05	  0.00	  0.05	 -0.06	  0.01	 -0.00	  0.02	  0.31	 -0.33	
 -0.00	  0.18	 -0.34	  0.00	 -0.00	  0.05	  0.00	  0.05	 -0.06	  0.01	 -0.00	  0.02	  0.31	 -0.33	
 -0.00	  0.18	 -0.35	  0.00	 -0.00	  0.05	  0.00	  0.05	 -0.06	  0.01	 -0.00	  0.02	  0.31	 -0.33	
 -0.00	  0.18	 -0.35	  0.00	 -0.00	  0.05	  0.00	  0.05	 -0.06	  0.01	 -0.00	  0.02	  0.31	 -0.33	
 -0.00	  0.18	 -0.35	  0.00	 -0.00	  0.05	  0.00	  0.05	 -0.06	  0.01	 -0.00	  0.01	  0.32	 -0.33	
 -0.00	  0.18	 -0.35	  0.00	 -0.01	  0.05	  0.00	  0.05	 -0.06	  0.01	 -0.00	  0.01	  0.32	 -0.33	
 -0.00	  0.18	 -0.35	  0.00	 -0.01	  0.05	  0.00	  0.05	 -0.06	  0.01	 -0.00	  0.01	  0.32	 -0.33	
 -0.00	  0.18	 -0.35	  0.00	 -0.01	  0.05	  0.00	  0.05	 -0.06	  0.01	 -0.00	  0.01	  0.32	 -0.33	
 -0.00	  0.18	 -0.35	  0.00	 -0.01	  0.05	  0.00	  0.05	 -0.06	  0.01	 -0.00	  0.01	  0.32	 -0.33	
 -0.00	  0.18	 -0.35	  0.00	 -0.01	  0.05	  0.00	  0.05	 -0.06	  0.01	 -0.00	  0.01	  0.32	 -0.33	
 -0.00	  0.18	 -0.35	  0.00	 -0.01	  0.05	  0.00	  0.05	 -0.06	  0.01	 -0.00	  0.00	  0.33	 -0.33	
 -0.00	  0.18	 -0.36	  0.00	 -0.01	  0.05	  0.00	  0.05	 -0.06	  0.01	 -0.00	  0.00	  0.33	 -0.33	
 -0.00	  0.18	 -0.36	  0.00	 -0.01	  0.05	  0.00	  0.05	 -0.06	  0.01	 -0.00	 -0.00	  0.33	 -0.33	
 -0.00	  0.18	 -0.36	  0.00	 -0.01	  0.05	  0.00	  0.05	 -0.06	  0.01	 -0.00	 -0.00	  0.33	 -0.33	
 -0.00	  0.18	 -0.36	  0.00	 -0.01	  0.05	  0.00	  0.04	 -0.06	  0.01	 -0.00	 -0.00	  0.33	 -0.33	
 -0.00	  0.18	 -0.36	  0.00	 -0.01	  0.05	  0.00	  0.04	 -0.06	  0.01	 -0.00	 -0.01	  0.34	 -0.33	
 -0.00	  0.18	 -0.36	  0.00	 -0.01	  0.05	  0.00	  0.04	 -0.06	  0.01	 -0.00	 -0.01	  0.34	 -0.33	
 -0.00	  0.18	 -0.36	  0.00	 -0.01	  0.04	  0.00	  0.04	 -0.06	  0.01	 -0.00	 -0.01	  0.34	 -0.33	
 -0.00	  0.18	 -0.36	  0.00	 -0.01	  0.04	  0.00	  0.04	 -0.06	  0.01	 -0.00	 -0.01	  0.34	 -0.33	
 -0.00	  0.18	 -0.36	  0.00	 -0.01	  0.04	  0.00	  0.04	 -0.06	  0.01	 -0.00	 -0.01	  0.34	 -0.33	
 -0.00	  0.18	 -0.37	  0.00	 -0.01	  0.04	  0.00	  0.04	 -0.06	  0.01	 -0.00	 -0.02	  0.35	 -0.33	
 -0.00	  0.18	 -0.37	  0.00	 -0.01	  0.04	  0.00	  0.04	 -0.06	  0.01	 -0.00	 -0.02	  0.35	 -0.33	
 -0.00	  0.18	 -0.37	  0.00	 -0.01	  0.04	  0.00	  0.04	 -0.06	  0.01	 -0.00	 -0.02	  0.35	 -0.33	
 -0.00	  0.17	 -0.37	  0.00	 -0.01	  0.04	  0.00	  0.04	 -0.06	  0.01	 -0.00	 -0.02	  0.35	 -0.33	
 -0.00	  0.17	 -0.37	  0.00	 -0.01	  0.04	  0.00	  0.04	 -0.06	  0.01	 -0.00	 -0.02	  0.35	 -0.33	
 -0.00	  0.17	 -0.37	  0.00	 -0.01	  0.04	  0.00	  0.04	 -0.05	  0.01	 -0.00	 -0.03	  0.35	 -0.33	
 -0.00	  0.17	 -0.37	  0.00	 -0.01	  0.04	  0.00	  0.04	 -0.05	  0.01	 -0.00	 -0.03	  0.36	 -0.33	
 -0.00	  0.17	 -0.37	  0.00	 -0.01	  0.04	  0.00	  0.04	 -0.05	  0.01	 -0.00	 -0.03	  0.36	 -0.33	
 -0.00	  0.17	 -0.37	  0.00	 -0.01	  0.04	  0.00	  0.04	 -0.05	  0.01	 -0.00	 -0.03	  0.36	 -0.33	
 -0.00	  0.17	 -0.37	  0.00	 -0.01	  0.04	  0.00	  0.04	 -0.05	  0.01	 -0.00	 -0.03	  0.36	 -0.33	
 -0.00	  0.17	 -0.38	  0.00	 -0.01	  0.04	  0.00	  0.04	 -0.05	  0.02	 -0.00	 -0.04	  0.36	 -0.33	
 -0.00	  0.17	 -0.38	  0.00	 -0.01	  0.04	  0.00	  0.04	 -0.05	  0.02	 -0.00	 -0.04	  0.37	 -0.33	
 -0.00	  0.17	 -0.38	  0.00	 -0.01	  0.04	  0.00	  0.04	 -0.05	  0.02	 -0.00	 -0.04	  0.37	 -0.33	
 -0.00	  0.17	 -0.38	  0.00	 -0.01	  0.04	  0.00	  0.04	 -0.05	  0.02	 -0.00	 -0.04	  0.37	 -0.33	
 -0.00	  0.17	 -0.38	  0.00	 -0.01	  0.04	  0.00	  0.04	 -0.05	  0.02	 -0.00	 -0.05	  0.37	 -0.33	
 -0.00	  0.17	 -0.38	  0.00	 -0.01	  0.04	  0.00	  0.04	 -0.05	  0.02	 -0.00	 -0.05	  0.37	 -0.32	
 -0.00	  0.16	 -0.38	  0.00	 -0.01	  0.04	  0.00	  0.04	 -0.05	  0.02	 -0.00	 -0.05	  0.37	 -0.32	
 -0.00	  0.16	 -0.38	  0.00	 -0.01	  0.04	  0.00	  0.04	 -0.05	  0.02	 -0.00	 -0.05	  0.38	 -0.32	
 -0.00	  0.16	 -0.38	  0.00	 -0.01	  0.04	  0.00	  0.03	 -0.05	  0.02	 -0.00	 -0.05	  0.38	 -0.32	
 -0.00	  0.16	 -0.38	  0.00	 -0.01	  0.04	  0.00	  0.03	 -0.05	  0.02	 -0.00	 -0.06	  0.38	 -0.32	
 -0.00	  0.16	 -0.38	  0.00	 -0.01	  0.04	  0.00	  0.03	 -0.05	  0.02	 -0.00	 -0.06	  0.38	 -0.32	
 -0.00	  0.16	 -0.38	  0.00	 -0.01	  0.04	  0.00	  0.03	 -0.05	  0.02	 -0.00	 -0.06	  0.38	 -0.32	
 -0.00	  0.16	 -0.38	  0.00	 -0.01	  0.04	  0.00	  0.03	 -0.05	  0.02	 -0.00	 -0.06	  0.38	 -0.32	
 -0.00	  0.16	 -0.39	  0.00	 -0.01	  0.04	  0.00	  0.03	 -0.05	  0.02	 -0.00	 -0.07	  0.39	 -0.32	
 -0.00	  0.16	 -0.39	  0.00	 -0.01	  0.04	  0.00	  0.03	 -0.05	  0.02	 -0.00	 -0.07	  0.39	 -0.32	
 -0.00	  0.16	 -0.39	  0.00	 -0.01	  0.04	  0.00	  0.03	 -0.05	  0.02	 -0.00	 -0.07	  0.39	 -0.32	
 -0.00	  0.16	 -0.39	  0.00	 -0.01	  0.04	  0.00	  0.03	 -0.05	  0.02	 -0.00	 -0.07	  0.39	 -0.32	
 -0.00	  0.15	 -0.39	  0.00	 -0.01	  0.04	  0.00	  0.03	 -0.05	  0.02	 -0.00	 -0.08	  0.39	 -0.32	
 -0.00	  0.15	 -0.39	  0.00	 -0.01	  0.04	  0.00	  0.03	 -0.05	  0.02	 -0.00	 -0.08	  0.39	 -0.32	
 -0.00	  0.15	 -0.39	  0.00	 -0.01	  0.04	  0.00	  0.03	 -0.05	  0.02	 -0.00	 -0.08	  0.40	 -0.31	
 -0.00	  0.15	 -0.39	  0.00	 -0.01	  0.04	  0.00	  0.03	 -0.05	  0.02	 -0.00	 -0.08	  0.40	 -0.31	
 -0.00	  0.15	 -0.39	  0.00	 -0.01	  0.04	  0.00	  0.03	 -0.05	  0.02	 -0.00	 -0.09	  0.40	 -0.31	
 -0.00	  0.15	 -0.39	  0.00	 -0.01	  0.04	  0.00	  0.03	 -0.05	  0.02	 -0.00	 -0.09	  0.40	 -0.31	
 -0.00	  0.15	 -0.39	  0.00	 -0.01	  0.04	  0.00	  0.03	 -0.05	  0.02	 -0.00	 -0.09	  0.40	 -0.31	
 -0.00	  0.15	 -0.39	  0.00	 -0.01	  0.04	  0.00	  0.03	 -0.05	  0.02	 -0.00	 -0.10	  0.41	 -0.31	
 -0.00	  0.15	 -0.39	  0.00	 -0.01	  0.04	  0.00	  0.03	 -0.05	  0.02	 -0.00	 -0.10	  0.41	 -0.31	
 -0.00	  0.14	 -0.39	  0.00	 -0.01	  0.04	  0.00	  0.03	 -0.05	  0.02	 -0.00	 -0.10	  0.41	 -0.31	
 -0.00	  0.14	 -0.39	  0.00	 -0.01	  0.04	  0.00	  0.03	 -0.05	  0.02	 -0.00	 -0.10	  0.41	 -0.31	
 -0.00	  0.14	 -0.39	  0.00	 -0.01	  0.04	  0.00	  0.03	 -0.04	  0.02	 -0.00	 -0.11	  0.41	 -0.31	
 -0.00	  0.14	 -0.39	  0.00	 -0.01	  0.04	  0.00	  0.03	 -0.04	  0.02	 -0.00	 -0.11	  0.41	 -0.30	
 -0.00	  0.14	 -0.39	  0.00	 -0.01	  0.04	  0.00	  0.03	 -0.04	  0.02	 -0.00	 -0.11	  0.41	 -0.30	
 -0.00	  0.14	 -0.39	  0.00	 -0.01	  0.04	  0.00	  0.03	 -0.04	  0.02	 -0.00	 -0.11	  0.42	 -0.30	
 -0.00	  0.14	 -0.40	  0.00	 -0.01	  0.04	  0.00	  0.03	 -0.04	  0.02	 -0.00	 -0.12	  0.42	 -0.30	
 -0.00	  0.13	 -0.40	  0.00	 -0.01	  0.04	  0.00	  0.03	 -0.04	  0.02	 -0.00	 -0.12	  0.42	 -0.30	
 -0.00	  0.13	 -0.40	  0.00	 -0.01	  0.04	  0.00	  0.03	 -0.04	  0.02	 -0.00	 -0.12	  0.42	 -0.30	
 -0.00	  0.13	 -0.40	  0.00	 -0.01	  0.04	  0.00	  0.03	 -0.04	  0.02	 -0.00	 -0.13	  0.42	 -0.30	
 -0.00	  0.13	 -0.40	  0.00	 -0.01	  0.04	  0.00	  0.02	 -0.04	  0.02	 -0.00	 -0.13	  0.42	 -0.29	
 -0.00	  0.13	 -0.40	  0.00	 -0.01	  0.04	  0.00	  0.02	 -0.04	  0.02	 -0.00	 -0.13	  0.43	 -0.29	
 -0.00	  0.13	 -0.40	  0.00	 -0.01	  0.04	  0.00	  0.02	 -0.04	  0.02	 -0.00	 -0.14	  0.43	 -0.29	
 -0.00	  0.13	 -0.40	  0.00	 -0.01	  0.04	  0.00	  0.02	 -0.04	  0.02	 -0.00	 -0.14	  0.43	 -0.29	
 -0.00	  0.12	 -0.40	  0.00	 -0.01	  0.04	  0.00	  0.02	 -0.04	  0.02	 -0.00	 -0.14	  0.43	 -0.29	
 -0.00	  0.12	 -0.40	  0.00	 -0.01	  0.04	  0.00	  0.02	 -0.04	  0.02	 -0.00	 -0.15	  0.43	 -0.29	
 -0.00	  0.12	 -0.40	  0.00	 -0.01	  0.04	  0.00	  0.02	 -0.04	  0.02	 -0.00	 -0.15	  0.43	 -0.29	
 -0.00	  0.12	 -0.40	  0.00	 -0.01	  0.04	  0.00	  0.02	 -0.04	  0.02	 -0.00	 -0.15	  0.44	 -0.28	
 -0.00	  0.12	 -0.40	  0.00	 -0.01	  0.04	  0.00	  0.02	 -0.04	  0.02	 -0.00	 -0.15	  0.44	 -0.28	
 -0.00	  0.12	 -0.40	  0.00	 -0.01	  0.04	  0.00	  0.02	 -0.04	  0.02	 -0.00	 -0.16	  0.44	 -0.28	
 -0.00	  0.12	 -0.40	  0.00	 -0.01	  0.04	  0.00	  0.02	 -0.04	  0.02	 -0.00	 -0.16	  0.44	 -0.28	
 -0.00	  0.11	 -0.40	  0.00	 -0.01	  0.03	  0.00	  0.02	 -0.04	  0.02	 -0.00	 -0.16	  0.44	 -0.28	
 -0.00	  0.11	 -0.40	  0.00	 -0.01	  0.03	  0.00	  0.02	 -0.04	  0.02	 -0.00	 -0.17	  0.44	 -0.28	
 -0.00	  0.11	 -0.40	  0.00	 -0.01	  0.03	  0.00	  0.02	 -0.04	  0.02	 -0.00	 -0.17	  0.45	 -0.27	
 -0.00	  0.11	 -0.40	  0.00	 -0.01	  0.03	  0.00	  0.02	 -0.04	  0.02	 -0.00	 -0.18	  0.45	 -0.27	
 -0.00	  0.11	 -0.40	  0.00	 -0.01	  0.03	  0.00	  0.02	 -0.04	  0.02	 -0.00	 -0.18	  0.45	 -0.27	
 -0.00	  0.11	 -0.40	  0.00	 -0.01	  0.03	  0.00	  0.02	 -0.04	  0.02	 -0.00	 -0.18	  0.45	 -0.27	
 -0.00	  0.10	 -0.40	  0.00	 -0.01	  0.03	  0.00	  0.02	 -0.04	  0.02	 -0.00	 -0.19	  0.45	 -0.27	
 -0.00	  0.10	 -0.40	  0.00	 -0.01	  0.03	  0.00	  0.02	 -0.04	  0.02	 -0.00	 -0.19	  0.45	 -0.26	
 -0.00	  0.10	 -0.40	  0.00	 -0.01	  0.03	  0.00	  0.02	 -0.04	  0.02	 -0.00	 -0.19	  0.45	 -0.26	
 -0.00	  0.10	 -0.40	  0.00	 -0.01	  0.03	  0.00	  0.02	 -0.04	  0.02	 -0.00	 -0.20	  0.46	 -0.26	
 -0.00	  0.10	 -0.40	  0.00	 -0.01	  0.03	  0.00	  0.02	 -0.04	  0.02	 -0.00	 -0.20	  0.46	 -0.26	
 -0.00	  0.09	 -0.40	  0.00	 -0.01	  0.03	  0.00	  0.02	 -0.04	  0.02	 -0.00	 -0.20	  0.46	 -0.25	
 -0.00	  0.09	 -0.40	  0.00	 -0.01	  0.03	  0.00	  0.02	 -0.04	  0.02	 -0.00	 -0.21	  0.46	 -0.25	
 -0.00	  0.09	 -0.40	  0.00	 -0.01	  0.03	  0.00	  0.02	 -0.04	  0.02	 -0.00	 -0.21	  0.46	 -0.25	
 -0.00	  0.09	 -0.40	  0.00	 -0.01	  0.03	  0.00	  0.02	 -0.04	  0.02	 -0.00	 -0.22	  0.46	 -0.25	
 -0.00	  0.09	 -0.40	  0.00	 -0.01	  0.03	  0.00	  0.02	 -0.04	  0.02	 -0.00	 -0.22	  0.46	 -0.25	
 -0.00	  0.09	 -0.40	  0.00	 -0.01	  0.03	  0.00	  0.02	 -0.04	  0.02	 -0.00	 -0.22	  0.47	 -0.24	
 -0.00	  0.08	 -0.40	  0.00	 -0.01	  0.03	  0.00	  0.02	 -0.03	  0.02	 -0.00	 -0.23	  0.47	 -0.24	
 -0.00	  0.08	 -0.40	  0.00	 -0.01	  0.03	  0.00	  0.02	 -0.03	  0.02	 -0.00	 -0.23	  0.47	 -0.24	
 -0.00	  0.08	 -0.40	  0.00	 -0.01	  0.03	  0.00	  0.02	 -0.03	  0.02	 -0.00	 -0.23	  0.47	 -0.24	
 -0.00	  0.08	 -0.40	  0.00	 -0.01	  0.03	  0.00	  0.02	 -0.03	  0.02	 -0.00	 -0.24	  0.47	 -0.23	
 -0.00	  0.08	 -0.40	  0.00	 -0.01	  0.03	  0.00	  0.02	 -0.03	  0.02	 -0.00	 -0.24	  0.47	 -0.23	
 -0.00	  0.07	 -0.40	  0.00	 -0.01	  0.03	  0.00	  0.02	 -0.03	  0.02	 -0.00	 -0.25	  0.48	 -0.23	
 -0.00	  0.07	 -0.40	  0.00	 -0.01	  0.03	  0.00	  0.01	 -0.03	  0.02	 -0.00	 -0.25	  0.48	 -0.23	
 -0.00	  0.07	 -0.40	  0.00	 -0.01	  0.03	  0.00	  0.01	 -0.03	  0.02	 -0.00	 -0.26	  0.48	 -0.22	
 -0.00	  0.07	 -0.40	  0.00	 -0.01	  0.03	  0.00	  0.01	 -0.03	  0.02	 -0.00	 -0.26	  0.48	 -0.22	
 -0.00	  0.06	 -0.40	  0.00	 -0.01	  0.03	  0.00	  0.01	 -0.03	  0.02	 -0.00	 -0.26	  0.48	 -0.22	
 -0.00	  0.06	 -0.40	  0.00	 -0.01	  0.03	  0.00	  0.01	 -0.03	  0.02	 -0.00	 -0.27	  0.48	 -0.21	
 -0.00	  0.06	 -0.40	  0.00	 -0.01	  0.03	  0.00	  0.01	 -0.03	  0.02	 -0.00	 -0.27	  0.48	 -0.21	
 -0.00	  0.06	 -0.40	  0.00	 -0.01	  0.03	  0.00	  0.01	 -0.03	  0.02	 -0.00	 -0.28	  0.49	 -0.21	
 -0.00	  0.06	 -0.40	  0.00	 -0.01	  0.03	  0.00	  0.01	 -0.03	  0.02	 -0.00	 -0.28	  0.49	 -0.21	
 -0.00	  0.05	 -0.39	  0.00	 -0.01	  0.03	  0.00	  0.01	 -0.03	  0.02	 -0.00	 -0.29	  0.49	 -0.20	
 -0.00	  0.05	 -0.39	  0.00	 -0.01	  0.03	  0.00	  0.01	 -0.03	  0.02	 -0.00	 -0.29	  0.49	 -0.20	
 -0.00	  0.05	 -0.39	  0.00	 -0.01	  0.03	  0.00	  0.01	 -0.03	  0.02	 -0.00	 -0.29	  0.49	 -0.20	
 -0.00	  0.05	 -0.39	  0.00	 -0.01	  0.03	  0.00	  0.01	 -0.03	  0.02	 -0.00	 -0.30	  0.49	 -0.19	
 -0.00	  0.05	 -0.39	  0.00	 -0.01	  0.03	  0.00	  0.01	 -0.03	  0.02	 -0.00	 -0.30	  0.49	 -0.19	
 -0.00	  0.04	 -0.39	  0.00	 -0.01	  0.03	  0.00	  0.01	 -0.03	  0.02	 -0.00	 -0.31	  0.50	 -0.19	
 -0.00	  0.04	 -0.39	  0.00	 -0.01	  0.03	  0.00	  0.01	 -0.03	  0.02	 -0.00	 -0.31	  0.50	 -0.18	
 -0.00	  0.04	 -0.39	  0.00	 -0.01	  0.03	  0.00	  0.01	 -0.03	  0.02	 -0.00	 -0.32	  0.50	 -0.18	
 -0.00	  0.04	 -0.39	  0.00	 -0.01	  0.03	  0.00	  0.01	 -0.03	  0.02	 -0.00	 -0.32	  0.50	 -0.18	
 -0.00	  0.03	 -0.39	  0.00	 -0.01	  0.03	  0.00	  0.01	 -0.03	  0.02	 -0.00	 -0.33	  0.50	 -0.17	
 -0.00	  0.03	 -0.39	  0.00	 -0.01	  0.03	  0.00	  0.01	 -0.03	  0.02	 -0.00	 -0.33	  0.50	 -0.17	
 -0.00	  0.03	 -0.39	  0.00	 -0.01	  0.03	  0.00	  0.01	 -0.03	  0.02	 -0.00	 -0.34	  0.50	 -0.17	
 -0.00	  0.03	 -0.39	  0.00	 -0.01	  0.03	  0.00	  0.01	 -0.03	  0.02	 -0.00	 -0.34	  0.51	 -0.16	
 -0.00	  0.02	 -0.39	  0.00	 -0.01	  0.03	  0.00	  0.01	 -0.03	  0.02	 -0.00	 -0.35	  0.51	 -0.16	
 -0.00	  0.02	 -0.39	  0.00	 -0.01	  0.03	  0.00	  0.01	 -0.03	  0.02	 -0.00	 -0.35	  0.51	 -0.16	
 -0.00	  0.02	 -0.39	  0.00	 -0.01	  0.03	  0.00	  0.01	 -0.03	  0.02	 -0.00	 -0.36	  0.51	 -0.15	
 -0.00	  0.02	 -0.39	  0.00	 -0.01	  0.03	  0.00	  0.01	 -0.03	  0.02	 -0.00	 -0.36	  0.51	 -0.15	
 -0.00	  0.01	 -0.39	  0.00	 -0.01	  0.03	  0.00	  0.01	 -0.03	  0.02	 -0.00	 -0.37	  0.51	 -0.15	
 -0.00	  0.01	 -0.39	  0.00	 -0.01	  0.03	  0.00	  0.01	 -0.03	  0.02	 -0.00	 -0.37	  0.51	 -0.14	
 -0.00	  0.01	 -0.38	  0.00	 -0.01	  0.03	  0.00	  0.01	 -0.03	  0.02	 -0.00	 -0.38	  0.51	 -0.14	
 -0.00	  0.01	 -0.38	  0.00	 -0.01	  0.03	  0.00	  0.01	 -0.03	  0.02	 -0.00	 -0.38	  0.52	 -0.13	
 -0.00	  0.00	 -0.38	  0.00	 -0.01	  0.03	  0.00	  0.01	 -0.03	  0.02	 -0.00	 -0.39	  0.52	 -0.13	
 -0.00	  0.00	 -0.38	  0.00	 -0.01	  0.03	  0.00	  0.01	 -0.03	  0.02	 -0.00	 -0.39	  0.52	 -0.13	
 -0.00	 -0.00	 -0.38	  0.00	 -0.01	  0.03	  0.00	  0.01	 -0.03	  0.02	 -0.00	 -0.40	  0.52	 -0.12	
 -0.00	 -0.00	 -0.38	  0.00	 -0.01	  0.03	  0.00	  0.01	 -0.03	  0.02	 -0.00	 -0.40	  0.52	 -0.12	
 -0.00	 -0.01	 -0.38	  0.00	 -0.01	  0.03	  0.00	  0.01	 -0.03	  0.02	 -0.00	 -0.41	  0.52	 -0.11	
 -0.00	 -0.01	 -0.38	  0.00	 -0.01	  0.03	  0.00	  0.01	 -0.03	  0.02	 -0.00	 -0.41	  0.52	 -0.11	
 -0.00	 -0.01	 -0.38	  0.00	 -0.01	  0.03	  0.00	  0.01	 -0.03	  0.02	 -0.00	 -0.42	  0.53	 -0.11	
 -0.00	 -0.02	 -0.38	  0.00	 -0.01	  0.03	  0.00	  0.01	 -0.02	  0.02	 -0.00	 -0.43	  0.53	 -0.10	
 -0.00	 -0.02	 -0.38	  0.00	 -0.01	  0.02	  0.00	  0.01	 -0.02	  0.02	 -0.00	 -0.43	  0.53	 -0.10	
 -0.00	 -0.02	 -0.38	  0.00	 -0.01	  0.02	  0.00	  0.01	 -0.02	  0.02	 -0.00	 -0.44	  0.53	 -0.09	
 -0.00	 -0.02	 -0.38	  0.00	 -0.01	  0.02	  0.00	  0.01	 -0.02	  0.02	 -0.00	 -0.44	  0.53	 -0.09	
 -0.00	 -0.03	 -0.37	  0.00	 -0.01	  0.02	  0.00	  0.01	 -0.02	  0.02	 -0.00	 -0.45	  0.53	 -0.08	
 -0.00	 -0.03	 -0.37	  0.00	 -0.01	  0.02	  0.00	  0.01	 -0.02	  0.02	 -0.00	 -0.46	  0.53	 -0.08	
 -0.00	 -0.03	 -0.37	  0.00	 -0.01	  0.02	  0.00	  0.01	 -0.02	  0.02	 -0.00	 -0.46	  0.54	 -0.07	
 -0.00	 -0.04	 -0.37	  0.00	 -0.01	  0.02	  0.00	  0.01	 -0.02	  0.02	 -0.00	 -0.47	  0.54	 -0.07	
 -0.00	 -0.04	 -0.37	  0.00	 -0.01	  0.02	  0.00	  0.01	 -0.02	  0.02	 -0.00	 -0.47	  0.54	 -0.06	
 -0.00	 -0.04	 -0.37	  0.00	 -0.01	  0.02	  0.00	  0.00	 -0.02	  0.02	 -0.00	 -0.48	  0.54	 -0.06	
 -0.00	 -0.04	 -0.37	  0.00	 -0.01	  0.02	  0.00	  0.00	 -0.02	  0.02	 -0.00	 -0.49	  0.54	 -0.06	
 -0.00	 -0.05	 -0.37	  0.00	 -0.01	  0.02	  0.00	  0.00	 -0.02	  0.02	 -0.00	 -0.49	  0.54	 -0.05	
 -0.00	 -0.05	 -0.37	  0.00	 -0.01	  0.02	  0.00	  0.00	 -0.02	  0.02	 -0.00	 -0.50	  0.54	 -0.05	
 -0.00	 -0.05	 -0.37	  0.00	 -0.01	  0.02	  0.00	  0.00	 -0.02	  0.02	 -0.00	 -0.50	  0.54	 -0.04	
 -0.00	 -0.06	 -0.36	  0.00	 -0.01	  0.02	  0.00	  0.00	 -0.02	  0.02	 -0.00	 -0.51	  0.55	 -0.04	
 -0.00	 -0.06	 -0.36	  0.00	 -0.01	  0.02	  0.00	  0.00	 -0.02	  0.02	 -0.00	 -0.52	  0.55	 -0.03	
 -0.00	 -0.06	 -0.36	  0.00	 -0.01	  0.02	  0.00	  0.00	 -0.02	  0.02	 -0.00	 -0.52	  0.55	 -0.03	
 -0.00	 -0.06	 -0.36	  0.00	 -0.01	  0.02	  0.00	  0.00	 -0.02	  0.02	 -0.00	 -0.53	  0.55	 -0.02	
 -0.00	 -0.07	 -0.36	  0.00	 -0.01	  0.02	  0.00	  0.00	 -0.02	  0.02	 -0.00	 -0.54	  0.55	 -0.01	
 -0.00	 -0.07	 -0.36	  0.00	 -0.01	  0.02	  0.00	  0.00	 -0.02	  0.02	 -0.00	 -0.54	  0.55	 -0.01	
 -0.00	 -0.07	 -0.36	  0.00	 -0.01	  0.02	  0.00	  0.00	 -0.02	  0.02	 -0.00	 -0.55	  0.55	 -0.00	
 -0.00	 -0.08	 -0.36	  0.00	 -0.01	  0.02	  0.00	  0.00	 -0.02	  0.02	 -0.00	 -0.56	  0.56	  0.00	
 -0.00	 -0.08	 -0.36	  0.00	 -0.01	  0.02	  0.00	  0.00	 -0.02	  0.02	 -0.00	 -0.56	  0.56	  0.01	
 -0.00	 -0.08	 -0.35	  0.00	 -0.01	  0.02	  0.00	  0.00	 -0.02	  0.02	 -0.00	 -0.57	  0.56	  0.01	
 -0.00	 -0.09	 -0.35	  0.00	 -0.01	  0.02	  0.00	  0.00	 -0.02	  0.02	 -0.00	 -0.58	  0.56	  0.02	
 -0.00	 -0.09	 -0.35	  0.00	 -0.01	  0.02	  0.00	  0.00	 -0.02	  0.02	 -0.00	 -0.58	  0.56	  0.02	
 -0.00	 -0.09	 -0.35	  0.00	 -0.01	  0.02	  0.00	  0.00	 -0.02	  0.02	 -0.00	 -0.59	  0.56	  0.03	
 -0.00	 -0.10	 -0.35	  0.00	 -0.01	  0.02	  0.00	  0.00	 -0.02	  0.02	 -0.00	 -0.60	  0.56	  0.04	
 -0.00	 -0.10	 -0.35	  0.00	 -0.01	  0.02	  0.00	  0.00	 -0.02	  0.02	 -0.00	 -0.61	  0.56	  0.04	
 -0.00	 -0.10	 -0.35	  0.00	 -0.01	  0.02	  0.00	  0.00	 -0.02	  0.02	 -0.00	 -0.61	  0.57	  0.05	
 -0.00	 -0.10	 -0.35	  0.00	 -0.01	  0.02	  0.00	  0.00	 -0.02	  0.02	 -0.00	 -0.62	  0.57	  0.05	
 -0.00	 -0.11	 -0.34	  0.00	 -0.01	  0.02	  0.00	  0.00	 -0.02	  0.02	 -0.00	 -0.63	  0.57	  0.06	
 -0.00	 -0.11	 -0.34	  0.00	 -0.01	  0.02	  0.00	  0.00	 -0.02	  0.02	 -0.00	 -0.63	  0.57	  0.06	
 -0.00	 -0.11	 -0.34	  0.00	 -0.01	  0.02	  0.00	  0.00	 -0.02	  0.02	 -0.00	 -0.64	  0.57	  0.07	
 -0.00	 -0.12	 -0.34	  0.00	 -0.01	  0.02	  0.00	  0.00	 -0.02	  0.02	 -0.00	 -0.65	  0.57	  0.08	
 -0.00	 -0.12	 -0.34	  0.00	 -0.01	  0.02	  0.00	  0.00	 -0.02	  0.02	 -0.00	 -0.66	  0.57	  0.08	
 -0.00	 -0.12	 -0.34	  0.00	 -0.01	  0.02	  0.00	  0.00	 -0.02	  0.02	 -0.00	 -0.66	  0.58	  0.09	
 -0.00	 -0.13	 -0.34	  0.00	 -0.01	  0.02	  0.00	  0.00	 -0.02	  0.02	 -0.00	 -0.67	  0.58	  0.10	
 -0.00	 -0.13	 -0.34	  0.00	 -0.01	  0.02	  0.00	  0.00	 -0.02	  0.02	 -0.00	 -0.68	  0.58	  0.10	
 -0.00	 -0.13	 -0.33	  0.00	 -0.01	  0.02	  0.00	  0.00	 -0.02	  0.02	 -0.00	 -0.69	  0.58	  0.11	
 -0.00	 -0.14	 -0.33	  0.00	 -0.01	  0.02	  0.00	  0.00	 -0.02	  0.02	 -0.00	 -0.70	  0.58	  0.12	
 -0.00	 -0.14	 -0.33	  0.00	 -0.01	  0.02	  0.00	  0.00	 -0.02	  0.02	 -0.00	 -0.70	  0.58	  0.12	
 -0.00	 -0.14	 -0.33	  0.00	 -0.01	  0.02	  0.00	  0.00	 -0.02	  0.02	 -0.00	 -0.71	  0.58	  0.13	
 -0.00	 -0.15	 -0.33	  0.00	 -0.01	  0.02	  0.00	  0.00	 -0.02	  0.02	 -0.00	 -0.72	  0.58	  0.14	
 -0.00	 -0.15	 -0.33	  0.00	 -0.01	  0.02	  0.00	  0.00	 -0.02	  0.02	 -0.00	 -0.73	  0.59	  0.14	
 -0.00	 -0.15	 -0.33	  0.00	 -0.01	  0.02	  0.00	 -0.00	 -0.02	  0.02	 -0.00	 -0.74	  0.59	  0.15	
 -0.00	 -0.16	 -0.32	  0.00	 -0.01	  0.02	  0.00	 -0.00	 -0.02	  0.02	 -0.00	 -0.75	  0.59	  0.16	
 -0.00	 -0.16	 -0.32	  0.00	 -0.01	  0.02	  0.00	 -0.00	 -0.02	  0.02	 -0.00	 -0.75	  0.59	  0.16	
 -0.00	 -0.17	 -0.32	  0.00	 -0.01	  0.02	  0.00	 -0.00	 -0.02	  0.02	 -0.00	 -0.76	  0.59	  0.17	
 -0.00	 -0.17	 -0.32	  0.00	 -0.01	  0.02	  0.00	 -0.00	 -0.01	  0.02	 -0.00	 -0.77	  0.59	  0.18	
 -0.00	 -0.17	 -0.32	  0.00	 -0.01	  0.02	  0.00	 -0.00	 -0.01	  0.02	 -0.00	 -0.78	  0.59	  0.19	
 -0.00	 -0.18	 -0.32	  0.00	 -0.01	  0.02	  0.00	 -0.00	 -0.01	  0.02	 -0.00	 -0.79	  0.59	  0.19	
 -0.00	 -0.18	 -0.32	  0.00	 -0.01	  0.02	  0.00	 -0.00	 -0.01	  0.02	 -0.00	 -0.80	  0.60	  0.20	
 -0.00	 -0.18	 -0.31	  0.00	 -0.01	  0.02	  0.00	 -0.00	 -0.01	  0.01	 -0.00	 -0.81	  0.60	  0.21	
 -0.00	 -0.19	 -0.31	  0.00	 -0.01	  0.02	  0.00	 -0.00	 -0.01	  0.01	 -0.00	 -0.81	  0.60	  0.22	
 -0.00	 -0.19	 -0.31	  0.00	 -0.01	  0.02	  0.00	 -0.00	 -0.01	  0.01	 -0.00	 -0.82	  0.60	  0.22	
 -0.00	 -0.19	 -0.31	  0.00	 -0.01	  0.02	  0.00	 -0.00	 -0.01	  0.01	 -0.00	 -0.83	  0.60	  0.23	
 -0.00	 -0.20	 -0.31	  0.00	 -0.01	  0.02	  0.00	 -0.00	 -0.01	  0.01	 -0.00	 -0.84	  0.60	  0.24	
 -0.00	 -0.20	 -0.31	  0.00	 -0.01	  0.02	  0.00	 -0.00	 -0.01	  0.01	 -0.00	 -0.85	  0.60	  0.25	
 -0.00	 -0.20	 -0.30	  0.00	 -0.01	  0.02	  0.00	 -0.00	 -0.01	  0.01	 -0.00	 -0.86	  0.60	  0.25	
 -0.00	 -0.21	 -0.30	  0.00	 -0.01	  0.02	  0.00	 -0.00	 -0.01	  0.01	 -0.00	 -0.87	  0.61	  0.26	
 -0.00	 -0.21	 -0.30	  0.00	 -0.01	  0.02	  0.00	 -0.00	 -0.01	  0.01	 -0.00	 -0.88	  0.61	  0.27	
 -0.00	 -0.21	 -0.30	  0.00	 -0.01	  0.01	  0.00	 -0.00	 -0.01	  0.01	 -0.00	 -0.89	  0.61	  0.28	
 -0.00	 -0.22	 -0.30	  0.00	 -0.01	  0.01	  0.00	 -0.00	 -0.01	  0.01	 -0.00	 -0.90	  0.61	  0.29	
 -0.00	 -0.22	 -0.30	  0.00	 -0.01	  0.01	  0.00	 -0.00	 -0.01	  0.01	 -0.00	 -0.91	  0.61	  0.30	
 -0.00	 -0.23	 -0.29	  0.00	 -0.01	  0.01	  0.00	 -0.00	 -0.01	  0.01	 -0.00	 -0.92	  0.61	  0.30	
 -0.00	 -0.23	 -0.29	  0.00	 -0.01	  0.01	  0.00	 -0.00	 -0.01	  0.01	 -0.00	 -0.93	  0.61	  0.31	
 -0.00	 -0.23	 -0.29	  0.00	 -0.01	  0.01	  0.00	 -0.00	 -0.01	  0.01	 -0.00	 -0.94	  0.61	  0.32	
 -0.00	 -0.24	 -0.29	  0.00	 -0.01	  0.01	  0.00	 -0.00	 -0.01	  0.01	 -0.00	 -0.95	  0.62	  0.33	
 -0.00	 -0.24	 -0.29	  0.00	 -0.01	  0.01	  0.00	 -0.00	 -0.01	  0.01	 -0.00	 -0.96	  0.62	  0.34	
 -0.00	 -0.24	 -0.29	  0.00	 -0.01	  0.01	  0.00	 -0.00	 -0.01	  0.01	 -0.00	 -0.97	  0.62	  0.35	
 -0.00	 -0.25	 -0.28	  0.00	 -0.01	  0.01	  0.00	 -0.00	 -0.01	  0.01	 -0.00	 -0.98	  0.62	  0.36	
 -0.00	 -0.25	 -0.28	  0.00	 -0.01	  0.01	  0.00	 -0.00	 -0.01	  0.01	 -0.00	 -0.99	  0.62	  0.37	
 -0.00	 -0.25	 -0.28	  0.00	 -0.01	  0.01	  0.00	 -0.00	 -0.01	  0.01	 -0.00	 -1.00	  0.62	  0.37	
 -0.00	 -0.26	 -0.28	  0.00	 -0.01	  0.01	  0.00	 -0.00	 -0.01	  0.01	 -0.00	 -1.01	  0.62	  0.38	
 -0.00	 -0.26	 -0.28	  0.00	 -0.01	  0.01	  0.00	 -0.00	 -0.01	  0.01	 -0.00	 -1.02	  0.62	  0.39	
 -0.00	 -0.27	 -0.27	  0.00	 -0.01	  0.01	  0.00	 -0.00	 -0.01	  0.01	 -0.00	 -1.03	  0.63	  0.40	
 -0.00	 -0.27	 -0.27	  0.00	 -0.01	  0.01	  0.00	 -0.00	 -0.01	  0.01	 -0.00	 -1.04	  0.63	  0.41	
 -0.00	 -0.27	 -0.27	  0.00	 -0.01	  0.01	  0.00	 -0.00	 -0.01	  0.01	 -0.00	 -1.05	  0.63	  0.42	
 -0.00	 -0.28	 -0.27	  0.00	 -0.01	  0.01	  0.00	 -0.00	 -0.01	  0.01	 -0.00	 -1.06	  0.63	  0.43	
 -0.00	 -0.28	 -0.27	  0.00	 -0.01	  0.01	  0.00	 -0.00	 -0.01	  0.01	 -0.00	 -1.07	  0.63	  0.44	
 -0.00	 -0.28	 -0.27	  0.00	 -0.01	  0.01	  0.00	 -0.00	 -0.01	  0.01	 -0.00	 -1.08	  0.63	  0.45	
 -0.00	 -0.29	 -0.26	  0.00	 -0.01	  0.01	  0.00	 -0.00	 -0.01	  0.01	 -0.00	 -1.09	  0.63	  0.46	
 -0.00	 -0.29	 -0.26	  0.00	 -0.01	  0.01	  0.00	 -0.00	 -0.01	  0.01	 -0.00	 -1.11	  0.63	  0.47	
 -0.00	 -0.30	 -0.26	  0.00	 -0.01	  0.01	  0.00	 -0.00	 -0.01	  0.01	 -0.00	 -1.12	  0.64	  0.48	
 -0.00	 -0.30	 -0.26	  0.00	 -0.01	  0.01	  0.00	 -0.00	 -0.01	  0.01	 -0.00	 -1.13	  0.64	  0.49	
 -0.00	 -0.30	 -0.26	  0.00	 -0.01	  0.01	  0.00	 -0.00	 -0.01	  0.01	 -0.00	 -1.14	  0.64	  0.50	
 -0.00	 -0.31	 -0.25	  0.00	 -0.01	  0.01	  0.00	 -0.00	 -0.01	  0.01	 -0.00	 -1.15	  0.64	  0.51	
 -0.00	 -0.31	 -0.25	  0.00	 -0.01	  0.01	  0.00	 -0.00	 -0.01	  0.01	 -0.00	 -1.16	  0.64	  0.52	
 -0.00	 -0.31	 -0.25	  0.00	 -0.01	  0.01	  0.00	 -0.00	 -0.01	  0.01	 -0.00	 -1.18	  0.64	  0.53	
 -0.00	 -0.32	 -0.25	  0.00	 -0.01	  0.01	  0.00	 -0.00	 -0.01	  0.01	 -0.00	 -1.19	  0.64	  0.54	
 -0.00	 -0.32	 -0.25	  0.00	 -0.01	  0.01	  0.00	 -0.00	 -0.01	  0.01	 -0.00	 -1.20	  0.64	  0.55	
 -0.00	 -0.33	 -0.24	  0.00	 -0.01	  0.01	  0.00	 -0.00	 -0.01	  0.01	 -0.00	 -1.21	  0.65	  0.56	
 -0.00	 -0.33	 -0.24	  0.00	 -0.01	  0.01	  0.00	 -0.00	 -0.01	  0.01	 -0.00	 -1.22	  0.65	  0.58	
 -0.00	 -0.33	 -0.24	  0.00	 -0.01	  0.01	  0.00	 -0.00	 -0.01	  0.01	 -0.00	 -1.24	  0.65	  0.59	
 -0.00	 -0.34	 -0.24	  0.00	 -0.01	  0.01	  0.00	 -0.00	 -0.01	  0.01	 -0.00	 -1.25	  0.65	  0.60	
 -0.00	 -0.34	 -0.24	  0.00	 -0.01	  0.01	  0.00	 -0.00	 -0.01	  0.01	 -0.00	 -1.26	  0.65	  0.61	
 -0.00	 -0.34	 -0.23	  0.00	 -0.01	  0.01	  0.00	 -0.00	 -0.01	  0.01	 -0.00	 -1.27	  0.65	  0.62	
 -0.00	 -0.35	 -0.23	  0.00	 -0.01	  0.01	  0.00	 -0.00	 -0.01	  0.01	 -0.00	 -1.29	  0.65	  0.63	
 -0.00	 -0.35	 -0.23	  0.00	 -0.01	  0.01	  0.00	 -0.00	 -0.01	  0.01	 -0.00	 -1.30	  0.65	  0.64	
 -0.00	 -0.36	 -0.23	  0.00	 -0.01	  0.01	  0.00	 -0.00	 -0.01	  0.01	 -0.00	 -1.31	  0.66	  0.66	
 -0.00	 -0.36	 -0.23	  0.00	 -0.01	  0.01	  0.00	 -0.00	 -0.01	  0.01	 -0.00	 -1.32	  0.66	  0.67	
 -0.00	 -0.36	 -0.22	  0.00	 -0.01	  0.01	  0.00	 -0.00	 -0.01	  0.01	 -0.00	 -1.34	  0.66	  0.68	
 -0.00	 -0.37	 -0.22	  0.00	 -0.01	  0.01	  0.00	 -0.00	 -0.01	  0.01	 -0.00	 -1.35	  0.66	  0.69	
 -0.00	 -0.37	 -0.22	  0.00	 -0.01	  0.01	  0.00	 -0.00	 -0.01	  0.01	 -0.00	 -1.36	  0.66	  0.70	
 -0.00	 -0.37	 -0.22	  0.00	 -0.01	  0.01	  0.00	 -0.00	 -0.01	  0.01	 -0.00	 -1.38	  0.66	  0.72	
 -0.00	 -0.38	 -0.22	  0.00	 -0.01	  0.01	  0.00	 -0.00	 -0.01	  0.01	 -0.00	 -1.39	  0.66	  0.73	
 -0.00	 -0.38	 -0.21	  0.00	 -0.01	  0.01	  0.00	 -0.00	 -0.01	  0.01	 -0.00	 -1.40	  0.66	  0.74	
 -0.00	 -0.39	 -0.21	  0.00	 -0.01	  0.01	  0.00	 -0.00	 -0.01	  0.01	 -0.00	 -1.42	  0.67	  0.75	
 -0.00	 -0.39	 -0.21	  0.00	 -0.01	  0.01	  0.00	 -0.00	 -0.01	  0.01	 -0.00	 -1.43	  0.67	  0.77	
 -0.00	 -0.39	 -0.21	  0.00	 -0.01	  0.01	  0.00	 -0.00	 -0.01	  0.01	 -0.00	 -1.45	  0.67	  0.78	
 -0.00	 -0.40	 -0.21	  0.00	 -0.01	  0.01	  0.00	 -0.00	 -0.01	  0.01	 -0.00	 -1.46	  0.67	  0.79	
 -0.00	 -0.40	 -0.20	  0.00	 -0.01	  0.01	  0.00	 -0.00	 -0.01	  0.01	 -0.00	 -1.47	  0.67	  0.80	
 -0.00	 -0.40	 -0.20	  0.00	 -0.00	  0.01	  0.00	 -0.00	 -0.00	  0.01	 -0.00	 -1.49	  0.67	  0.82	
 -0.00	 -0.41	 -0.20	  0.00	 -0.00	  0.01	  0.00	 -0.00	 -0.00	  0.01	 -0.00	 -1.50	  0.67	  0.83	
 -0.00	 -0.41	 -0.20	  0.00	 -0.00	  0.01	  0.00	 -0.00	 -0.00	  0.01	 -0.00	 -1.52	  0.67	  0.84	
 -0.00	 -0.42	 -0.19	  0.00	 -0.00	  0.01	  0.00	 -0.00	 -0.00	  0.01	 -0.00	 -1.53	  0.68	  0.86	
 -0.00	 -0.42	 -0.19	  0.00	 -0.00	  0.01	  0.00	 -0.00	 -0.00	  0.01	 -0.00	 -1.55	  0.68	  0.87	
 -0.00	 -0.42	 -0.19	  0.00	 -0.00	  0.01	  0.00	 -0.00	 -0.00	  0.01	 -0.00	 -1.56	  0.68	  0.88	
 -0.00	 -0.43	 -0.19	  0.00	 -0.00	  0.01	  0.00	 -0.00	 -0.00	  0.01	 -0.00	 -1.58	  0.68	  0.90	
 -0.00	 -0.43	 -0.19	  0.00	 -0.00	  0.01	  0.00	 -0.00	 -0.00	  0.01	 -0.00	 -1.59	  0.68	  0.91	
 -0.00	 -0.43	 -0.18	  0.00	 -0.00	  0.01	  0.00	 -0.00	 -0.00	  0.01	 -0.00	 -1.61	  0.68	  0.93	
 -0.00	 -0.44	 -0.18	  0.00	 -0.00	  0.01	  0.00	 -0.00	 -0.00	  0.01	 -0.00	 -1.62	  0.68	  0.94	
 -0.00	 -0.44	 -0.18	  0.00	 -0.00	  0.01	  0.00	 -0.00	 -0.00	  0.01	 -0.00	 -1.64	  0.68	  0.96	
 -0.00	 -0.45	 -0.18	  0.00	 -0.00	  0.00	  0.00	 -0.00	 -0.00	  0.01	 -0.00	 -1.66	  0.69	  0.97	
 -0.00	 -0.45	 -0.18	  0.00	 -0.00	  0.00	  0.00	 -0.00	 -0.00	  0.01	 -0.00	 -1.67	  0.69	  0.98	
 -0.00	 -0.45	 -0.17	  0.00	 -0.00	  0.00	  0.00	 -0.00	 -0.00	  0.01	 -0.00	 -1.69	  0.69	  1.00	
 -0.00	 -0.46	 -0.17	  0.00	 -0.00	  0.00	  0.00	 -0.00	 -0.00	  0.01	 -0.00	 -1.70	  0.69	  1.01	
 -0.00	 -0.46	 -0.17	  0.00	 -0.00	  0.00	  0.00	 -0.00	 -0.00	  0.00	 -0.00	 -1.72	  0.69	  1.03	
 -0.00	 -0.46	 -0.17	  0.00	 -0.00	  0.00	  0.00	 -0.00	 -0.00	  0.00	 -0.00	 -1.74	  0.69	  1.04	
 -0.00	 -0.47	 -0.16	  0.00	 -0.00	  0.00	  0.00	 -0.00	 -0.00	  0.00	 -0.00	 -1.75	  0.69	  1.06	
 -0.00	 -0.47	 -0.16	  0.00	 -0.00	  0.00	  0.00	 -0.00	 -0.00	  0.00	 -0.00	 -1.77	  0.69	  1.07	
 -0.00	 -0.48	 -0.16	  0.00	 -0.00	  0.00	  0.00	 -0.00	 -0.00	  0.00	 -0.00	 -1.79	  0.70	  1.09	
 -0.00	 -0.48	 -0.16	  0.00	 -0.00	  0.00	  0.00	 -0.00	 -0.00	  0.00	 -0.00	 -1.80	  0.70	  1.11	
 -0.00	 -0.48	 -0.16	  0.00	 -0.00	  0.00	  0.00	 -0.00	 -0.00	  0.00	 -0.00	 -1.82	  0.70	  1.12	
 -0.00	 -0.49	 -0.15	  0.00	 -0.00	  0.00	  0.00	 -0.00	 -0.00	  0.00	 -0.00	 -1.84	  0.70	  1.14	
 -0.00	 -0.49	 -0.15	  0.00	 -0.00	  0.00	  0.00	 -0.00	 -0.00	  0.00	 -0.00	 -1.85	  0.70	  1.15	
 -0.00	 -0.49	 -0.15	  0.00	 -0.00	  0.00	  0.00	 -0.00	 -0.00	  0.00	 -0.00	 -1.87	  0.70	  1.17	
 -0.00	 -0.50	 -0.15	  0.00	 -0.00	  0.00	  0.00	 -0.00	 -0.00	  0.00	 -0.00	 -1.89	  0.70	  1.19	
 -0.00	 -0.50	 -0.15	  0.00	 -0.00	  0.00	  0.00	 -0.00	 -0.00	  0.00	 -0.00	 -1.91	  0.70	  1.20	
 -0.00	 -0.51	 -0.14	  0.00	 -0.00	  0.00	  0.00	 -0.00	 -0.00	  0.00	 -0.00	 -1.93	  0.70	  1.22	
 -0.00	 -0.51	 -0.14	  0.00	 -0.00	  0.00	  0.00	 -0.00	 -0.00	  0.00	 -0.00	 -1.94	  0.71	  1.24	
 -0.00	 -0.51	 -0.14	  0.00	 -0.00	  0.00	  0.00	 -0.00	 -0.00	  0.00	 -0.00	 -1.96	  0.71	  1.25	
 -0.00	 -0.52	 -0.14	  0.00	 -0.00	  0.00	  0.00	 -0.00	 -0.00	  0.00	 -0.00	 -1.98	  0.71	  1.27	
 -0.00	 -0.52	 -0.13	  0.00	 -0.00	  0.00	  0.00	 -0.00	 -0.00	  0.00	 -0.00	 -2.00	  0.71	  1.29	
 -0.00	 -0.52	 -0.13	  0.00	 -0.00	  0.00	  0.00	 -0.00	 -0.00	  0.00	 -0.00	 -2.02	  0.71	  1.31	
 -0.00	 -0.53	 -0.13	  0.00	 -0.00	  0.00	  0.00	 -0.00	 -0.00	  0.00	 -0.00	 -2.04	  0.71	  1.32	
 -0.00	 -0.53	 -0.13	  0.00	 -0.00	  0.00	  0.00	 -0.00	 -0.00	  0.00	 -0.00	 -2.05	  0.71	  1.34	
 -0.00	 -0.53	 -0.13	  0.00	 -0.00	  0.00	  0.00	 -0.00	 -0.00	  0.00	 -0.00	 -2.07	  0.71	  1.36	
 -0.00	 -0.54	 -0.12	  0.00	 -0.00	  0.00	  0.00	 -0.00	 -0.00	  0.00	 -0.00	 -2.09	  0.72	  1.38	
 -0.00	 -0.54	 -0.12	  0.00	 -0.00	  0.00	  0.00	  0.00	 -0.00	  0.00	 -0.00	 -2.11	  0.72	  1.40	
 -0.00	 -0.54	 -0.12	  0.00	 -0.00	  0.00	  0.00	  0.00	 -0.00	  0.00	 -0.00	 -2.13	  0.72	  1.41	
 -0.00	 -0.55	 -0.12	  0.00	 -0.00	  0.00	  0.00	  0.00	 -0.00	  0.00	 -0.00	 -2.15	  0.72	  1.43	
 -0.00	 -0.55	 -0.11	  0.00	 -0.00	  0.00	  0.00	  0.00	 -0.00	  0.00	 -0.00	 -2.17	  0.72	  1.45	
 -0.00	 -0.55	 -0.11	  0.00	  0.00	  0.00	  0.00	  0.00	 -0.00	 -0.00	 -0.00	 -2.19	  0.72	  1.47	
  0.00	 -0.56	 -0.11	 -0.00	  0.00	 -0.00	 -0.00	  0.00	 -0.00	 -0.00	  0.00	 -2.21	  0.72	  1.49	
  0.00	 -0.56	 -0.11	 -0.00	  0.00	 -0.00	 -0.00	  0.00	 -0.00	 -0.00	  0.00	 -2.23	  0.72	  1.51	
  0.00	 -0.56	 -0.11	 -0.00	  0.00	 -0.00	 -0.00	  0.00	 -0.00	 -0.00	  0.00	 -2.25	  0.73	  1.53	
  0.00	 -0.57	 -0.10	 -0.00	  0.00	 -0.00	 -0.00	  0.00	  0.00	 -0.00	  0.00	 -2.28	  0.73	  1.55	
  0.00	 -0.57	 -0.10	 -0.00	  0.00	 -0.00	 -0.00	  0.00	  0.00	 -0.00	  0.00	 -2.30	  0.73	  1.57	
  0.00	 -0.58	 -0.10	 -0.00	  0.00	 -0.00	 -0.00	  0.00	  0.00	 -0.00	  0.00	 -2.32	  0.73	  1.59	
  0.00	 -0.58	 -0.10	 -0.00	  0.00	 -0.00	 -0.00	  0.00	  0.00	 -0.00	  0.00	 -2.34	  0.73	  1.61	
  0.00	 -0.58	 -0.09	 -0.00	  0.00	 -0.00	 -0.00	  0.00	  0.00	 -0.00	  0.00	 -2.36	  0.73	  1.63	
  0.00	 -0.59	 -0.09	 -0.00	  0.00	 -0.00	 -0.00	  0.00	  0.00	 -0.00	  0.00	 -2.39	  0.73	  1.65	
  0.00	 -0.59	 -0.09	 -0.00	  0.00	 -0.00	 -0.00	  0.00	  0.00	 -0.00	  0.00	 -2.41	  0.73	  1.67	
  0.00	 -0.59	 -0.09	 -0.00	  0.00	 -0.00	 -0.00	  0.00	  0.00	 -0.00	  0.00	 -2.43	  0.74	  1.70	
  0.00	 -0.60	 -0.09	 -0.00	  0.00	 -0.00	 -0.00	  0.00	  0.00	 -0.00	  0.00	 -2.46	  0.74	  1.72	
  0.00	 -0.60	 -0.08	 -0.00	  0.00	 -0.00	 -0.00	  0.00	  0.00	 -0.00	  0.00	 -2.48	  0.74	  1.74	
  0.00	 -0.60	 -0.08	 -0.00	  0.00	 -0.00	 -0.00	  0.00	  0.00	 -0.00	  0.00	 -2.50	  0.74	  1.76	
  0.00	 -0.61	 -0.08	 -0.00	  0.00	 -0.00	 -0.00	  0.00	  0.00	 -0.00	  0.00	 -2.53	  0.74	  1.79	
  0.00	 -0.61	 -0.08	 -0.00	  0.00	 -0.00	 -0.00	  0.00	  0.00	 -0.00	  0.00	 -2.55	  0.74	  1.81	
  0.00	 -0.62	 -0.07	 -0.00	  0.00	 -0.00	 -0.00	  0.00	  0.00	 -0.00	  0.00	 -2.58	  0.74	  1.83	
  0.00	 -0.62	 -0.07	 -0.00	  0.00	 -0.00	 -0.00	  0.00	  0.00	 -0.00	  0.00	 -2.60	  0.74	  1.86	
  0.00	 -0.62	 -0.07	 -0.00	  0.00	 -0.00	 -0.00	  0.00	  0.00	 -0.00	  0.00	 -2.63	  0.75	  1.88	
  0.00	 -0.63	 -0.07	 -0.00	  0.00	 -0.00	 -0.00	  0.00	  0.00	 -0.00	  0.00	 -2.65	  0.75	  1.91	
  0.00	 -0.63	 -0.06	 -0.00	  0.00	 -0.00	 -0.00	  0.00	  0.00	 -0.00	  0.00	 -2.68	  0.75	  1.93	
  0.00	 -0.63	 -0.06	 -0.00	  0.00	 -0.00	 -0.00	  0.00	  0.00	 -0.00	  0.00	 -2.70	  0.75	  1.96	
  0.00	 -0.64	 -0.06	 -0.00	  0.00	 -0.00	 -0.00	  0.00	  0.00	 -0.00	  0.00	 -2.73	  0.75	  1.98	
  0.00	 -0.64	 -0.06	 -0.00	  0.00	 -0.00	 -0.00	  0.00	  0.00	 -0.01	  0.00	 -2.76	  0.75	  2.01	
  0.00	 -0.65	 -0.05	 -0.00	  0.00	 -0.00	 -0.00	  0.00	  0.00	 -0.01	  0.00	 -2.79	  0.75	  2.03	
  0.00	 -0.65	 -0.05	 -0.00	  0.00	 -0.00	 -0.00	  0.00	  0.00	 -0.01	  0.00	 -2.81	  0.75	  2.06	
  0.00	 -0.65	 -0.05	 -0.00	  0.00	 -0.00	 -0.00	  0.00	  0.00	 -0.01	  0.00	 -2.84	  0.76	  2.08	
  0.00	 -0.66	 -0.05	 -0.00	  0.00	 -0.00	 -0.00	  0.00	  0.00	 -0.01	  0.00	 -2.87	  0.76	  2.11	
  0.00	 -0.66	 -0.04	 -0.00	  0.00	 -0.00	 -0.00	  0.00	  0.00	 -0.01	  0.00	 -2.90	  0.76	  2.14	
  0.00	 -0.66	 -0.04	 -0.00	  0.00	 -0.00	 -0.00	  0.00	  0.00	 -0.01	  0.00	 -2.93	  0.76	  2.17	
  0.00	 -0.67	 -0.04	 -0.00	  0.00	 -0.00	 -0.00	  0.00	  0.00	 -0.01	  0.00	 -2.95	  0.76	  2.19	
  0.00	 -0.67	 -0.04	 -0.00	  0.00	 -0.00	 -0.00	  0.00	  0.00	 -0.01	  0.00	 -2.98	  0.76	  2.22	
  0.00	 -0.68	 -0.03	 -0.00	  0.00	 -0.00	 -0.00	  0.00	  0.00	 -0.01	  0.00	 -3.01	  0.76	  2.25	
  0.00	 -0.68	 -0.03	 -0.00	  0.01	 -0.00	 -0.00	  0.01	  0.00	 -0.01	  0.00	 -3.04	  0.76	  2.28	
  0.00	 -0.68	 -0.03	 -0.00	  0.01	 -0.00	 -0.00	  0.01	  0.00	 -0.01	  0.00	 -3.07	  0.77	  2.31	
  0.00	 -0.69	 -0.03	 -0.00	  0.01	 -0.01	 -0.00	  0.01	  0.00	 -0.01	  0.00	 -3.10	  0.77	  2.34	
  0.00	 -0.69	 -0.02	 -0.00	  0.01	 -0.01	 -0.00	  0.01	  0.00	 -0.01	  0.00	 -3.14	  0.77	  2.37	
  0.00	 -0.69	 -0.02	 -0.00	  0.01	 -0.01	 -0.00	  0.01	  0.00	 -0.01	  0.00	 -3.17	  0.77	  2.40	
  0.00	 -0.70	 -0.02	 -0.00	  0.01	 -0.01	 -0.00	  0.01	  0.00	 -0.01	  0.00	 -3.20	  0.77	  2.43	
  0.00	 -0.70	 -0.02	 -0.00	  0.01	 -0.01	 -0.00	  0.01	  0.00	 -0.01	  0.00	 -3.23	  0.77	  2.46	
  0.00	 -0.71	 -0.01	 -0.00	  0.01	 -0.01	 -0.00	  0.01	  0.00	 -0.01	  0.00	 -3.26	  0.77	  2.49	
  0.00	 -0.71	 -0.01	 -0.00	  0.01	 -0.01	 -0.00	  0.01	  0.00	 -0.01	  0.00	 -3.29	  0.77	  2.52	
  0.00	 -0.71	 -0.01	 -0.00	  0.01	 -0.01	 -0.00	  0.01	  0.00	 -0.01	  0.00	 -3.33	  0.78	  2.55	
  0.00	 -0.72	 -0.01	 -0.00	  0.01	 -0.01	 -0.00	  0.01	  0.00	 -0.01	  0.00	 -3.36	  0.78	  2.58	
  0.00	 -0.72	 -0.00	 -0.00	  0.01	 -0.01	 -0.00	  0.01	  0.00	 -0.01	  0.00	 -3.39	  0.78	  2.62	
  0.00	 -0.72	  0.00	 -0.00	  0.01	 -0.01	 -0.00	  0.01	  0.00	 -0.01	  0.00	 -3.43	  0.78	  2.65	
  0.00	 -0.73	  0.00	 -0.00	  0.01	 -0.01	 -0.00	  0.01	  0.00	 -0.01	  0.00	 -3.46	  0.78	  2.68	
  0.00	 -0.73	  0.01	 -0.00	  0.01	 -0.01	 -0.00	  0.01	  0.00	 -0.01	  0.00	 -3.50	  0.78	  2.71	
  0.00	 -0.73	  0.01	 -0.00	  0.01	 -0.01	 -0.00	  0.01	  0.00	 -0.01	  0.00	 -3.53	  0.78	  2.75	
  0.00	 -0.74	  0.01	 -0.00	  0.01	 -0.01	 -0.00	  0.01	  0.00	 -0.01	  0.00	 -3.57	  0.78	  2.78	
  0.00	 -0.74	  0.01	 -0.00	  0.01	 -0.01	 -0.00	  0.01	  0.00	 -0.01	  0.00	 -3.60	  0.78	  2.82	
  0.00	 -0.75	  0.02	 -0.00	  0.01	 -0.01	 -0.00	  0.01	  0.00	 -0.01	  0.00	 -3.64	  0.78	  2.85	
  0.00	 -0.75	  0.02	 -0.00	  0.01	 -0.01	 -0.00	  0.01	  0.00	 -0.01	  0.00	 -3.67	  0.79	  2.89	
  0.00	 -0.75	  0.02	 -0.00	  0.01	 -0.01	 -0.00	  0.01	  0.00	 -0.01	  0.00	 -3.71	  0.79	  2.92	
  0.00	 -0.76	  0.02	 -0.00	  0.01	 -0.01	 -0.00	  0.01	  0.00	 -0.01	  0.00	 -3.75	  0.79	  2.96	
  0.00	 -0.76	  0.03	 -0.00	  0.01	 -0.01	 -0.00	  0.01	  0.00	 -0.01	  0.00	 -3.78	  0.79	  2.99	
  0.00	 -0.76	  0.03	 -0.00	  0.01	 -0.01	 -0.00	  0.01	  0.00	 -0.01	  0.00	 -3.82	  0.79	  3.03	
  0.00	 -0.77	  0.03	 -0.00	  0.01	 -0.01	 -0.00	  0.01	  0.00	 -0.01	  0.00	 -3.86	  0.79	  3.07	
  0.00	 -0.77	  0.04	 -0.00	  0.01	 -0.01	 -0.00	  0.01	  0.00	 -0.01	  0.00	 -3.89	  0.79	  3.10	
  0.00	 -0.78	  0.04	 -0.00	  0.01	 -0.01	 -0.00	  0.01	  0.00	 -0.01	  0.00	 -3.93	  0.79	  3.14	
  0.00	 -0.78	  0.04	 -0.00	  0.01	 -0.01	 -0.00	  0.01	  0.00	 -0.01	  0.00	 -3.97	  0.79	  3.18	
  0.00	 -0.78	  0.04	 -0.00	  0.01	 -0.01	 -0.00	  0.01	  0.00	 -0.01	  0.00	 -4.01	  0.79	  3.22	
  0.00	 -0.79	  0.05	 -0.00	  0.01	 -0.01	 -0.00	  0.01	  0.00	 -0.01	  0.00	 -4.05	  0.79	  3.25	
  0.00	 -0.79	  0.05	 -0.00	  0.01	 -0.01	 -0.00	  0.01	  0.00	 -0.01	  0.00	 -4.09	  0.80	  3.29	
  0.00	 -0.79	  0.05	 -0.00	  0.01	 -0.01	 -0.00	  0.01	  0.00	 -0.01	  0.00	 -4.13	  0.80	  3.33	
  0.00	 -0.80	  0.06	 -0.00	  0.01	 -0.01	 -0.00	  0.01	  0.00	 -0.01	  0.00	 -4.17	  0.80	  3.37	
  0.00	 -0.80	  0.06	 -0.00	  0.01	 -0.01	 -0.00	  0.01	  0.00	 -0.01	  0.00	 -4.21	  0.80	  3.41	
  0.00	 -0.80	  0.06	 -0.00	  0.01	 -0.01	 -0.00	  0.01	  0.00	 -0.01	  0.00	 -4.25	  0.80	  3.45	
  0.00	 -0.81	  0.06	 -0.00	  0.01	 -0.01	 -0.00	  0.01	  0.00	 -0.01	  0.00	 -4.29	  0.80	  3.49	
  0.00	 -0.81	  0.07	 -0.00	  0.01	 -0.01	 -0.00	  0.01	  0.00	 -0.02	  0.00	 -4.33	  0.80	  3.53	
  0.00	 -0.81	  0.07	 -0.00	  0.01	 -0.01	 -0.00	  0.01	  0.00	 -0.02	  0.00	 -4.37	  0.80	  3.57	
  0.00	 -0.82	  0.07	 -0.00	  0.01	 -0.01	 -0.00	  0.01	  0.00	 -0.02	  0.00	 -4.41	  0.80	  3.61	
  0.00	 -0.82	  0.08	 -0.00	  0.01	 -0.01	 -0.00	  0.01	  0.00	 -0.02	  0.00	 -4.45	  0.80	  3.65	
  0.00	 -0.82	  0.08	 -0.00	  0.01	 -0.01	 -0.00	  0.01	  0.00	 -0.02	  0.00	 -4.50	  0.80	  3.69	
  0.00	 -0.83	  0.08	 -0.00	  0.01	 -0.01	 -0.00	  0.01	  0.00	 -0.02	  0.00	 -4.54	  0.80	  3.74	
  0.00	 -0.83	  0.08	 -0.00	  0.01	 -0.01	 -0.00	  0.01	  0.00	 -0.02	  0.00	 -4.58	  0.80	  3.78	
  0.00	 -0.83	  0.09	 -0.00	  0.01	 -0.01	 -0.00	  0.01	  0.00	 -0.02	  0.00	 -4.62	  0.80	  3.82	
  0.00	 -0.84	  0.09	 -0.00	  0.01	 -0.01	 -0.00	  0.01	  0.00	 -0.02	  0.00	 -4.66	  0.80	  3.86	
  0.00	 -0.84	  0.09	 -0.00	  0.01	 -0.01	 -0.00	  0.01	  0.00	 -0.02	  0.00	 -4.71	  0.80	  3.91	
  0.00	 -0.84	  0.10	 -0.00	  0.01	 -0.01	 -0.00	  0.01	  0.00	 -0.02	  0.00	 -4.75	  0.80	  3.95	
  0.00	 -0.85	  0.10	 -0.00	  0.01	 -0.01	 -0.00	  0.01	  0.00	 -0.02	  0.00	 -4.79	  0.80	  3.99	
  0.00	 -0.85	  0.10	 -0.00	  0.01	 -0.01	 -0.00	  0.01	  0.00	 -0.02	  0.00	 -4.84	  0.80	  4.03	
  0.00	 -0.85	  0.10	 -0.00	  0.01	 -0.01	 -0.00	  0.01	  0.00	 -0.02	  0.00	 -4.88	  0.80	  4.08	
  0.00	 -0.86	  0.11	 -0.00	  0.01	 -0.01	 -0.00	  0.02	  0.00	 -0.02	  0.00	 -4.92	  0.80	  4.12	
  0.00	 -0.86	  0.11	 -0.00	  0.01	 -0.01	 -0.00	  0.02	  0.00	 -0.02	  0.00	 -4.97	  0.80	  4.16	
  0.00	 -0.86	  0.11	 -0.00	  0.01	 -0.01	 -0.00	  0.02	  0.00	 -0.02	  0.00	 -5.01	  0.80	  4.21	
  0.00	 -0.87	  0.12	 -0.00	  0.01	 -0.01	 -0.00	  0.02	  0.00	 -0.02	  0.00	 -5.05	  0.80	  4.25	
  0.00	 -0.87	  0.12	 -0.00	  0.01	 -0.01	 -0.00	  0.02	  0.00	 -0.02	  0.00	 -5.10	  0.80	  4.30	
  0.00	 -0.87	  0.12	 -0.00	  0.01	 -0.01	 -0.00	  0.02	  0.00	 -0.02	  0.00	 -5.14	  0.80	  4.34	
  0.00	 -0.88	  0.13	 -0.00	  0.01	 -0.01	 -0.00	  0.02	  0.00	 -0.02	  0.00	 -5.18	  0.80	  4.38	
  0.00	 -0.88	  0.13	 -0.00	  0.01	 -0.01	 -0.00	  0.02	  0.00	 -0.02	  0.00	 -5.23	  0.80	  4.43	
  0.00	 -0.88	  0.13	 -0.00	  0.01	 -0.01	 -0.00	  0.02	  0.00	 -0.02	  0.00	 -5.27	  0.80	  4.47	
  0.00	 -0.88	  0.13	 -0.00	  0.01	 -0.01	 -0.00	  0.02	  0.00	 -0.02	  0.00	 -5.31	  0.80	  4.52	
  0.00	 -0.89	  0.14	 -0.00	  0.01	 -0.01	 -0.00	  0.02	  0.00	 -0.02	  0.00	 -5.36	  0.80	  4.56	
  0.00	 -0.89	  0.14	 -0.00	  0.01	 -0.01	 -0.00	  0.02	  0.00	 -0.02	  0.00	 -5.40	  0.80	  4.60	
  0.00	 -0.89	  0.14	 -0.00	  0.01	 -0.01	 -0.00	  0.02	  0.00	 -0.02	  0.00	 -5.44	  0.79	  4.65	
  0.00	 -0.90	  0.15	 -0.00	  0.01	 -0.01	 -0.00	  0.02	  0.00	 -0.02	  0.00	 -5.49	  0.79	  4.69	
  0.00	 -0.90	  0.15	 -0.00	  0.02	 -0.01	 -0.00	  0.02	  0.00	 -0.02	  0.00	 -5.53	  0.79	  4.74	
  0.00	 -0.90	  0.15	 -0.00	  0.02	 -0.01	 -0.00	  0.02	  0.00	 -0.02	  0.00	 -5.57	  0.79	  4.78	
  0.00	 -0.90	  0.15	 -0.00	  0.02	 -0.01	 -0.00	  0.02	  0.00	 -0.02	  0.00	 -5.61	  0.79	  4.82	
  0.00	 -0.91	  0.16	 -0.00	  0.02	 -0.01	 -0.00	  0.02	  0.00	 -0.02	  0.00	 -5.65	  0.79	  4.87	
  0.00	 -0.91	  0.16	 -0.00	  0.02	 -0.01	 -0.00	  0.02	  0.00	 -0.02	  0.00	 -5.69	  0.79	  4.91	
  0.00	 -0.91	  0.16	 -0.00	  0.02	 -0.01	 -0.00	  0.02	  0.00	 -0.02	  0.00	 -5.74	  0.79	  4.95	
  0.00	 -0.91	  0.17	 -0.00	  0.02	 -0.01	 -0.00	  0.02	  0.00	 -0.02	  0.00	 -5.78	  0.78	  4.99	
  0.00	 -0.92	  0.17	 -0.00	  0.02	 -0.01	 -0.00	  0.02	  0.00	 -0.02	  0.00	 -5.82	  0.78	  5.03	
  0.00	 -0.92	  0.17	 -0.00	  0.02	 -0.01	 -0.00	  0.02	  0.00	 -0.02	  0.00	 -5.85	  0.78	  5.08	
  0.00	 -0.92	  0.18	 -0.00	  0.02	 -0.01	 -0.00	  0.02	  0.00	 -0.02	  0.00	 -5.89	  0.78	  5.12	
  0.00	 -0.92	  0.18	 -0.00	  0.02	 -0.01	 -0.00	  0.02	  0.00	 -0.02	  0.00	 -5.93	  0.77	  5.16	
  0.00	 -0.93	  0.18	 -0.00	  0.02	 -0.01	 -0.00	  0.02	  0.00	 -0.02	  0.00	 -5.97	  0.77	  5.20	
  0.00	 -0.93	  0.18	 -0.00	  0.02	 -0.01	 -0.00	  0.02	  0.00	 -0.02	  0.00	 -6.01	  0.77	  5.24	
  0.00	 -0.93	  0.19	 -0.00	  0.02	 -0.01	 -0.00	  0.02	  0.00	 -0.02	  0.00	 -6.04	  0.77	  5.27	
  0.00	 -0.93	  0.19	 -0.00	  0.02	 -0.01	 -0.00	  0.02	  0.00	 -0.02	  0.00	 -6.08	  0.76	  5.31	
  0.00	 -0.94	  0.19	 -0.00	  0.02	 -0.01	 -0.00	  0.02	  0.00	 -0.03	  0.00	 -6.11	  0.76	  5.35	
  0.00	 -0.94	  0.20	 -0.00	  0.02	 -0.01	 -0.00	  0.02	  0.00	 -0.03	  0.00	 -6.14	  0.76	  5.39	
  0.00	 -0.94	  0.20	 -0.00	  0.02	 -0.01	 -0.00	  0.02	  0.00	 -0.03	  0.00	 -6.18	  0.75	  5.42	
  0.00	 -0.94	  0.20	 -0.00	  0.02	 -0.01	 -0.00	  0.02	  0.00	 -0.03	  0.00	 -6.21	  0.75	  5.46	
  0.00	 -0.95	  0.20	 -0.00	  0.02	 -0.01	 -0.00	  0.02	  0.00	 -0.03	  0.00	 -6.24	  0.75	  5.49	
  0.00	 -0.95	  0.21	 -0.00	  0.02	 -0.01	 -0.00	  0.02	  0.00	 -0.03	  0.00	 -6.27	  0.74	  5.52	
  0.00	 -0.95	  0.21	 -0.00	  0.02	 -0.01	 -0.00	  0.02	  0.00	 -0.03	  0.00	 -6.29	  0.74	  5.56	
  0.00	 -0.95	  0.21	 -0.00	  0.02	 -0.01	 -0.00	  0.02	  0.00	 -0.03	  0.00	 -6.32	  0.73	  5.59	
  0.00	 -0.95	  0.22	 -0.00	  0.02	 -0.01	 -0.00	  0.02	  0.00	 -0.03	  0.00	 -6.34	  0.73	  5.62	
  0.00	 -0.96	  0.22	 -0.00	  0.02	 -0.01	 -0.00	  0.03	  0.00	 -0.03	  0.00	 -6.37	  0.72	  5.64	
  0.00	 -0.96	  0.22	 -0.00	  0.02	 -0.01	 -0.00	  0.03	  0.00	 -0.03	  0.00	 -6.39	  0.72	  5.67	
  0.00	 -0.96	  0.22	 -0.00	  0.02	 -0.01	 -0.00	  0.03	  0.00	 -0.03	  0.00	 -6.41	  0.71	  5.70	
  0.00	 -0.96	  0.23	 -0.00	  0.02	 -0.01	 -0.00	  0.03	  0.00	 -0.03	  0.00	 -6.43	  0.71	  5.72	
  0.00	 -0.96	  0.23	 -0.00	  0.02	 -0.01	 -0.00	  0.03	  0.00	 -0.03	  0.00	 -6.44	  0.70	  5.74	
  0.00	 -0.97	  0.23	 -0.00	  0.02	 -0.01	 -0.00	  0.03	  0.00	 -0.03	  0.00	 -6.46	  0.69	  5.76	
  0.00	 -0.97	  0.24	 -0.00	  0.02	 -0.01	 -0.00	  0.03	  0.00	 -0.03	  0.00	 -6.47	  0.69	  5.78	
  0.00	 -0.97	  0.24	 -0.00	  0.02	 -0.01	 -0.00	  0.03	  0.00	 -0.03	  0.00	 -6.48	  0.68	  5.80	
  0.00	 -0.97	  0.24	 -0.00	  0.02	 -0.01	 -0.00	  0.03	  0.00	 -0.03	  0.00	 -6.49	  0.67	  5.81	
  0.00	 -0.97	  0.24	 -0.00	  0.02	 -0.01	 -0.00	  0.03	  0.00	 -0.03	  0.00	 -6.49	  0.67	  5.83	
  0.00	 -0.98	  0.25	 -0.00	  0.02	 -0.01	 -0.00	  0.03	  0.00	 -0.03	  0.00	 -6.50	  0.66	  5.84	
  0.00	 -0.98	  0.25	 -0.00	  0.02	 -0.01	 -0.00	  0.03	  0.00	 -0.03	  0.00	 -6.50	  0.65	  5.85	
  0.00	 -0.98	  0.25	 -0.00	  0.02	 -0.01	 -0.00	  0.03	  0.00	 -0.03	  0.00	 -6.49	  0.64	  5.85	
  0.00	 -0.98	  0.26	 -0.00	  0.02	 -0.01	 -0.00	  0.03	  0.00	 -0.03	  0.00	 -6.49	  0.63	  5.86	
  0.00	 -0.98	  0.26	 -0.00	  0.02	 -0.01	 -0.00	  0.03	  0.00	 -0.03	  0.00	 -6.48	  0.62	  5.86	
  0.00	 -0.98	  0.26	 -0.00	  0.02	 -0.01	 -0.00	  0.03	  0.00	 -0.03	  0.00	 -6.47	  0.61	  5.86	
  0.00	 -0.98	  0.26	 -0.00	  0.02	 -0.01	 -0.00	  0.03	  0.00	 -0.03	  0.00	 -6.46	  0.60	  5.86	
  0.00	 -0.99	  0.27	 -0.00	  0.02	 -0.01	 -0.00	  0.03	  0.00	 -0.03	  0.00	 -6.44	  0.59	  5.85	
  0.00	 -0.99	  0.27	 -0.00	  0.02	 -0.01	 -0.00	  0.03	  0.00	 -0.03	  0.00	 -6.42	  0.58	  5.84	
  0.00	 -0.99	  0.27	 -0.00	  0.02	 -0.01	 -0.00	  0.03	  0.00	 -0.03	  0.00	 -6.40	  0.57	  5.83	
  0.00	 -0.99	  0.27	 -0.00	  0.02	 -0.01	 -0.00	  0.03	  0.00	 -0.03	  0.00	 -6.37	  0.55	  5.81	
  0.00	 -0.99	  0.28	 -0.00	  0.02	 -0.01	 -0.00	  0.03	  0.00	 -0.03	  0.00	 -6.34	  0.54	  5.80	
  0.00	 -0.99	  0.28	 -0.00	  0.02	 -0.01	 -0.00	  0.03	  0.00	 -0.03	  0.00	 -6.30	  0.53	  5.78	
  0.00	 -0.99	  0.28	 -0.00	  0.02	 -0.01	 -0.00	  0.03	  0.00	 -0.03	  0.00	 -6.27	  0.51	  5.75	
  0.00	 -0.99	  0.28	 -0.00	  0.02	 -0.01	 -0.00	  0.03	  0.00	 -0.03	  0.00	 -6.22	  0.50	  5.72	
  0.00	 -1.00	  0.29	 -0.00	  0.02	 -0.01	 -0.00	  0.03	  0.00	 -0.03	  0.00	 -6.18	  0.48	  5.69	
  0.00	 -1.00	  0.29	 -0.00	  0.02	 -0.02	 -0.00	  0.03	  0.00	 -0.03	  0.00	 -6.13	  0.47	  5.66	
  0.00	 -1.00	  0.29	 -0.00	  0.02	 -0.02	 -0.00	  0.03	 -0.00	 -0.03	  0.00	 -6.07	  0.45	  5.62	
  0.00	 -1.00	  0.30	 -0.00	  0.02	 -0.02	 -0.00	  0.03	 -0.00	 -0.03	  0.00	 -6.02	  0.43	  5.58	
  0.00	 -1.00	  0.30	 -0.00	  0.02	 -0.02	 -0.00	  0.03	 -0.00	 -0.03	  0.00	 -5.95	  0.42	  5.54	
  0.00	 -1.00	  0.30	 -0.00	  0.02	 -0.02	 -0.00	  0.03	 -0.00	 -0.03	  0.00	 -5.89	  0.40	  5.49	
  0.00	 -1.00	  0.30	 -0.00	  0.02	 -0.02	 -0.00	  0.03	 -0.00	 -0.03	  0.00	 -5.82	  0.38	  5.44	
  0.00	 -1.00	  0.31	 -0.00	  0.02	 -0.02	 -0.00	  0.04	 -0.00	 -0.03	  0.00	 -5.74	  0.36	  5.38	
  0.00	 -1.00	  0.31	 -0.00	  0.02	 -0.02	 -0.00	  0.04	 -0.00	 -0.03	  0.00	 -5.66	  0.34	  5.32	
  0.00	 -1.00	  0.31	 -0.00	  0.03	 -0.02	 -0.00	  0.04	 -0.00	 -0.04	  0.00	 -5.58	  0.32	  5.26	
  0.00	 -1.01	  0.31	 -0.00	  0.03	 -0.02	 -0.00	  0.04	 -0.00	 -0.04	  0.00	 -5.50	  0.30	  5.20	
  0.00	 -1.01	  0.32	 -0.00	  0.03	 -0.02	 -0.00	  0.04	 -0.00	 -0.04	  0.00	 -5.41	  0.28	  5.13	
  0.00	 -1.01	  0.32	 -0.00	  0.03	 -0.02	 -0.00	  0.04	 -0.00	 -0.04	  0.00	 -5.31	  0.26	  5.06	
  0.00	 -1.01	  0.32	 -0.00	  0.03	 -0.02	 -0.00	  0.04	 -0.00	 -0.04	  0.00	 -5.22	  0.23	  4.98	
  0.00	 -1.01	  0.32	 -0.00	  0.03	 -0.02	 -0.00	  0.04	 -0.00	 -0.04	  0.00	 -5.11	  0.21	  4.90	
  0.00	 -1.01	  0.33	 -0.00	  0.03	 -0.02	 -0.00	  0.04	 -0.00	 -0.04	  0.00	 -5.01	  0.19	  4.82	
  0.00	 -1.01	  0.33	 -0.00	  0.03	 -0.02	 -0.00	  0.04	 -0.00	 -0.04	  0.00	 -4.90	  0.16	  4.74	
  0.00	 -1.01	  0.33	 -0.00	  0.03	 -0.02	 -0.00	  0.04	 -0.00	 -0.04	  0.00	 -4.80	  0.14	  4.66	
  0.00	 -1.01	  0.33	 -0.00	  0.03	 -0.02	 -0.00	  0.04	 -0.00	 -0.04	  0.00	 -4.68	  0.12	  4.57	
  0.00	 -1.01	  0.33	 -0.00	  0.03	 -0.02	 -0.00	  0.04	 -0.00	 -0.04	  0.00	 -4.57	  0.09	  4.48	
  0.00	 -1.01	  0.34	 -0.00	  0.03	 -0.02	 -0.00	  0.04	 -0.00	 -0.04	  0.00	 -4.45	  0.07	  4.39	
  0.00	 -1.01	  0.34	 -0.00	  0.03	 -0.02	 -0.00	  0.04	 -0.00	 -0.04	  0.00	 -4.34	  0.04	  4.29	
  0.00	 -1.01	  0.34	 -0.00	  0.03	 -0.02	 -0.00	  0.04	 -0.00	 -0.04	  0.00	 -4.22	  0.02	  4.20	
  0.00	 -1.01	  0.34	 -0.00	  0.03	 -0.02	 -0.00	  0.04	 -0.00	 -0.04	  0.00	 -4.10	 -0.01	  4.11	
  0.00	 -1.01	  0.35	 -0.00	  0.03	 -0.02	 -0.00	  0.04	 -0.00	 -0.04	  0.00	 -3.98	 -0.03	  4.01	
  0.00	 -1.01	  0.35	 -0.00	  0.03	 -0.02	 -0.00	  0.04	 -0.00	 -0.04	  0.00	 -3.86	 -0.06	  3.91	
  0.00	 -1.01	  0.35	 -0.00	  0.03	 -0.02	 -0.00	  0.04	 -0.00	 -0.04	  0.00	 -3.74	 -0.08	  3.82	
  0.00	 -1.01	  0.35	 -0.00	  0.03	 -0.02	 -0.00	  0.04	 -0.00	 -0.04	  0.00	 -3.61	 -0.11	  3.72	
  0.00	 -1.01	  0.35	 -0.00	  0.03	 -0.02	 -0.00	  0.04	 -0.00	 -0.04	  0.00	 -3.49	 -0.13	  3.63	
  0.00	 -1.01	  0.36	 -0.00	  0.03	 -0.02	 -0.00	  0.04	 -0.00	 -0.04	  0.00	 -3.37	 -0.16	  3.53	
  0.00	 -1.01	  0.36	 -0.00	  0.03	 -0.02	 -0.00	  0.04	 -0.00	 -0.04	  0.00	 -3.26	 -0.18	  3.44	
  0.00	 -1.01	  0.36	 -0.00	  0.03	 -0.02	 -0.00	  0.04	 -0.00	 -0.04	  0.00	 -3.14	 -0.20	  3.34	
  0.00	 -1.01	  0.36	 -0.00	  0.03	 -0.02	 -0.00	  0.04	 -0.00	 -0.04	  0.00	 -3.02	 -0.23	  3.25	
  0.00	 -1.01	  0.37	 -0.00	  0.03	 -0.02	 -0.00	  0.04	 -0.00	 -0.04	  0.00	 -2.91	 -0.25	  3.16	
  0.00	 -1.01	  0.37	 -0.00	  0.03	 -0.02	 -0.00	  0.04	 -0.00	 -0.04	  0.00	 -2.80	 -0.27	  3.07	
  0.00	 -1.01	  0.37	 -0.00	  0.03	 -0.02	 -0.00	  0.05	 -0.00	 -0.04	  0.00	 -2.69	 -0.29	  2.98	
  0.00	 -1.01	  0.37	 -0.00	  0.03	 -0.02	 -0.00	  0.05	 -0.00	 -0.04	  0.00	 -2.58	 -0.31	  2.89	
  0.00	 -1.01	  0.37	 -0.00	  0.03	 -0.02	 -0.00	  0.05	 -0.00	 -0.04	  0.00	 -2.47	 -0.33	  2.81	
  0.00	 -1.01	  0.38	 -0.00	  0.03	 -0.02	 -0.00	  0.05	 -0.00	 -0.04	  0.00	 -2.37	 -0.35	  2.73	
  0.00	 -1.01	  0.38	 -0.00	  0.03	 -0.02	 -0.00	  0.05	 -0.00	 -0.04	  0.00	 -2.27	 -0.37	  2.64	
  0.00	 -1.01	  0.38	 -0.00	  0.03	 -0.02	 -0.00	  0.05	 -0.00	 -0.04	  0.00	 -2.17	 -0.39	  2.57	
  0.00	 -1.01	  0.38	 -0.00	  0.03	 -0.02	 -0.00	  0.05	 -0.00	 -0.04	  0.00	 -2.08	 -0.41	  2.49	
  0.00	 -1.01	  0.38	 -0.00	  0.03	 -0.02	 -0.00	  0.05	 -0.00	 -0.04	  0.00	 -1.99	 -0.43	  2.41	
  0.00	 -1.01	  0.39	 -0.00	  0.03	 -0.02	 -0.00	  0.05	 -0.00	 -0.04	  0.00	 -1.90	 -0.45	  2.34	
  0.00	 -1.01	  0.39	 -0.00	  0.03	 -0.02	 -0.00	  0.05	 -0.01	 -0.04	  0.00	 -1.81	 -0.46	  2.27	
  0.00	 -1.01	  0.39	 -0.00	  0.03	 -0.02	 -0.00	  0.05	 -0.01	 -0.04	  0.00	 -1.73	 -0.48	  2.21	
  0.00	 -1.01	  0.39	 -0.00	  0.03	 -0.02	 -0.00	  0.05	 -0.01	 -0.04	  0.00	 -1.64	 -0.49	  2.14	
  0.00	 -1.01	  0.39	 -0.00	  0.03	 -0.02	 -0.00	  0.05	 -0.01	 -0.04	  0.00	 -1.57	 -0.51	  2.08	
  0.00	 -1.00	  0.39	 -0.00	  0.03	 -0.02	 -0.00	  0.05	 -0.01	 -0.04	  0.00	 -1.49	 -0.52	  2.01	
  0.00	 -1.00	  0.40	 -0.00	  0.03	 -0.02	 -0.00	  0.05	 -0.01	 -0.04	  0.00	 -1.42	 -0.54	  1.96	
  0.00	 -1.00	  0.40	 -0.00	  0.03	 -0.02	 -0.00	  0.05	 -0.01	 -0.05	  0.00	 -1.35	 -0.55	  1.90	
  0.00	 -1.00	  0.40	 -0.00	  0.03	 -0.02	 -0.00	  0.05	 -0.01	 -0.05	  0.00	 -1.28	 -0.56	  1.84	
  0.00	 -1.00	  0.40	 -0.00	  0.03	 -0.02	 -0.00	  0.05	 -0.01	 -0.05	  0.00	 -1.22	 -0.58	  1.79	
  0.00	 -1.00	  0.40	 -0.00	  0.03	 -0.02	 -0.00	  0.05	 -0.01	 -0.05	  0.00	 -1.15	 -0.59	  1.74	
  0.00	 -1.00	  0.40	 -0.00	  0.03	 -0.02	 -0.00	  0.05	 -0.01	 -0.05	  0.00	 -1.09	 -0.60	  1.69	
  0.00	 -1.00	  0.41	 -0.00	  0.03	 -0.02	 -0.00	  0.05	 -0.01	 -0.05	  0.00	 -1.03	 -0.61	  1.64	
  0.00	 -1.00	  0.41	 -0.00	  0.03	 -0.02	 -0.00	  0.05	 -0.01	 -0.05	  0.00	 -0.98	 -0.62	  1.60	
  0.00	 -1.00	  0.41	 -0.00	  0.03	 -0.02	 -0.00	  0.05	 -0.01	 -0.05	  0.00	 -0.92	 -0.63	  1.55	
  0.00	 -0.99	  0.41	 -0.00	  0.03	 -0.02	 -0.00	  0.05	 -0.01	 -0.05	  0.00	 -0.87	 -0.64	  1.51	
  0.00	 -0.99	  0.41	 -0.00	  0.03	 -0.02	 -0.00	  0.05	 -0.01	 -0.05	  0.00	 -0.82	 -0.65	  1.47	
  0.00	 -0.99	  0.41	 -0.00	  0.03	 -0.02	 -0.00	  0.06	 -0.01	 -0.05	  0.00	 -0.78	 -0.66	  1.43	
  0.00	 -0.99	  0.42	 -0.00	  0.03	 -0.02	 -0.00	  0.06	 -0.01	 -0.05	  0.00	 -0.73	 -0.66	  1.39	
  0.00	 -0.99	  0.42	 -0.00	  0.03	 -0.02	 -0.00	  0.06	 -0.01	 -0.05	  0.00	 -0.69	 -0.67	  1.36	
  0.00	 -0.99	  0.42	 -0.00	  0.03	 -0.02	 -0.00	  0.06	 -0.01	 -0.05	  0.00	 -0.64	 -0.68	  1.32	
  0.00	 -0.99	  0.42	 -0.00	  0.04	 -0.02	 -0.00	  0.06	 -0.01	 -0.05	  0.00	 -0.60	 -0.69	  1.29	
  0.00	 -0.99	  0.42	 -0.00	  0.04	 -0.02	 -0.00	  0.06	 -0.01	 -0.05	  0.00	 -0.56	 -0.69	  1.26	
  0.00	 -0.98	  0.42	 -0.00	  0.04	 -0.02	 -0.00	  0.06	 -0.01	 -0.05	  0.00	 -0.53	 -0.70	  1.23	
  0.00	 -0.98	  0.42	 -0.00	  0.04	 -0.02	 -0.00	  0.06	 -0.01	 -0.05	  0.00	 -0.49	 -0.71	  1.20	
  0.00	 -0.98	  0.43	 -0.00	  0.04	 -0.02	 -0.00	  0.06	 -0.01	 -0.05	  0.00	 -0.46	 -0.71	  1.17	
  0.00	 -0.98	  0.43	 -0.00	  0.04	 -0.02	 -0.00	  0.06	 -0.01	 -0.05	  0.00	 -0.42	 -0.72	  1.14	
  0.00	 -0.98	  0.43	 -0.00	  0.04	 -0.02	 -0.00	  0.06	 -0.01	 -0.05	  0.00	 -0.39	 -0.72	  1.11	
  0.00	 -0.98	  0.43	 -0.00	  0.04	 -0.02	 -0.00	  0.06	 -0.01	 -0.05	  0.00	 -0.36	 -0.73	  1.09	
  0.00	 -0.98	  0.43	 -0.00	  0.04	 -0.02	 -0.00	  0.06	 -0.01	 -0.05	  0.00	 -0.33	 -0.73	  1.06	
  0.00	 -0.97	  0.43	 -0.00	  0.04	 -0.02	 -0.00	  0.06	 -0.01	 -0.05	  0.00	 -0.30	 -0.74	  1.04	
  0.00	 -0.97	  0.43	 -0.00	  0.04	 -0.02	 -0.00	  0.06	 -0.01	 -0.05	  0.00	 -0.28	 -0.74	  1.02	
  0.00	 -0.97	  0.43	 -0.00	  0.04	 -0.02	 -0.00	  0.06	 -0.01	 -0.05	  0.00	 -0.25	 -0.74	  0.99	
  0.00	 -0.97	  0.44	 -0.00	  0.04	 -0.02	 -0.00	  0.06	 -0.01	 -0.05	  0.00	 -0.23	 -0.75	  0.97	
  0.00	 -0.97	  0.44	 -0.00	  0.04	 -0.02	 -0.00	  0.06	 -0.01	 -0.05	  0.00	 -0.20	 -0.75	  0.95	
  0.00	 -0.97	  0.44	 -0.00	  0.04	 -0.02	 -0.00	  0.06	 -0.01	 -0.05	  0.00	 -0.18	 -0.75	  0.93	
  0.00	 -0.96	  0.44	 -0.00	  0.04	 -0.02	 -0.00	  0.06	 -0.01	 -0.05	  0.00	 -0.16	 -0.76	  0.91	
  0.00	 -0.96	  0.44	 -0.00	  0.04	 -0.02	 -0.00	  0.06	 -0.01	 -0.05	  0.00	 -0.14	 -0.76	  0.90	
  0.00	 -0.96	  0.44	 -0.00	  0.04	 -0.02	 -0.00	  0.06	 -0.01	 -0.05	  0.00	 -0.11	 -0.76	  0.88	
  0.00	 -0.96	  0.44	 -0.00	  0.04	 -0.02	 -0.00	  0.06	 -0.01	 -0.05	  0.00	 -0.10	 -0.77	  0.86	
  0.00	 -0.96	  0.44	 -0.00	  0.04	 -0.02	 -0.00	  0.07	 -0.01	 -0.05	  0.00	 -0.08	 -0.77	  0.85	
  0.00	 -0.95	  0.44	 -0.00	  0.04	 -0.02	 -0.00	  0.07	 -0.01	 -0.05	  0.00	 -0.06	 -0.77	  0.83	
  0.00	 -0.95	  0.44	 -0.00	  0.04	 -0.02	 -0.00	  0.07	 -0.01	 -0.05	  0.00	 -0.04	 -0.77	  0.81	
  0.00	 -0.95	  0.44	 -0.00	  0.04	 -0.02	 -0.00	  0.07	 -0.01	 -0.05	  0.00	 -0.02	 -0.78	  0.80	
  0.00	 -0.95	  0.45	 -0.00	  0.04	 -0.02	 -0.00	  0.07	 -0.01	 -0.05	  0.00	 -0.01	 -0.78	  0.78	
  0.00	 -0.95	  0.45	 -0.00	  0.04	 -0.02	 -0.00	  0.07	 -0.01	 -0.05	  0.00	  0.01	 -0.78	  0.77	
  0.00	 -0.94	  0.45	 -0.00	  0.04	 -0.02	 -0.00	  0.07	 -0.01	 -0.05	  0.00	  0.02	 -0.78	  0.76	
  0.00	 -0.94	  0.45	 -0.00	  0.04	 -0.02	 -0.00	  0.07	 -0.01	 -0.06	  0.00	  0.04	 -0.78	  0.74	
  0.00	 -0.94	  0.45	 -0.00	  0.04	 -0.02	 -0.00	  0.07	 -0.01	 -0.06	  0.00	  0.05	 -0.78	  0.73	
  0.00	 -0.94	  0.45	 -0.00	  0.04	 -0.02	 -0.00	  0.07	 -0.01	 -0.06	  0.00	  0.06	 -0.78	  0.72	
  0.00	 -0.93	  0.45	 -0.00	  0.04	 -0.02	 -0.00	  0.07	 -0.01	 -0.06	  0.00	  0.08	 -0.78	  0.71	
  0.00	 -0.93	  0.45	 -0.00	  0.04	 -0.02	 -0.00	  0.07	 -0.01	 -0.06	  0.00	  0.09	 -0.79	  0.70	
  0.00	 -0.93	  0.45	 -0.00	  0.04	 -0.02	 -0.00	  0.07	 -0.01	 -0.06	  0.00	  0.10	 -0.79	  0.69	
  0.00	 -0.93	  0.45	 -0.00	  0.04	 -0.02	 -0.00	  0.07	 -0.01	 -0.06	  0.00	  0.11	 -0.79	  0.67	
  0.00	 -0.92	  0.45	 -0.00	  0.04	 -0.02	 -0.00	  0.07	 -0.01	 -0.06	  0.00	  0.12	 -0.79	  0.66	
  0.00	 -0.92	  0.45	 -0.00	  0.04	 -0.02	 -0.00	  0.07	 -0.02	 -0.06	  0.00	  0.13	 -0.79	  0.65	
  0.00	 -0.92	  0.45	 -0.00	  0.04	 -0.02	 -0.00	  0.07	 -0.02	 -0.06	  0.00	  0.14	 -0.79	  0.64	
  0.00	 -0.92	  0.45	 -0.00	  0.04	 -0.02	 -0.00	  0.07	 -0.02	 -0.06	  0.00	  0.15	 -0.79	  0.63	
  0.00	 -0.91	  0.45	 -0.00	  0.04	 -0.02	 -0.00	  0.07	 -0.02	 -0.06	  0.00	  0.16	 -0.79	  0.63	
  0.00	 -0.91	  0.45	 -0.00	  0.04	 -0.02	 -0.00	  0.07	 -0.02	 -0.06	  0.00	  0.17	 -0.79	  0.62	
  0.00	 -0.91	  0.45	 -0.00	  0.04	 -0.02	 -0.00	  0.07	 -0.02	 -0.06	  0.00	  0.18	 -0.79	  0.61	
  0.00	 -0.91	  0.46	 -0.00	  0.04	 -0.02	 -0.00	  0.08	 -0.02	 -0.06	  0.00	  0.19	 -0.79	  0.60	
  0.00	 -0.90	  0.46	 -0.00	  0.04	 -0.02	 -0.00	  0.08	 -0.02	 -0.06	  0.00	  0.20	 -0.79	  0.59	
  0.00	 -0.90	  0.46	 -0.00	  0.04	 -0.02	 -0.00	  0.08	 -0.02	 -0.06	  0.00	  0.21	 -0.79	  0.58	
  0.00	 -0.90	  0.46	 -0.00	  0.04	 -0.02	 -0.00	  0.08	 -0.02	 -0.06	  0.00	  0.21	 -0.79	  0.57	
  0.00	 -0.90	  0.46	 -0.00	  0.04	 -0.02	 -0.00	  0.08	 -0.02	 -0.06	  0.00	  0.22	 -0.79	  0.57	
  0.00	 -0.89	  0.46	 -0.00	  0.04	 -0.02	 -0.00	  0.08	 -0.02	 -0.06	  0.00	  0.23	 -0.79	  0.56	
  0.00	 -0.89	  0.46	 -0.00	  0.04	 -0.02	 -0.00	  0.08	 -0.02	 -0.06	  0.00	  0.23	 -0.79	  0.55	
  0.00	 -0.89	  0.46	 -0.00	  0.04	 -0.02	 -0.00	  0.08	 -0.02	 -0.06	  0.00	  0.24	 -0.79	  0.55	
  0.00	 -0.88	  0.46	 -0.00	  0.04	 -0.02	 -0.00	  0.08	 -0.02	 -0.06	  0.00	  0.25	 -0.79	  0.54	
  0.00	 -0.88	  0.46	 -0.00	  0.04	 -0.02	 -0.00	  0.08	 -0.02	 -0.06	  0.00	  0.25	 -0.78	  0.53	
  0.00	 -0.88	  0.46	 -0.00	  0.04	 -0.02	 -0.00	  0.08	 -0.02	 -0.06	  0.00	  0.26	 -0.78	  0.53	
  0.00	 -0.88	  0.46	 -0.00	  0.05	 -0.02	 -0.00	  0.08	 -0.02	 -0.06	  0.00	  0.26	 -0.78	  0.52	
  0.00	 -0.87	  0.46	 -0.00	  0.05	 -0.02	 -0.00	  0.08	 -0.02	 -0.06	  0.00	  0.27	 -0.78	  0.51	
  0.00	 -0.87	  0.46	 -0.00	  0.05	 -0.02	 -0.00	  0.08	 -0.02	 -0.06	  0.00	  0.27	 -0.78	  0.51	
  0.00	 -0.87	  0.46	 -0.00	  0.05	 -0.02	 -0.00	  0.08	 -0.02	 -0.06	  0.00	  0.28	 -0.78	  0.50	
  0.00	 -0.86	  0.46	 -0.00	  0.05	 -0.01	 -0.00	  0.08	 -0.02	 -0.06	  0.00	  0.28	 -0.78	  0.49	
  0.00	 -0.86	  0.46	 -0.00	  0.05	 -0.01	 -0.00	  0.08	 -0.02	 -0.06	  0.00	  0.29	 -0.78	  0.49	
  0.00	 -0.86	  0.46	 -0.00	  0.05	 -0.01	 -0.00	  0.08	 -0.02	 -0.06	  0.00	  0.29	 -0.78	  0.48	
  0.00	 -0.85	  0.46	 -0.00	  0.05	 -0.01	 -0.00	  0.08	 -0.02	 -0.06	  0.00	  0.30	 -0.77	  0.48	
  0.00	 -0.85	  0.46	 -0.00	  0.05	 -0.01	 -0.00	  0.08	 -0.02	 -0.06	  0.00	  0.30	 -0.77	  0.47	
  0.00	 -0.85	  0.46	 -0.00	  0.05	 -0.01	 -0.00	  0.08	 -0.02	 -0.06	  0.00	  0.30	 -0.77	  0.47	
  0.00	 -0.84	  0.46	 -0.00	  0.05	 -0.01	 -0.00	  0.09	 -0.02	 -0.06	  0.00	  0.31	 -0.77	  0.46	
  0.00	 -0.84	  0.46	 -0.00	  0.05	 -0.01	 -0.00	  0.09	 -0.02	 -0.06	  0.00	  0.31	 -0.77	  0.46	
  0.00	 -0.84	  0.46	 -0.00	  0.05	 -0.01	 -0.00	  0.09	 -0.02	 -0.06	  0.00	  0.31	 -0.77	  0.45	
  0.00	 -0.84	  0.45	 -0.00	  0.05	 -0.01	 -0.00	  0.09	 -0.02	 -0.06	  0.00	  0.32	 -0.77	  0.45	
  0.00	 -0.83	  0.45	 -0.00	  0.05	 -0.01	 -0.00	  0.09	 -0.02	 -0.06	  0.00	  0.32	 -0.76	  0.44	
  0.00	 -0.83	  0.45	 -0.00	  0.05	 -0.01	 -0.00	  0.09	 -0.02	 -0.07	  0.00	  0.32	 -0.76	  0.44	
  0.00	 -0.83	  0.45	 -0.00	  0.05	 -0.01	 -0.00	  0.09	 -0.02	 -0.07	  0.00	  0.33	 -0.76	  0.43	
  0.00	 -0.82	  0.45	 -0.00	  0.05	 -0.01	 -0.00	  0.09	 -0.02	 -0.07	  0.00	  0.33	 -0.76	  0.43	
  0.00	 -0.82	  0.45	 -0.00	  0.05	 -0.01	 -0.00	  0.09	 -0.02	 -0.07	  0.00	  0.33	 -0.76	  0.42	
  0.00	 -0.81	  0.45	 -0.00	  0.05	 -0.01	 -0.00	  0.09	 -0.02	 -0.07	  0.00	  0.33	 -0.75	  0.42	
  0.00	 -0.81	  0.45	 -0.00	  0.05	 -0.01	 -0.00	  0.09	 -0.02	 -0.07	  0.00	  0.34	 -0.75	  0.42	
  0.00	 -0.81	  0.45	 -0.00	  0.05	 -0.01	 -0.00	  0.09	 -0.02	 -0.07	  0.00	  0.34	 -0.75	  0.41	
  0.00	 -0.80	  0.45	 -0.00	  0.05	 -0.01	 -0.00	  0.09	 -0.02	 -0.07	  0.00	  0.34	 -0.75	  0.41	
  0.00	 -0.80	  0.45	 -0.00	  0.05	 -0.01	 -0.00	  0.09	 -0.02	 -0.07	  0.00	  0.34	 -0.75	  0.40	
  0.00	 -0.80	  0.45	 -0.00	  0.05	 -0.01	 -0.00	  0.09	 -0.03	 -0.07	  0.00	  0.34	 -0.74	  0.40	
  0.00	 -0.79	  0.45	 -0.00	  0.05	 -0.01	 -0.00	  0.09	 -0.03	 -0.07	  0.00	  0.35	 -0.74	  0.40	
  0.00	 -0.79	  0.45	 -0.00	  0.05	 -0.01	 -0.00	  0.09	 -0.03	 -0.07	  0.00	  0.35	 -0.74	  0.39	
  0.00	 -0.79	  0.45	 -0.00	  0.05	 -0.01	 -0.00	  0.09	 -0.03	 -0.07	  0.00	  0.35	 -0.74	  0.39	
  0.00	 -0.78	  0.45	 -0.00	  0.05	 -0.01	 -0.00	  0.09	 -0.03	 -0.07	  0.00	  0.35	 -0.73	  0.38	
  0.00	 -0.78	  0.45	 -0.00	  0.05	 -0.01	 -0.00	  0.10	 -0.03	 -0.07	  0.00	  0.35	 -0.73	  0.38	
  0.00	 -0.78	  0.44	 -0.00	  0.05	 -0.01	 -0.00	  0.10	 -0.03	 -0.07	  0.00	  0.35	 -0.73	  0.38	
  0.00	 -0.77	  0.44	 -0.00	  0.05	 -0.01	 -0.00	  0.10	 -0.03	 -0.07	  0.00	  0.35	 -0.73	  0.37	
  0.00	 -0.77	  0.44	 -0.00	  0.05	 -0.01	 -0.00	  0.10	 -0.03	 -0.07	  0.00	  0.35	 -0.72	  0.37	
  0.00	 -0.76	  0.44	 -0.00	  0.05	 -0.01	 -0.00	  0.10	 -0.03	 -0.07	  0.00	  0.36	 -0.72	  0.37	
  0.00	 -0.76	  0.44	 -0.00	  0.05	 -0.01	 -0.00	  0.10	 -0.03	 -0.07	  0.00	  0.36	 -0.72	  0.36	
  0.00	 -0.76	  0.44	 -0.00	  0.05	 -0.01	 -0.00	  0.10	 -0.03	 -0.07	  0.00	  0.36	 -0.72	  0.36	
  0.00	 -0.75	  0.44	 -0.00	  0.05	 -0.01	 -0.00	  0.10	 -0.03	 -0.07	  0.00	  0.36	 -0.71	  0.36	
  0.00	 -0.75	  0.44	 -0.00	  0.05	 -0.01	 -0.00	  0.10	 -0.03	 -0.07	  0.00	  0.36	 -0.71	  0.35	
  0.00	 -0.75	  0.44	 -0.00	  0.05	 -0.01	 -0.00	  0.10	 -0.03	 -0.07	  0.00	  0.36	 -0.71	  0.35	
  0.00	 -0.74	  0.44	 -0.00	  0.05	 -0.01	 -0.00	  0.10	 -0.03	 -0.07	  0.00	  0.36	 -0.71	  0.35	
  0.00	 -0.74	  0.43	 -0.00	  0.05	 -0.01	 -0.00	  0.10	 -0.03	 -0.07	  0.00	  0.36	 -0.70	  0.34	
  0.00	 -0.73	  0.43	 -0.00	  0.05	 -0.01	 -0.00	  0.10	 -0.03	 -0.07	  0.00	  0.36	 -0.70	  0.34	
  0.00	 -0.73	  0.43	 -0.00	  0.05	 -0.01	 -0.00	  0.10	 -0.03	 -0.07	  0.00	  0.36	 -0.70	  0.34	
  0.00	 -0.73	  0.43	 -0.00	  0.05	 -0.01	 -0.00	  0.10	 -0.03	 -0.07	  0.00	  0.36	 -0.69	  0.33	
  0.00	 -0.72	  0.43	 -0.00	  0.05	 -0.01	 -0.00	  0.10	 -0.03	 -0.07	  0.00	  0.36	 -0.69	  0.33	
  0.00	 -0.72	  0.43	 -0.00	  0.05	 -0.01	 -0.00	  0.10	 -0.03	 -0.07	  0.00	  0.36	 -0.69	  0.33	
  0.00	 -0.71	  0.43	 -0.00	  0.05	 -0.01	 -0.00	  0.10	 -0.03	 -0.07	  0.00	  0.36	 -0.69	  0.32	
  0.00	 -0.71	  0.43	 -0.00	  0.05	 -0.01	 -0.00	  0.11	 -0.03	 -0.07	  0.00	  0.36	 -0.68	  0.32	
  0.00	 -0.71	  0.43	 -0.00	  0.05	 -0.01	 -0.00	  0.11	 -0.03	 -0.07	  0.00	  0.36	 -0.68	  0.32	
  0.00	 -0.70	  0.42	 -0.00	  0.06	 -0.01	 -0.00	  0.11	 -0.03	 -0.07	  0.00	  0.36	 -0.68	  0.32	
  0.00	 -0.70	  0.42	 -0.00	  0.06	 -0.01	 -0.00	  0.11	 -0.03	 -0.07	  0.00	  0.36	 -0.67	  0.31	
  0.00	 -0.69	  0.42	 -0.00	  0.06	 -0.01	 -0.00	  0.11	 -0.03	 -0.07	  0.00	  0.36	 -0.67	  0.31	
  0.00	 -0.69	  0.42	 -0.00	  0.06	 -0.01	 -0.00	  0.11	 -0.03	 -0.07	  0.00	  0.36	 -0.67	  0.31	
  0.00	 -0.69	  0.42	 -0.00	  0.06	 -0.01	 -0.00	  0.11	 -0.03	 -0.07	  0.00	  0.36	 -0.66	  0.30	
  0.00	 -0.68	  0.42	 -0.00	  0.06	 -0.01	 -0.00	  0.11	 -0.03	 -0.08	  0.00	  0.36	 -0.66	  0.30	
  0.00	 -0.68	  0.42	 -0.00	  0.06	 -0.01	 -0.00	  0.11	 -0.03	 -0.08	  0.00	  0.36	 -0.66	  0.30	
  0.00	 -0.67	  0.41	 -0.00	  0.06	 -0.01	 -0.00	  0.11	 -0.03	 -0.08	  0.00	  0.36	 -0.65	  0.30	
  0.00	 -0.67	  0.41	 -0.00	  0.06	 -0.01	 -0.00	  0.11	 -0.04	 -0.08	  0.00	  0.36	 -0.65	  0.29	
  0.00	 -0.67	  0.41	 -0.00	  0.06	 -0.01	 -0.00	  0.11	 -0.04	 -0.08	  0.00	  0.36	 -0.65	  0.29	
  0.00	 -0.66	  0.41	 -0.00	  0.06	 -0.01	 -0.00	  0.11	 -0.04	 -0.08	  0.00	  0.36	 -0.64	  0.29	
  0.00	 -0.66	  0.41	 -0.00	  0.06	 -0.01	 -0.00	  0.11	 -0.04	 -0.08	  0.00	  0.36	 -0.64	  0.28	
  0.00	 -0.65	  0.41	 -0.00	  0.06	 -0.01	 -0.00	  0.11	 -0.04	 -0.08	  0.00	  0.36	 -0.64	  0.28	
  0.00	 -0.65	  0.40	 -0.00	  0.06	 -0.01	 -0.00	  0.11	 -0.04	 -0.08	  0.00	  0.35	 -0.63	  0.28	
  0.00	 -0.64	  0.40	 -0.00	  0.06	 -0.01	 -0.00	  0.11	 -0.04	 -0.08	  0.00	  0.35	 -0.63	  0.28	
  0.00	 -0.64	  0.40	 -0.00	  0.06	 -0.01	 -0.00	  0.11	 -0.04	 -0.08	  0.00	  0.35	 -0.63	  0.27	
  0.00	 -0.64	  0.40	 -0.00	  0.06	 -0.01	 -0.00	  0.12	 -0.04	 -0.08	  0.00	  0.35	 -0.62	  0.27	
  0.00	 -0.63	  0.40	 -0.00	  0.06	 -0.01	 -0.00	  0.12	 -0.04	 -0.08	  0.00	  0.35	 -0.62	  0.27	
  0.00	 -0.63	  0.40	 -0.00	  0.06	 -0.01	 -0.00	  0.12	 -0.04	 -0.08	  0.00	  0.35	 -0.62	  0.27	
  0.00	 -0.62	  0.39	 -0.00	  0.06	 -0.01	 -0.00	  0.12	 -0.04	 -0.08	  0.00	  0.35	 -0.61	  0.26	
  0.00	 -0.62	  0.39	 -0.00	  0.06	 -0.01	 -0.00	  0.12	 -0.04	 -0.08	  0.00	  0.35	 -0.61	  0.26	
  0.00	 -0.61	  0.39	 -0.00	  0.06	 -0.01	 -0.00	  0.12	 -0.04	 -0.08	  0.00	  0.35	 -0.60	  0.26	
  0.00	 -0.61	  0.39	 -0.00	  0.06	 -0.01	 -0.00	  0.12	 -0.04	 -0.08	  0.00	  0.35	 -0.60	  0.25	
  0.00	 -0.61	  0.39	 -0.00	  0.06	 -0.01	 -0.00	  0.12	 -0.04	 -0.08	  0.00	  0.34	 -0.60	  0.25	
  0.00	 -0.60	  0.38	 -0.00	  0.06	 -0.01	 -0.00	  0.12	 -0.04	 -0.08	  0.00	  0.34	 -0.59	  0.25	
  0.00	 -0.60	  0.38	 -0.00	  0.06	 -0.01	 -0.00	  0.12	 -0.04	 -0.08	  0.00	  0.34	 -0.59	  0.25	
  0.00	 -0.59	  0.38	 -0.00	  0.06	 -0.01	 -0.00	  0.12	 -0.04	 -0.08	  0.00	  0.34	 -0.59	  0.24	
  0.00	 -0.59	  0.38	 -0.00	  0.06	 -0.01	 -0.00	  0.12	 -0.04	 -0.08	  0.00	  0.34	 -0.58	  0.24	
  0.00	 -0.58	  0.38	 -0.00	  0.06	 -0.01	 -0.00	  0.12	 -0.04	 -0.08	  0.00	  0.34	 -0.58	  0.24	
  0.00	 -0.58	  0.37	 -0.00	  0.06	 -0.01	 -0.00	  0.12	 -0.04	 -0.08	  0.00	  0.34	 -0.57	  0.24	
  0.00	 -0.57	  0.37	 -0.00	  0.06	 -0.01	 -0.00	  0.12	 -0.04	 -0.08	  0.00	  0.34	 -0.57	  0.23	
  0.00	 -0.57	  0.37	 -0.00	  0.06	 -0.01	 -0.00	  0.12	 -0.04	 -0.08	  0.00	  0.33	 -0.57	  0.23	
  0.00	 -0.57	  0.37	 -0.00	  0.06	 -0.01	 -0.00	  0.12	 -0.04	 -0.08	  0.00	  0.33	 -0.56	  0.23	
  0.00	 -0.56	  0.37	 -0.00	  0.06	 -0.01	 -0.00	  0.13	 -0.04	 -0.08	  0.00	  0.33	 -0.56	  0.23	
  0.00	 -0.56	  0.36	 -0.00	  0.06	 -0.01	 -0.00	  0.13	 -0.04	 -0.08	  0.00	  0.33	 -0.55	  0.22	
  0.00	 -0.55	  0.36	 -0.00	  0.06	 -0.01	 -0.00	  0.13	 -0.04	 -0.08	  0.00	  0.33	 -0.55	  0.22	
  0.00	 -0.55	  0.36	 -0.00	  0.06	 -0.01	 -0.00	  0.13	 -0.04	 -0.08	  0.00	  0.33	 -0.55	  0.22	
  0.00	 -0.54	  0.36	 -0.00	  0.06	 -0.01	 -0.00	  0.13	 -0.04	 -0.08	  0.00	  0.33	 -0.54	  0.22	
  0.00	 -0.54	  0.35	 -0.00	  0.06	 -0.01	 -0.00	  0.13	 -0.05	 -0.08	  0.00	  0.32	 -0.54	  0.21	
  0.00	 -0.53	  0.35	 -0.00	  0.06	 -0.01	 -0.00	  0.13	 -0.05	 -0.08	  0.00	  0.32	 -0.53	  0.21	
  0.00	 -0.53	  0.35	 -0.00	  0.06	 -0.01	 -0.00	  0.13	 -0.05	 -0.08	  0.00	  0.32	 -0.53	  0.21	
  0.00	 -0.53	  0.35	 -0.00	  0.06	 -0.01	 -0.00	  0.13	 -0.05	 -0.08	  0.00	  0.32	 -0.53	  0.21	
  0.00	 -0.52	  0.35	 -0.00	  0.06	 -0.01	 -0.00	  0.13	 -0.05	 -0.08	  0.00	  0.32	 -0.52	  0.20	
  0.00	 -0.52	  0.34	 -0.00	  0.06	 -0.01	 -0.00	  0.13	 -0.05	 -0.08	  0.00	  0.32	 -0.52	  0.20	
  0.00	 -0.51	  0.34	 -0.00	  0.06	 -0.01	 -0.00	  0.13	 -0.05	 -0.08	  0.00	  0.31	 -0.51	  0.20	
  0.00	 -0.51	  0.34	 -0.00	  0.06	 -0.01	 -0.00	  0.13	 -0.05	 -0.08	  0.00	  0.31	 -0.51	  0.20	
  0.00	 -0.50	  0.34	 -0.00	  0.06	 -0.01	 -0.00	  0.13	 -0.05	 -0.09	  0.00	  0.31	 -0.51	  0.19	
  0.00	 -0.50	  0.33	 -0.00	  0.07	 -0.01	 -0.00	  0.13	 -0.05	 -0.09	  0.00	  0.31	 -0.50	  0.19	
  0.00	 -0.49	  0.33	 -0.00	  0.07	 -0.01	 -0.00	  0.13	 -0.05	 -0.09	  0.00	  0.31	 -0.50	  0.19	
  0.00	 -0.49	  0.33	 -0.00	  0.07	 -0.01	 -0.00	  0.14	 -0.05	 -0.09	  0.00	  0.31	 -0.49	  0.19	
  0.00	 -0.48	  0.33	 -0.00	  0.07	 -0.01	 -0.00	  0.14	 -0.05	 -0.09	  0.00	  0.30	 -0.49	  0.19	
  0.00	 -0.48	  0.32	 -0.00	  0.07	 -0.01	 -0.00	  0.14	 -0.05	 -0.09	  0.00	  0.30	 -0.48	  0.18	
  0.00	 -0.47	  0.32	 -0.00	  0.07	 -0.01	 -0.00	  0.14	 -0.05	 -0.09	  0.00	  0.30	 -0.48	  0.18	
  0.00	 -0.47	  0.32	 -0.00	  0.07	 -0.01	 -0.00	  0.14	 -0.05	 -0.09	  0.00	  0.30	 -0.48	  0.18	
  0.00	 -0.47	  0.32	 -0.00	  0.07	 -0.01	 -0.00	  0.14	 -0.05	 -0.09	  0.00	  0.30	 -0.47	  0.18	
  0.00	 -0.46	  0.31	 -0.00	  0.07	 -0.01	 -0.00	  0.14	 -0.05	 -0.09	  0.00	  0.29	 -0.47	  0.17	
  0.00	 -0.46	  0.31	 -0.00	  0.07	 -0.01	 -0.00	  0.14	 -0.05	 -0.09	  0.00	  0.29	 -0.46	  0.17	
  0.00	 -0.45	  0.31	 -0.00	  0.07	 -0.01	 -0.00	  0.14	 -0.05	 -0.09	  0.00	  0.29	 -0.46	  0.17	
  0.00	 -0.45	  0.31	 -0.00	  0.07	 -0.01	 -0.00	  0.14	 -0.05	 -0.09	  0.00	  0.29	 -0.45	  0.17	
  0.00	 -0.44	  0.30	 -0.00	  0.07	 -0.01	 -0.00	  0.14	 -0.05	 -0.09	  0.00	  0.29	 -0.45	  0.16	
  0.00	 -0.44	  0.30	 -0.00	  0.07	 -0.01	 -0.00	  0.14	 -0.05	 -0.09	  0.00	  0.29	 -0.45	  0.16	
  0.00	 -0.43	  0.30	 -0.00	  0.07	 -0.01	 -0.00	  0.14	 -0.05	 -0.09	  0.00	  0.28	 -0.44	  0.16	
  0.00	 -0.43	  0.30	 -0.00	  0.07	 -0.00	 -0.00	  0.14	 -0.05	 -0.09	  0.00	  0.28	 -0.44	  0.16	
  0.00	 -0.42	  0.29	 -0.00	  0.07	 -0.00	 -0.00	  0.14	 -0.05	 -0.09	  0.00	  0.28	 -0.43	  0.15	
  0.00	 -0.42	  0.29	 -0.00	  0.07	 -0.00	 -0.00	  0.14	 -0.06	 -0.09	  0.00	  0.28	 -0.43	  0.15	
  0.00	 -0.41	  0.29	 -0.00	  0.07	 -0.00	 -0.00	  0.15	 -0.06	 -0.09	  0.00	  0.28	 -0.42	  0.15	
  0.00	 -0.41	  0.29	 -0.00	  0.07	 -0.00	 -0.00	  0.15	 -0.06	 -0.09	  0.00	  0.27	 -0.42	  0.15	
  0.00	 -0.40	  0.28	 -0.00	  0.07	 -0.00	 -0.00	  0.15	 -0.06	 -0.09	  0.00	  0.27	 -0.42	  0.14	
  0.00	 -0.40	  0.28	 -0.00	  0.07	 -0.00	 -0.00	  0.15	 -0.06	 -0.09	  0.00	  0.27	 -0.41	  0.14	
  0.00	 -0.40	  0.28	 -0.00	  0.07	 -0.00	 -0.00	  0.15	 -0.06	 -0.09	  0.00	  0.27	 -0.41	  0.14	
  0.00	 -0.39	  0.27	 -0.00	  0.07	 -0.00	 -0.00	  0.15	 -0.06	 -0.09	  0.00	  0.26	 -0.40	  0.14	
  0.00	 -0.39	  0.27	 -0.00	  0.07	 -0.00	 -0.00	  0.15	 -0.06	 -0.09	  0.00	  0.26	 -0.40	  0.13	
  0.00	 -0.38	  0.27	 -0.00	  0.07	 -0.00	 -0.00	  0.15	 -0.06	 -0.09	  0.00	  0.26	 -0.39	  0.13	
  0.00	 -0.38	  0.27	 -0.00	  0.07	 -0.00	 -0.00	  0.15	 -0.06	 -0.09	  0.00	  0.26	 -0.39	  0.13	
  0.00	 -0.37	  0.26	 -0.00	  0.07	 -0.00	 -0.00	  0.15	 -0.06	 -0.09	  0.00	  0.26	 -0.38	  0.13	
  0.00	 -0.37	  0.26	 -0.00	  0.07	 -0.00	 -0.00	  0.15	 -0.06	 -0.09	  0.00	  0.25	 -0.38	  0.13	
  0.00	 -0.36	  0.26	 -0.00	  0.07	 -0.00	 -0.00	  0.15	 -0.06	 -0.09	  0.00	  0.25	 -0.38	  0.12	
  0.00	 -0.36	  0.25	 -0.00	  0.07	 -0.00	 -0.00	  0.15	 -0.06	 -0.09	  0.00	  0.25	 -0.37	  0.12	
  0.00	 -0.35	  0.25	 -0.00	  0.07	 -0.00	 -0.00	  0.15	 -0.06	 -0.09	  0.00	  0.25	 -0.37	  0.12	
  0.00	 -0.35	  0.25	 -0.00	  0.07	 -0.00	 -0.00	  0.15	 -0.06	 -0.09	  0.00	  0.25	 -0.36	  0.12	
  0.00	 -0.34	  0.25	 -0.00	  0.07	 -0.00	 -0.00	  0.15	 -0.06	 -0.09	  0.00	  0.24	 -0.36	  0.11	
  0.00	 -0.34	  0.24	 -0.00	  0.07	 -0.00	 -0.00	  0.16	 -0.06	 -0.09	  0.00	  0.24	 -0.35	  0.11	
  0.00	 -0.33	  0.24	 -0.00	  0.07	 -0.00	 -0.00	  0.16	 -0.06	 -0.09	  0.00	  0.24	 -0.35	  0.11	
  0.00	 -0.33	  0.24	 -0.00	  0.07	 -0.00	 -0.00	  0.16	 -0.06	 -0.09	  0.00	  0.24	 -0.34	  0.11	
  0.00	 -0.32	  0.23	 -0.00	  0.07	 -0.00	 -0.00	  0.16	 -0.06	 -0.09	  0.00	  0.23	 -0.34	  0.10	
  0.00	 -0.32	  0.23	 -0.00	  0.07	 -0.00	 -0.00	  0.16	 -0.06	 -0.09	  0.00	  0.23	 -0.33	  0.10	
  0.00	 -0.32	  0.23	 -0.00	  0.07	 -0.00	 -0.00	  0.16	 -0.06	 -0.09	  0.00	  0.23	 -0.33	  0.10	
  0.00	 -0.31	  0.23	 -0.00	  0.07	 -0.00	 -0.00	  0.16	 -0.06	 -0.09	  0.00	  0.23	 -0.33	  0.10	
  0.00	 -0.31	  0.22	 -0.00	  0.07	 -0.00	 -0.00	  0.16	 -0.07	 -0.09	  0.00	  0.23	 -0.32	  0.09	
  0.00	 -0.30	  0.22	 -0.00	  0.07	 -0.00	 -0.00	  0.16	 -0.07	 -0.09	  0.00	  0.22	 -0.32	  0.09	
  0.00	 -0.30	  0.22	 -0.00	  0.07	 -0.00	 -0.00	  0.16	 -0.07	 -0.10	  0.00	  0.22	 -0.31	  0.09	
  0.00	 -0.29	  0.21	 -0.00	  0.07	 -0.00	 -0.00	  0.16	 -0.07	 -0.10	  0.00	  0.22	 -0.31	  0.09	
  0.00	 -0.29	  0.21	 -0.00	  0.07	 -0.00	 -0.00	  0.16	 -0.07	 -0.10	  0.00	  0.22	 -0.30	  0.09	
  0.00	 -0.28	  0.21	 -0.00	  0.08	 -0.00	 -0.00	  0.16	 -0.07	 -0.10	  0.00	  0.22	 -0.30	  0.08	
  0.00	 -0.28	  0.21	 -0.00	  0.08	 -0.00	 -0.00	  0.16	 -0.07	 -0.10	  0.00	  0.21	 -0.29	  0.08	
  0.00	 -0.27	  0.20	 -0.00	  0.08	  0.00	 -0.00	  0.16	 -0.07	 -0.10	  0.00	  0.21	 -0.29	  0.08	
  0.00	 -0.27	  0.20	 -0.00	  0.08	  0.00	 -0.00	  0.17	 -0.07	 -0.10	  0.00	  0.21	 -0.28	  0.08	
  0.00	 -0.26	  0.20	 -0.00	  0.08	  0.00	 -0.00	  0.17	 -0.07	 -0.10	  0.00	  0.21	 -0.28	  0.07	
  0.00	 -0.26	  0.19	 -0.00	  0.08	  0.00	 -0.00	  0.17	 -0.07	 -0.10	  0.00	  0.20	 -0.28	  0.07	
  0.00	 -0.25	  0.19	 -0.00	  0.08	  0.00	 -0.00	  0.17	 -0.07	 -0.10	  0.00	  0.20	 -0.27	  0.07	
  0.00	 -0.25	  0.19	 -0.00	  0.08	  0.00	 -0.00	  0.17	 -0.07	 -0.10	  0.00	  0.20	 -0.27	  0.07	
  0.00	 -0.25	  0.18	 -0.00	  0.08	  0.00	 -0.00	  0.17	 -0.07	 -0.10	  0.00	  0.20	 -0.26	  0.06	
  0.00	 -0.24	  0.18	 -0.00	  0.08	  0.00	 -0.00	  0.17	 -0.07	 -0.10	  0.00	  0.20	 -0.26	  0.06	
  0.00	 -0.24	  0.18	 -0.00	  0.08	  0.00	 -0.00	  0.17	 -0.07	 -0.10	  0.00	  0.19	 -0.25	  0.06	
  0.00	 -0.23	  0.18	 -0.00	  0.08	  0.00	 -0.00	  0.17	 -0.07	 -0.10	  0.00	  0.19	 -0.25	  0.06	
  0.00	 -0.23	  0.17	 -0.00	  0.08	  0.00	 -0.00	  0.17	 -0.07	 -0.10	  0.00	  0.19	 -0.24	  0.06	
  0.00	 -0.22	  0.17	 -0.00	  0.08	  0.00	 -0.00	  0.17	 -0.07	 -0.10	  0.00	  0.19	 -0.24	  0.05	
  0.00	 -0.22	  0.17	 -0.00	  0.08	  0.00	 -0.00	  0.17	 -0.07	 -0.10	  0.00	  0.18	 -0.23	  0.05	
  0.00	 -0.21	  0.16	 -0.00	  0.08	  0.00	 -0.00	  0.17	 -0.07	 -0.10	  0.00	  0.18	 -0.23	  0.05	
  0.00	 -0.21	  0.16	 -0.00	  0.08	  0.00	 -0.00	  0.17	 -0.07	 -0.10	  0.00	  0.18	 -0.23	  0.05	
  0.00	 -0.20	  0.16	 -0.00	  0.08	  0.00	 -0.00	  0.17	 -0.08	 -0.10	  0.00	  0.18	 -0.22	  0.04	
  0.00	 -0.20	  0.16	 -0.00	  0.08	  0.00	 -0.00	  0.18	 -0.08	 -0.10	  0.00	  0.18	 -0.22	  0.04	
  0.00	 -0.19	  0.15	 -0.00	  0.08	  0.00	 -0.00	  0.18	 -0.08	 -0.10	  0.00	  0.17	 -0.21	  0.04	
  0.00	 -0.19	  0.15	 -0.00	  0.08	  0.00	 -0.00	  0.18	 -0.08	 -0.10	  0.00	  0.17	 -0.21	  0.04	
  0.00	 -0.19	  0.15	 -0.00	  0.08	  0.00	 -0.00	  0.18	 -0.08	 -0.10	  0.00	  0.17	 -0.20	  0.03	
  0.00	 -0.18	  0.14	 -0.00	  0.08	  0.00	 -0.00	  0.18	 -0.08	 -0.10	  0.00	  0.17	 -0.20	  0.03	
  0.00	 -0.18	  0.14	 -0.00	  0.08	  0.00	 -0.00	  0.18	 -0.08	 -0.10	  0.00	  0.16	 -0.19	  0.03	
  0.00	 -0.17	  0.14	 -0.00	  0.08	  0.00	 -0.00	  0.18	 -0.08	 -0.10	  0.00	  0.16	 -0.19	  0.03	
  0.00	 -0.17	  0.13	 -0.00	  0.08	  0.00	 -0.00	  0.18	 -0.08	 -0.10	  0.00	  0.16	 -0.19	  0.03	
  0.00	 -0.16	  0.13	 -0.00	  0.08	  0.00	 -0.00	  0.18	 -0.08	 -0.10	  0.00	  0.16	 -0.18	  0.02	
  0.00	 -0.16	  0.13	 -0.00	  0.08	  0.00	 -0.00	  0.18	 -0.08	 -0.10	  0.00	  0.16	 -0.18	  0.02	
  0.00	 -0.15	  0.13	 -0.00	  0.08	  0.00	 -0.00	  0.18	 -0.08	 -0.10	  0.00	  0.15	 -0.17	  0.02	
  0.00	 -0.15	  0.12	 -0.00	  0.08	  0.01	 -0.00	  0.18	 -0.08	 -0.10	  0.00	  0.15	 -0.17	  0.02	
  0.00	 -0.15	  0.12	 -0.00	  0.08	  0.01	 -0.00	  0.18	 -0.08	 -0.10	  0.00	  0.15	 -0.16	  0.01	
  0.00	 -0.14	  0.12	 -0.00	  0.08	  0.01	 -0.00	  0.18	 -0.08	 -0.10	  0.00	  0.15	 -0.16	  0.01	
  0.00	 -0.14	  0.11	 -0.00	  0.08	  0.01	 -0.00	  0.18	 -0.08	 -0.10	  0.00	  0.15	 -0.15	  0.01	
  0.00	 -0.13	  0.11	 -0.00	  0.08	  0.01	 -0.00	  0.19	 -0.08	 -0.10	  0.00	  0.14	 -0.15	  0.01	
  0.00	 -0.13	  0.11	 -0.00	  0.08	  0.01	 -0.00	  0.19	 -0.08	 -0.10	  0.00	  0.14	 -0.15	  0.00	
  0.00	 -0.12	  0.11	 -0.00	  0.08	  0.01	 -0.00	  0.19	 -0.08	 -0.10	  0.00	  0.14	 -0.14	  0.00	
  0.00	 -0.12	  0.10	 -0.00	  0.08	  0.01	 -0.00	  0.19	 -0.08	 -0.10	  0.00	  0.14	 -0.14	  0.00	
  0.00	 -0.12	  0.10	 -0.00	  0.08	  0.01	 -0.00	  0.19	 -0.08	 -0.10	  0.00	  0.13	 -0.13	 -0.00	
  0.00	 -0.11	  0.10	 -0.00	  0.08	  0.01	 -0.00	  0.19	 -0.09	 -0.10	  0.00	  0.13	 -0.13	 -0.00	
  0.00	 -0.11	  0.09	 -0.00	  0.08	  0.01	 -0.00	  0.19	 -0.09	 -0.10	  0.00	  0.13	 -0.12	 -0.01	
  0.00	 -0.10	  0.09	 -0.00	  0.08	  0.01	 -0.00	  0.19	 -0.09	 -0.10	  0.00	  0.13	 -0.12	 -0.01	
  0.00	 -0.10	  0.09	 -0.00	  0.08	  0.01	 -0.00	  0.19	 -0.09	 -0.10	  0.00	  0.13	 -0.12	 -0.01	
  0.00	 -0.09	  0.08	 -0.00	  0.08	  0.01	 -0.00	  0.19	 -0.09	 -0.10	  0.00	  0.12	 -0.11	 -0.01	
  0.00	 -0.09	  0.08	 -0.00	  0.08	  0.01	 -0.00	  0.19	 -0.09	 -0.10	  0.00	  0.12	 -0.11	 -0.02	
  0.00	 -0.09	  0.08	 -0.00	  0.08	  0.01	 -0.00	  0.19	 -0.09	 -0.10	  0.00	  0.12	 -0.10	 -0.02	
  0.00	 -0.08	  0.08	 -0.00	  0.08	  0.01	 -0.00	  0.19	 -0.09	 -0.11	  0.00	  0.12	 -0.10	 -0.02	
  0.00	 -0.08	  0.07	 -0.00	  0.09	  0.01	 -0.00	  0.19	 -0.09	 -0.11	  0.00	  0.12	 -0.10	 -0.02	
  0.00	 -0.07	  0.07	 -0.00	  0.09	  0.01	 -0.00	  0.20	 -0.09	 -0.11	  0.00	  0.11	 -0.09	 -0.02	
  0.00	 -0.07	  0.07	 -0.00	  0.09	  0.01	 -0.00	  0.20	 -0.09	 -0.11	  0.00	  0.11	 -0.09	 -0.03	
  0.00	 -0.07	  0.07	 -0.00	  0.09	  0.01	 -0.00	  0.20	 -0.09	 -0.11	  0.00	  0.11	 -0.08	 -0.03	
  0.00	 -0.06	  0.06	 -0.00	  0.09	  0.01	 -0.00	  0.20	 -0.09	 -0.11	  0.00	  0.11	 -0.08	 -0.03	
  0.00	 -0.06	  0.06	 -0.00	  0.09	  0.01	 -0.00	  0.20	 -0.09	 -0.11	  0.00	  0.11	 -0.07	 -0.03	
  0.00	 -0.05	  0.06	 -0.00	  0.09	  0.01	 -0.00	  0.20	 -0.09	 -0.11	  0.00	  0.11	 -0.07	 -0.03	
  0.00	 -0.05	  0.05	 -0.00	  0.09	  0.01	 -0.00	  0.20	 -0.09	 -0.11	  0.00	  0.10	 -0.07	 -0.04	
  0.00	 -0.04	  0.05	 -0.00	  0.09	  0.01	 -0.00	  0.20	 -0.09	 -0.11	  0.00	  0.10	 -0.06	 -0.04	
  0.00	 -0.04	  0.05	 -0.00	  0.09	  0.01	 -0.00	  0.20	 -0.09	 -0.11	  0.00	  0.10	 -0.06	 -0.04	
  0.00	 -0.04	  0.05	 -0.00	  0.09	  0.01	 -0.00	  0.20	 -0.09	 -0.11	  0.00	  0.10	 -0.06	 -0.04	
  0.00	 -0.03	  0.04	 -0.00	  0.09	  0.01	 -0.00	  0.20	 -0.09	 -0.11	  0.00	  0.10	 -0.05	 -0.05	
  0.00	 -0.03	  0.04	 -0.00	  0.09	  0.01	 -0.00	  0.20	 -0.10	 -0.11	  0.00	  0.09	 -0.05	 -0.05	
  0.00	 -0.03	  0.04	 -0.00	  0.09	  0.01	 -0.00	  0.20	 -0.10	 -0.11	  0.00	  0.09	 -0.04	 -0.05	
  0.00	 -0.02	  0.04	 -0.00	  0.09	  0.01	 -0.00	  0.20	 -0.10	 -0.11	  0.00	  0.09	 -0.04	 -0.05	
  0.00	 -0.02	  0.03	 -0.00	  0.09	  0.01	 -0.00	  0.20	 -0.10	 -0.11	  0.00	  0.09	 -0.04	 -0.05	
  0.00	 -0.01	  0.03	 -0.00	  0.09	  0.01	 -0.00	  0.21	 -0.10	 -0.11	  0.00	  0.09	 -0.03	 -0.06	
  0.00	 -0.01	  0.03	 -0.00	  0.09	  0.01	 -0.00	  0.21	 -0.10	 -0.11	  0.00	  0.09	 -0.03	 -0.06	
  0.00	 -0.01	  0.03	 -0.00	  0.09	  0.01	 -0.00	  0.21	 -0.10	 -0.11	  0.00	  0.08	 -0.02	 -0.06	
  0.00	 -0.00	  0.02	 -0.00	  0.09	  0.01	 -0.00	  0.21	 -0.10	 -0.11	  0.00	  0.08	 -0.02	 -0.06	
  0.00	  0.00	  0.02	 -0.00	  0.09	  0.01	 -0.00	  0.21	 -0.10	 -0.11	  0.00	  0.08	 -0.02	 -0.06	
  0.00	  0.00	  0.02	 -0.00	  0.09	  0.01	 -0.00	  0.21	 -0.10	 -0.11	  0.00	  0.08	 -0.01	 -0.07	
  0.00	  0.01	  0.02	 -0.00	  0.09	  0.01	 -0.00	  0.21	 -0.10	 -0.11	  0.00	  0.08	 -0.01	 -0.07	
  0.00	  0.01	  0.01	 -0.00	  0.09	  0.01	 -0.00	  0.21	 -0.10	 -0.11	  0.00	  0.08	 -0.01	 -0.07	
  0.00	  0.02	  0.01	 -0.00	  0.09	  0.01	 -0.00	  0.21	 -0.10	 -0.11	  0.00	  0.08	 -0.00	 -0.07	
  0.00	  0.02	  0.01	 -0.00	  0.09	  0.01	 -0.00	  0.21	 -0.10	 -0.11	  0.00	  0.07	  0.00	 -0.07	
  0.00	  0.02	  0.01	 -0.00	  0.09	  0.01	 -0.00	  0.21	 -0.10	 -0.11	  0.00	  0.07	  0.00	 -0.08	
  0.00	  0.03	  0.00	 -0.00	  0.09	  0.01	 -0.00	  0.21	 -0.10	 -0.11	  0.00	  0.07	  0.01	 -0.08	
  0.00	  0.03	  0.00	 -0.00	  0.09	  0.02	 -0.00	  0.21	 -0.10	 -0.11	  0.00	  0.07	  0.01	 -0.08	
  0.00	  0.03	 -0.00	 -0.00	  0.09	  0.02	 -0.00	  0.21	 -0.10	 -0.11	  0.00	  0.07	  0.01	 -0.08	
  0.00	  0.04	 -0.00	 -0.00	  0.09	  0.02	 -0.00	  0.22	 -0.10	 -0.11	  0.00	  0.07	  0.02	 -0.08	
  0.00	  0.04	 -0.01	 -0.00	  0.09	  0.02	 -0.00	  0.22	 -0.11	 -0.11	  0.00	  0.07	  0.02	 -0.09	
  0.00	  0.04	 -0.01	 -0.00	  0.09	  0.02	 -0.00	  0.22	 -0.11	 -0.11	  0.00	  0.06	  0.02	 -0.09	
  0.00	  0.05	 -0.01	 -0.00	  0.09	  0.02	 -0.00	  0.22	 -0.11	 -0.11	  0.00	  0.06	  0.03	 -0.09	
  0.00	  0.05	 -0.01	 -0.00	  0.09	  0.02	 -0.00	  0.22	 -0.11	 -0.11	  0.00	  0.06	  0.03	 -0.09	
  0.00	  0.05	 -0.01	 -0.00	  0.09	  0.02	 -0.00	  0.22	 -0.11	 -0.11	  0.00	  0.06	  0.03	 -0.09	
  0.00	  0.06	 -0.02	 -0.00	  0.09	  0.02	 -0.00	  0.22	 -0.11	 -0.11	  0.00	  0.06	  0.04	 -0.10	
  0.00	  0.06	 -0.02	 -0.00	  0.09	  0.02	 -0.00	  0.22	 -0.11	 -0.11	  0.00	  0.06	  0.04	 -0.10	
 -0.00	  0.06	 -0.02	 -0.00	  0.09	  0.02	 -0.00	  0.22	 -0.11	 -0.11	 -0.00	  0.06	  0.04	 -0.10	
 -0.00	  0.07	 -0.02	 -0.00	  0.09	  0.02	 -0.00	  0.22	 -0.11	 -0.11	 -0.00	  0.06	  0.05	 -0.10	
 -0.00	  0.07	 -0.02	 -0.00	  0.09	  0.02	 -0.00	  0.22	 -0.11	 -0.11	 -0.00	  0.05	  0.05	 -0.10	
 -0.00	  0.07	 -0.03	 -0.00	  0.09	  0.02	 -0.00	  0.22	 -0.11	 -0.11	 -0.00	  0.05	  0.05	 -0.11	
 -0.00	  0.07	 -0.03	 -0.00	  0.09	  0.02	 -0.00	  0.22	 -0.11	 -0.11	 -0.00	  0.05	  0.05	 -0.11	
 -0.00	  0.08	 -0.03	 -0.00	  0.09	  0.02	 -0.00	  0.23	 -0.11	 -0.11	 -0.00	  0.05	  0.06	 -0.11	
 -0.00	  0.08	 -0.03	 -0.00	  0.09	  0.02	 -0.00	  0.23	 -0.11	 -0.11	 -0.00	  0.05	  0.06	 -0.11	
 -0.00	  0.08	 -0.03	 -0.00	  0.09	  0.02	 -0.00	  0.23	 -0.11	 -0.11	 -0.00	  0.05	  0.06	 -0.11	
 -0.00	  0.09	 -0.04	 -0.00	  0.10	  0.02	 -0.00	  0.23	 -0.11	 -0.11	 -0.00	  0.05	  0.07	 -0.11	
 -0.00	  0.09	 -0.04	 -0.00	  0.10	  0.02	 -0.00	  0.23	 -0.11	 -0.11	 -0.00	  0.05	  0.07	 -0.12	
 -0.00	  0.09	 -0.04	 -0.00	  0.10	  0.02	 -0.00	  0.23	 -0.12	 -0.11	 -0.00	  0.05	  0.07	 -0.12	
 -0.00	  0.09	 -0.04	 -0.00	  0.10	  0.02	 -0.00	  0.23	 -0.12	 -0.11	 -0.00	  0.05	  0.07	 -0.12	
 -0.00	  0.10	 -0.04	 -0.00	  0.10	  0.02	 -0.00	  0.23	 -0.12	 -0.11	 -0.00	  0.04	  0.08	 -0.12	
 -0.00	  0.10	 -0.04	 -0.00	  0.10	  0.02	 -0.00	  0.23	 -0.12	 -0.11	 -0.00	  0.04	  0.08	 -0.12	
 -0.00	  0.10	 -0.05	 -0.00	  0.10	  0.02	 -0.00	  0.23	 -0.12	 -0.11	 -0.00	  0.04	  0.08	 -0.12	
 -0.00	  0.10	 -0.05	 -0.00	  0.10	  0.02	 -0.00	  0.23	 -0.12	 -0.11	 -0.00	  0.04	  0.08	 -0.13	
 -0.00	  0.11	 -0.05	 -0.00	  0.10	  0.02	 -0.00	  0.23	 -0.12	 -0.11	 -0.00	  0.04	  0.09	 -0.13	
 -0.00	  0.11	 -0.05	 -0.00	  0.10	  0.02	 -0.00	  0.23	 -0.12	 -0.11	 -0.00	  0.04	  0.09	 -0.13	
 -0.00	  0.11	 -0.05	 -0.00	  0.10	  0.02	 -0.00	  0.23	 -0.12	 -0.11	 -0.00	  0.04	  0.09	 -0.13	
 -0.00	  0.11	 -0.05	 -0.00	  0.10	  0.02	 -0.00	  0.24	 -0.12	 -0.11	 -0.00	  0.04	  0.09	 -0.13	
 -0.00	  0.12	 -0.06	 -0.00	  0.10	  0.02	 -0.00	  0.24	 -0.12	 -0.11	 -0.00	  0.04	  0.10	 -0.14	
 -0.00	  0.12	 -0.06	 -0.00	  0.10	  0.02	 -0.00	  0.24	 -0.12	 -0.12	 -0.00	  0.04	  0.10	 -0.14	
 -0.00	  0.12	 -0.06	 -0.00	  0.10	  0.02	 -0.00	  0.24	 -0.12	 -0.12	 -0.00	  0.04	  0.10	 -0.14	
 -0.00	  0.12	 -0.06	 -0.00	  0.10	  0.02	 -0.00	  0.24	 -0.12	 -0.12	 -0.00	  0.04	  0.10	 -0.14	
 -0.00	  0.13	 -0.06	 -0.00	  0.10	  0.02	 -0.00	  0.24	 -0.12	 -0.12	 -0.00	  0.04	  0.10	 -0.14	
 -0.00	  0.13	 -0.06	 -0.00	  0.10	  0.02	 -0.00	  0.24	 -0.12	 -0.12	 -0.00	  0.04	  0.11	 -0.14	
 -0.00	  0.13	 -0.06	 -0.00	  0.10	  0.02	 -0.00	  0.24	 -0.12	 -0.12	 -0.00	  0.04	  0.11	 -0.14	
 -0.00	  0.13	 -0.07	 -0.00	  0.10	  0.02	 -0.00	  0.24	 -0.13	 -0.12	 -0.00	  0.04	  0.11	 -0.15	
 -0.00	  0.13	 -0.07	 -0.00	  0.10	  0.03	 -0.00	  0.24	 -0.13	 -0.12	 -0.00	  0.04	  0.11	 -0.15	
 -0.00	  0.14	 -0.07	 -0.00	  0.10	  0.03	 -0.00	  0.24	 -0.13	 -0.12	 -0.00	  0.04	  0.11	 -0.15	
 -0.00	  0.14	 -0.07	 -0.00	  0.10	  0.03	 -0.00	  0.24	 -0.13	 -0.12	 -0.00	  0.04	  0.11	 -0.15	
 -0.00	  0.14	 -0.07	 -0.00	  0.10	  0.03	 -0.00	  0.24	 -0.13	 -0.12	 -0.00	  0.04	  0.12	 -0.15	
 -0.00	  0.14	 -0.07	 -0.00	  0.10	  0.03	 -0.00	  0.24	 -0.13	 -0.12	 -0.00	  0.04	  0.12	 -0.15	
 -0.00	  0.14	 -0.07	 -0.00	  0.10	  0.03	 -0.00	  0.25	 -0.13	 -0.12	 -0.00	  0.04	  0.12	 -0.16	
 -0.00	  0.14	 -0.07	 -0.00	  0.10	  0.03	 -0.00	  0.25	 -0.13	 -0.12	 -0.00	  0.04	  0.12	 -0.16	
 -0.00	  0.15	 -0.07	 -0.00	  0.10	  0.03	 -0.00	  0.25	 -0.13	 -0.12	 -0.00	  0.04	  0.12	 -0.16	
 -0.00	  0.15	 -0.07	 -0.00	  0.10	  0.03	 -0.00	  0.25	 -0.13	 -0.12	 -0.00	  0.04	  0.12	 -0.16	
 -0.00	  0.15	 -0.08	 -0.00	  0.10	  0.03	 -0.00	  0.25	 -0.13	 -0.12	 -0.00	  0.04	  0.13	 -0.16	
 -0.00	  0.15	 -0.08	 -0.00	  0.10	  0.03	 -0.00	  0.25	 -0.13	 -0.12	 -0.00	  0.04	  0.13	 -0.16	
 -0.00	  0.15	 -0.08	 -0.00	  0.10	  0.03	 -0.00	  0.25	 -0.13	 -0.12	 -0.00	  0.04	  0.13	 -0.16	
 -0.00	  0.15	 -0.08	 -0.00	  0.10	  0.03	 -0.00	  0.25	 -0.13	 -0.12	 -0.00	  0.04	  0.13	 -0.17	
 -0.00	  0.15	 -0.08	 -0.00	  0.10	  0.03	 -0.00	  0.25	 -0.13	 -0.12	 -0.00	  0.04	  0.13	 -0.17	
 -0.00	  0.16	 -0.08	 -0.00	  0.10	  0.03	 -0.00	  0.25	 -0.13	 -0.12	 -0.00	  0.04	  0.13	 -0.17	
 -0.00	  0.16	 -0.08	 -0.00	  0.10	  0.03	 -0.00	  0.25	 -0.14	 -0.12	 -0.00	  0.04	  0.13	 -0.17	
 -0.00	  0.16	 -0.08	 -0.00	  0.10	  0.03	 -0.00	  0.25	 -0.14	 -0.12	 -0.00	  0.04	  0.13	 -0.17	
 -0.00	  0.16	 -0.08	 -0.00	  0.10	  0.03	 -0.00	  0.25	 -0.14	 -0.12	 -0.00	  0.04	  0.13	 -0.17	
 -0.00	  0.16	 -0.08	 -0.00	  0.10	  0.03	 -0.00	  0.26	 -0.14	 -0.12	 -0.00	  0.04	  0.13	 -0.17	
 -0.00	  0.16	 -0.08	 -0.00	  0.10	  0.03	 -0.00	  0.26	 -0.14	 -0.12	 -0.00	  0.04	  0.13	 -0.18	
 -0.00	  0.16	 -0.08	 -0.00	  0.10	  0.03	 -0.00	  0.26	 -0.14	 -0.12	 -0.00	  0.04	  0.14	 -0.18	
 -0.00	  0.16	 -0.08	 -0.00	  0.10	  0.03	 -0.00	  0.26	 -0.14	 -0.12	 -0.00	  0.04	  0.14	 -0.18	
 -0.00	  0.16	 -0.08	 -0.00	  0.10	  0.03	 -0.00	  0.26	 -0.14	 -0.12	 -0.00	  0.04	  0.14	 -0.18	
 -0.00	  0.16	 -0.08	 -0.00	  0.10	  0.03	 -0.00	  0.26	 -0.14	 -0.12	 -0.00	  0.04	  0.14	 -0.18	
 -0.00	  0.16	 -0.08	 -0.00	  0.10	  0.03	 -0.00	  0.26	 -0.14	 -0.12	 -0.00	  0.04	  0.14	 -0.18	
 -0.00	  0.17	 -0.08	 -0.00	  0.10	  0.03	 -0.00	  0.26	 -0.14	 -0.12	 -0.00	  0.04	  0.14	 -0.18	
 -0.00	  0.17	 -0.08	 -0.00	  0.10	  0.03	 -0.00	  0.26	 -0.14	 -0.12	 -0.00	  0.05	  0.14	 -0.18	
 -0.00	  0.17	 -0.08	 -0.00	  0.10	  0.03	 -0.00	  0.26	 -0.14	 -0.12	 -0.00	  0.05	  0.14	 -0.18	
 -0.00	  0.17	 -0.08	 -0.00	  0.10	  0.03	 -0.00	  0.26	 -0.14	 -0.12	 -0.00	  0.05	  0.14	 -0.19	
 -0.00	  0.17	 -0.08	 -0.00	  0.11	  0.03	 -0.00	  0.26	 -0.14	 -0.12	 -0.00	  0.05	  0.14	 -0.19	
 -0.00	  0.17	 -0.08	 -0.00	  0.11	  0.03	 -0.00	  0.26	 -0.14	 -0.12	 -0.00	  0.05	  0.14	 -0.19	
 -0.00	  0.17	 -0.08	 -0.00	  0.11	  0.03	 -0.00	  0.26	 -0.15	 -0.12	 -0.00	  0.05	  0.14	 -0.19	
 -0.00	  0.17	 -0.08	 -0.00	  0.11	  0.03	 -0.00	  0.27	 -0.15	 -0.12	 -0.00	  0.05	  0.14	 -0.19	
 -0.00	  0.17	 -0.08	 -0.00	  0.11	  0.04	 -0.00	  0.27	 -0.15	 -0.12	 -0.00	  0.05	  0.14	 -0.19	
 -0.00	  0.17	 -0.08	 -0.00	  0.11	  0.04	 -0.00	  0.27	 -0.15	 -0.12	 -0.00	  0.05	  0.14	 -0.19	
 -0.00	  0.17	 -0.08	 -0.00	  0.11	  0.04	 -0.00	  0.27	 -0.15	 -0.12	 -0.00	  0.05	  0.14	 -0.19	
 -0.00	  0.17	 -0.08	 -0.00	  0.11	  0.04	 -0.00	  0.27	 -0.15	 -0.12	 -0.00	  0.05	  0.14	 -0.20	
 -0.00	  0.17	 -0.08	 -0.00	  0.11	  0.04	 -0.00	  0.27	 -0.15	 -0.12	 -0.00	  0.06	  0.14	 -0.20	
 -0.00	  0.17	 -0.08	 -0.00	  0.11	  0.04	 -0.00	  0.27	 -0.15	 -0.12	 -0.00	  0.06	  0.14	 -0.20	
 -0.00	  0.17	 -0.08	 -0.00	  0.11	  0.04	 -0.00	  0.27	 -0.15	 -0.12	 -0.00	  0.06	  0.14	 -0.20	
 -0.00	  0.17	 -0.08	 -0.00	  0.11	  0.04	 -0.00	  0.27	 -0.15	 -0.12	 -0.00	  0.06	  0.14	 -0.20	
 -0.00	  0.17	 -0.08	 -0.00	  0.11	  0.04	 -0.00	  0.27	 -0.15	 -0.12	 -0.00	  0.06	  0.14	 -0.20	
 -0.00	  0.17	 -0.08	 -0.00	  0.11	  0.04	 -0.00	  0.27	 -0.15	 -0.12	 -0.00	  0.06	  0.14	 -0.20	
 -0.00	  0.18	 -0.08	 -0.00	  0.11	  0.04	 -0.00	  0.27	 -0.15	 -0.12	 -0.00	  0.06	  0.14	 -0.20	
 -0.00	  0.18	 -0.08	 -0.00	  0.11	  0.04	 -0.00	  0.27	 -0.15	 -0.12	 -0.00	  0.06	  0.14	 -0.20	
 -0.00	  0.18	 -0.08	 -0.00	  0.11	  0.04	 -0.00	  0.27	 -0.15	 -0.12	 -0.00	  0.06	  0.14	 -0.21	
 -0.00	  0.18	 -0.08	 -0.00	  0.11	  0.04	 -0.00	  0.27	 -0.15	 -0.12	 -0.00	  0.06	  0.14	 -0.21	
 -0.00	  0.18	 -0.08	 -0.00	  0.11	  0.04	 -0.00	  0.28	 -0.16	 -0.12	 -0.00	  0.07	  0.14	 -0.21	
 -0.00	  0.18	 -0.08	 -0.00	  0.11	  0.04	 -0.00	  0.28	 -0.16	 -0.12	 -0.00	  0.07	  0.14	 -0.21	
 -0.00	  0.18	 -0.08	 -0.00	  0.11	  0.04	 -0.00	  0.28	 -0.16	 -0.12	 -0.00	  0.07	  0.14	 -0.21	
 -0.00	  0.18	 -0.08	 -0.00	  0.11	  0.04	 -0.00	  0.28	 -0.16	 -0.12	 -0.00	  0.07	  0.14	 -0.21	
 -0.00	  0.18	 -0.08	 -0.00	  0.11	  0.04	 -0.00	  0.28	 -0.16	 -0.12	 -0.00	  0.07	  0.14	 -0.21	
 -0.00	  0.18	 -0.08	 -0.00	  0.11	  0.04	 -0.00	  0.28	 -0.16	 -0.12	 -0.00	  0.07	  0.14	 -0.21	
 -0.00	  0.18	 -0.08	 -0.00	  0.11	  0.04	 -0.00	  0.28	 -0.16	 -0.12	 -0.00	  0.07	  0.14	 -0.22	
 -0.00	  0.18	 -0.09	 -0.00	  0.11	  0.04	 -0.00	  0.28	 -0.16	 -0.12	 -0.00	  0.07	  0.15	 -0.22	
 -0.00	  0.18	 -0.09	 -0.00	  0.11	  0.04	 -0.00	  0.28	 -0.16	 -0.12	 -0.00	  0.07	  0.15	 -0.22	
 -0.00	  0.18	 -0.09	 -0.00	  0.11	  0.04	 -0.00	  0.28	 -0.16	 -0.12	 -0.00	  0.07	  0.15	 -0.22	
 -0.00	  0.18	 -0.09	 -0.00	  0.11	  0.04	 -0.00	  0.28	 -0.16	 -0.12	 -0.00	  0.07	  0.15	 -0.22	
 -0.00	  0.18	 -0.09	 -0.00	  0.11	  0.04	 -0.00	  0.28	 -0.16	 -0.12	 -0.00	  0.08	  0.15	 -0.22	
 -0.00	  0.18	 -0.09	 -0.00	  0.11	  0.04	 -0.00	  0.28	 -0.16	 -0.12	 -0.00	  0.08	  0.15	 -0.22	
 -0.00	  0.18	 -0.09	 -0.00	  0.11	  0.04	 -0.00	  0.28	 -0.16	 -0.12	 -0.00	  0.08	  0.15	 -0.22	
 -0.00	  0.18	 -0.09	 -0.00	  0.11	  0.04	 -0.00	  0.28	 -0.16	 -0.12	 -0.00	  0.08	  0.15	 -0.23	
 -0.00	  0.18	 -0.09	 -0.00	  0.11	  0.04	 -0.00	  0.29	 -0.16	 -0.12	 -0.00	  0.08	  0.15	 -0.23	
 -0.00	  0.19	 -0.09	 -0.00	  0.11	  0.04	 -0.00	  0.29	 -0.16	 -0.12	 -0.00	  0.08	  0.15	 -0.23	
 -0.00	  0.19	 -0.09	 -0.00	  0.11	  0.05	 -0.00	  0.29	 -0.17	 -0.12	 -0.00	  0.08	  0.15	 -0.23	
 -0.00	  0.19	 -0.09	 -0.00	  0.11	  0.05	 -0.00	  0.29	 -0.17	 -0.12	 -0.00	  0.08	  0.15	 -0.23	
 -0.00	  0.19	 -0.09	 -0.00	  0.11	  0.05	 -0.00	  0.29	 -0.17	 -0.12	 -0.00	  0.08	  0.15	 -0.23	
 -0.00	  0.19	 -0.09	 -0.00	  0.11	  0.05	 -0.00	  0.29	 -0.17	 -0.12	 -0.00	  0.09	  0.15	 -0.23	
 -0.00	  0.19	 -0.09	 -0.00	  0.11	  0.05	 -0.00	  0.29	 -0.17	 -0.12	 -0.00	  0.09	  0.15	 -0.23	
 -0.00	  0.19	 -0.09	 -0.00	  0.11	  0.05	 -0.00	  0.29	 -0.17	 -0.12	 -0.00	  0.09	  0.15	 -0.24	
 -0.00	  0.19	 -0.09	 -0.00	  0.11	  0.05	 -0.00	  0.29	 -0.17	 -0.12	 -0.00	  0.09	  0.15	 -0.24	
 -0.00	  0.19	 -0.09	 -0.00	  0.11	  0.05	 -0.00	  0.29	 -0.17	 -0.12	 -0.00	  0.09	  0.15	 -0.24	
 -0.00	  0.19	 -0.09	 -0.00	  0.11	  0.05	 -0.00	  0.29	 -0.17	 -0.12	 -0.00	  0.09	  0.15	 -0.24	
 -0.00	  0.19	 -0.09	 -0.00	  0.11	  0.05	 -0.00	  0.29	 -0.17	 -0.12	 -0.00	  0.09	  0.15	 -0.24	
 -0.00	  0.19	 -0.09	 -0.00	  0.11	  0.05	 -0.00	  0.29	 -0.17	 -0.12	 -0.00	  0.09	  0.15	 -0.24	
 -0.00	  0.19	 -0.09	 -0.00	  0.11	  0.05	 -0.00	  0.29	 -0.17	 -0.12	 -0.00	  0.09	  0.15	 -0.24	
 -0.00	  0.19	 -0.09	 -0.00	  0.11	  0.05	 -0.00	  0.29	 -0.17	 -0.12	 -0.00	  0.09	  0.15	 -0.24	
 -0.00	  0.19	 -0.09	 -0.00	  0.11	  0.05	 -0.00	  0.29	 -0.17	 -0.12	 -0.00	  0.10	  0.15	 -0.25	
 -0.00	  0.19	 -0.09	 -0.00	  0.11	  0.05	 -0.00	  0.29	 -0.17	 -0.12	 -0.00	  0.10	  0.15	 -0.25	
 -0.00	  0.19	 -0.09	 -0.00	  0.11	  0.05	 -0.00	  0.29	 -0.17	 -0.12	 -0.00	  0.10	  0.15	 -0.25	
 -0.00	  0.19	 -0.09	 -0.00	  0.11	  0.05	 -0.00	  0.30	 -0.17	 -0.12	 -0.00	  0.10	  0.15	 -0.25	
 -0.00	  0.19	 -0.09	 -0.00	  0.11	  0.05	 -0.00	  0.30	 -0.18	 -0.12	 -0.00	  0.10	  0.15	 -0.25	
 -0.00	  0.19	 -0.09	 -0.00	  0.11	  0.05	 -0.00	  0.30	 -0.18	 -0.12	 -0.00	  0.10	  0.15	 -0.25	
 -0.00	  0.20	 -0.09	 -0.00	  0.11	  0.05	 -0.00	  0.30	 -0.18	 -0.12	 -0.00	  0.10	  0.15	 -0.25	
 -0.00	  0.20	 -0.09	 -0.00	  0.11	  0.05	 -0.00	  0.30	 -0.18	 -0.12	 -0.00	  0.10	  0.15	 -0.25	
 -0.00	  0.20	 -0.09	 -0.00	  0.11	  0.05	 -0.00	  0.30	 -0.18	 -0.12	 -0.00	  0.10	  0.15	 -0.26	
 -0.00	  0.20	 -0.09	 -0.00	  0.11	  0.05	 -0.00	  0.30	 -0.18	 -0.12	 -0.00	  0.11	  0.15	 -0.26	
 -0.00	  0.20	 -0.09	 -0.00	  0.11	  0.05	 -0.00	  0.30	 -0.18	 -0.12	 -0.00	  0.11	  0.15	 -0.26	
 -0.00	  0.20	 -0.09	 -0.00	  0.11	  0.05	 -0.00	  0.30	 -0.18	 -0.12	 -0.00	  0.11	  0.15	 -0.26	
 -0.00	  0.20	 -0.09	 -0.00	  0.11	  0.05	 -0.00	  0.30	 -0.18	 -0.12	 -0.00	  0.11	  0.15	 -0.26	
 -0.00	  0.20	 -0.09	 -0.00	  0.11	  0.05	 -0.00	  0.30	 -0.18	 -0.12	 -0.00	  0.11	  0.15	 -0.26	
 -0.00	  0.20	 -0.09	 -0.00	  0.11	  0.05	 -0.00	  0.30	 -0.18	 -0.12	 -0.00	  0.11	  0.15	 -0.26	
 -0.00	  0.20	 -0.09	 -0.00	  0.11	  0.05	 -0.00	  0.30	 -0.18	 -0.12	 -0.00	  0.11	  0.15	 -0.26	
 -0.00	  0.20	 -0.09	 -0.00	  0.11	  0.05	 -0.00	  0.30	 -0.18	 -0.12	 -0.00	  0.11	  0.15	 -0.27	
 -0.00	  0.20	 -0.09	 -0.00	  0.11	  0.05	 -0.00	  0.30	 -0.18	 -0.12	 -0.00	  0.11	  0.15	 -0.27	
 -0.00	  0.20	 -0.09	 -0.00	  0.11	  0.06	 -0.00	  0.30	 -0.18	 -0.12	 -0.00	  0.12	  0.15	 -0.27	
 -0.00	  0.20	 -0.09	 -0.00	  0.11	  0.06	 -0.00	  0.30	 -0.18	 -0.12	 -0.00	  0.12	  0.15	 -0.27	
 -0.00	  0.20	 -0.09	 -0.00	  0.11	  0.06	 -0.00	  0.30	 -0.18	 -0.12	 -0.00	  0.12	  0.15	 -0.27	
 -0.00	  0.20	 -0.09	 -0.00	  0.12	  0.06	 -0.00	  0.30	 -0.18	 -0.12	 -0.00	  0.12	  0.15	 -0.27	
 -0.00	  0.20	 -0.09	 -0.00	  0.12	  0.06	 -0.00	  0.31	 -0.19	 -0.12	 -0.00	  0.12	  0.15	 -0.27	
 -0.00	  0.20	 -0.09	 -0.00	  0.12	  0.06	 -0.00	  0.31	 -0.19	 -0.12	 -0.00	  0.12	  0.15	 -0.27	
 -0.00	  0.20	 -0.09	 -0.00	  0.12	  0.06	 -0.00	  0.31	 -0.19	 -0.12	 -0.00	  0.12	  0.15	 -0.28	
 -0.00	  0.20	 -0.09	 -0.00	  0.12	  0.06	 -0.00	  0.31	 -0.19	 -0.12	 -0.00	  0.12	  0.15	 -0.28	
 -0.00	  0.20	 -0.09	 -0.00	  0.12	  0.06	 -0.00	  0.31	 -0.19	 -0.12	 -0.00	  0.13	  0.15	 -0.28	
 -0.00	  0.20	 -0.09	 -0.00	  0.12	  0.06	 -0.00	  0.31	 -0.19	 -0.12	 -0.00	  0.13	  0.15	 -0.28	
 -0.00	  0.20	 -0.09	 -0.00	  0.12	  0.06	 -0.00	  0.31	 -0.19	 -0.12	 -0.00	  0.13	  0.15	 -0.28	
 -0.00	  0.21	 -0.09	 -0.00	  0.12	  0.06	 -0.00	  0.31	 -0.19	 -0.12	 -0.00	  0.13	  0.15	 -0.28	
 -0.00	  0.21	 -0.09	 -0.00	  0.12	  0.06	 -0.00	  0.31	 -0.19	 -0.12	 -0.00	  0.13	  0.15	 -0.28	
 -0.00	  0.21	 -0.09	 -0.00	  0.12	  0.06	 -0.00	  0.31	 -0.19	 -0.12	 -0.00	  0.13	  0.15	 -0.28	
 -0.00	  0.21	 -0.09	 -0.00	  0.12	  0.06	 -0.00	  0.31	 -0.19	 -0.12	 -0.00	  0.13	  0.15	 -0.29	
 -0.00	  0.21	 -0.09	 -0.00	  0.12	  0.06	 -0.00	  0.31	 -0.19	 -0.12	 -0.00	  0.13	  0.15	 -0.29	
 -0.00	  0.21	 -0.09	 -0.00	  0.12	  0.06	 -0.00	  0.31	 -0.19	 -0.12	 -0.00	  0.14	  0.15	 -0.29	
 -0.00	  0.21	 -0.09	 -0.00	  0.12	  0.06	 -0.00	  0.31	 -0.19	 -0.12	 -0.00	  0.14	  0.15	 -0.29	
 -0.00	  0.21	 -0.09	 -0.00	  0.12	  0.06	 -0.00	  0.31	 -0.19	 -0.12	 -0.00	  0.14	  0.15	 -0.29	
 -0.00	  0.21	 -0.09	 -0.00	  0.12	  0.06	 -0.00	  0.31	 -0.19	 -0.12	 -0.00	  0.14	  0.15	 -0.29	
 -0.00	  0.21	 -0.09	 -0.00	  0.12	  0.06	 -0.00	  0.31	 -0.19	 -0.12	 -0.00	  0.14	  0.15	 -0.29	
 -0.00	  0.21	 -0.09	 -0.00	  0.12	  0.06	 -0.00	  0.31	 -0.19	 -0.12	 -0.00	  0.14	  0.15	 -0.30	
 -0.00	  0.21	 -0.09	 -0.00	  0.12	  0.06	 -0.00	  0.31	 -0.20	 -0.12	 -0.00	  0.14	  0.15	 -0.30	
 -0.00	  0.21	 -0.09	 -0.00	  0.12	  0.06	 -0.00	  0.31	 -0.20	 -0.12	 -0.00	  0.14	  0.15	 -0.30	
 -0.00	  0.21	 -0.09	 -0.00	  0.12	  0.06	 -0.00	  0.31	 -0.20	 -0.12	 -0.00	  0.15	  0.15	 -0.30	
 -0.00	  0.21	 -0.09	 -0.00	  0.12	  0.06	 -0.00	  0.31	 -0.20	 -0.12	 -0.00	  0.15	  0.15	 -0.30	
 -0.00	  0.21	 -0.09	 -0.00	  0.12	  0.06	 -0.00	  0.31	 -0.20	 -0.12	 -0.00	  0.15	  0.15	 -0.30	
 -0.00	  0.21	 -0.09	 -0.00	  0.12	  0.06	 -0.00	  0.32	 -0.20	 -0.12	 -0.00	  0.15	  0.15	 -0.30	
 -0.00	  0.21	 -0.09	 -0.00	  0.12	  0.06	 -0.00	  0.32	 -0.20	 -0.12	 -0.00	  0.15	  0.15	 -0.30	
 -0.00	  0.21	 -0.09	 -0.00	  0.12	  0.06	 -0.00	  0.32	 -0.20	 -0.12	 -0.00	  0.15	  0.15	 -0.31	
 -0.00	  0.21	 -0.09	 -0.00	  0.12	  0.06	 -0.00	  0.32	 -0.20	 -0.12	 -0.00	  0.15	  0.15	 -0.31	
 -0.00	  0.21	 -0.09	 -0.00	  0.12	  0.06	 -0.00	  0.32	 -0.20	 -0.12	 -0.00	  0.15	  0.15	 -0.31	
 -0.00	  0.21	 -0.09	 -0.00	  0.12	  0.07	 -0.00	  0.32	 -0.20	 -0.12	 -0.00	  0.16	  0.15	 -0.31	
 -0.00	  0.21	 -0.09	 -0.00	  0.12	  0.07	 -0.00	  0.32	 -0.20	 -0.12	 -0.00	  0.16	  0.15	 -0.31	
 -0.00	  0.21	 -0.09	 -0.00	  0.12	  0.07	 -0.00	  0.32	 -0.20	 -0.12	 -0.00	  0.16	  0.15	 -0.31	
 -0.00	  0.21	 -0.09	 -0.00	  0.12	  0.07	 -0.00	  0.32	 -0.20	 -0.12	 -0.00	  0.16	  0.15	 -0.31	
 -0.00	  0.22	 -0.09	 -0.00	  0.12	  0.07	 -0.00	  0.32	 -0.20	 -0.12	 -0.00	  0.16	  0.15	 -0.32	
 -0.00	  0.22	 -0.09	 -0.00	  0.12	  0.07	 -0.00	  0.32	 -0.20	 -0.12	 -0.00	  0.16	  0.15	 -0.32	
 -0.00	  0.22	 -0.09	 -0.00	  0.12	  0.07	 -0.00	  0.32	 -0.20	 -0.12	 -0.00	  0.16	  0.15	 -0.32	
 -0.00	  0.22	 -0.09	 -0.00	  0.12	  0.07	 -0.00	  0.32	 -0.20	 -0.12	 -0.00	  0.17	  0.15	 -0.32	
 -0.00	  0.22	 -0.09	 -0.00	  0.12	  0.07	 -0.00	  0.32	 -0.20	 -0.12	 -0.00	  0.17	  0.15	 -0.32	
 -0.00	  0.22	 -0.09	 -0.00	  0.12	  0.07	 -0.00	  0.32	 -0.20	 -0.12	 -0.00	  0.17	  0.15	 -0.32	
 -0.00	  0.22	 -0.09	 -0.00	  0.12	  0.07	 -0.00	  0.32	 -0.21	 -0.12	 -0.00	  0.17	  0.15	 -0.32	
 -0.00	  0.22	 -0.09	 -0.00	  0.12	  0.07	 -0.00	  0.32	 -0.21	 -0.11	 -0.00	  0.17	  0.15	 -0.32	
 -0.00	  0.22	 -0.09	 -0.00	  0.12	  0.07	 -0.00	  0.32	 -0.21	 -0.11	 -0.00	  0.17	  0.15	 -0.33	
 -0.00	  0.22	 -0.09	 -0.00	  0.12	  0.07	 -0.00	  0.32	 -0.21	 -0.11	 -0.00	  0.17	  0.15	 -0.33	
 -0.00	  0.22	 -0.09	 -0.00	  0.12	  0.07	 -0.00	  0.32	 -0.21	 -0.11	 -0.00	  0.17	  0.15	 -0.33	
 -0.00	  0.22	 -0.09	 -0.00	  0.12	  0.07	 -0.00	  0.32	 -0.21	 -0.11	 -0.00	  0.18	  0.15	 -0.33	
 -0.00	  0.22	 -0.09	 -0.00	  0.12	  0.07	 -0.00	  0.32	 -0.21	 -0.11	 -0.00	  0.18	  0.15	 -0.33	
 -0.00	  0.22	 -0.09	 -0.00	  0.12	  0.07	 -0.00	  0.32	 -0.21	 -0.11	 -0.00	  0.18	  0.15	 -0.33	
 -0.00	  0.22	 -0.09	 -0.00	  0.12	  0.07	 -0.00	  0.32	 -0.21	 -0.11	 -0.00	  0.18	  0.15	 -0.33	
 -0.00	  0.22	 -0.09	 -0.00	  0.12	  0.07	 -0.00	  0.32	 -0.21	 -0.11	 -0.00	  0.18	  0.15	 -0.34	
 -0.00	  0.22	 -0.09	 -0.00	  0.12	  0.07	 -0.00	  0.32	 -0.21	 -0.11	 -0.00	  0.18	  0.15	 -0.34	
 -0.00	  0.22	 -0.09	 -0.00	  0.12	  0.07	 -0.00	  0.32	 -0.21	 -0.11	 -0.00	  0.18	  0.15	 -0.34	
 -0.00	  0.22	 -0.09	 -0.00	  0.12	  0.07	 -0.00	  0.32	 -0.21	 -0.11	 -0.00	  0.19	  0.15	 -0.34	
 -0.00	  0.22	 -0.09	 -0.00	  0.12	  0.07	 -0.00	  0.32	 -0.21	 -0.11	 -0.00	  0.19	  0.15	 -0.34	
 -0.00	  0.22	 -0.09	 -0.00	  0.12	  0.07	 -0.00	  0.33	 -0.21	 -0.11	 -0.00	  0.19	  0.15	 -0.34	
 -0.00	  0.22	 -0.09	 -0.00	  0.12	  0.07	 -0.00	  0.33	 -0.21	 -0.11	 -0.00	  0.19	  0.15	 -0.34	
 -0.00	  0.22	 -0.09	 -0.00	  0.12	  0.07	 -0.00	  0.33	 -0.21	 -0.11	 -0.00	  0.19	  0.15	 -0.35	
 -0.00	  0.22	 -0.09	 -0.00	  0.12	  0.07	 -0.00	  0.33	 -0.21	 -0.11	 -0.00	  0.19	  0.15	 -0.35	
 -0.00	  0.22	 -0.09	 -0.00	  0.12	  0.07	 -0.00	  0.33	 -0.21	 -0.11	 -0.00	  0.19	  0.15	 -0.35	
 -0.00	  0.22	 -0.09	 -0.00	  0.12	  0.07	 -0.00	  0.33	 -0.21	 -0.11	 -0.00	  0.20	  0.15	 -0.35	
 -0.00	  0.22	 -0.09	 -0.00	  0.12	  0.07	 -0.00	  0.33	 -0.22	 -0.11	 -0.00	  0.20	  0.15	 -0.35	
 -0.00	  0.22	 -0.09	 -0.00	  0.12	  0.08	 -0.00	  0.33	 -0.22	 -0.11	 -0.00	  0.20	  0.15	 -0.35	
 -0.00	  0.22	 -0.09	 -0.00	  0.12	  0.08	 -0.00	  0.33	 -0.22	 -0.11	 -0.00	  0.20	  0.15	 -0.35	
 -0.00	  0.23	 -0.09	 -0.00	  0.12	  0.08	 -0.00	  0.33	 -0.22	 -0.11	 -0.00	  0.20	  0.15	 -0.36	
 -0.00	  0.23	 -0.09	 -0.00	  0.12	  0.08	 -0.00	  0.33	 -0.22	 -0.11	 -0.00	  0.20	  0.15	 -0.36	
 -0.00	  0.23	 -0.09	 -0.00	  0.12	  0.08	 -0.00	  0.33	 -0.22	 -0.11	 -0.00	  0.21	  0.15	 -0.36	
 -0.00	  0.23	 -0.09	 -0.00	  0.12	  0.08	 -0.00	  0.33	 -0.22	 -0.11	 -0.00	  0.21	  0.15	 -0.36	
 -0.00	  0.23	 -0.09	 -0.00	  0.12	  0.08	 -0.00	  0.33	 -0.22	 -0.11	 -0.00	  0.21	  0.15	 -0.36	
 -0.00	  0.23	 -0.09	 -0.00	  0.12	  0.08	 -0.00	  0.33	 -0.22	 -0.11	 -0.00	  0.21	  0.15	 -0.36	
 -0.00	  0.23	 -0.09	 -0.00	  0.12	  0.08	 -0.00	  0.33	 -0.22	 -0.11	 -0.00	  0.21	  0.15	 -0.36	
 -0.00	  0.23	 -0.09	 -0.00	  0.12	  0.08	 -0.00	  0.33	 -0.22	 -0.11	 -0.00	  0.21	  0.15	 -0.37	
 -0.00	  0.23	 -0.09	 -0.00	  0.12	  0.08	 -0.00	  0.33	 -0.22	 -0.11	 -0.00	  0.21	  0.15	 -0.37	
 -0.00	  0.23	 -0.08	 -0.00	  0.12	  0.08	 -0.00	  0.33	 -0.22	 -0.11	 -0.00	  0.22	  0.15	 -0.37	
 -0.00	  0.23	 -0.08	 -0.00	  0.12	  0.08	 -0.00	  0.33	 -0.22	 -0.11	 -0.00	  0.22	  0.15	 -0.37	
 -0.00	  0.23	 -0.08	 -0.00	  0.12	  0.08	 -0.00	  0.33	 -0.22	 -0.11	 -0.00	  0.22	  0.15	 -0.37	
 -0.00	  0.23	 -0.08	 -0.00	  0.12	  0.08	 -0.00	  0.33	 -0.22	 -0.11	 -0.00	  0.22	  0.15	 -0.37	
 -0.00	  0.23	 -0.08	 -0.00	  0.12	  0.08	 -0.00	  0.33	 -0.22	 -0.11	 -0.00	  0.22	  0.15	 -0.37	
 -0.00	  0.23	 -0.08	 -0.00	  0.12	  0.08	 -0.00	  0.33	 -0.22	 -0.11	 -0.00	  0.22	  0.15	 -0.38	
 -0.00	  0.23	 -0.08	 -0.00	  0.12	  0.08	 -0.00	  0.33	 -0.22	 -0.11	 -0.00	  0.23	  0.15	 -0.38	
 -0.00	  0.23	 -0.08	 -0.00	  0.12	  0.08	 -0.00	  0.33	 -0.22	 -0.11	 -0.00	  0.23	  0.15	 -0.38	
 -0.00	  0.23	 -0.08	 -0.00	  0.12	  0.08	 -0.00	  0.33	 -0.22	 -0.11	 -0.00	  0.23	  0.15	 -0.38	
 -0.00	  0.23	 -0.08	 -0.00	  0.12	  0.08	 -0.00	  0.33	 -0.22	 -0.11	 -0.00	  0.23	  0.15	 -0.38	
 -0.00	  0.23	 -0.08	 -0.00	  0.12	  0.08	 -0.00	  0.33	 -0.23	 -0.11	 -0.00	  0.23	  0.15	 -0.38	
 -0.00	  0.23	 -0.08	 -0.00	  0.12	  0.08	 -0.00	  0.33	 -0.23	 -0.11	 -0.00	  0.23	  0.15	 -0.38	
 -0.00	  0.23	 -0.08	 -0.00	  0.12	  0.08	 -0.00	  0.33	 -0.23	 -0.11	 -0.00	  0.23	  0.15	 -0.39	
 -0.00	  0.23	 -0.08	 -0.00	  0.12	  0.08	 -0.00	  0.33	 -0.23	 -0.11	 -0.00	  0.24	  0.15	 -0.39	
 -0.00	  0.23	 -0.08	 -0.00	  0.12	  0.08	 -0.00	  0.33	 -0.23	 -0.11	 -0.00	  0.24	  0.15	 -0.39	
 -0.00	  0.23	 -0.08	 -0.00	  0.12	  0.08	 -0.00	  0.33	 -0.23	 -0.11	 -0.00	  0.24	  0.15	 -0.39	
 -0.00	  0.23	 -0.08	 -0.00	  0.12	  0.08	 -0.00	  0.33	 -0.23	 -0.11	 -0.00	  0.24	  0.15	 -0.39	
 -0.00	  0.23	 -0.08	 -0.00	  0.12	  0.08	 -0.00	  0.33	 -0.23	 -0.11	 -0.00	  0.24	  0.15	 -0.39	
 -0.00	  0.23	 -0.08	 -0.00	  0.12	  0.08	 -0.00	  0.33	 -0.23	 -0.11	 -0.00	  0.24	  0.15	 -0.39	
 -0.00	  0.23	 -0.08	 -0.00	  0.12	  0.08	 -0.00	  0.33	 -0.23	 -0.10	 -0.00	  0.25	  0.15	 -0.40	
 -0.00	  0.23	 -0.08	 -0.00	  0.12	  0.09	 -0.00	  0.33	 -0.23	 -0.10	 -0.00	  0.25	  0.15	 -0.40	
 -0.00	  0.23	 -0.08	 -0.00	  0.12	  0.09	 -0.00	  0.33	 -0.23	 -0.10	 -0.00	  0.25	  0.15	 -0.40	
 -0.00	  0.23	 -0.08	 -0.00	  0.12	  0.09	 -0.00	  0.33	 -0.23	 -0.10	 -0.00	  0.25	  0.15	 -0.40	
 -0.00	  0.23	 -0.08	 -0.00	  0.12	  0.09	 -0.00	  0.33	 -0.23	 -0.10	 -0.00	  0.25	  0.15	 -0.40	
 -0.00	  0.23	 -0.08	 -0.00	  0.12	  0.09	 -0.00	  0.33	 -0.23	 -0.10	 -0.00	  0.25	  0.15	 -0.40	
 -0.00	  0.24	 -0.08	 -0.00	  0.12	  0.09	 -0.00	  0.34	 -0.23	 -0.10	 -0.00	  0.26	  0.15	 -0.40	
 -0.00	  0.24	 -0.08	 -0.00	  0.12	  0.09	 -0.00	  0.34	 -0.23	 -0.10	 -0.00	  0.26	  0.15	 -0.41	
 -0.00	  0.24	 -0.08	 -0.00	  0.12	  0.09	 -0.00	  0.34	 -0.23	 -0.10	 -0.00	  0.26	  0.15	 -0.41	
 -0.00	  0.24	 -0.08	 -0.00	  0.12	  0.09	 -0.00	  0.34	 -0.23	 -0.10	 -0.00	  0.26	  0.15	 -0.41	
 -0.00	  0.24	 -0.08	 -0.00	  0.12	  0.09	 -0.00	  0.34	 -0.23	 -0.10	 -0.00	  0.26	  0.15	 -0.41	
 -0.00	  0.24	 -0.08	 -0.00	  0.12	  0.09	 -0.00	  0.34	 -0.23	 -0.10	 -0.00	  0.26	  0.15	 -0.41	
 -0.00	  0.24	 -0.08	 -0.00	  0.12	  0.09	 -0.00	  0.34	 -0.23	 -0.10	 -0.00	  0.27	  0.15	 -0.41	
 -0.00	  0.24	 -0.08	 -0.00	  0.12	  0.09	 -0.00	  0.34	 -0.23	 -0.10	 -0.00	  0.27	  0.15	 -0.42	
 -0.00	  0.24	 -0.08	 -0.00	  0.12	  0.09	 -0.00	  0.34	 -0.24	 -0.10	 -0.00	  0.27	  0.15	 -0.42	
 -0.00	  0.24	 -0.08	 -0.00	  0.12	  0.09	 -0.00	  0.34	 -0.24	 -0.10	 -0.00	  0.27	  0.15	 -0.42	
 -0.00	  0.24	 -0.08	 -0.00	  0.12	  0.09	 -0.00	  0.34	 -0.24	 -0.10	 -0.00	  0.27	  0.15	 -0.42	
 -0.00	  0.24	 -0.08	 -0.00	  0.12	  0.09	 -0.00	  0.34	 -0.24	 -0.10	 -0.00	  0.27	  0.15	 -0.42	
 -0.00	  0.24	 -0.08	 -0.00	  0.12	  0.09	 -0.00	  0.34	 -0.24	 -0.10	 -0.00	  0.28	  0.15	 -0.42	
 -0.00	  0.24	 -0.08	 -0.00	  0.12	  0.09	 -0.00	  0.34	 -0.24	 -0.10	 -0.00	  0.28	  0.15	 -0.42	
 -0.00	  0.24	 -0.08	 -0.00	  0.12	  0.09	 -0.00	  0.34	 -0.24	 -0.10	 -0.00	  0.28	  0.15	 -0.43	
 -0.00	  0.24	 -0.08	 -0.00	  0.12	  0.09	 -0.00	  0.34	 -0.24	 -0.10	 -0.00	  0.28	  0.15	 -0.43	
 -0.00	  0.24	 -0.08	 -0.00	  0.12	  0.09	 -0.00	  0.34	 -0.24	 -0.10	 -0.00	  0.28	  0.15	 -0.43	
 -0.00	  0.24	 -0.08	 -0.00	  0.12	  0.09	 -0.00	  0.34	 -0.24	 -0.10	 -0.00	  0.29	  0.15	 -0.43	
 -0.00	  0.24	 -0.08	 -0.00	  0.12	  0.09	 -0.00	  0.34	 -0.24	 -0.10	 -0.00	  0.29	  0.15	 -0.43	
 -0.00	  0.24	 -0.08	 -0.00	  0.12	  0.09	 -0.00	  0.34	 -0.24	 -0.10	 -0.00	  0.29	  0.14	 -0.43	
 -0.00	  0.24	 -0.08	 -0.00	  0.12	  0.09	 -0.00	  0.34	 -0.24	 -0.10	 -0.00	  0.29	  0.14	 -0.44	
 -0.00	  0.24	 -0.08	 -0.00	  0.12	  0.09	 -0.00	  0.34	 -0.24	 -0.10	 -0.00	  0.29	  0.14	 -0.44	
 -0.00	  0.24	 -0.08	 -0.00	  0.12	  0.09	 -0.00	  0.34	 -0.24	 -0.10	 -0.00	  0.29	  0.14	 -0.44	
 -0.00	  0.24	 -0.08	 -0.00	  0.12	  0.09	 -0.00	  0.34	 -0.24	 -0.10	 -0.00	  0.30	  0.14	 -0.44	
 -0.00	  0.24	 -0.08	 -0.00	  0.12	  0.09	 -0.00	  0.34	 -0.24	 -0.10	 -0.00	  0.30	  0.14	 -0.44	
 -0.00	  0.24	 -0.08	 -0.00	  0.11	  0.09	 -0.00	  0.34	 -0.24	 -0.10	 -0.00	  0.30	  0.14	 -0.44	
 -0.00	  0.24	 -0.08	 -0.00	  0.11	  0.09	 -0.00	  0.34	 -0.24	 -0.10	 -0.00	  0.30	  0.14	 -0.44	
 -0.00	  0.24	 -0.08	 -0.00	  0.11	  0.10	 -0.00	  0.34	 -0.24	 -0.10	 -0.00	  0.30	  0.14	 -0.45	
 -0.00	  0.24	 -0.08	 -0.00	  0.11	  0.10	 -0.00	  0.34	 -0.24	 -0.10	 -0.00	  0.31	  0.14	 -0.45	
 -0.00	  0.24	 -0.08	 -0.00	  0.11	  0.10	 -0.00	  0.34	 -0.24	 -0.10	 -0.00	  0.31	  0.14	 -0.45	
 -0.00	  0.24	 -0.08	 -0.00	  0.11	  0.10	 -0.00	  0.34	 -0.24	 -0.10	 -0.00	  0.31	  0.14	 -0.45	
 -0.00	  0.24	 -0.08	 -0.00	  0.11	  0.10	 -0.00	  0.34	 -0.24	 -0.09	 -0.00	  0.31	  0.14	 -0.45	
 -0.00	  0.24	 -0.08	 -0.00	  0.11	  0.10	 -0.00	  0.34	 -0.24	 -0.09	 -0.00	  0.31	  0.14	 -0.45	
 -0.00	  0.24	 -0.08	 -0.00	  0.11	  0.10	 -0.00	  0.34	 -0.24	 -0.09	 -0.00	  0.31	  0.14	 -0.46	
 -0.00	  0.24	 -0.08	 -0.00	  0.11	  0.10	 -0.00	  0.34	 -0.25	 -0.09	 -0.00	  0.32	  0.14	 -0.46	
 -0.00	  0.24	 -0.08	 -0.00	  0.11	  0.10	 -0.00	  0.34	 -0.25	 -0.09	 -0.00	  0.32	  0.14	 -0.46	
 -0.00	  0.24	 -0.08	 -0.00	  0.11	  0.10	 -0.00	  0.34	 -0.25	 -0.09	 -0.00	  0.32	  0.14	 -0.46	
 -0.00	  0.24	 -0.08	 -0.00	  0.11	  0.10	 -0.00	  0.34	 -0.25	 -0.09	 -0.00	  0.32	  0.14	 -0.46	
 -0.00	  0.24	 -0.08	 -0.00	  0.11	  0.10	 -0.00	  0.34	 -0.25	 -0.09	 -0.00	  0.32	  0.14	 -0.46	
 -0.00	  0.24	 -0.08	 -0.00	  0.11	  0.10	 -0.00	  0.34	 -0.25	 -0.09	 -0.00	  0.33	  0.14	 -0.47	
 -0.00	  0.24	 -0.08	 -0.00	  0.11	  0.10	 -0.00	  0.34	 -0.25	 -0.09	 -0.00	  0.33	  0.14	 -0.47	
 -0.00	  0.24	 -0.08	 -0.00	  0.11	  0.10	 -0.00	  0.34	 -0.25	 -0.09	 -0.00	  0.33	  0.14	 -0.47	
 -0.00	  0.24	 -0.08	 -0.00	  0.11	  0.10	 -0.00	  0.34	 -0.25	 -0.09	 -0.00	  0.33	  0.14	 -0.47	
 -0.00	  0.24	 -0.08	 -0.00	  0.11	  0.10	 -0.00	  0.34	 -0.25	 -0.09	 -0.00	  0.33	  0.14	 -0.47	
 -0.00	  0.24	 -0.08	 -0.00	  0.11	  0.10	 -0.00	  0.34	 -0.25	 -0.09	 -0.00	  0.34	  0.14	 -0.47	
 -0.00	  0.25	 -0.08	 -0.00	  0.11	  0.10	 -0.00	  0.34	 -0.25	 -0.09	 -0.00	  0.34	  0.14	 -0.47	
 -0.00	  0.25	 -0.08	 -0.00	  0.11	  0.10	 -0.00	  0.34	 -0.25	 -0.09	 -0.00	  0.34	  0.14	 -0.48	
 -0.00	  0.25	 -0.08	 -0.00	  0.11	  0.10	 -0.00	  0.34	 -0.25	 -0.09	 -0.00	  0.34	  0.14	 -0.48	
 -0.00	  0.25	 -0.08	 -0.00	  0.11	  0.10	 -0.00	  0.34	 -0.25	 -0.09	 -0.00	  0.34	  0.14	 -0.48	
 -0.00	  0.25	 -0.08	 -0.00	  0.11	  0.10	 -0.00	  0.34	 -0.25	 -0.09	 -0.00	  0.35	  0.14	 -0.48	
 -0.00	  0.25	 -0.08	 -0.00	  0.11	  0.10	 -0.00	  0.34	 -0.25	 -0.09	 -0.00	  0.35	  0.14	 -0.48	
 -0.00	  0.25	 -0.08	 -0.00	  0.11	  0.10	 -0.00	  0.34	 -0.25	 -0.09	 -0.00	  0.35	  0.14	 -0.48	
 -0.00	  0.25	 -0.08	 -0.00	  0.11	  0.10	 -0.00	  0.34	 -0.25	 -0.09	 -0.00	  0.35	  0.14	 -0.49	
 -0.00	  0.25	 -0.08	 -0.00	  0.11	  0.10	 -0.00	  0.34	 -0.25	 -0.09	 -0.00	  0.35	  0.13	 -0.49	
 -0.00	  0.25	 -0.08	 -0.00	  0.11	  0.10	 -0.00	  0.34	 -0.25	 -0.09	 -0.00	  0.35	  0.13	 -0.49	
 -0.00	  0.25	 -0.08	 -0.00	  0.11	  0.10	 -0.00	  0.34	 -0.25	 -0.09	 -0.00	  0.36	  0.13	 -0.49	
 -0.00	  0.25	 -0.08	 -0.00	  0.11	  0.10	 -0.00	  0.34	 -0.25	 -0.09	 -0.00	  0.36	  0.13	 -0.49	
 -0.00	  0.25	 -0.08	 -0.00	  0.11	  0.10	 -0.00	  0.34	 -0.25	 -0.09	 -0.00	  0.36	  0.13	 -0.49	
 -0.00	  0.25	 -0.08	 -0.00	  0.11	  0.10	 -0.00	  0.34	 -0.25	 -0.09	 -0.00	  0.36	  0.13	 -0.50	
 -0.00	  0.25	 -0.07	 -0.00	  0.11	  0.10	 -0.00	  0.34	 -0.25	 -0.09	 -0.00	  0.36	  0.13	 -0.50	
 -0.00	  0.25	 -0.07	 -0.00	  0.11	  0.11	 -0.00	  0.34	 -0.25	 -0.09	 -0.00	  0.37	  0.13	 -0.50	
 -0.00	  0.25	 -0.07	 -0.00	  0.11	  0.11	 -0.00	  0.34	 -0.25	 -0.09	 -0.00	  0.37	  0.13	 -0.50	
 -0.00	  0.25	 -0.07	 -0.00	  0.11	  0.11	 -0.00	  0.34	 -0.26	 -0.09	 -0.00	  0.37	  0.13	 -0.50	
 -0.00	  0.25	 -0.07	 -0.00	  0.11	  0.11	 -0.00	  0.34	 -0.26	 -0.08	 -0.00	  0.37	  0.13	 -0.50	
 -0.00	  0.25	 -0.07	 -0.00	  0.11	  0.11	 -0.00	  0.34	 -0.26	 -0.08	 -0.00	  0.37	  0.13	 -0.51	
 -0.00	  0.25	 -0.07	 -0.00	  0.11	  0.11	 -0.00	  0.34	 -0.26	 -0.08	 -0.00	  0.38	  0.13	 -0.51	
 -0.00	  0.25	 -0.07	 -0.00	  0.11	  0.11	 -0.00	  0.34	 -0.26	 -0.08	 -0.00	  0.38	  0.13	 -0.51	
 -0.00	  0.25	 -0.07	 -0.00	  0.11	  0.11	 -0.00	  0.34	 -0.26	 -0.08	 -0.00	  0.38	  0.13	 -0.51	
 -0.00	  0.25	 -0.07	 -0.00	  0.11	  0.11	 -0.00	  0.34	 -0.26	 -0.08	 -0.00	  0.38	  0.13	 -0.51	
 -0.00	  0.25	 -0.07	 -0.00	  0.11	  0.11	 -0.00	  0.34	 -0.26	 -0.08	 -0.00	  0.38	  0.13	 -0.51	
 -0.00	  0.25	 -0.07	 -0.00	  0.11	  0.11	 -0.00	  0.34	 -0.26	 -0.08	 -0.00	  0.39	  0.13	 -0.52	
 -0.00	  0.25	 -0.07	 -0.00	  0.11	  0.11	 -0.00	  0.34	 -0.26	 -0.08	 -0.00	  0.39	  0.13	 -0.52	
 -0.00	  0.25	 -0.07	 -0.00	  0.11	  0.11	 -0.00	  0.34	 -0.26	 -0.08	 -0.00	  0.39	  0.13	 -0.52	
 -0.00	  0.25	 -0.07	 -0.00	  0.11	  0.11	 -0.00	  0.34	 -0.26	 -0.08	 -0.00	  0.39	  0.13	 -0.52	
 -0.00	  0.25	 -0.07	 -0.00	  0.11	  0.11	 -0.00	  0.34	 -0.26	 -0.08	 -0.00	  0.40	  0.13	 -0.52	
 -0.00	  0.25	 -0.07	 -0.00	  0.11	  0.11	 -0.00	  0.34	 -0.26	 -0.08	 -0.00	  0.40	  0.13	 -0.52	
 -0.00	  0.25	 -0.07	 -0.00	  0.11	  0.11	 -0.00	  0.34	 -0.26	 -0.08	 -0.00	  0.40	  0.13	 -0.53	
 -0.00	  0.25	 -0.07	 -0.00	  0.11	  0.11	 -0.00	  0.34	 -0.26	 -0.08	 -0.00	  0.40	  0.13	 -0.53	
 -0.00	  0.25	 -0.07	 -0.00	  0.11	  0.11	 -0.00	  0.34	 -0.26	 -0.08	 -0.00	  0.40	  0.12	 -0.53	
 -0.00	  0.25	 -0.07	 -0.00	  0.11	  0.11	 -0.00	  0.34	 -0.26	 -0.08	 -0.00	  0.41	  0.12	 -0.53	
 -0.00	  0.25	 -0.07	 -0.00	  0.11	  0.11	 -0.00	  0.34	 -0.26	 -0.08	 -0.00	  0.41	  0.12	 -0.53	
 -0.00	  0.25	 -0.07	 -0.00	  0.11	  0.11	 -0.00	  0.34	 -0.26	 -0.08	 -0.00	  0.41	  0.12	 -0.53	
 -0.00	  0.25	 -0.07	 -0.00	  0.11	  0.11	 -0.00	  0.34	 -0.26	 -0.08	 -0.00	  0.41	  0.12	 -0.53	
 -0.00	  0.25	 -0.07	 -0.00	  0.11	  0.11	 -0.00	  0.34	 -0.26	 -0.08	 -0.00	  0.41	  0.12	 -0.54	
 -0.00	  0.25	 -0.07	 -0.00	  0.11	  0.11	 -0.00	  0.34	 -0.26	 -0.08	 -0.00	  0.42	  0.12	 -0.54	
 -0.00	  0.25	 -0.07	 -0.00	  0.11	  0.11	 -0.00	  0.34	 -0.26	 -0.08	 -0.00	  0.42	  0.12	 -0.54	
 -0.00	  0.25	 -0.07	 -0.00	  0.11	  0.11	 -0.00	  0.34	 -0.26	 -0.08	 -0.00	  0.42	  0.12	 -0.54	
 -0.00	  0.25	 -0.07	 -0.00	  0.11	  0.11	 -0.00	  0.34	 -0.26	 -0.08	 -0.00	  0.42	  0.12	 -0.54	
 -0.00	  0.25	 -0.07	 -0.00	  0.11	  0.11	 -0.00	  0.34	 -0.26	 -0.08	 -0.00	  0.42	  0.12	 -0.54	
 -0.00	  0.25	 -0.07	 -0.00	  0.11	  0.11	 -0.00	  0.34	 -0.26	 -0.08	 -0.00	  0.43	  0.12	 -0.55	
 -0.00	  0.25	 -0.07	 -0.00	  0.11	  0.11	 -0.00	  0.34	 -0.26	 -0.08	 -0.00	  0.43	  0.12	 -0.55	
 -0.00	  0.25	 -0.07	 -0.00	  0.11	  0.11	 -0.00	  0.34	 -0.26	 -0.08	 -0.00	  0.43	  0.12	 -0.55	
 -0.00	  0.25	 -0.07	 -0.00	  0.11	  0.11	 -0.00	  0.34	 -0.26	 -0.08	 -0.00	  0.43	  0.12	 -0.55	
 -0.00	  0.25	 -0.07	 -0.00	  0.11	  0.11	 -0.00	  0.34	 -0.26	 -0.07	 -0.00	  0.44	  0.12	 -0.55	
 -0.00	  0.25	 -0.07	 -0.00	  0.11	  0.12	 -0.00	  0.34	 -0.26	 -0.07	 -0.00	  0.44	  0.12	 -0.55	
 -0.00	  0.25	 -0.07	 -0.00	  0.11	  0.12	 -0.00	  0.34	 -0.27	 -0.07	 -0.00	  0.44	  0.12	 -0.56	
 -0.00	  0.25	 -0.07	 -0.00	  0.11	  0.12	 -0.00	  0.34	 -0.27	 -0.07	 -0.00	  0.44	  0.12	 -0.56	
 -0.00	  0.25	 -0.07	 -0.00	  0.11	  0.12	 -0.00	  0.34	 -0.27	 -0.07	 -0.00	  0.44	  0.12	 -0.56	
 -0.00	  0.25	 -0.07	 -0.00	  0.11	  0.12	 -0.00	  0.34	 -0.27	 -0.07	 -0.00	  0.45	  0.12	 -0.56	
 -0.00	  0.25	 -0.07	 -0.00	  0.11	  0.12	 -0.00	  0.34	 -0.27	 -0.07	 -0.00	  0.45	  0.12	 -0.56	
 -0.00	  0.25	 -0.07	 -0.00	  0.10	  0.12	 -0.00	  0.34	 -0.27	 -0.07	 -0.00	  0.45	  0.11	 -0.56	
 -0.00	  0.25	 -0.07	 -0.00	  0.10	  0.12	 -0.00	  0.34	 -0.27	 -0.07	 -0.00	  0.45	  0.11	 -0.57	
 -0.00	  0.25	 -0.07	 -0.00	  0.10	  0.12	 -0.00	  0.34	 -0.27	 -0.07	 -0.00	  0.45	  0.11	 -0.57	
 -0.00	  0.25	 -0.07	 -0.00	  0.10	  0.12	 -0.00	  0.34	 -0.27	 -0.07	 -0.00	  0.46	  0.11	 -0.57	
 -0.00	  0.25	 -0.07	 -0.00	  0.10	  0.12	 -0.00	  0.34	 -0.27	 -0.07	 -0.00	  0.46	  0.11	 -0.57	
 -0.00	  0.25	 -0.07	 -0.00	  0.10	  0.12	 -0.00	  0.34	 -0.27	 -0.07	 -0.00	  0.46	  0.11	 -0.57	
 -0.00	  0.25	 -0.07	 -0.00	  0.10	  0.12	 -0.00	  0.34	 -0.27	 -0.07	 -0.00	  0.46	  0.11	 -0.57	
 -0.00	  0.25	 -0.07	 -0.00	  0.10	  0.12	 -0.00	  0.34	 -0.27	 -0.07	 -0.00	  0.47	  0.11	 -0.58	
 -0.00	  0.25	 -0.07	 -0.00	  0.10	  0.12	 -0.00	  0.34	 -0.27	 -0.07	 -0.00	  0.47	  0.11	 -0.58	
 -0.00	  0.25	 -0.07	 -0.00	  0.10	  0.12	 -0.00	  0.34	 -0.27	 -0.07	 -0.00	  0.47	  0.11	 -0.58	
 -0.00	  0.25	 -0.07	 -0.00	  0.10	  0.12	 -0.00	  0.34	 -0.27	 -0.07	 -0.00	  0.47	  0.11	 -0.58	
 -0.00	  0.25	 -0.07	 -0.00	  0.10	  0.12	 -0.00	  0.34	 -0.27	 -0.07	 -0.00	  0.47	  0.11	 -0.58	
 -0.00	  0.25	 -0.06	 -0.00	  0.10	  0.12	 -0.00	  0.34	 -0.27	 -0.07	 -0.00	  0.48	  0.11	 -0.58	
 -0.00	  0.25	 -0.06	 -0.00	  0.10	  0.12	 -0.00	  0.34	 -0.27	 -0.07	 -0.00	  0.48	  0.11	 -0.59	
 -0.00	  0.25	 -0.06	 -0.00	  0.10	  0.12	 -0.00	  0.34	 -0.27	 -0.07	 -0.00	  0.48	  0.11	 -0.59	
 -0.00	  0.25	 -0.06	 -0.00	  0.10	  0.12	 -0.00	  0.34	 -0.27	 -0.07	 -0.00	  0.48	  0.11	 -0.59	
 -0.00	  0.25	 -0.06	 -0.00	  0.10	  0.12	 -0.00	  0.34	 -0.27	 -0.07	 -0.00	  0.49	  0.11	 -0.59	
 -0.00	  0.25	 -0.06	 -0.00	  0.10	  0.12	 -0.00	  0.34	 -0.27	 -0.07	 -0.00	  0.49	  0.11	 -0.59	
 -0.00	  0.25	 -0.06	 -0.00	  0.10	  0.12	 -0.00	  0.34	 -0.27	 -0.07	 -0.00	  0.49	  0.11	 -0.59	
 -0.00	  0.25	 -0.06	 -0.00	  0.10	  0.12	 -0.00	  0.34	 -0.27	 -0.07	 -0.00	  0.49	  0.10	 -0.60	
 -0.00	  0.25	 -0.06	 -0.00	  0.10	  0.12	 -0.00	  0.34	 -0.27	 -0.06	 -0.00	  0.49	  0.10	 -0.60	
 -0.00	  0.25	 -0.06	 -0.00	  0.10	  0.12	 -0.00	  0.34	 -0.27	 -0.06	 -0.00	  0.50	  0.10	 -0.60	
 -0.00	  0.25	 -0.06	 -0.00	  0.10	  0.12	 -0.00	  0.34	 -0.27	 -0.06	 -0.00	  0.50	  0.10	 -0.60	
 -0.00	  0.25	 -0.06	 -0.00	  0.10	  0.12	 -0.00	  0.34	 -0.27	 -0.06	 -0.00	  0.50	  0.10	 -0.60	
 -0.00	  0.25	 -0.06	 -0.00	  0.10	  0.12	 -0.00	  0.34	 -0.27	 -0.06	 -0.00	  0.50	  0.10	 -0.60	
 -0.00	  0.25	 -0.06	 -0.00	  0.10	  0.12	 -0.00	  0.34	 -0.27	 -0.06	 -0.00	  0.50	  0.10	 -0.61	
 -0.00	  0.25	 -0.06	 -0.00	  0.10	  0.12	 -0.00	  0.34	 -0.27	 -0.06	 -0.00	  0.51	  0.10	 -0.61	
 -0.00	  0.25	 -0.06	 -0.00	  0.10	  0.12	 -0.00	  0.34	 -0.27	 -0.06	 -0.00	  0.51	  0.10	 -0.61	
 -0.00	  0.25	 -0.06	 -0.00	  0.10	  0.12	 -0.00	  0.34	 -0.27	 -0.06	 -0.00	  0.51	  0.10	 -0.61	
 -0.00	  0.25	 -0.06	 -0.00	  0.10	  0.13	 -0.00	  0.34	 -0.27	 -0.06	 -0.00	  0.51	  0.10	 -0.61	
 -0.00	  0.25	 -0.06	 -0.00	  0.10	  0.13	 -0.00	  0.33	 -0.27	 -0.06	 -0.00	  0.52	  0.10	 -0.61	
 -0.00	  0.25	 -0.06	 -0.00	  0.10	  0.13	 -0.00	  0.33	 -0.27	 -0.06	 -0.00	  0.52	  0.10	 -0.62	
 -0.00	  0.25	 -0.06	 -0.00	  0.10	  0.13	 -0.00	  0.33	 -0.27	 -0.06	 -0.00	  0.52	  0.10	 -0.62	
 -0.00	  0.25	 -0.06	 -0.00	  0.10	  0.13	 -0.00	  0.33	 -0.27	 -0.06	 -0.00	  0.52	  0.10	 -0.62	
 -0.00	  0.25	 -0.06	 -0.00	  0.10	  0.13	 -0.00	  0.33	 -0.27	 -0.06	 -0.00	  0.53	  0.10	 -0.62	
 -0.00	  0.25	 -0.06	 -0.00	  0.10	  0.13	 -0.00	  0.33	 -0.27	 -0.06	 -0.00	  0.53	  0.10	 -0.62	
 -0.00	  0.25	 -0.06	 -0.00	  0.10	  0.13	 -0.00	  0.33	 -0.28	 -0.06	 -0.00	  0.53	  0.09	 -0.62	
 -0.00	  0.25	 -0.06	 -0.00	  0.10	  0.13	 -0.00	  0.33	 -0.28	 -0.06	 -0.00	  0.53	  0.09	 -0.63	
 -0.00	  0.25	 -0.06	 -0.00	  0.10	  0.13	 -0.00	  0.33	 -0.28	 -0.06	 -0.00	  0.53	  0.09	 -0.63	
 -0.00	  0.25	 -0.06	 -0.00	  0.10	  0.13	 -0.00	  0.33	 -0.28	 -0.06	 -0.00	  0.54	  0.09	 -0.63	
 -0.00	  0.25	 -0.06	 -0.00	  0.10	  0.13	 -0.00	  0.33	 -0.28	 -0.06	 -0.00	  0.54	  0.09	 -0.63	
 -0.00	  0.25	 -0.06	 -0.00	  0.10	  0.13	 -0.00	  0.33	 -0.28	 -0.06	 -0.00	  0.54	  0.09	 -0.63	
 -0.00	  0.25	 -0.06	 -0.00	  0.10	  0.13	 -0.00	  0.33	 -0.28	 -0.06	 -0.00	  0.54	  0.09	 -0.63	
 -0.00	  0.25	 -0.06	 -0.00	  0.10	  0.13	 -0.00	  0.33	 -0.28	 -0.06	 -0.00	  0.55	  0.09	 -0.64	
 -0.00	  0.25	 -0.06	 -0.00	  0.10	  0.13	 -0.00	  0.33	 -0.28	 -0.06	 -0.00	  0.55	  0.09	 -0.64	
 -0.00	  0.25	 -0.06	 -0.00	  0.10	  0.13	 -0.00	  0.33	 -0.28	 -0.06	 -0.00	  0.55	  0.09	 -0.64	
 -0.00	  0.25	 -0.06	 -0.00	  0.10	  0.13	 -0.00	  0.33	 -0.28	 -0.05	 -0.00	  0.55	  0.09	 -0.64	
 -0.00	  0.25	 -0.06	 -0.00	  0.10	  0.13	 -0.00	  0.33	 -0.28	 -0.05	 -0.00	  0.55	  0.09	 -0.64	
 -0.00	  0.25	 -0.06	 -0.00	  0.10	  0.13	 -0.00	  0.33	 -0.28	 -0.05	 -0.00	  0.56	  0.09	 -0.64	
 -0.00	  0.25	 -0.06	 -0.00	  0.09	  0.13	 -0.00	  0.33	 -0.28	 -0.05	 -0.00	  0.56	  0.09	 -0.65	
 -0.00	  0.25	 -0.06	 -0.00	  0.09	  0.13	 -0.00	  0.33	 -0.28	 -0.05	 -0.00	  0.56	  0.09	 -0.65	
 -0.00	  0.25	 -0.06	 -0.00	  0.09	  0.13	 -0.00	  0.33	 -0.28	 -0.05	 -0.00	  0.56	  0.09	 -0.65	
 -0.00	  0.25	 -0.06	 -0.00	  0.09	  0.13	 -0.00	  0.33	 -0.28	 -0.05	 -0.00	  0.57	  0.08	 -0.65	
 -0.00	  0.25	 -0.06	 -0.00	  0.09	  0.13	 -0.00	  0.33	 -0.28	 -0.05	 -0.00	  0.57	  0.08	 -0.65	
 -0.00	  0.25	 -0.06	 -0.00	  0.09	  0.13	 -0.00	  0.33	 -0.28	 -0.05	 -0.00	  0.57	  0.08	 -0.65	
 -0.00	  0.25	 -0.05	 -0.00	  0.09	  0.13	 -0.00	  0.33	 -0.28	 -0.05	 -0.00	  0.57	  0.08	 -0.65	
 -0.00	  0.25	 -0.05	 -0.00	  0.09	  0.13	 -0.00	  0.33	 -0.28	 -0.05	 -0.00	  0.57	  0.08	 -0.66	
 -0.00	  0.25	 -0.05	 -0.00	  0.09	  0.13	 -0.00	  0.33	 -0.28	 -0.05	 -0.00	  0.58	  0.08	 -0.66	
 -0.00	  0.25	 -0.05	 -0.00	  0.09	  0.13	 -0.00	  0.33	 -0.28	 -0.05	 -0.00	  0.58	  0.08	 -0.66	
 -0.00	  0.25	 -0.05	 -0.00	  0.09	  0.13	 -0.00	  0.33	 -0.28	 -0.05	 -0.00	  0.58	  0.08	 -0.66	
 -0.00	  0.25	 -0.05	 -0.00	  0.09	  0.13	 -0.00	  0.33	 -0.28	 -0.05	 -0.00	  0.58	  0.08	 -0.66	
 -0.00	  0.25	 -0.05	 -0.00	  0.09	  0.13	 -0.00	  0.33	 -0.28	 -0.05	 -0.00	  0.59	  0.08	 -0.66	
 -0.00	  0.25	 -0.05	 -0.00	  0.09	  0.13	 -0.00	  0.33	 -0.28	 -0.05	 -0.00	  0.59	  0.08	 -0.67	
 -0.00	  0.25	 -0.05	 -0.00	  0.09	  0.13	 -0.00	  0.33	 -0.28	 -0.05	 -0.00	  0.59	  0.08	 -0.67	
 -0.00	  0.25	 -0.05	 -0.00	  0.09	  0.13	 -0.00	  0.33	 -0.28	 -0.05	 -0.00	  0.59	  0.08	 -0.67	
 -0.00	  0.25	 -0.05	 -0.00	  0.09	  0.13	 -0.00	  0.33	 -0.28	 -0.05	 -0.00	  0.59	  0.08	 -0.67	
 -0.00	  0.25	 -0.05	 -0.00	  0.09	  0.13	 -0.00	  0.33	 -0.28	 -0.05	 -0.00	  0.60	  0.08	 -0.67	
 -0.00	  0.25	 -0.05	 -0.00	  0.09	  0.14	 -0.00	  0.33	 -0.28	 -0.05	 -0.00	  0.60	  0.07	 -0.67	
 -0.00	  0.25	 -0.05	 -0.00	  0.09	  0.14	 -0.00	  0.33	 -0.28	 -0.05	 -0.00	  0.60	  0.07	 -0.68	
 -0.00	  0.25	 -0.05	 -0.00	  0.09	  0.14	 -0.00	  0.33	 -0.28	 -0.05	 -0.00	  0.60	  0.07	 -0.68	
 -0.00	  0.25	 -0.05	 -0.00	  0.09	  0.14	 -0.00	  0.33	 -0.28	 -0.05	 -0.00	  0.61	  0.07	 -0.68	
 -0.00	  0.25	 -0.05	 -0.00	  0.09	  0.14	 -0.00	  0.33	 -0.28	 -0.05	 -0.00	  0.61	  0.07	 -0.68	
 -0.00	  0.25	 -0.05	 -0.00	  0.09	  0.14	 -0.00	  0.33	 -0.28	 -0.04	 -0.00	  0.61	  0.07	 -0.68	
 -0.00	  0.25	 -0.05	 -0.00	  0.09	  0.14	 -0.00	  0.33	 -0.28	 -0.04	 -0.00	  0.61	  0.07	 -0.68	
 -0.00	  0.25	 -0.05	 -0.00	  0.09	  0.14	 -0.00	  0.33	 -0.28	 -0.04	 -0.00	  0.61	  0.07	 -0.68	
 -0.00	  0.25	 -0.05	 -0.00	  0.09	  0.14	 -0.00	  0.33	 -0.28	 -0.04	 -0.00	  0.62	  0.07	 -0.69	
 -0.00	  0.25	 -0.05	 -0.00	  0.09	  0.14	 -0.00	  0.33	 -0.28	 -0.04	 -0.00	  0.62	  0.07	 -0.69	
 -0.00	  0.25	 -0.05	 -0.00	  0.09	  0.14	 -0.00	  0.33	 -0.28	 -0.04	 -0.00	  0.62	  0.07	 -0.69	
 -0.00	  0.25	 -0.05	 -0.00	  0.09	  0.14	 -0.00	  0.33	 -0.28	 -0.04	 -0.00	  0.62	  0.07	 -0.69	
 -0.00	  0.25	 -0.05	 -0.00	  0.09	  0.14	 -0.00	  0.32	 -0.28	 -0.04	 -0.00	  0.63	  0.07	 -0.69	
 -0.00	  0.25	 -0.05	 -0.00	  0.09	  0.14	 -0.00	  0.32	 -0.28	 -0.04	 -0.00	  0.63	  0.07	 -0.69	
 -0.00	  0.25	 -0.05	 -0.00	  0.09	  0.14	 -0.00	  0.32	 -0.28	 -0.04	 -0.00	  0.63	  0.07	 -0.69	
 -0.00	  0.25	 -0.05	 -0.00	  0.09	  0.14	 -0.00	  0.32	 -0.28	 -0.04	 -0.00	  0.63	  0.06	 -0.70	
 -0.00	  0.25	 -0.05	 -0.00	  0.09	  0.14	 -0.00	  0.32	 -0.28	 -0.04	 -0.00	  0.63	  0.06	 -0.70	
 -0.00	  0.25	 -0.05	 -0.00	  0.09	  0.14	 -0.00	  0.32	 -0.28	 -0.04	 -0.00	  0.64	  0.06	 -0.70	
 -0.00	  0.25	 -0.05	 -0.00	  0.09	  0.14	 -0.00	  0.32	 -0.28	 -0.04	 -0.00	  0.64	  0.06	 -0.70	
 -0.00	  0.25	 -0.05	 -0.00	  0.09	  0.14	 -0.00	  0.32	 -0.28	 -0.04	 -0.00	  0.64	  0.06	 -0.70	
 -0.00	  0.25	 -0.05	 -0.00	  0.09	  0.14	 -0.00	  0.32	 -0.28	 -0.04	 -0.00	  0.64	  0.06	 -0.70	
 -0.00	  0.25	 -0.05	 -0.00	  0.09	  0.14	 -0.00	  0.32	 -0.28	 -0.04	 -0.00	  0.64	  0.06	 -0.70	
 -0.00	  0.25	 -0.05	 -0.00	  0.08	  0.14	 -0.00	  0.32	 -0.28	 -0.04	 -0.00	  0.65	  0.06	 -0.71	
 -0.00	  0.25	 -0.05	 -0.00	  0.08	  0.14	 -0.00	  0.32	 -0.28	 -0.04	 -0.00	  0.65	  0.06	 -0.71	
  0.00	  0.25	 -0.05	  0.00	  0.08	  0.14	  0.00	  0.32	 -0.28	 -0.04	  0.00	  0.65	  0.06	 -0.71	
  0.00	  0.25	 -0.05	  0.00	  0.08	  0.14	  0.00	  0.32	 -0.28	 -0.04	  0.00	  0.65	  0.06	 -0.71	
  0.00	  0.25	 -0.04	  0.00	  0.08	  0.14	  0.00	  0.32	 -0.28	 -0.04	  0.00	  0.66	  0.06	 -0.71	
  0.00	  0.25	 -0.04	  0.00	  0.08	  0.14	  0.00	  0.32	 -0.28	 -0.04	  0.00	  0.66	  0.06	 -0.71	
  0.00	  0.25	 -0.04	  0.00	  0.08	  0.14	  0.00	  0.32	 -0.28	 -0.04	  0.00	  0.66	  0.05	 -0.71	
  0.00	  0.25	 -0.04	  0.00	  0.08	  0.14	  0.00	  0.32	 -0.29	 -0.04	  0.00	  0.66	  0.05	 -0.72	
  0.00	  0.25	 -0.04	  0.00	  0.08	  0.14	  0.00	  0.32	 -0.29	 -0.03	  0.00	  0.66	  0.05	 -0.72	
  0.00	  0.25	 -0.04	  0.00	  0.08	  0.14	  0.00	  0.32	 -0.29	 -0.03	  0.00	  0.67	  0.05	 -0.72	
  0.00	  0.25	 -0.04	  0.00	  0.08	  0.14	  0.00	  0.32	 -0.29	 -0.03	  0.00	  0.67	  0.05	 -0.72	
  0.00	  0.25	 -0.04	  0.00	  0.08	  0.14	  0.00	  0.32	 -0.29	 -0.03	  0.00	  0.67	  0.05	 -0.72	
  0.00	  0.25	 -0.04	  0.00	  0.08	  0.14	  0.00	  0.32	 -0.29	 -0.03	  0.00	  0.67	  0.05	 -0.72	
  0.00	  0.25	 -0.04	  0.00	  0.08	  0.14	  0.00	  0.32	 -0.29	 -0.03	  0.00	  0.67	  0.05	 -0.72	
  0.00	  0.25	 -0.04	  0.00	  0.08	  0.14	  0.00	  0.32	 -0.29	 -0.03	  0.00	  0.68	  0.05	 -0.73	
  0.00	  0.25	 -0.04	  0.00	  0.08	  0.14	  0.00	  0.32	 -0.29	 -0.03	  0.00	  0.68	  0.05	 -0.73	
  0.00	  0.25	 -0.04	  0.00	  0.08	  0.14	  0.00	  0.32	 -0.29	 -0.03	  0.00	  0.68	  0.05	 -0.73	
  0.00	  0.25	 -0.04	  0.00	  0.08	  0.14	  0.00	  0.32	 -0.29	 -0.03	  0.00	  0.68	  0.05	 -0.73	
  0.00	  0.25	 -0.04	  0.00	  0.08	  0.14	  0.00	  0.32	 -0.29	 -0.03	  0.00	  0.68	  0.05	 -0.73	
  0.00	  0.25	 -0.04	  0.00	  0.08	  0.15	  0.00	  0.32	 -0.29	 -0.03	  0.00	  0.69	  0.05	 -0.73	
  0.00	  0.25	 -0.04	  0.00	  0.08	  0.15	  0.00	  0.32	 -0.29	 -0.03	  0.00	  0.69	  0.04	 -0.73	
  0.00	  0.25	 -0.04	  0.00	  0.08	  0.15	  0.00	  0.32	 -0.29	 -0.03	  0.00	  0.69	  0.04	 -0.73	
  0.00	  0.25	 -0.04	  0.00	  0.08	  0.15	  0.00	  0.32	 -0.29	 -0.03	  0.00	  0.69	  0.04	 -0.74	
  0.00	  0.25	 -0.04	  0.00	  0.08	  0.15	  0.00	  0.32	 -0.29	 -0.03	  0.00	  0.69	  0.04	 -0.74	
  0.00	  0.25	 -0.04	  0.00	  0.08	  0.15	  0.00	  0.32	 -0.29	 -0.03	  0.00	  0.70	  0.04	 -0.74	
  0.00	  0.25	 -0.04	  0.00	  0.08	  0.15	  0.00	  0.31	 -0.29	 -0.03	  0.00	  0.70	  0.04	 -0.74	
  0.00	  0.25	 -0.04	  0.00	  0.08	  0.15	  0.00	  0.31	 -0.29	 -0.03	  0.00	  0.70	  0.04	 -0.74	
  0.00	  0.25	 -0.04	  0.00	  0.08	  0.15	  0.00	  0.31	 -0.29	 -0.03	  0.00	  0.70	  0.04	 -0.74	
  0.00	  0.25	 -0.04	  0.00	  0.08	  0.15	  0.00	  0.31	 -0.29	 -0.03	  0.00	  0.70	  0.04	 -0.74	
  0.00	  0.25	 -0.04	  0.00	  0.08	  0.15	  0.00	  0.31	 -0.29	 -0.03	  0.00	  0.71	  0.04	 -0.74	
  0.00	  0.25	 -0.04	  0.00	  0.08	  0.15	  0.00	  0.31	 -0.29	 -0.03	  0.00	  0.71	  0.04	 -0.75	
  0.00	  0.25	 -0.04	  0.00	  0.08	  0.15	  0.00	  0.31	 -0.29	 -0.03	  0.00	  0.71	  0.04	 -0.75	
  0.00	  0.25	 -0.04	  0.00	  0.08	  0.15	  0.00	  0.31	 -0.29	 -0.03	  0.00	  0.71	  0.04	 -0.75	
  0.00	  0.24	 -0.04	  0.00	  0.08	  0.15	  0.00	  0.31	 -0.29	 -0.03	  0.00	  0.71	  0.04	 -0.75	
  0.00	  0.24	 -0.04	  0.00	  0.08	  0.15	  0.00	  0.31	 -0.29	 -0.02	  0.00	  0.72	  0.03	 -0.75	
  0.00	  0.24	 -0.04	  0.00	  0.08	  0.15	  0.00	  0.31	 -0.29	 -0.02	  0.00	  0.72	  0.03	 -0.75	
  0.00	  0.24	 -0.04	  0.00	  0.08	  0.15	  0.00	  0.31	 -0.29	 -0.02	  0.00	  0.72	  0.03	 -0.75	
  0.00	  0.24	 -0.04	  0.00	  0.07	  0.15	  0.00	  0.31	 -0.29	 -0.02	  0.00	  0.72	  0.03	 -0.75	
  0.00	  0.24	 -0.04	  0.00	  0.07	  0.15	  0.00	  0.31	 -0.29	 -0.02	  0.00	  0.72	  0.03	 -0.75	
  0.00	  0.24	 -0.04	  0.00	  0.07	  0.15	  0.00	  0.31	 -0.29	 -0.02	  0.00	  0.73	  0.03	 -0.76	
  0.00	  0.24	 -0.03	  0.00	  0.07	  0.15	  0.00	  0.31	 -0.29	 -0.02	  0.00	  0.73	  0.03	 -0.76	
  0.00	  0.24	 -0.03	  0.00	  0.07	  0.15	  0.00	  0.31	 -0.29	 -0.02	  0.00	  0.73	  0.03	 -0.76	
  0.00	  0.24	 -0.03	  0.00	  0.07	  0.15	  0.00	  0.31	 -0.29	 -0.02	  0.00	  0.73	  0.03	 -0.76	
  0.00	  0.24	 -0.03	  0.00	  0.07	  0.15	  0.00	  0.31	 -0.29	 -0.02	  0.00	  0.73	  0.03	 -0.76	
  0.00	  0.24	 -0.03	  0.00	  0.07	  0.15	  0.00	  0.31	 -0.29	 -0.02	  0.00	  0.73	  0.03	 -0.76	
  0.00	  0.24	 -0.03	  0.00	  0.07	  0.15	  0.00	  0.31	 -0.29	 -0.02	  0.00	  0.74	  0.03	 -0.76	
  0.00	  0.24	 -0.03	  0.00	  0.07	  0.15	  0.00	  0.31	 -0.29	 -0.02	  0.00	  0.74	  0.03	 -0.76	
  0.00	  0.24	 -0.03	  0.00	  0.07	  0.15	  0.00	  0.31	 -0.29	 -0.02	  0.00	  0.74	  0.02	 -0.76	
  0.00	  0.24	 -0.03	  0.00	  0.07	  0.15	  0.00	  0.31	 -0.29	 -0.02	  0.00	  0.74	  0.02	 -0.76	
  0.00	  0.24	 -0.03	  0.00	  0.07	  0.15	  0.00	  0.31	 -0.29	 -0.02	  0.00	  0.74	  0.02	 -0.77	
  0.00	  0.24	 -0.03	  0.00	  0.07	  0.15	  0.00	  0.31	 -0.29	 -0.02	  0.00	  0.74	  0.02	 -0.77	
  0.00	  0.24	 -0.03	  0.00	  0.07	  0.15	  0.00	  0.31	 -0.29	 -0.02	  0.00	  0.75	  0.02	 -0.77	
  0.00	  0.24	 -0.03	  0.00	  0.07	  0.15	  0.00	  0.31	 -0.29	 -0.02	  0.00	  0.75	  0.02	 -0.77	
  0.00	  0.24	 -0.03	  0.00	  0.07	  0.15	  0.00	  0.31	 -0.29	 -0.02	  0.00	  0.75	  0.02	 -0.77	
  0.00	  0.24	 -0.03	  0.00	  0.07	  0.15	  0.00	  0.31	 -0.29	 -0.02	  0.00	  0.75	  0.02	 -0.77	
  0.00	  0.24	 -0.03	  0.00	  0.07	  0.15	  0.00	  0.31	 -0.29	 -0.02	  0.00	  0.75	  0.02	 -0.77	
  0.00	  0.24	 -0.03	  0.00	  0.07	  0.15	  0.00	  0.30	 -0.29	 -0.02	  0.00	  0.75	  0.02	 -0.77	
  0.00	  0.24	 -0.03	  0.00	  0.07	  0.15	  0.00	  0.30	 -0.29	 -0.02	  0.00	  0.76	  0.02	 -0.77	
  0.00	  0.24	 -0.03	  0.00	  0.07	  0.15	  0.00	  0.30	 -0.29	 -0.02	  0.00	  0.76	  0.02	 -0.77	
  0.00	  0.24	 -0.03	  0.00	  0.07	  0.15	  0.00	  0.30	 -0.29	 -0.02	  0.00	  0.76	  0.02	 -0.78	
  0.00	  0.24	 -0.03	  0.00	  0.07	  0.15	  0.00	  0.30	 -0.29	 -0.02	  0.00	  0.76	  0.02	 -0.78	
  0.00	  0.24	 -0.03	  0.00	  0.07	  0.15	  0.00	  0.30	 -0.29	 -0.01	  0.00	  0.76	  0.01	 -0.78	
  0.00	  0.24	 -0.03	  0.00	  0.07	  0.15	  0.00	  0.30	 -0.29	 -0.01	  0.00	  0.76	  0.01	 -0.78	
  0.00	  0.24	 -0.03	  0.00	  0.07	  0.15	  0.00	  0.30	 -0.29	 -0.01	  0.00	  0.77	  0.01	 -0.78	
  0.00	  0.24	 -0.03	  0.00	  0.07	  0.15	  0.00	  0.30	 -0.29	 -0.01	  0.00	  0.77	  0.01	 -0.78	
  0.00	  0.24	 -0.03	  0.00	  0.07	  0.15	  0.00	  0.30	 -0.29	 -0.01	  0.00	  0.77	  0.01	 -0.78	
  0.00	  0.24	 -0.03	  0.00	  0.07	  0.15	  0.00	  0.30	 -0.29	 -0.01	  0.00	  0.77	  0.01	 -0.78	
  0.00	  0.24	 -0.03	  0.00	  0.07	  0.15	  0.00	  0.30	 -0.29	 -0.01	  0.00	  0.77	  0.01	 -0.78	
  0.00	  0.24	 -0.03	  0.00	  0.07	  0.15	  0.00	  0.30	 -0.29	 -0.01	  0.00	  0.77	  0.01	 -0.78	
  0.00	  0.24	 -0.03	  0.00	  0.07	  0.15	  0.00	  0.30	 -0.29	 -0.01	  0.00	  0.77	  0.01	 -0.78	
  0.00	  0.24	 -0.03	  0.00	  0.07	  0.15	  0.00	  0.30	 -0.29	 -0.01	  0.00	  0.78	  0.01	 -0.78	
  0.00	  0.24	 -0.03	  0.00	  0.07	  0.15	  0.00	  0.30	 -0.29	 -0.01	  0.00	  0.78	  0.01	 -0.78	
  0.00	  0.24	 -0.03	  0.00	  0.07	  0.15	  0.00	  0.30	 -0.29	 -0.01	  0.00	  0.78	  0.01	 -0.79	
  0.00	  0.24	 -0.03	  0.00	  0.06	  0.16	  0.00	  0.30	 -0.29	 -0.01	  0.00	  0.78	  0.01	 -0.79	
  0.00	  0.24	 -0.03	  0.00	  0.06	  0.16	  0.00	  0.30	 -0.29	 -0.01	  0.00	  0.78	  0.00	 -0.79	
  0.00	  0.24	 -0.03	  0.00	  0.06	  0.16	  0.00	  0.30	 -0.29	 -0.01	  0.00	  0.78	  0.00	 -0.79	
  0.00	  0.24	 -0.03	  0.00	  0.06	  0.16	  0.00	  0.30	 -0.29	 -0.01	  0.00	  0.78	  0.00	 -0.79	
  0.00	  0.24	 -0.02	  0.00	  0.06	  0.16	  0.00	  0.30	 -0.29	 -0.01	  0.00	  0.79	  0.00	 -0.79	
  0.00	  0.24	 -0.02	  0.00	  0.06	  0.16	  0.00	  0.30	 -0.29	 -0.01	  0.00	  0.79	  0.00	 -0.79	
  0.00	  0.24	 -0.02	  0.00	  0.06	  0.16	  0.00	  0.30	 -0.29	 -0.01	  0.00	  0.79	  0.00	 -0.79	
  0.00	  0.24	 -0.02	  0.00	  0.06	  0.16	  0.00	  0.30	 -0.29	 -0.01	  0.00	  0.79	  0.00	 -0.79	
  0.00	  0.24	 -0.02	  0.00	  0.06	  0.16	  0.00	  0.30	 -0.29	 -0.01	  0.00	  0.79	 -0.00	 -0.79	
  0.00	  0.23	 -0.02	  0.00	  0.06	  0.16	  0.00	  0.30	 -0.29	 -0.01	  0.00	  0.79	 -0.00	 -0.79	
  0.00	  0.23	 -0.02	  0.00	  0.06	  0.16	  0.00	  0.30	 -0.29	 -0.01	  0.00	  0.79	 -0.00	 -0.79	
  0.00	  0.23	 -0.02	  0.00	  0.06	  0.16	  0.00	  0.29	 -0.29	 -0.01	  0.00	  0.80	 -0.00	 -0.79	
  0.00	  0.23	 -0.02	  0.00	  0.06	  0.16	  0.00	  0.29	 -0.29	 -0.01	  0.00	  0.80	 -0.00	 -0.79	
  0.00	  0.23	 -0.02	  0.00	  0.06	  0.16	  0.00	  0.29	 -0.29	 -0.01	  0.00	  0.80	 -0.00	 -0.79	
  0.00	  0.23	 -0.02	  0.00	  0.06	  0.16	  0.00	  0.29	 -0.29	 -0.01	  0.00	  0.80	 -0.00	 -0.79	
  0.00	  0.23	 -0.02	  0.00	  0.06	  0.16	  0.00	  0.29	 -0.29	 -0.01	  0.00	  0.80	 -0.01	 -0.80	
  0.00	  0.23	 -0.02	  0.00	  0.06	  0.16	  0.00	  0.29	 -0.29	 -0.01	  0.00	  0.80	 -0.01	 -0.80	
  0.00	  0.23	 -0.02	  0.00	  0.06	  0.16	  0.00	  0.29	 -0.29	 -0.00	  0.00	  0.80	 -0.01	 -0.80	
  0.00	  0.23	 -0.02	  0.00	  0.06	  0.16	  0.00	  0.29	 -0.29	 -0.00	  0.00	  0.80	 -0.01	 -0.80	
  0.00	  0.23	 -0.02	  0.00	  0.06	  0.16	  0.00	  0.29	 -0.29	 -0.00	  0.00	  0.81	 -0.01	 -0.80	
  0.00	  0.23	 -0.02	  0.00	  0.06	  0.16	  0.00	  0.29	 -0.29	 -0.00	  0.00	  0.81	 -0.01	 -0.80	
  0.00	  0.23	 -0.02	  0.00	  0.06	  0.16	  0.00	  0.29	 -0.29	 -0.00	  0.00	  0.81	 -0.01	 -0.80	
  0.00	  0.23	 -0.02	  0.00	  0.06	  0.16	  0.00	  0.29	 -0.29	 -0.00	  0.00	  0.81	 -0.01	 -0.80	
  0.00	  0.23	 -0.02	  0.00	  0.06	  0.16	  0.00	  0.29	 -0.29	 -0.00	  0.00	  0.81	 -0.01	 -0.80	
  0.00	  0.23	 -0.02	  0.00	  0.06	  0.16	  0.00	  0.29	 -0.29	 -0.00	  0.00	  0.81	 -0.01	 -0.80	
  0.00	  0.23	 -0.02	  0.00	  0.06	  0.16	  0.00	  0.29	 -0.29	 -0.00	  0.00	  0.81	 -0.01	 -0.80	
  0.00	  0.23	 -0.02	  0.00	  0.06	  0.16	  0.00	  0.29	 -0.29	 -0.00	  0.00	  0.81	 -0.01	 -0.80	
  0.00	  0.23	 -0.02	  0.00	  0.06	  0.16	  0.00	  0.29	 -0.29	 -0.00	  0.00	  0.81	 -0.01	 -0.80	
  0.00	  0.23	 -0.02	  0.00	  0.06	  0.16	  0.00	  0.29	 -0.29	 -0.00	  0.00	  0.81	 -0.01	 -0.80	
  0.00	  0.23	 -0.02	  0.00	  0.06	  0.16	  0.00	  0.29	 -0.29	 -0.00	  0.00	  0.82	 -0.01	 -0.80	
  0.00	  0.23	 -0.02	  0.00	  0.06	  0.16	  0.00	  0.29	 -0.29	 -0.00	  0.00	  0.82	 -0.02	 -0.80	
  0.00	  0.23	 -0.02	  0.00	  0.06	  0.16	  0.00	  0.29	 -0.29	 -0.00	  0.00	  0.82	 -0.02	 -0.80	
  0.00	  0.23	 -0.02	  0.00	  0.06	  0.16	  0.00	  0.29	 -0.29	 -0.00	  0.00	  0.82	 -0.02	 -0.80	
  0.00	  0.23	 -0.02	  0.00	  0.06	  0.16	  0.00	  0.29	 -0.29	  0.00	  0.00	  0.82	 -0.02	 -0.80	
  0.00	  0.23	 -0.02	  0.00	  0.06	  0.16	  0.00	  0.29	 -0.29	  0.00	  0.00	  0.82	 -0.02	 -0.80	
  0.00	  0.23	 -0.02	  0.00	  0.06	  0.16	  0.00	  0.29	 -0.29	  0.00	  0.00	  0.82	 -0.02	 -0.80	
  0.00	  0.23	 -0.02	  0.00	  0.06	  0.16	  0.00	  0.29	 -0.29	  0.00	  0.00	  0.82	 -0.02	 -0.80	
  0.00	  0.23	 -0.02	  0.00	  0.05	  0.16	  0.00	  0.28	 -0.29	  0.00	  0.00	  0.82	 -0.02	 -0.80	
  0.00	  0.23	 -0.02	  0.00	  0.05	  0.16	  0.00	  0.28	 -0.29	  0.00	  0.00	  0.82	 -0.02	 -0.80	
  0.00	  0.23	 -0.02	  0.00	  0.05	  0.16	  0.00	  0.28	 -0.29	  0.00	  0.00	  0.83	 -0.02	 -0.80	
  0.00	  0.23	 -0.02	  0.00	  0.05	  0.16	  0.00	  0.28	 -0.29	  0.00	  0.00	  0.83	 -0.02	 -0.80	
  0.00	  0.23	 -0.02	  0.00	  0.05	  0.16	  0.00	  0.28	 -0.29	  0.00	  0.00	  0.83	 -0.02	 -0.80	
  0.00	  0.23	 -0.01	  0.00	  0.05	  0.16	  0.00	  0.28	 -0.29	  0.00	  0.00	  0.83	 -0.02	 -0.80	
  0.00	  0.23	 -0.01	  0.00	  0.05	  0.16	  0.00	  0.28	 -0.29	  0.00	  0.00	  0.83	 -0.02	 -0.80	
  0.00	  0.23	 -0.01	  0.00	  0.05	  0.16	  0.00	  0.28	 -0.29	  0.00	  0.00	  0.83	 -0.02	 -0.80	
  0.00	  0.23	 -0.01	  0.00	  0.05	  0.16	  0.00	  0.28	 -0.29	  0.00	  0.00	  0.83	 -0.03	 -0.80	
  0.00	  0.22	 -0.01	  0.00	  0.05	  0.16	  0.00	  0.28	 -0.29	  0.00	  0.00	  0.83	 -0.03	 -0.80	
  0.00	  0.22	 -0.01	  0.00	  0.05	  0.16	  0.00	  0.28	 -0.28	  0.00	  0.00	  0.83	 -0.03	 -0.80	
  0.00	  0.22	 -0.01	  0.00	  0.05	  0.16	  0.00	  0.28	 -0.28	  0.00	  0.00	  0.83	 -0.03	 -0.80	
  0.00	  0.22	 -0.01	  0.00	  0.05	  0.16	  0.00	  0.28	 -0.28	  0.01	  0.00	  0.83	 -0.03	 -0.81	
  0.00	  0.22	 -0.01	  0.00	  0.05	  0.16	  0.00	  0.28	 -0.28	  0.01	  0.00	  0.83	 -0.03	 -0.81	
  0.00	  0.22	 -0.01	  0.00	  0.05	  0.16	  0.00	  0.28	 -0.28	  0.01	  0.00	  0.83	 -0.03	 -0.81	
  0.00	  0.22	 -0.01	  0.00	  0.05	  0.16	  0.00	  0.28	 -0.28	  0.01	  0.00	  0.84	 -0.03	 -0.81	
  0.00	  0.22	 -0.01	  0.00	  0.05	  0.16	  0.00	  0.28	 -0.28	  0.01	  0.00	  0.84	 -0.03	 -0.81	
  0.00	  0.22	 -0.01	  0.00	  0.05	  0.16	  0.00	  0.28	 -0.28	  0.01	  0.00	  0.84	 -0.03	 -0.81	
  0.00	  0.22	 -0.01	  0.00	  0.05	  0.16	  0.00	  0.28	 -0.28	  0.01	  0.00	  0.84	 -0.03	 -0.81	
  0.00	  0.22	 -0.01	  0.00	  0.05	  0.16	  0.00	  0.28	 -0.28	  0.01	  0.00	  0.84	 -0.03	 -0.81	
  0.00	  0.22	 -0.01	  0.00	  0.05	  0.16	  0.00	  0.28	 -0.28	  0.01	  0.00	  0.84	 -0.03	 -0.81	
  0.00	  0.22	 -0.01	  0.00	  0.05	  0.16	  0.00	  0.28	 -0.28	  0.01	  0.00	  0.84	 -0.03	 -0.80	
  0.00	  0.22	 -0.01	  0.00	  0.05	  0.16	  0.00	  0.28	 -0.28	  0.01	  0.00	  0.84	 -0.03	 -0.80	
  0.00	  0.22	 -0.01	  0.00	  0.05	  0.16	  0.00	  0.28	 -0.28	  0.01	  0.00	  0.84	 -0.04	 -0.80	
  0.00	  0.22	 -0.01	  0.00	  0.05	  0.16	  0.00	  0.27	 -0.28	  0.01	  0.00	  0.84	 -0.04	 -0.80	
  0.00	  0.22	 -0.01	  0.00	  0.05	  0.16	  0.00	  0.27	 -0.28	  0.01	  0.00	  0.84	 -0.04	 -0.80	
  0.00	  0.22	 -0.01	  0.00	  0.05	  0.16	  0.00	  0.27	 -0.28	  0.01	  0.00	  0.84	 -0.04	 -0.80	
  0.00	  0.22	 -0.01	  0.00	  0.05	  0.16	  0.00	  0.27	 -0.28	  0.01	  0.00	  0.84	 -0.04	 -0.80	
  0.00	  0.22	 -0.01	  0.00	  0.05	  0.16	  0.00	  0.27	 -0.28	  0.01	  0.00	  0.84	 -0.04	 -0.80	
  0.00	  0.22	 -0.01	  0.00	  0.05	  0.16	  0.00	  0.27	 -0.28	  0.01	  0.00	  0.84	 -0.04	 -0.80	
  0.00	  0.22	 -0.01	  0.00	  0.05	  0.16	  0.00	  0.27	 -0.28	  0.01	  0.00	  0.84	 -0.04	 -0.80	
  0.00	  0.22	 -0.01	  0.00	  0.05	  0.16	  0.00	  0.27	 -0.28	  0.01	  0.00	  0.84	 -0.04	 -0.80	
  0.00	  0.22	 -0.01	  0.00	  0.05	  0.16	  0.00	  0.27	 -0.28	  0.01	  0.00	  0.84	 -0.04	 -0.80	
  0.00	  0.22	 -0.01	  0.00	  0.05	  0.16	  0.00	  0.27	 -0.28	  0.01	  0.00	  0.84	 -0.04	 -0.80	
  0.00	  0.22	 -0.01	  0.00	  0.05	  0.16	  0.00	  0.27	 -0.28	  0.01	  0.00	  0.84	 -0.04	 -0.80	
  0.00	  0.22	 -0.01	  0.00	  0.05	  0.16	  0.00	  0.27	 -0.28	  0.01	  0.00	  0.85	 -0.04	 -0.80	
  0.00	  0.22	 -0.01	  0.00	  0.05	  0.16	  0.00	  0.27	 -0.28	  0.01	  0.00	  0.85	 -0.04	 -0.80	
  0.00	  0.22	 -0.01	  0.00	  0.04	  0.16	  0.00	  0.27	 -0.28	  0.01	  0.00	  0.85	 -0.04	 -0.80	
  0.00	  0.22	 -0.01	  0.00	  0.04	  0.16	  0.00	  0.27	 -0.28	  0.01	  0.00	  0.85	 -0.04	 -0.80	
  0.00	  0.22	 -0.01	  0.00	  0.04	  0.16	  0.00	  0.27	 -0.28	  0.01	  0.00	  0.85	 -0.04	 -0.80	
  0.00	  0.21	 -0.01	  0.00	  0.04	  0.16	  0.00	  0.27	 -0.28	  0.01	  0.00	  0.85	 -0.05	 -0.80	
  0.00	  0.21	 -0.01	  0.00	  0.04	  0.16	  0.00	  0.27	 -0.28	  0.01	  0.00	  0.85	 -0.05	 -0.80	
  0.00	  0.21	 -0.01	  0.00	  0.04	  0.16	  0.00	  0.27	 -0.28	  0.01	  0.00	  0.85	 -0.05	 -0.80	
  0.00	  0.21	 -0.01	  0.00	  0.04	  0.16	  0.00	  0.27	 -0.28	  0.01	  0.00	  0.85	 -0.05	 -0.80	
  0.00	  0.21	 -0.01	  0.00	  0.04	  0.16	  0.00	  0.27	 -0.28	  0.01	  0.00	  0.85	 -0.05	 -0.80	
  0.00	  0.21	 -0.01	  0.00	  0.04	  0.16	  0.00	  0.27	 -0.28	  0.01	  0.00	  0.85	 -0.05	 -0.80	
  0.00	  0.21	 -0.00	  0.00	  0.04	  0.16	  0.00	  0.26	 -0.28	  0.01	  0.00	  0.85	 -0.05	 -0.80	
  0.00	  0.21	 -0.00	  0.00	  0.04	  0.16	  0.00	  0.26	 -0.28	  0.01	  0.00	  0.85	 -0.05	 -0.80	
  0.00	  0.21	 -0.00	  0.00	  0.04	  0.16	  0.00	  0.26	 -0.28	  0.02	  0.00	  0.85	 -0.05	 -0.80	
  0.00	  0.21	 -0.00	  0.00	  0.04	  0.16	  0.00	  0.26	 -0.28	  0.02	  0.00	  0.85	 -0.05	 -0.80	
  0.00	  0.21	 -0.00	  0.00	  0.04	  0.16	  0.00	  0.26	 -0.28	  0.02	  0.00	  0.85	 -0.05	 -0.80	
  0.00	  0.21	 -0.00	  0.00	  0.04	  0.16	  0.00	  0.26	 -0.28	  0.02	  0.00	  0.85	 -0.05	 -0.80	
  0.00	  0.21	 -0.00	  0.00	  0.04	  0.16	  0.00	  0.26	 -0.28	  0.02	  0.00	  0.85	 -0.05	 -0.80	
  0.00	  0.21	 -0.00	  0.00	  0.04	  0.16	  0.00	  0.26	 -0.28	  0.02	  0.00	  0.85	 -0.05	 -0.80	
  0.00	  0.21	 -0.00	  0.00	  0.04	  0.16	  0.00	  0.26	 -0.28	  0.02	  0.00	  0.85	 -0.05	 -0.80	
  0.00	  0.21	 -0.00	  0.00	  0.04	  0.16	  0.00	  0.26	 -0.28	  0.02	  0.00	  0.85	 -0.05	 -0.79	
  0.00	  0.21	 -0.00	  0.00	  0.04	  0.16	  0.00	  0.26	 -0.28	  0.02	  0.00	  0.85	 -0.05	 -0.79	
  0.00	  0.21	 -0.00	  0.00	  0.04	  0.16	  0.00	  0.26	 -0.28	  0.02	  0.00	  0.85	 -0.06	 -0.79	
  0.00	  0.21	 -0.00	  0.00	  0.04	  0.16	  0.00	  0.26	 -0.28	  0.02	  0.00	  0.85	 -0.06	 -0.79	
  0.00	  0.21	 -0.00	  0.00	  0.04	  0.16	  0.00	  0.26	 -0.28	  0.02	  0.00	  0.85	 -0.06	 -0.79	
  0.00	  0.21	 -0.00	  0.00	  0.04	  0.16	  0.00	  0.26	 -0.28	  0.02	  0.00	  0.85	 -0.06	 -0.79	
  0.00	  0.21	 -0.00	  0.00	  0.04	  0.16	  0.00	  0.26	 -0.28	  0.02	  0.00	  0.85	 -0.06	 -0.79	
  0.00	  0.21	 -0.00	  0.00	  0.04	  0.16	  0.00	  0.26	 -0.28	  0.02	  0.00	  0.85	 -0.06	 -0.79	
  0.00	  0.21	 -0.00	  0.00	  0.04	  0.16	  0.00	  0.26	 -0.28	  0.02	  0.00	  0.85	 -0.06	 -0.79	
  0.00	  0.21	 -0.00	  0.00	  0.04	  0.16	  0.00	  0.26	 -0.28	  0.02	  0.00	  0.85	 -0.06	 -0.79	
  0.00	  0.21	 -0.00	  0.00	  0.04	  0.16	  0.00	  0.26	 -0.28	  0.02	  0.00	  0.85	 -0.06	 -0.79	
  0.00	  0.21	 -0.00	  0.00	  0.04	  0.16	  0.00	  0.26	 -0.28	  0.02	  0.00	  0.85	 -0.06	 -0.79	
  0.00	  0.21	 -0.00	  0.00	  0.04	  0.16	  0.00	  0.26	 -0.28	  0.02	  0.00	  0.85	 -0.06	 -0.79	
  0.00	  0.20	  0.00	  0.00	  0.04	  0.16	  0.00	  0.25	 -0.27	  0.02	  0.00	  0.85	 -0.06	 -0.79	
  0.00	  0.20	  0.00	  0.00	  0.04	  0.16	  0.00	  0.25	 -0.27	  0.02	  0.00	  0.85	 -0.06	 -0.79	
  0.00	  0.20	  0.00	  0.00	  0.04	  0.16	  0.00	  0.25	 -0.27	  0.02	  0.00	  0.85	 -0.06	 -0.79	
  0.00	  0.20	  0.00	  0.00	  0.04	  0.16	  0.00	  0.25	 -0.27	  0.02	  0.00	  0.85	 -0.06	 -0.78	
  0.00	  0.20	  0.00	  0.00	  0.04	  0.16	  0.00	  0.25	 -0.27	  0.02	  0.00	  0.85	 -0.06	 -0.78	
  0.00	  0.20	  0.00	  0.00	  0.04	  0.16	  0.00	  0.25	 -0.27	  0.02	  0.00	  0.85	 -0.06	 -0.78	
  0.00	  0.20	  0.00	  0.00	  0.04	  0.16	  0.00	  0.25	 -0.27	  0.02	  0.00	  0.85	 -0.06	 -0.78	
  0.00	  0.20	  0.00	  0.00	  0.03	  0.16	  0.00	  0.25	 -0.27	  0.02	  0.00	  0.85	 -0.06	 -0.78	
  0.00	  0.20	  0.00	  0.00	  0.03	  0.16	  0.00	  0.25	 -0.27	  0.02	  0.00	  0.85	 -0.06	 -0.78	
  0.00	  0.20	  0.00	  0.00	  0.03	  0.16	  0.00	  0.25	 -0.27	  0.02	  0.00	  0.85	 -0.07	 -0.78	
  0.00	  0.20	  0.00	  0.00	  0.03	  0.16	  0.00	  0.25	 -0.27	  0.02	  0.00	  0.85	 -0.07	 -0.78	
  0.00	  0.20	  0.00	  0.00	  0.03	  0.16	  0.00	  0.25	 -0.27	  0.02	  0.00	  0.84	 -0.07	 -0.78	
  0.00	  0.20	  0.00	  0.00	  0.03	  0.16	  0.00	  0.25	 -0.27	  0.02	  0.00	  0.84	 -0.07	 -0.78	
  0.00	  0.20	  0.00	  0.00	  0.03	  0.16	  0.00	  0.25	 -0.27	  0.02	  0.00	  0.84	 -0.07	 -0.78	
  0.00	  0.20	  0.00	  0.00	  0.03	  0.16	  0.00	  0.25	 -0.27	  0.02	  0.00	  0.84	 -0.07	 -0.78	
  0.00	  0.20	  0.00	  0.00	  0.03	  0.16	  0.00	  0.25	 -0.27	  0.02	  0.00	  0.84	 -0.07	 -0.78	
  0.00	  0.20	  0.00	  0.00	  0.03	  0.16	  0.00	  0.25	 -0.27	  0.02	  0.00	  0.84	 -0.07	 -0.77	
  0.00	  0.20	  0.00	  0.00	  0.03	  0.16	  0.00	  0.25	 -0.27	  0.02	  0.00	  0.84	 -0.07	 -0.77	
  0.00	  0.20	  0.00	  0.00	  0.03	  0.16	  0.00	  0.25	 -0.27	  0.02	  0.00	  0.84	 -0.07	 -0.77	
  0.00	  0.20	  0.00	  0.00	  0.03	  0.16	  0.00	  0.25	 -0.27	  0.02	  0.00	  0.84	 -0.07	 -0.77	
  0.00	  0.20	  0.00	  0.00	  0.03	  0.16	  0.00	  0.25	 -0.27	  0.02	  0.00	  0.84	 -0.07	 -0.77	
  0.00	  0.20	  0.00	  0.00	  0.03	  0.16	  0.00	  0.24	 -0.27	  0.02	  0.00	  0.84	 -0.07	 -0.77	
  0.00	  0.20	  0.00	  0.00	  0.03	  0.16	  0.00	  0.24	 -0.27	  0.03	  0.00	  0.84	 -0.07	 -0.77	
  0.00	  0.20	  0.01	  0.00	  0.03	  0.16	  0.00	  0.24	 -0.27	  0.03	  0.00	  0.84	 -0.07	 -0.77	
  0.00	  0.20	  0.01	  0.00	  0.03	  0.16	  0.00	  0.24	 -0.27	  0.03	  0.00	  0.84	 -0.07	 -0.77	
  0.00	  0.19	  0.01	  0.00	  0.03	  0.16	  0.00	  0.24	 -0.27	  0.03	  0.00	  0.84	 -0.07	 -0.77	
  0.00	  0.19	  0.01	  0.00	  0.03	  0.16	  0.00	  0.24	 -0.27	  0.03	  0.00	  0.84	 -0.07	 -0.76	
  0.00	  0.19	  0.01	  0.00	  0.03	  0.16	  0.00	  0.24	 -0.27	  0.03	  0.00	  0.84	 -0.07	 -0.76	
  0.00	  0.19	  0.01	  0.00	  0.03	  0.16	  0.00	  0.24	 -0.27	  0.03	  0.00	  0.84	 -0.07	 -0.76	
  0.00	  0.19	  0.01	  0.00	  0.03	  0.16	  0.00	  0.24	 -0.27	  0.03	  0.00	  0.84	 -0.07	 -0.76	
  0.00	  0.19	  0.01	  0.00	  0.03	  0.16	  0.00	  0.24	 -0.27	  0.03	  0.00	  0.84	 -0.07	 -0.76	
  0.00	  0.19	  0.01	  0.00	  0.03	  0.16	  0.00	  0.24	 -0.27	  0.03	  0.00	  0.83	 -0.08	 -0.76	
  0.00	  0.19	  0.01	  0.00	  0.03	  0.16	  0.00	  0.24	 -0.27	  0.03	  0.00	  0.83	 -0.08	 -0.76	
  0.00	  0.19	  0.01	  0.00	  0.03	  0.16	  0.00	  0.24	 -0.27	  0.03	  0.00	  0.83	 -0.08	 -0.76	
  0.00	  0.19	  0.01	  0.00	  0.03	  0.16	  0.00	  0.24	 -0.27	  0.03	  0.00	  0.83	 -0.08	 -0.76	
  0.00	  0.19	  0.01	  0.00	  0.03	  0.16	  0.00	  0.24	 -0.27	  0.03	  0.00	  0.83	 -0.08	 -0.76	
  0.00	  0.19	  0.01	  0.00	  0.03	  0.16	  0.00	  0.24	 -0.26	  0.03	  0.00	  0.83	 -0.08	 -0.75	
  0.00	  0.19	  0.01	  0.00	  0.03	  0.16	  0.00	  0.24	 -0.26	  0.03	  0.00	  0.83	 -0.08	 -0.75	
  0.00	  0.19	  0.01	  0.00	  0.03	  0.16	  0.00	  0.24	 -0.26	  0.03	  0.00	  0.83	 -0.08	 -0.75	
  0.00	  0.19	  0.01	  0.00	  0.03	  0.16	  0.00	  0.24	 -0.26	  0.03	  0.00	  0.83	 -0.08	 -0.75	
  0.00	  0.19	  0.01	  0.00	  0.03	  0.16	  0.00	  0.23	 -0.26	  0.03	  0.00	  0.83	 -0.08	 -0.75	
  0.00	  0.19	  0.01	  0.00	  0.03	  0.16	  0.00	  0.23	 -0.26	  0.03	  0.00	  0.83	 -0.08	 -0.75	
  0.00	  0.19	  0.01	  0.00	  0.03	  0.16	  0.00	  0.23	 -0.26	  0.03	  0.00	  0.83	 -0.08	 -0.75	
  0.00	  0.19	  0.01	  0.00	  0.03	  0.16	  0.00	  0.23	 -0.26	  0.03	  0.00	  0.83	 -0.08	 -0.75	
  0.00	  0.19	  0.01	  0.00	  0.03	  0.16	  0.00	  0.23	 -0.26	  0.03	  0.00	  0.83	 -0.08	 -0.75	
  0.00	  0.19	  0.01	  0.00	  0.03	  0.16	  0.00	  0.23	 -0.26	  0.03	  0.00	  0.82	 -0.08	 -0.74	
  0.00	  0.19	  0.01	  0.00	  0.03	  0.16	  0.00	  0.23	 -0.26	  0.03	  0.00	  0.82	 -0.08	 -0.74	
  0.00	  0.19	  0.01	  0.00	  0.03	  0.16	  0.00	  0.23	 -0.26	  0.03	  0.00	  0.82	 -0.08	 -0.74	
  0.00	  0.19	  0.01	  0.00	  0.02	  0.16	  0.00	  0.23	 -0.26	  0.03	  0.00	  0.82	 -0.08	 -0.74	
  0.00	  0.18	  0.01	  0.00	  0.02	  0.16	  0.00	  0.23	 -0.26	  0.03	  0.00	  0.82	 -0.08	 -0.74	
  0.00	  0.18	  0.01	  0.00	  0.02	  0.16	  0.00	  0.23	 -0.26	  0.03	  0.00	  0.82	 -0.08	 -0.74	
  0.00	  0.18	  0.01	  0.00	  0.02	  0.16	  0.00	  0.23	 -0.26	  0.03	  0.00	  0.82	 -0.08	 -0.74	
  0.00	  0.18	  0.01	  0.00	  0.02	  0.16	  0.00	  0.23	 -0.26	  0.03	  0.00	  0.82	 -0.08	 -0.74	
  0.00	  0.18	  0.01	  0.00	  0.02	  0.16	  0.00	  0.23	 -0.26	  0.03	  0.00	  0.82	 -0.08	 -0.73	
  0.00	  0.18	  0.01	  0.00	  0.02	  0.16	  0.00	  0.23	 -0.26	  0.03	  0.00	  0.82	 -0.08	 -0.73	
  0.00	  0.18	  0.01	  0.00	  0.02	  0.16	  0.00	  0.23	 -0.26	  0.03	  0.00	  0.82	 -0.08	 -0.73	
  0.00	  0.18	  0.01	  0.00	  0.02	  0.16	  0.00	  0.23	 -0.26	  0.03	  0.00	  0.81	 -0.08	 -0.73	
  0.00	  0.18	  0.01	  0.00	  0.02	  0.16	  0.00	  0.23	 -0.26	  0.03	  0.00	  0.81	 -0.08	 -0.73	
  0.00	  0.18	  0.01	  0.00	  0.02	  0.16	  0.00	  0.23	 -0.26	  0.03	  0.00	  0.81	 -0.09	 -0.73	
  0.00	  0.18	  0.01	  0.00	  0.02	  0.16	  0.00	  0.22	 -0.26	  0.03	  0.00	  0.81	 -0.09	 -0.73	
  0.00	  0.18	  0.01	  0.00	  0.02	  0.16	  0.00	  0.22	 -0.26	  0.03	  0.00	  0.81	 -0.09	 -0.72	
  0.00	  0.18	  0.01	  0.00	  0.02	  0.16	  0.00	  0.22	 -0.26	  0.03	  0.00	  0.81	 -0.09	 -0.72	
  0.00	  0.18	  0.01	  0.00	  0.02	  0.16	  0.00	  0.22	 -0.26	  0.03	  0.00	  0.81	 -0.09	 -0.72	
  0.00	  0.18	  0.01	  0.00	  0.02	  0.16	  0.00	  0.22	 -0.26	  0.03	  0.00	  0.81	 -0.09	 -0.72	
  0.00	  0.18	  0.01	  0.00	  0.02	  0.16	  0.00	  0.22	 -0.26	  0.03	  0.00	  0.81	 -0.09	 -0.72	
  0.00	  0.18	  0.01	  0.00	  0.02	  0.16	  0.00	  0.22	 -0.25	  0.03	  0.00	  0.80	 -0.09	 -0.72	
  0.00	  0.18	  0.01	  0.00	  0.02	  0.16	  0.00	  0.22	 -0.25	  0.03	  0.00	  0.80	 -0.09	 -0.72	
  0.00	  0.18	  0.01	  0.00	  0.02	  0.16	  0.00	  0.22	 -0.25	  0.03	  0.00	  0.80	 -0.09	 -0.71	
  0.00	  0.18	  0.01	  0.00	  0.02	  0.16	  0.00	  0.22	 -0.25	  0.03	  0.00	  0.80	 -0.09	 -0.71	
  0.00	  0.18	  0.01	  0.00	  0.02	  0.16	  0.00	  0.22	 -0.25	  0.03	  0.00	  0.80	 -0.09	 -0.71	
  0.00	  0.18	  0.01	  0.00	  0.02	  0.16	  0.00	  0.22	 -0.25	  0.03	  0.00	  0.80	 -0.09	 -0.71	
  0.00	  0.17	  0.01	  0.00	  0.02	  0.16	  0.00	  0.22	 -0.25	  0.03	  0.00	  0.80	 -0.09	 -0.71	
  0.00	  0.17	  0.01	  0.00	  0.02	  0.16	  0.00	  0.22	 -0.25	  0.03	  0.00	  0.80	 -0.09	 -0.71	
  0.00	  0.17	  0.01	  0.00	  0.02	  0.16	  0.00	  0.22	 -0.25	  0.03	  0.00	  0.80	 -0.09	 -0.71	
  0.00	  0.17	  0.02	  0.00	  0.02	  0.16	  0.00	  0.22	 -0.25	  0.03	  0.00	  0.79	 -0.09	 -0.70	
  0.00	  0.17	  0.02	  0.00	  0.02	  0.16	  0.00	  0.22	 -0.25	  0.03	  0.00	  0.79	 -0.09	 -0.70	
  0.00	  0.17	  0.02	  0.00	  0.02	  0.16	  0.00	  0.22	 -0.25	  0.03	  0.00	  0.79	 -0.09	 -0.70	
  0.00	  0.17	  0.02	  0.00	  0.02	  0.16	  0.00	  0.22	 -0.25	  0.04	  0.00	  0.79	 -0.09	 -0.70	
  0.00	  0.17	  0.02	  0.00	  0.02	  0.16	  0.00	  0.21	 -0.25	  0.04	  0.00	  0.79	 -0.09	 -0.70	
  0.00	  0.17	  0.02	  0.00	  0.02	  0.16	  0.00	  0.21	 -0.25	  0.04	  0.00	  0.79	 -0.09	 -0.70	
  0.00	  0.17	  0.02	  0.00	  0.02	  0.16	  0.00	  0.21	 -0.25	  0.04	  0.00	  0.79	 -0.09	 -0.70	
  0.00	  0.17	  0.02	  0.00	  0.02	  0.16	  0.00	  0.21	 -0.25	  0.04	  0.00	  0.79	 -0.09	 -0.69	
  0.00	  0.17	  0.02	  0.00	  0.02	  0.16	  0.00	  0.21	 -0.25	  0.04	  0.00	  0.78	 -0.09	 -0.69	
  0.00	  0.17	  0.02	  0.00	  0.02	  0.16	  0.00	  0.21	 -0.25	  0.04	  0.00	  0.78	 -0.09	 -0.69	
  0.00	  0.17	  0.02	  0.00	  0.02	  0.16	  0.00	  0.21	 -0.25	  0.04	  0.00	  0.78	 -0.09	 -0.69	
  0.00	  0.17	  0.02	  0.00	  0.02	  0.16	  0.00	  0.21	 -0.25	  0.04	  0.00	  0.78	 -0.09	 -0.69	
  0.00	  0.17	  0.02	  0.00	  0.02	  0.16	  0.00	  0.21	 -0.25	  0.04	  0.00	  0.78	 -0.09	 -0.69	
  0.00	  0.17	  0.02	  0.00	  0.02	  0.16	  0.00	  0.21	 -0.25	  0.04	  0.00	  0.78	 -0.09	 -0.68	
  0.00	  0.17	  0.02	  0.00	  0.02	  0.16	  0.00	  0.21	 -0.25	  0.04	  0.00	  0.78	 -0.09	 -0.68	
  0.00	  0.17	  0.02	  0.00	  0.02	  0.16	  0.00	  0.21	 -0.25	  0.04	  0.00	  0.77	 -0.09	 -0.68	
  0.00	  0.17	  0.02	  0.00	  0.02	  0.16	  0.00	  0.21	 -0.24	  0.04	  0.00	  0.77	 -0.09	 -0.68	
  0.00	  0.17	  0.02	  0.00	  0.01	  0.15	  0.00	  0.21	 -0.24	  0.04	  0.00	  0.77	 -0.09	 -0.68	
  0.00	  0.16	  0.02	  0.00	  0.01	  0.15	  0.00	  0.21	 -0.24	  0.04	  0.00	  0.77	 -0.09	 -0.68	
  0.00	  0.16	  0.02	  0.00	  0.01	  0.15	  0.00	  0.21	 -0.24	  0.04	  0.00	  0.77	 -0.09	 -0.67	
  0.00	  0.16	  0.02	  0.00	  0.01	  0.15	  0.00	  0.21	 -0.24	  0.04	  0.00	  0.77	 -0.09	 -0.67	
  0.00	  0.16	  0.02	  0.00	  0.01	  0.15	  0.00	  0.20	 -0.24	  0.04	  0.00	  0.77	 -0.10	 -0.67	
  0.00	  0.16	  0.02	  0.00	  0.01	  0.15	  0.00	  0.20	 -0.24	  0.04	  0.00	  0.76	 -0.10	 -0.67	
  0.00	  0.16	  0.02	  0.00	  0.01	  0.15	  0.00	  0.20	 -0.24	  0.04	  0.00	  0.76	 -0.10	 -0.67	
  0.00	  0.16	  0.02	  0.00	  0.01	  0.15	  0.00	  0.20	 -0.24	  0.04	  0.00	  0.76	 -0.10	 -0.67	
  0.00	  0.16	  0.02	  0.00	  0.01	  0.15	  0.00	  0.20	 -0.24	  0.04	  0.00	  0.76	 -0.10	 -0.66	
  0.00	  0.16	  0.02	  0.00	  0.01	  0.15	  0.00	  0.20	 -0.24	  0.04	  0.00	  0.76	 -0.10	 -0.66	
  0.00	  0.16	  0.02	  0.00	  0.01	  0.15	  0.00	  0.20	 -0.24	  0.04	  0.00	  0.76	 -0.10	 -0.66	
  0.00	  0.16	  0.02	  0.00	  0.01	  0.15	  0.00	  0.20	 -0.24	  0.04	  0.00	  0.76	 -0.10	 -0.66	
  0.00	  0.16	  0.02	  0.00	  0.01	  0.15	  0.00	  0.20	 -0.24	  0.04	  0.00	  0.75	 -0.10	 -0.66	
  0.00	  0.16	  0.02	  0.00	  0.01	  0.15	  0.00	  0.20	 -0.24	  0.04	  0.00	  0.75	 -0.10	 -0.66	
  0.00	  0.16	  0.02	  0.00	  0.01	  0.15	  0.00	  0.20	 -0.24	  0.04	  0.00	  0.75	 -0.10	 -0.65	
  0.00	  0.16	  0.02	  0.00	  0.01	  0.15	  0.00	  0.20	 -0.24	  0.04	  0.00	  0.75	 -0.10	 -0.65	
  0.00	  0.16	  0.02	  0.00	  0.01	  0.15	  0.00	  0.20	 -0.24	  0.04	  0.00	  0.75	 -0.10	 -0.65	
  0.00	  0.16	  0.02	  0.00	  0.01	  0.15	  0.00	  0.20	 -0.24	  0.04	  0.00	  0.75	 -0.10	 -0.65	
  0.00	  0.16	  0.02	  0.00	  0.01	  0.15	  0.00	  0.20	 -0.24	  0.04	  0.00	  0.74	 -0.10	 -0.65	
  0.00	  0.16	  0.02	  0.00	  0.01	  0.15	  0.00	  0.20	 -0.24	  0.04	  0.00	  0.74	 -0.10	 -0.64	
  0.00	  0.16	  0.02	  0.00	  0.01	  0.15	  0.00	  0.20	 -0.24	  0.04	  0.00	  0.74	 -0.10	 -0.64	
  0.00	  0.15	  0.02	  0.00	  0.01	  0.15	  0.00	  0.19	 -0.23	  0.04	  0.00	  0.74	 -0.10	 -0.64	
  0.00	  0.15	  0.02	  0.00	  0.01	  0.15	  0.00	  0.19	 -0.23	  0.04	  0.00	  0.74	 -0.10	 -0.64	
  0.00	  0.15	  0.02	  0.00	  0.01	  0.15	  0.00	  0.19	 -0.23	  0.04	  0.00	  0.74	 -0.10	 -0.64	
  0.00	  0.15	  0.02	  0.00	  0.01	  0.15	  0.00	  0.19	 -0.23	  0.04	  0.00	  0.73	 -0.10	 -0.64	
  0.00	  0.15	  0.02	  0.00	  0.01	  0.15	  0.00	  0.19	 -0.23	  0.04	  0.00	  0.73	 -0.10	 -0.63	
  0.00	  0.15	  0.02	  0.00	  0.01	  0.15	  0.00	  0.19	 -0.23	  0.04	  0.00	  0.73	 -0.10	 -0.63	
  0.00	  0.15	  0.02	  0.00	  0.01	  0.15	  0.00	  0.19	 -0.23	  0.04	  0.00	  0.73	 -0.10	 -0.63	
  0.00	  0.15	  0.02	  0.00	  0.01	  0.15	  0.00	  0.19	 -0.23	  0.04	  0.00	  0.73	 -0.10	 -0.63	
  0.00	  0.15	  0.02	  0.00	  0.01	  0.15	  0.00	  0.19	 -0.23	  0.04	  0.00	  0.73	 -0.10	 -0.63	
  0.00	  0.15	  0.02	  0.00	  0.01	  0.15	  0.00	  0.19	 -0.23	  0.04	  0.00	  0.72	 -0.10	 -0.62	
  0.00	  0.15	  0.02	  0.00	  0.01	  0.15	  0.00	  0.19	 -0.23	  0.04	  0.00	  0.72	 -0.10	 -0.62	
  0.00	  0.15	  0.02	  0.00	  0.01	  0.15	  0.00	  0.19	 -0.23	  0.04	  0.00	  0.72	 -0.10	 -0.62	
  0.00	  0.15	  0.02	  0.00	  0.01	  0.15	  0.00	  0.19	 -0.23	  0.04	  0.00	  0.72	 -0.10	 -0.62	
  0.00	  0.15	  0.02	  0.00	  0.01	  0.15	  0.00	  0.19	 -0.23	  0.04	  0.00	  0.72	 -0.10	 -0.62	
  0.00	  0.15	  0.02	  0.00	  0.01	  0.15	  0.00	  0.19	 -0.23	  0.04	  0.00	  0.72	 -0.10	 -0.62	
  0.00	  0.15	  0.02	  0.00	  0.01	  0.15	  0.00	  0.19	 -0.23	  0.04	  0.00	  0.71	 -0.10	 -0.61	
  0.00	  0.15	  0.02	  0.00	  0.01	  0.15	  0.00	  0.19	 -0.23	  0.04	  0.00	  0.71	 -0.10	 -0.61	
  0.00	  0.15	  0.02	  0.00	  0.01	  0.15	  0.00	  0.18	 -0.23	  0.04	  0.00	  0.71	 -0.10	 -0.61	
  0.00	  0.15	  0.02	  0.00	  0.01	  0.15	  0.00	  0.18	 -0.23	  0.04	  0.00	  0.71	 -0.10	 -0.61	
  0.00	  0.15	  0.02	  0.00	  0.01	  0.15	  0.00	  0.18	 -0.23	  0.04	  0.00	  0.71	 -0.10	 -0.61	
  0.00	  0.14	  0.02	  0.00	  0.01	  0.15	  0.00	  0.18	 -0.22	  0.04	  0.00	  0.70	 -0.10	 -0.60	
  0.00	  0.14	  0.02	  0.00	  0.01	  0.15	  0.00	  0.18	 -0.22	  0.04	  0.00	  0.70	 -0.10	 -0.60	
  0.00	  0.14	  0.02	  0.00	  0.01	  0.15	  0.00	  0.18	 -0.22	  0.04	  0.00	  0.70	 -0.10	 -0.60	
  0.00	  0.14	  0.02	  0.00	  0.01	  0.15	  0.00	  0.18	 -0.22	  0.04	  0.00	  0.70	 -0.10	 -0.60	
  0.00	  0.14	  0.02	  0.00	  0.01	  0.15	  0.00	  0.18	 -0.22	  0.04	  0.00	  0.70	 -0.10	 -0.60	
  0.00	  0.14	  0.02	  0.00	  0.01	  0.15	  0.00	  0.18	 -0.22	  0.04	  0.00	  0.69	 -0.10	 -0.59	
  0.00	  0.14	  0.03	  0.00	  0.01	  0.15	  0.00	  0.18	 -0.22	  0.04	  0.00	  0.69	 -0.10	 -0.59	
  0.00	  0.14	  0.03	  0.00	  0.00	  0.15	  0.00	  0.18	 -0.22	  0.04	  0.00	  0.69	 -0.10	 -0.59	
  0.00	  0.14	  0.03	  0.00	  0.00	  0.15	  0.00	  0.18	 -0.22	  0.04	  0.00	  0.69	 -0.10	 -0.59	
  0.00	  0.14	  0.03	  0.00	  0.00	  0.14	  0.00	  0.18	 -0.22	  0.04	  0.00	  0.69	 -0.10	 -0.59	
  0.00	  0.14	  0.03	  0.00	  0.00	  0.14	  0.00	  0.18	 -0.22	  0.04	  0.00	  0.69	 -0.10	 -0.58	
  0.00	  0.14	  0.03	  0.00	  0.00	  0.14	  0.00	  0.18	 -0.22	  0.04	  0.00	  0.68	 -0.10	 -0.58	
  0.00	  0.14	  0.03	  0.00	  0.00	  0.14	  0.00	  0.18	 -0.22	  0.04	  0.00	  0.68	 -0.10	 -0.58	
  0.00	  0.14	  0.03	  0.00	  0.00	  0.14	  0.00	  0.17	 -0.22	  0.04	  0.00	  0.68	 -0.10	 -0.58	
  0.00	  0.14	  0.03	  0.00	  0.00	  0.14	  0.00	  0.17	 -0.22	  0.04	  0.00	  0.68	 -0.10	 -0.58	
  0.00	  0.14	  0.03	  0.00	  0.00	  0.14	  0.00	  0.17	 -0.22	  0.04	  0.00	  0.68	 -0.10	 -0.57	
  0.00	  0.14	  0.03	  0.00	  0.00	  0.14	  0.00	  0.17	 -0.22	  0.04	  0.00	  0.67	 -0.10	 -0.57	
  0.00	  0.14	  0.03	  0.00	  0.00	  0.14	  0.00	  0.17	 -0.22	  0.04	  0.00	  0.67	 -0.10	 -0.57	
  0.00	  0.14	  0.03	  0.00	  0.00	  0.14	  0.00	  0.17	 -0.22	  0.04	  0.00	  0.67	 -0.10	 -0.57	
  0.00	  0.13	  0.03	  0.00	  0.00	  0.14	  0.00	  0.17	 -0.21	  0.04	  0.00	  0.67	 -0.10	 -0.57	
  0.00	  0.13	  0.03	  0.00	  0.00	  0.14	  0.00	  0.17	 -0.21	  0.04	  0.00	  0.67	 -0.10	 -0.56	
  0.00	  0.13	  0.03	  0.00	  0.00	  0.14	  0.00	  0.17	 -0.21	  0.04	  0.00	  0.66	 -0.10	 -0.56	
  0.00	  0.13	  0.03	  0.00	  0.00	  0.14	  0.00	  0.17	 -0.21	  0.04	  0.00	  0.66	 -0.10	 -0.56	
  0.00	  0.13	  0.03	  0.00	  0.00	  0.14	  0.00	  0.17	 -0.21	  0.04	  0.00	  0.66	 -0.10	 -0.56	
  0.00	  0.13	  0.03	  0.00	  0.00	  0.14	  0.00	  0.17	 -0.21	  0.04	  0.00	  0.66	 -0.10	 -0.56	
  0.00	  0.13	  0.03	  0.00	  0.00	  0.14	  0.00	  0.17	 -0.21	  0.04	  0.00	  0.66	 -0.10	 -0.55	
  0.00	  0.13	  0.03	  0.00	  0.00	  0.14	  0.00	  0.17	 -0.21	  0.04	  0.00	  0.65	 -0.10	 -0.55	
  0.00	  0.13	  0.03	  0.00	  0.00	  0.14	  0.00	  0.17	 -0.21	  0.04	  0.00	  0.65	 -0.10	 -0.55	
  0.00	  0.13	  0.03	  0.00	  0.00	  0.14	  0.00	  0.17	 -0.21	  0.04	  0.00	  0.65	 -0.10	 -0.55	
  0.00	  0.13	  0.03	  0.00	  0.00	  0.14	  0.00	  0.16	 -0.21	  0.04	  0.00	  0.65	 -0.10	 -0.55	
  0.00	  0.13	  0.03	  0.00	  0.00	  0.14	  0.00	  0.16	 -0.21	  0.04	  0.00	  0.65	 -0.10	 -0.54	
  0.00	  0.13	  0.03	  0.00	  0.00	  0.14	  0.00	  0.16	 -0.21	  0.04	  0.00	  0.64	 -0.10	 -0.54	
  0.00	  0.13	  0.03	  0.00	 -0.00	  0.14	  0.00	  0.16	 -0.21	  0.04	  0.00	  0.64	 -0.10	 -0.54	
  0.00	  0.13	  0.03	  0.00	 -0.00	  0.14	  0.00	  0.16	 -0.21	  0.04	  0.00	  0.64	 -0.10	 -0.54	
  0.00	  0.13	  0.03	  0.00	 -0.00	  0.14	  0.00	  0.16	 -0.21	  0.04	  0.00	  0.64	 -0.10	 -0.54	
  0.00	  0.13	  0.03	  0.00	 -0.00	  0.14	  0.00	  0.16	 -0.21	  0.04	  0.00	  0.63	 -0.10	 -0.53	
  0.00	  0.13	  0.03	  0.00	 -0.00	  0.14	  0.00	  0.16	 -0.20	  0.04	  0.00	  0.63	 -0.10	 -0.53	
  0.00	  0.12	  0.03	  0.00	 -0.00	  0.14	  0.00	  0.16	 -0.20	  0.04	  0.00	  0.63	 -0.10	 -0.53	
  0.00	  0.12	  0.03	  0.00	 -0.00	  0.14	  0.00	  0.16	 -0.20	  0.04	  0.00	  0.63	 -0.10	 -0.53	
  0.00	  0.12	  0.03	  0.00	 -0.00	  0.14	  0.00	  0.16	 -0.20	  0.04	  0.00	  0.63	 -0.10	 -0.52	
  0.00	  0.12	  0.03	  0.00	 -0.00	  0.14	  0.00	  0.16	 -0.20	  0.04	  0.00	  0.62	 -0.10	 -0.52	
  0.00	  0.12	  0.03	  0.00	 -0.00	  0.14	  0.00	  0.16	 -0.20	  0.04	  0.00	  0.62	 -0.10	 -0.52	
  0.00	  0.12	  0.03	  0.00	 -0.00	  0.14	  0.00	  0.16	 -0.20	  0.04	  0.00	  0.62	 -0.10	 -0.52	
  0.00	  0.12	  0.03	  0.00	 -0.00	  0.14	  0.00	  0.16	 -0.20	  0.04	  0.00	  0.62	 -0.10	 -0.52	
  0.00	  0.12	  0.03	  0.00	 -0.00	  0.14	  0.00	  0.15	 -0.20	  0.05	  0.00	  0.62	 -0.10	 -0.51	
  0.00	  0.12	  0.03	  0.00	 -0.00	  0.13	  0.00	  0.15	 -0.20	  0.05	  0.00	  0.61	 -0.10	 -0.51	
  0.00	  0.12	  0.03	  0.00	 -0.00	  0.13	  0.00	  0.15	 -0.20	  0.05	  0.00	  0.61	 -0.10	 -0.51	
  0.00	  0.12	  0.03	  0.00	 -0.00	  0.13	  0.00	  0.15	 -0.20	  0.05	  0.00	  0.61	 -0.10	 -0.51	
  0.00	  0.12	  0.03	  0.00	 -0.00	  0.13	  0.00	  0.15	 -0.20	  0.05	  0.00	  0.61	 -0.10	 -0.51	
  0.00	  0.12	  0.03	  0.00	 -0.00	  0.13	  0.00	  0.15	 -0.20	  0.05	  0.00	  0.60	 -0.10	 -0.50	
  0.00	  0.12	  0.03	  0.00	 -0.00	  0.13	  0.00	  0.15	 -0.20	  0.05	  0.00	  0.60	 -0.10	 -0.50	
  0.00	  0.12	  0.03	  0.00	 -0.00	  0.13	  0.00	  0.15	 -0.20	  0.05	  0.00	  0.60	 -0.10	 -0.50	
  0.00	  0.12	  0.03	  0.00	 -0.00	  0.13	  0.00	  0.15	 -0.19	  0.05	  0.00	  0.60	 -0.10	 -0.50	
  0.00	  0.12	  0.03	  0.00	 -0.00	  0.13	  0.00	  0.15	 -0.19	  0.05	  0.00	  0.60	 -0.10	 -0.49	
  0.00	  0.12	  0.03	  0.00	 -0.00	  0.13	  0.00	  0.15	 -0.19	  0.05	  0.00	  0.59	 -0.10	 -0.49	
  0.00	  0.11	  0.03	  0.00	 -0.00	  0.13	  0.00	  0.15	 -0.19	  0.05	  0.00	  0.59	 -0.10	 -0.49	
  0.00	  0.11	  0.03	  0.00	 -0.00	  0.13	  0.00	  0.15	 -0.19	  0.05	  0.00	  0.59	 -0.10	 -0.49	
  0.00	  0.11	  0.03	  0.00	 -0.00	  0.13	  0.00	  0.15	 -0.19	  0.04	  0.00	  0.59	 -0.10	 -0.49	
  0.00	  0.11	  0.03	  0.00	 -0.00	  0.13	  0.00	  0.15	 -0.19	  0.04	  0.00	  0.58	 -0.10	 -0.48	
  0.00	  0.11	  0.03	  0.00	 -0.00	  0.13	  0.00	  0.14	 -0.19	  0.04	  0.00	  0.58	 -0.10	 -0.48	
  0.00	  0.11	  0.03	  0.00	 -0.00	  0.13	  0.00	  0.14	 -0.19	  0.04	  0.00	  0.58	 -0.10	 -0.48	
  0.00	  0.11	  0.03	  0.00	 -0.00	  0.13	  0.00	  0.14	 -0.19	  0.04	  0.00	  0.58	 -0.10	 -0.48	
  0.00	  0.11	  0.03	  0.00	 -0.00	  0.13	  0.00	  0.14	 -0.19	  0.04	  0.00	  0.58	 -0.10	 -0.48	
  0.00	  0.11	  0.03	  0.00	 -0.00	  0.13	  0.00	  0.14	 -0.19	  0.04	  0.00	  0.57	 -0.10	 -0.47	
  0.00	  0.11	  0.03	  0.00	 -0.00	  0.13	  0.00	  0.14	 -0.19	  0.04	  0.00	  0.57	 -0.10	 -0.47	
  0.00	  0.11	  0.03	  0.00	 -0.00	  0.13	  0.00	  0.14	 -0.18	  0.04	  0.00	  0.57	 -0.10	 -0.47	
  0.00	  0.11	  0.03	  0.00	 -0.00	  0.12	  0.00	  0.14	 -0.18	  0.04	  0.00	  0.57	 -0.10	 -0.47	
  0.00	  0.11	  0.03	  0.00	 -0.00	  0.12	  0.00	  0.14	 -0.18	  0.04	  0.00	  0.57	 -0.10	 -0.47	
  0.00	  0.11	  0.03	  0.00	 -0.00	  0.12	  0.00	  0.14	 -0.18	  0.04	  0.00	  0.56	 -0.10	 -0.46	
  0.00	  0.11	  0.03	  0.00	 -0.00	  0.12	  0.00	  0.14	 -0.18	  0.04	  0.00	  0.56	 -0.10	 -0.46	
  0.00	  0.11	  0.03	  0.00	 -0.00	  0.12	  0.00	  0.14	 -0.18	  0.04	  0.00	  0.56	 -0.10	 -0.46	
  0.00	  0.11	  0.03	  0.00	 -0.00	  0.12	  0.00	  0.14	 -0.18	  0.04	  0.00	  0.56	 -0.10	 -0.46	
  0.00	  0.11	  0.03	  0.00	 -0.00	  0.12	  0.00	  0.14	 -0.18	  0.04	  0.00	  0.55	 -0.10	 -0.46	
  0.00	  0.10	  0.03	  0.00	 -0.00	  0.12	  0.00	  0.14	 -0.18	  0.04	  0.00	  0.55	 -0.10	 -0.45	
  0.00	  0.10	  0.03	  0.00	 -0.00	  0.12	  0.00	  0.14	 -0.18	  0.04	  0.00	  0.55	 -0.10	 -0.45	
  0.00	  0.10	  0.03	  0.00	 -0.00	  0.12	  0.00	  0.14	 -0.17	  0.04	  0.00	  0.55	 -0.10	 -0.45	
  0.00	  0.10	  0.03	  0.00	  0.00	  0.12	  0.00	  0.14	 -0.17	  0.04	  0.00	  0.55	 -0.10	 -0.45	
  0.00	  0.10	  0.03	  0.00	  0.00	  0.11	  0.00	  0.14	 -0.17	  0.04	  0.00	  0.54	 -0.10	 -0.44	
  0.00	  0.10	  0.03	  0.00	  0.00	  0.11	  0.00	  0.14	 -0.17	  0.04	  0.00	  0.54	 -0.10	 -0.44	
  0.00	  0.10	  0.03	  0.00	  0.00	  0.11	  0.00	  0.14	 -0.17	  0.03	  0.00	  0.54	 -0.10	 -0.44	
  0.00	  0.10	  0.03	  0.00	  0.00	  0.11	  0.00	  0.14	 -0.17	  0.03	  0.00	  0.54	 -0.10	 -0.44	
  0.00	  0.10	  0.03	  0.00	  0.00	  0.11	  0.00	  0.13	 -0.17	  0.03	  0.00	  0.54	 -0.10	 -0.44	
  0.00	  0.10	  0.03	  0.00	  0.00	  0.11	  0.00	  0.13	 -0.17	  0.03	  0.00	  0.53	 -0.10	 -0.43	
  0.00	  0.10	  0.03	  0.00	  0.00	  0.11	  0.00	  0.13	 -0.16	  0.03	  0.00	  0.53	 -0.10	 -0.43	
  0.00	  0.10	  0.03	  0.00	  0.00	  0.11	  0.00	  0.13	 -0.16	  0.03	  0.00	  0.53	 -0.10	 -0.43	
  0.00	  0.10	  0.03	  0.00	  0.01	  0.10	  0.00	  0.13	 -0.16	  0.03	  0.00	  0.53	 -0.10	 -0.43	
  0.00	  0.10	  0.03	  0.00	  0.01	  0.10	  0.00	  0.13	 -0.16	  0.03	  0.00	  0.52	 -0.10	 -0.43	
  0.00	  0.10	  0.03	  0.00	  0.01	  0.10	  0.00	  0.13	 -0.16	  0.03	  0.00	  0.52	 -0.10	 -0.42	
  0.00	  0.10	  0.03	  0.00	  0.01	  0.10	  0.00	  0.13	 -0.16	  0.03	  0.00	  0.52	 -0.10	 -0.42	
  0.00	  0.10	  0.03	  0.00	  0.01	  0.10	  0.00	  0.13	 -0.16	  0.03	  0.00	  0.52	 -0.10	 -0.42	
  0.00	  0.10	  0.03	  0.00	  0.01	  0.10	  0.00	  0.13	 -0.16	  0.02	  0.00	  0.52	 -0.10	 -0.42	
  0.00	  0.10	  0.03	  0.00	  0.01	  0.10	  0.00	  0.13	 -0.15	  0.02	  0.00	  0.51	 -0.10	 -0.42	
  0.00	  0.09	  0.03	  0.00	  0.01	  0.10	  0.00	  0.13	 -0.15	  0.02	  0.00	  0.51	 -0.10	 -0.42	
  0.00	  0.09	  0.03	  0.00	  0.01	  0.09	  0.00	  0.13	 -0.15	  0.02	  0.00	  0.51	 -0.10	 -0.41	
  0.00	  0.09	  0.03	  0.00	  0.01	  0.09	  0.00	  0.13	 -0.15	  0.02	  0.00	  0.51	 -0.10	 -0.41	
  0.00	  0.09	  0.03	  0.00	  0.01	  0.09	  0.00	  0.13	 -0.15	  0.02	  0.00	  0.51	 -0.10	 -0.41	
  0.00	  0.09	  0.03	  0.00	  0.01	  0.09	  0.00	  0.13	 -0.15	  0.02	  0.00	  0.50	 -0.10	 -0.41	
  0.00	  0.09	  0.03	  0.00	  0.01	  0.09	  0.00	  0.13	 -0.15	  0.02	  0.00	  0.50	 -0.10	 -0.41	
  0.00	  0.09	  0.03	  0.00	  0.02	  0.09	  0.00	  0.13	 -0.14	  0.02	  0.00	  0.50	 -0.10	 -0.40	
  0.00	  0.09	  0.03	  0.00	  0.02	  0.08	  0.00	  0.13	 -0.14	  0.01	  0.00	  0.50	 -0.10	 -0.40	
  0.00	  0.09	  0.03	  0.00	  0.02	  0.08	  0.00	  0.13	 -0.14	  0.01	  0.00	  0.50	 -0.10	 -0.40	
  0.00	  0.09	  0.03	  0.00	  0.02	  0.08	  0.00	  0.13	 -0.14	  0.01	  0.00	  0.49	 -0.10	 -0.40	
  0.00	  0.09	  0.03	  0.00	  0.02	  0.08	  0.00	  0.13	 -0.14	  0.01	  0.00	  0.49	 -0.10	 -0.40	
  0.00	  0.09	  0.03	  0.00	  0.02	  0.08	  0.00	  0.13	 -0.14	  0.01	  0.00	  0.49	 -0.10	 -0.39	
  0.00	  0.09	  0.03	 -0.00	  0.02	  0.08	 -0.00	  0.13	 -0.14	  0.01	  0.00	  0.49	 -0.10	 -0.39	
  0.00	  0.09	  0.03	 -0.00	  0.02	  0.07	 -0.00	  0.13	 -0.13	  0.01	  0.00	  0.49	 -0.10	 -0.39	
  0.00	  0.09	  0.03	 -0.00	  0.02	  0.07	 -0.00	  0.13	 -0.13	  0.01	  0.00	  0.48	 -0.10	 -0.39	
  0.00	  0.09	  0.03	 -0.00	  0.02	  0.07	 -0.00	  0.13	 -0.13	  0.00	  0.00	  0.48	 -0.10	 -0.39	
  0.00	  0.09	  0.03	 -0.00	  0.02	  0.07	 -0.00	  0.13	 -0.13	  0.00	  0.00	  0.48	 -0.09	 -0.38	
  0.00	  0.09	  0.03	 -0.00	  0.03	  0.07	 -0.00	  0.13	 -0.13	  0.00	  0.00	  0.48	 -0.09	 -0.38	
  0.00	  0.09	  0.03	 -0.00	  0.03	  0.07	 -0.00	  0.13	 -0.13	 -0.00	  0.00	  0.48	 -0.09	 -0.38	
  0.00	  0.09	  0.03	 -0.00	  0.03	  0.06	 -0.00	  0.13	 -0.12	 -0.00	  0.00	  0.47	 -0.09	 -0.38	
  0.00	  0.08	  0.03	 -0.00	  0.03	  0.06	 -0.00	  0.13	 -0.12	 -0.00	  0.00	  0.47	 -0.09	 -0.38	
  0.00	  0.08	  0.03	 -0.00	  0.03	  0.06	 -0.00	  0.13	 -0.12	 -0.00	  0.00	  0.47	 -0.09	 -0.38	
  0.00	  0.08	  0.03	 -0.00	  0.03	  0.06	 -0.00	  0.13	 -0.12	 -0.01	  0.00	  0.47	 -0.09	 -0.37	
  0.00	  0.08	  0.03	 -0.00	  0.03	  0.06	 -0.00	  0.13	 -0.12	 -0.01	  0.00	  0.47	 -0.09	 -0.37	
  0.00	  0.08	  0.03	 -0.00	  0.03	  0.05	 -0.00	  0.13	 -0.12	 -0.01	  0.00	  0.46	 -0.09	 -0.37	
  0.00	  0.08	  0.03	 -0.00	  0.03	  0.05	 -0.00	  0.12	 -0.11	 -0.01	  0.00	  0.46	 -0.09	 -0.37	
  0.00	  0.08	  0.03	 -0.00	  0.04	  0.05	 -0.00	  0.12	 -0.11	 -0.01	  0.00	  0.46	 -0.09	 -0.37	
  0.00	  0.08	  0.03	 -0.00	  0.04	  0.05	 -0.00	  0.12	 -0.11	 -0.01	  0.00	  0.46	 -0.09	 -0.36	
  0.00	  0.08	  0.03	 -0.00	  0.04	  0.05	 -0.00	  0.12	 -0.11	 -0.02	  0.00	  0.46	 -0.09	 -0.36	
  0.00	  0.08	  0.03	 -0.00	  0.04	  0.04	 -0.00	  0.12	 -0.11	 -0.02	  0.00	  0.45	 -0.09	 -0.36	
  0.00	  0.08	  0.03	 -0.00	  0.04	  0.04	 -0.00	  0.12	 -0.11	 -0.02	  0.00	  0.45	 -0.09	 -0.36	
  0.00	  0.08	  0.03	 -0.00	  0.04	  0.04	 -0.00	  0.12	 -0.10	 -0.02	  0.00	  0.45	 -0.09	 -0.36	
  0.00	  0.08	  0.03	 -0.00	  0.04	  0.04	 -0.00	  0.12	 -0.10	 -0.02	  0.00	  0.45	 -0.09	 -0.36	
  0.00	  0.08	  0.04	 -0.00	  0.04	  0.04	 -0.00	  0.12	 -0.10	 -0.02	  0.00	  0.45	 -0.09	 -0.35	
  0.00	  0.08	  0.04	 -0.00	  0.05	  0.03	 -0.00	  0.12	 -0.10	 -0.02	  0.00	  0.44	 -0.09	 -0.35	
  0.00	  0.08	  0.04	 -0.00	  0.05	  0.03	 -0.00	  0.12	 -0.10	 -0.03	  0.00	  0.44	 -0.09	 -0.35	
  0.00	  0.08	  0.04	 -0.00	  0.05	  0.03	 -0.00	  0.12	 -0.09	 -0.03	  0.00	  0.44	 -0.09	 -0.35	
  0.00	  0.08	  0.04	 -0.00	  0.05	  0.03	 -0.00	  0.12	 -0.09	 -0.03	  0.00	  0.44	 -0.09	 -0.35	
  0.00	  0.08	  0.04	 -0.00	  0.05	  0.03	 -0.00	  0.12	 -0.09	 -0.03	  0.00	  0.44	 -0.09	 -0.35	
  0.00	  0.08	  0.04	 -0.00	  0.05	  0.02	 -0.00	  0.12	 -0.09	 -0.03	  0.00	  0.43	 -0.09	 -0.34	
  0.00	  0.08	  0.04	 -0.00	  0.05	  0.02	 -0.00	  0.12	 -0.09	 -0.03	  0.00	  0.43	 -0.09	 -0.34	
  0.00	  0.07	  0.04	 -0.00	  0.05	  0.02	 -0.00	  0.12	 -0.09	 -0.04	  0.00	  0.43	 -0.09	 -0.34	
  0.00	  0.07	  0.04	 -0.00	  0.06	  0.02	 -0.00	  0.12	 -0.08	 -0.04	  0.00	  0.43	 -0.09	 -0.34	
  0.00	  0.07	  0.04	 -0.00	  0.06	  0.02	 -0.00	  0.12	 -0.08	 -0.04	  0.00	  0.43	 -0.09	 -0.34	
  0.00	  0.07	  0.04	 -0.00	  0.06	  0.01	 -0.00	  0.12	 -0.08	 -0.04	  0.00	  0.43	 -0.09	 -0.33	
  0.00	  0.07	  0.04	 -0.00	  0.06	  0.01	 -0.00	  0.12	 -0.08	 -0.04	  0.00	  0.42	 -0.09	 -0.33	
  0.00	  0.07	  0.04	 -0.00	  0.06	  0.01	 -0.00	  0.12	 -0.08	 -0.05	  0.00	  0.42	 -0.09	 -0.33	
  0.00	  0.07	  0.04	 -0.00	  0.06	  0.01	 -0.00	  0.12	 -0.07	 -0.05	  0.00	  0.42	 -0.09	 -0.33	
  0.00	  0.07	  0.04	 -0.00	  0.06	  0.00	 -0.00	  0.12	 -0.07	 -0.05	  0.00	  0.42	 -0.09	 -0.33	
  0.00	  0.07	  0.04	 -0.00	  0.07	  0.00	 -0.00	  0.12	 -0.07	 -0.05	  0.00	  0.42	 -0.09	 -0.33	
  0.00	  0.07	  0.04	 -0.00	  0.07	  0.00	 -0.00	  0.12	 -0.07	 -0.05	  0.00	  0.41	 -0.09	 -0.32	
  0.00	  0.07	  0.04	 -0.00	  0.07	 -0.00	 -0.00	  0.12	 -0.07	 -0.05	  0.00	  0.41	 -0.09	 -0.32	
  0.00	  0.07	  0.04	 -0.00	  0.07	 -0.00	 -0.00	  0.12	 -0.06	 -0.06	  0.00	  0.41	 -0.09	 -0.32	
  0.00	  0.07	  0.04	 -0.00	  0.07	 -0.01	 -0.00	  0.12	 -0.06	 -0.06	  0.00	  0.41	 -0.09	 -0.32	
  0.00	  0.07	  0.04	 -0.00	  0.07	 -0.01	 -0.00	  0.12	 -0.06	 -0.06	  0.00	  0.41	 -0.09	 -0.32	
  0.00	  0.07	  0.04	 -0.00	  0.07	 -0.01	 -0.00	  0.12	 -0.06	 -0.06	  0.00	  0.41	 -0.09	 -0.32	
  0.00	  0.07	  0.04	 -0.00	  0.08	 -0.01	 -0.00	  0.12	 -0.06	 -0.06	  0.00	  0.40	 -0.09	 -0.31	
  0.00	  0.07	  0.04	 -0.00	  0.08	 -0.02	 -0.00	  0.12	 -0.05	 -0.07	  0.00	  0.40	 -0.09	 -0.31	
  0.00	  0.07	  0.04	 -0.00	  0.08	 -0.02	 -0.00	  0.12	 -0.05	 -0.07	  0.00	  0.40	 -0.09	 -0.31	
  0.00	  0.07	  0.04	 -0.00	  0.08	 -0.02	 -0.00	  0.12	 -0.05	 -0.07	  0.00	  0.40	 -0.09	 -0.31	
  0.00	  0.07	  0.04	 -0.00	  0.08	 -0.02	 -0.00	  0.12	 -0.05	 -0.07	  0.00	  0.40	 -0.09	 -0.31	
  0.00	  0.07	  0.04	 -0.00	  0.08	 -0.03	 -0.00	  0.12	 -0.05	 -0.07	  0.00	  0.39	 -0.09	 -0.31	
  0.00	  0.07	  0.04	 -0.00	  0.08	 -0.03	 -0.00	  0.12	 -0.04	 -0.07	  0.00	  0.39	 -0.09	 -0.30	
  0.00	  0.07	  0.04	 -0.00	  0.09	 -0.03	 -0.00	  0.12	 -0.04	 -0.08	  0.00	  0.39	 -0.09	 -0.30	
  0.00	  0.06	  0.04	 -0.00	  0.09	 -0.03	 -0.00	  0.12	 -0.04	 -0.08	  0.00	  0.39	 -0.09	 -0.30	
  0.00	  0.06	  0.04	 -0.00	  0.09	 -0.03	 -0.00	  0.12	 -0.04	 -0.08	  0.00	  0.39	 -0.09	 -0.30	
  0.00	  0.06	  0.04	 -0.00	  0.09	 -0.04	 -0.00	  0.12	 -0.04	 -0.08	  0.00	  0.39	 -0.09	 -0.30	
  0.00	  0.06	  0.04	 -0.00	  0.09	 -0.04	 -0.00	  0.12	 -0.03	 -0.08	  0.00	  0.38	 -0.09	 -0.30	
  0.00	  0.06	  0.04	 -0.00	  0.09	 -0.04	 -0.00	  0.12	 -0.03	 -0.09	  0.00	  0.38	 -0.09	 -0.30	
  0.00	  0.06	  0.04	 -0.00	  0.09	 -0.04	 -0.00	  0.12	 -0.03	 -0.09	  0.00	  0.38	 -0.09	 -0.29	
  0.00	  0.06	  0.04	 -0.00	  0.10	 -0.05	 -0.00	  0.12	 -0.03	 -0.09	  0.00	  0.38	 -0.09	 -0.29	
  0.00	  0.06	  0.04	 -0.00	  0.10	 -0.05	 -0.00	  0.12	 -0.03	 -0.09	  0.00	  0.38	 -0.09	 -0.29	
  0.00	  0.06	  0.04	 -0.00	  0.10	 -0.05	 -0.00	  0.12	 -0.02	 -0.09	  0.00	  0.37	 -0.09	 -0.29	
  0.00	  0.06	  0.04	 -0.00	  0.10	 -0.05	 -0.00	  0.12	 -0.02	 -0.10	  0.00	  0.37	 -0.09	 -0.29	
  0.00	  0.06	  0.04	 -0.00	  0.10	 -0.06	 -0.00	  0.12	 -0.02	 -0.10	  0.00	  0.37	 -0.09	 -0.29	
  0.00	  0.06	  0.04	 -0.00	  0.10	 -0.06	 -0.00	  0.12	 -0.02	 -0.10	  0.00	  0.37	 -0.09	 -0.28	
  0.00	  0.06	  0.04	 -0.00	  0.10	 -0.06	 -0.00	  0.12	 -0.01	 -0.10	  0.00	  0.37	 -0.08	 -0.28	
  0.00	  0.06	  0.04	 -0.00	  0.11	 -0.06	 -0.00	  0.12	 -0.01	 -0.10	  0.00	  0.37	 -0.08	 -0.28	
  0.00	  0.06	  0.04	 -0.00	  0.11	 -0.07	 -0.00	  0.12	 -0.01	 -0.11	  0.00	  0.36	 -0.08	 -0.28	
  0.00	  0.06	  0.04	 -0.00	  0.11	 -0.07	 -0.00	  0.12	 -0.01	 -0.11	  0.00	  0.36	 -0.08	 -0.28	
  0.00	  0.06	  0.04	 -0.00	  0.11	 -0.07	 -0.00	  0.12	 -0.01	 -0.11	  0.00	  0.36	 -0.08	 -0.28	
  0.00	  0.06	  0.04	 -0.00	  0.11	 -0.07	 -0.00	  0.11	 -0.00	 -0.11	  0.00	  0.36	 -0.08	 -0.28	
  0.00	  0.06	  0.04	 -0.00	  0.11	 -0.08	 -0.00	  0.11	 -0.00	 -0.11	  0.00	  0.36	 -0.08	 -0.27	
  0.00	  0.06	  0.04	 -0.00	  0.11	 -0.08	 -0.00	  0.11	  0.00	 -0.12	  0.00	  0.36	 -0.08	 -0.27	
  0.00	  0.06	  0.04	 -0.00	  0.12	 -0.08	 -0.00	  0.11	  0.00	 -0.12	  0.00	  0.35	 -0.08	 -0.27	
  0.00	  0.06	  0.04	 -0.00	  0.12	 -0.08	 -0.00	  0.11	  0.00	 -0.12	  0.00	  0.35	 -0.08	 -0.27	
  0.00	  0.06	  0.04	 -0.00	  0.12	 -0.09	 -0.00	  0.11	  0.01	 -0.12	  0.00	  0.35	 -0.08	 -0.27	
  0.00	  0.06	  0.04	 -0.00	  0.12	 -0.09	 -0.00	  0.11	  0.01	 -0.12	  0.00	  0.35	 -0.08	 -0.27	
  0.00	  0.06	  0.04	 -0.00	  0.12	 -0.09	 -0.00	  0.11	  0.01	 -0.13	  0.00	  0.35	 -0.08	 -0.26	
  0.00	  0.05	  0.04	 -0.00	  0.12	 -0.09	 -0.00	  0.11	  0.01	 -0.13	  0.00	  0.35	 -0.08	 -0.26	
  0.00	  0.05	  0.04	 -0.00	  0.13	 -0.10	 -0.00	  0.11	  0.02	 -0.13	  0.00	  0.34	 -0.08	 -0.26	
  0.00	  0.05	  0.04	 -0.00	  0.13	 -0.10	 -0.00	  0.11	  0.02	 -0.13	  0.00	  0.34	 -0.08	 -0.26	
  0.00	  0.05	  0.04	 -0.00	  0.13	 -0.10	 -0.00	  0.11	  0.02	 -0.13	  0.00	  0.34	 -0.08	 -0.26	
  0.00	  0.05	  0.04	 -0.00	  0.13	 -0.10	 -0.00	  0.11	  0.02	 -0.14	  0.00	  0.34	 -0.08	 -0.26	
  0.00	  0.05	  0.04	 -0.00	  0.13	 -0.11	 -0.00	  0.11	  0.02	 -0.14	  0.00	  0.34	 -0.08	 -0.26	
  0.00	  0.05	  0.04	 -0.00	  0.13	 -0.11	 -0.00	  0.11	  0.03	 -0.14	  0.00	  0.34	 -0.08	 -0.25	
  0.00	  0.05	  0.04	 -0.00	  0.13	 -0.11	 -0.00	  0.11	  0.03	 -0.14	  0.00	  0.33	 -0.08	 -0.25	
  0.00	  0.05	  0.04	 -0.00	  0.14	 -0.11	 -0.00	  0.11	  0.03	 -0.14	  0.00	  0.33	 -0.08	 -0.25	
  0.00	  0.05	  0.04	 -0.00	  0.14	 -0.12	 -0.00	  0.11	  0.03	 -0.14	  0.00	  0.33	 -0.08	 -0.25	
  0.00	  0.05	  0.04	 -0.00	  0.14	 -0.12	 -0.00	  0.11	  0.04	 -0.15	  0.00	  0.33	 -0.08	 -0.25	
  0.00	  0.05	  0.04	 -0.00	  0.14	 -0.12	 -0.00	  0.11	  0.04	 -0.15	  0.00	  0.33	 -0.08	 -0.25	
  0.00	  0.05	  0.04	 -0.00	  0.14	 -0.12	 -0.00	  0.11	  0.04	 -0.15	  0.00	  0.33	 -0.08	 -0.25	
  0.00	  0.05	  0.04	 -0.00	  0.14	 -0.13	 -0.00	  0.11	  0.04	 -0.15	  0.00	  0.32	 -0.08	 -0.24	
  0.00	  0.05	  0.04	 -0.00	  0.14	 -0.13	 -0.00	  0.11	  0.04	 -0.15	  0.00	  0.32	 -0.08	 -0.24	
  0.00	  0.05	  0.04	 -0.00	  0.15	 -0.13	 -0.00	  0.11	  0.05	 -0.16	  0.00	  0.32	 -0.08	 -0.24	
  0.00	  0.05	  0.04	 -0.00	  0.15	 -0.13	 -0.00	  0.11	  0.05	 -0.16	  0.00	  0.32	 -0.08	 -0.24	
  0.00	  0.05	  0.04	 -0.00	  0.15	 -0.14	 -0.00	  0.11	  0.05	 -0.16	  0.00	  0.32	 -0.08	 -0.24	
  0.00	  0.05	  0.04	 -0.00	  0.15	 -0.14	 -0.00	  0.11	  0.05	 -0.16	  0.00	  0.32	 -0.08	 -0.24	
  0.00	  0.05	  0.04	 -0.00	  0.15	 -0.14	 -0.00	  0.11	  0.06	 -0.16	  0.00	  0.31	 -0.08	 -0.24	
  0.00	  0.05	  0.04	 -0.00	  0.15	 -0.14	 -0.00	  0.11	  0.06	 -0.17	  0.00	  0.31	 -0.08	 -0.23	
  0.00	  0.05	  0.04	 -0.00	  0.16	 -0.15	 -0.00	  0.11	  0.06	 -0.17	  0.00	  0.31	 -0.08	 -0.23	
  0.00	  0.05	  0.04	 -0.00	  0.16	 -0.15	 -0.00	  0.11	  0.06	 -0.17	  0.00	  0.31	 -0.08	 -0.23	
  0.00	  0.05	  0.04	 -0.00	  0.16	 -0.15	 -0.00	  0.11	  0.07	 -0.17	  0.00	  0.31	 -0.08	 -0.23	
  0.00	  0.05	  0.04	 -0.00	  0.16	 -0.15	 -0.00	  0.11	  0.07	 -0.17	  0.00	  0.31	 -0.08	 -0.23	
  0.00	  0.05	  0.04	 -0.00	  0.16	 -0.16	 -0.00	  0.11	  0.07	 -0.18	  0.00	  0.31	 -0.08	 -0.23	
  0.00	  0.05	  0.04	 -0.00	  0.16	 -0.16	 -0.00	  0.11	  0.07	 -0.18	  0.00	  0.30	 -0.08	 -0.23	
  0.00	  0.04	  0.04	 -0.00	  0.16	 -0.16	 -0.00	  0.11	  0.07	 -0.18	  0.00	  0.30	 -0.08	 -0.23	
  0.00	  0.04	  0.04	 -0.00	  0.17	 -0.16	 -0.00	  0.11	  0.08	 -0.18	  0.00	  0.30	 -0.08	 -0.22	
  0.00	  0.04	  0.04	 -0.00	  0.17	 -0.17	 -0.00	  0.11	  0.08	 -0.18	  0.00	  0.30	 -0.08	 -0.22	
  0.00	  0.04	  0.04	 -0.00	  0.17	 -0.17	 -0.00	  0.11	  0.08	 -0.19	  0.00	  0.30	 -0.08	 -0.22	
  0.00	  0.04	  0.04	 -0.00	  0.17	 -0.17	 -0.00	  0.11	  0.08	 -0.19	  0.00	  0.30	 -0.08	 -0.22	
  0.00	  0.04	  0.04	 -0.00	  0.17	 -0.17	 -0.00	  0.10	  0.09	 -0.19	  0.00	  0.29	 -0.08	 -0.22	
  0.00	  0.04	  0.04	 -0.00	  0.17	 -0.18	 -0.00	  0.10	  0.09	 -0.19	  0.00	  0.29	 -0.08	 -0.22	
  0.00	  0.04	  0.04	 -0.00	  0.17	 -0.18	 -0.00	  0.10	  0.09	 -0.19	  0.00	  0.29	 -0.08	 -0.22	
  0.00	  0.04	  0.04	 -0.00	  0.18	 -0.18	 -0.00	  0.10	  0.09	 -0.20	  0.00	  0.29	 -0.08	 -0.21	
  0.00	  0.04	  0.04	 -0.00	  0.18	 -0.18	 -0.00	  0.10	  0.09	 -0.20	  0.00	  0.29	 -0.08	 -0.21	
  0.00	  0.04	  0.04	 -0.00	  0.18	 -0.19	 -0.00	  0.10	  0.10	 -0.20	  0.00	  0.29	 -0.07	 -0.21	
  0.00	  0.04	  0.04	 -0.00	  0.18	 -0.19	 -0.00	  0.10	  0.10	 -0.20	  0.00	  0.29	 -0.07	 -0.21	
  0.00	  0.04	  0.04	 -0.00	  0.18	 -0.19	 -0.00	  0.10	  0.10	 -0.20	  0.00	  0.28	 -0.07	 -0.21	
  0.00	  0.04	  0.04	 -0.00	  0.18	 -0.19	 -0.00	  0.10	  0.10	 -0.21	  0.00	  0.28	 -0.07	 -0.21	
  0.00	  0.04	  0.04	 -0.00	  0.18	 -0.20	 -0.00	  0.10	  0.11	 -0.21	  0.00	  0.28	 -0.07	 -0.21	
  0.00	  0.04	  0.04	 -0.00	  0.19	 -0.20	 -0.00	  0.10	  0.11	 -0.21	  0.00	  0.28	 -0.07	 -0.21	
  0.00	  0.04	  0.04	 -0.00	  0.19	 -0.20	 -0.00	  0.10	  0.11	 -0.21	  0.00	  0.28	 -0.07	 -0.20	
  0.00	  0.04	  0.04	 -0.00	  0.19	 -0.20	 -0.00	  0.10	  0.11	 -0.21	  0.00	  0.28	 -0.07	 -0.20	
  0.00	  0.04	  0.04	 -0.00	  0.19	 -0.20	 -0.00	  0.10	  0.11	 -0.22	  0.00	  0.28	 -0.07	 -0.20	
  0.00	  0.04	  0.04	 -0.00	  0.19	 -0.21	 -0.00	  0.10	  0.12	 -0.22	  0.00	  0.27	 -0.07	 -0.20	
  0.00	  0.04	  0.04	 -0.00	  0.19	 -0.21	 -0.00	  0.10	  0.12	 -0.22	  0.00	  0.27	 -0.07	 -0.20	
  0.00	  0.04	  0.04	 -0.00	  0.19	 -0.21	 -0.00	  0.10	  0.12	 -0.22	  0.00	  0.27	 -0.07	 -0.20	
  0.00	  0.04	  0.04	 -0.00	  0.19	 -0.21	 -0.00	  0.10	  0.12	 -0.22	  0.00	  0.27	 -0.07	 -0.20	
  0.00	  0.04	  0.04	 -0.00	  0.20	 -0.22	 -0.00	  0.10	  0.13	 -0.22	  0.00	  0.27	 -0.07	 -0.20	
  0.00	  0.04	  0.04	 -0.00	  0.20	 -0.22	 -0.00	  0.10	  0.13	 -0.23	  0.00	  0.27	 -0.07	 -0.19	
  0.00	  0.04	  0.04	 -0.00	  0.20	 -0.22	 -0.00	  0.10	  0.13	 -0.23	  0.00	  0.27	 -0.07	 -0.19	
  0.00	  0.04	  0.04	 -0.00	  0.20	 -0.22	 -0.00	  0.10	  0.13	 -0.23	  0.00	  0.26	 -0.07	 -0.19	
  0.00	  0.04	  0.04	 -0.00	  0.20	 -0.23	 -0.00	  0.10	  0.14	 -0.23	  0.00	  0.26	 -0.07	 -0.19	
  0.00	  0.04	  0.04	 -0.00	  0.20	 -0.23	 -0.00	  0.10	  0.14	 -0.23	  0.00	  0.26	 -0.07	 -0.19	
  0.00	  0.04	  0.04	 -0.00	  0.20	 -0.23	 -0.00	  0.10	  0.14	 -0.24	  0.00	  0.26	 -0.07	 -0.19	
  0.00	  0.03	  0.04	 -0.00	  0.20	 -0.23	 -0.00	  0.10	  0.14	 -0.24	  0.00	  0.26	 -0.07	 -0.19	
  0.00	  0.03	  0.04	 -0.00	  0.21	 -0.24	 -0.00	  0.09	  0.14	 -0.24	  0.00	  0.26	 -0.07	 -0.19	
  0.00	  0.03	  0.04	 -0.00	  0.21	 -0.24	 -0.00	  0.09	  0.15	 -0.24	  0.00	  0.26	 -0.07	 -0.18	
  0.00	  0.03	  0.04	 -0.00	  0.21	 -0.24	 -0.00	  0.09	  0.15	 -0.24	  0.00	  0.25	 -0.07	 -0.18	
  0.00	  0.03	  0.04	 -0.00	  0.21	 -0.24	 -0.00	  0.09	  0.15	 -0.24	  0.00	  0.25	 -0.07	 -0.18	
  0.00	  0.03	  0.04	 -0.00	  0.21	 -0.24	 -0.00	  0.09	  0.15	 -0.25	  0.00	  0.25	 -0.07	 -0.18	
  0.00	  0.03	  0.04	 -0.00	  0.21	 -0.25	 -0.00	  0.09	  0.16	 -0.25	  0.00	  0.25	 -0.07	 -0.18	
  0.00	  0.03	  0.04	 -0.00	  0.21	 -0.25	 -0.00	  0.09	  0.16	 -0.25	  0.00	  0.25	 -0.07	 -0.18	
  0.00	  0.03	  0.04	 -0.00	  0.21	 -0.25	 -0.00	  0.09	  0.16	 -0.25	  0.00	  0.25	 -0.07	 -0.18	
  0.00	  0.03	  0.04	 -0.00	  0.22	 -0.25	 -0.00	  0.09	  0.16	 -0.25	  0.00	  0.25	 -0.07	 -0.18	
  0.00	  0.03	  0.04	 -0.00	  0.22	 -0.26	 -0.00	  0.09	  0.16	 -0.25	  0.00	  0.24	 -0.07	 -0.18	
  0.00	  0.03	  0.04	 -0.00	  0.22	 -0.26	 -0.00	  0.09	  0.17	 -0.26	  0.00	  0.24	 -0.07	 -0.17	
  0.00	  0.03	  0.04	 -0.00	  0.22	 -0.26	 -0.00	  0.09	  0.17	 -0.26	  0.00	  0.24	 -0.07	 -0.17	
  0.00	  0.03	  0.04	 -0.00	  0.22	 -0.26	 -0.00	  0.09	  0.17	 -0.26	  0.00	  0.24	 -0.07	 -0.17	
  0.00	  0.03	  0.03	 -0.00	  0.22	 -0.27	 -0.00	  0.09	  0.17	 -0.26	  0.00	  0.24	 -0.07	 -0.17	
  0.00	  0.03	  0.03	 -0.00	  0.22	 -0.27	 -0.00	  0.09	  0.18	 -0.26	  0.00	  0.24	 -0.07	 -0.17	
  0.00	  0.03	  0.03	 -0.00	  0.22	 -0.27	 -0.00	  0.09	  0.18	 -0.27	  0.00	  0.24	 -0.07	 -0.17	
  0.00	  0.03	  0.03	 -0.00	  0.22	 -0.27	 -0.00	  0.09	  0.18	 -0.27	  0.00	  0.23	 -0.07	 -0.17	
  0.00	  0.03	  0.03	 -0.00	  0.23	 -0.27	 -0.00	  0.09	  0.18	 -0.27	  0.00	  0.23	 -0.07	 -0.17	
  0.00	  0.03	  0.03	 -0.00	  0.23	 -0.28	 -0.00	  0.09	  0.18	 -0.27	  0.00	  0.23	 -0.07	 -0.17	
  0.00	  0.03	  0.03	 -0.00	  0.23	 -0.28	 -0.00	  0.09	  0.19	 -0.27	  0.00	  0.23	 -0.07	 -0.16	
  0.00	  0.03	  0.03	 -0.00	  0.23	 -0.28	 -0.00	  0.08	  0.19	 -0.27	  0.00	  0.23	 -0.07	 -0.16	
  0.00	  0.03	  0.03	 -0.00	  0.23	 -0.28	 -0.00	  0.08	  0.19	 -0.27	  0.00	  0.23	 -0.07	 -0.16	
  0.00	  0.03	  0.03	 -0.00	  0.23	 -0.29	 -0.00	  0.08	  0.19	 -0.28	  0.00	  0.23	 -0.07	 -0.16	
  0.00	  0.03	  0.03	 -0.00	  0.23	 -0.29	 -0.00	  0.08	  0.20	 -0.28	  0.00	  0.23	 -0.07	 -0.16	
  0.00	  0.03	  0.03	 -0.00	  0.23	 -0.29	 -0.00	  0.08	  0.20	 -0.28	  0.00	  0.22	 -0.07	 -0.16	
  0.00	  0.03	  0.03	 -0.00	  0.23	 -0.29	 -0.00	  0.08	  0.20	 -0.28	  0.00	  0.22	 -0.07	 -0.16	
  0.00	  0.03	  0.03	 -0.00	  0.23	 -0.29	 -0.00	  0.08	  0.20	 -0.28	  0.00	  0.22	 -0.07	 -0.16	
  0.00	  0.03	  0.03	 -0.00	  0.24	 -0.30	 -0.00	  0.08	  0.20	 -0.28	  0.00	  0.22	 -0.06	 -0.16	
  0.00	  0.03	  0.03	 -0.00	  0.24	 -0.30	 -0.00	  0.08	  0.21	 -0.29	  0.00	  0.22	 -0.06	 -0.15	
  0.00	  0.03	  0.03	 -0.00	  0.24	 -0.30	 -0.00	  0.08	  0.21	 -0.29	  0.00	  0.22	 -0.06	 -0.15	
  0.00	  0.03	  0.03	 -0.00	  0.24	 -0.30	 -0.00	  0.08	  0.21	 -0.29	  0.00	  0.22	 -0.06	 -0.15	
  0.00	  0.03	  0.03	 -0.00	  0.24	 -0.30	 -0.00	  0.08	  0.21	 -0.29	  0.00	  0.22	 -0.06	 -0.15	
  0.00	  0.03	  0.03	 -0.00	  0.24	 -0.31	 -0.00	  0.08	  0.21	 -0.29	  0.00	  0.21	 -0.06	 -0.15	
  0.00	  0.03	  0.03	 -0.00	  0.24	 -0.31	 -0.00	  0.08	  0.22	 -0.29	  0.00	  0.21	 -0.06	 -0.15	
  0.00	  0.02	  0.03	 -0.00	  0.24	 -0.31	 -0.00	  0.08	  0.22	 -0.30	  0.00	  0.21	 -0.06	 -0.15	
  0.00	  0.02	  0.03	 -0.00	  0.24	 -0.31	 -0.00	  0.08	  0.22	 -0.30	  0.00	  0.21	 -0.06	 -0.15	
  0.00	  0.02	  0.03	 -0.00	  0.24	 -0.31	 -0.00	  0.07	  0.22	 -0.30	  0.00	  0.21	 -0.06	 -0.15	
  0.00	  0.02	  0.03	 -0.00	  0.24	 -0.32	 -0.00	  0.07	  0.23	 -0.30	  0.00	  0.21	 -0.06	 -0.15	
  0.00	  0.02	  0.03	 -0.00	  0.25	 -0.32	 -0.00	  0.07	  0.23	 -0.30	  0.00	  0.21	 -0.06	 -0.14	
  0.00	  0.02	  0.03	 -0.00	  0.25	 -0.32	 -0.00	  0.07	  0.23	 -0.30	  0.00	  0.21	 -0.06	 -0.14	
  0.00	  0.02	  0.03	 -0.00	  0.25	 -0.32	 -0.00	  0.07	  0.23	 -0.30	  0.00	  0.20	 -0.06	 -0.14	
  0.00	  0.02	  0.03	 -0.00	  0.25	 -0.32	 -0.00	  0.07	  0.23	 -0.31	  0.00	  0.20	 -0.06	 -0.14	
  0.00	  0.02	  0.03	 -0.00	  0.25	 -0.33	 -0.00	  0.07	  0.24	 -0.31	  0.00	  0.20	 -0.06	 -0.14	
  0.00	  0.02	  0.03	 -0.00	  0.25	 -0.33	 -0.00	  0.07	  0.24	 -0.31	  0.00	  0.20	 -0.06	 -0.14	
  0.00	  0.02	  0.03	 -0.00	  0.25	 -0.33	 -0.00	  0.07	  0.24	 -0.31	  0.00	  0.20	 -0.06	 -0.14	
  0.00	  0.02	  0.03	 -0.00	  0.25	 -0.33	 -0.00	  0.07	  0.24	 -0.31	  0.00	  0.20	 -0.06	 -0.14	
  0.00	  0.02	  0.03	 -0.00	  0.25	 -0.33	 -0.00	  0.07	  0.24	 -0.31	  0.00	  0.20	 -0.06	 -0.14	
  0.00	  0.02	  0.03	 -0.00	  0.25	 -0.34	 -0.00	  0.07	  0.25	 -0.31	  0.00	  0.20	 -0.06	 -0.14	
  0.00	  0.02	  0.03	 -0.00	  0.25	 -0.34	 -0.00	  0.07	  0.25	 -0.32	  0.00	  0.19	 -0.06	 -0.13	
  0.00	  0.02	  0.03	 -0.00	  0.25	 -0.34	 -0.00	  0.07	  0.25	 -0.32	  0.00	  0.19	 -0.06	 -0.13	
  0.00	  0.02	  0.03	 -0.00	  0.25	 -0.34	 -0.00	  0.06	  0.25	 -0.32	  0.00	  0.19	 -0.06	 -0.13	
  0.00	  0.02	  0.03	 -0.00	  0.26	 -0.34	 -0.00	  0.06	  0.26	 -0.32	  0.00	  0.19	 -0.06	 -0.13	
  0.00	  0.02	  0.03	 -0.00	  0.26	 -0.35	 -0.00	  0.06	  0.26	 -0.32	  0.00	  0.19	 -0.06	 -0.13	
  0.00	  0.02	  0.03	 -0.00	  0.26	 -0.35	 -0.00	  0.06	  0.26	 -0.32	  0.00	  0.19	 -0.06	 -0.13	
  0.00	  0.02	  0.03	 -0.00	  0.26	 -0.35	 -0.00	  0.06	  0.26	 -0.32	  0.00	  0.19	 -0.06	 -0.13	
  0.00	  0.02	  0.03	 -0.00	  0.26	 -0.35	 -0.00	  0.06	  0.26	 -0.32	  0.00	  0.19	 -0.06	 -0.13	
  0.00	  0.02	  0.03	 -0.00	  0.26	 -0.35	 -0.00	  0.06	  0.27	 -0.33	  0.00	  0.19	 -0.06	 -0.13	
  0.00	  0.02	  0.03	 -0.00	  0.26	 -0.35	 -0.00	  0.06	  0.27	 -0.33	  0.00	  0.18	 -0.06	 -0.13	
  0.00	  0.02	  0.03	 -0.00	  0.26	 -0.36	 -0.00	  0.06	  0.27	 -0.33	  0.00	  0.18	 -0.06	 -0.12	
  0.00	  0.02	  0.03	 -0.00	  0.26	 -0.36	 -0.00	  0.06	  0.27	 -0.33	  0.00	  0.18	 -0.06	 -0.12	
  0.00	  0.02	  0.03	 -0.00	  0.26	 -0.36	 -0.00	  0.06	  0.27	 -0.33	  0.00	  0.18	 -0.06	 -0.12	
  0.00	  0.02	  0.03	 -0.00	  0.26	 -0.36	 -0.00	  0.06	  0.28	 -0.33	  0.00	  0.18	 -0.06	 -0.12	
  0.00	  0.02	  0.03	 -0.00	  0.26	 -0.36	 -0.00	  0.05	  0.28	 -0.33	  0.00	  0.18	 -0.06	 -0.12	
  0.00	  0.02	  0.03	 -0.00	  0.26	 -0.36	 -0.00	  0.05	  0.28	 -0.33	  0.00	  0.18	 -0.06	 -0.12	
  0.00	  0.02	  0.03	 -0.00	  0.26	 -0.37	 -0.00	  0.05	  0.28	 -0.33	  0.00	  0.18	 -0.06	 -0.12	
  0.00	  0.02	  0.03	 -0.00	  0.26	 -0.37	 -0.00	  0.05	  0.28	 -0.34	  0.00	  0.17	 -0.06	 -0.12	
  0.00	  0.02	  0.03	 -0.00	  0.26	 -0.37	 -0.00	  0.05	  0.29	 -0.34	  0.00	  0.17	 -0.06	 -0.12	
  0.00	  0.02	  0.03	 -0.00	  0.26	 -0.37	 -0.00	  0.05	  0.29	 -0.34	  0.00	  0.17	 -0.06	 -0.12	
  0.00	  0.02	  0.03	 -0.00	  0.26	 -0.37	 -0.00	  0.05	  0.29	 -0.34	  0.00	  0.17	 -0.06	 -0.12	
  0.00	  0.02	  0.03	 -0.00	  0.27	 -0.37	 -0.00	  0.05	  0.29	 -0.34	  0.00	  0.17	 -0.06	 -0.11	
  0.00	  0.02	  0.03	 -0.00	  0.27	 -0.38	 -0.00	  0.05	  0.29	 -0.34	  0.00	  0.17	 -0.06	 -0.11	
  0.00	  0.02	  0.03	 -0.00	  0.27	 -0.38	 -0.00	  0.05	  0.30	 -0.34	  0.00	  0.17	 -0.06	 -0.11	
  0.00	  0.02	  0.03	 -0.00	  0.27	 -0.38	 -0.00	  0.05	  0.30	 -0.34	  0.00	  0.17	 -0.06	 -0.11	
  0.00	  0.02	  0.03	 -0.00	  0.27	 -0.38	 -0.00	  0.04	  0.30	 -0.34	  0.00	  0.17	 -0.06	 -0.11	
  0.00	  0.02	  0.03	 -0.00	  0.27	 -0.38	 -0.00	  0.04	  0.30	 -0.35	  0.00	  0.16	 -0.05	 -0.11	
  0.00	  0.01	  0.03	 -0.00	  0.27	 -0.38	 -0.00	  0.04	  0.30	 -0.35	  0.00	  0.16	 -0.05	 -0.11	
  0.00	  0.01	  0.03	 -0.00	  0.27	 -0.39	 -0.00	  0.04	  0.31	 -0.35	  0.00	  0.16	 -0.05	 -0.11	
  0.00	  0.01	  0.03	 -0.00	  0.27	 -0.39	 -0.00	  0.04	  0.31	 -0.35	  0.00	  0.16	 -0.05	 -0.11	
  0.00	  0.01	  0.03	 -0.00	  0.27	 -0.39	 -0.00	  0.04	  0.31	 -0.35	  0.00	  0.16	 -0.05	 -0.11	
  0.00	  0.01	  0.03	 -0.00	  0.27	 -0.39	 -0.00	  0.04	  0.31	 -0.35	  0.00	  0.16	 -0.05	 -0.11	
  0.00	  0.01	  0.03	 -0.00	  0.27	 -0.39	 -0.00	  0.04	  0.31	 -0.35	  0.00	  0.16	 -0.05	 -0.10	
  0.00	  0.01	  0.03	 -0.00	  0.27	 -0.39	 -0.00	  0.04	  0.32	 -0.35	  0.00	  0.16	 -0.05	 -0.10	
  0.00	  0.01	  0.03	 -0.00	  0.27	 -0.40	 -0.00	  0.04	  0.32	 -0.35	  0.00	  0.16	 -0.05	 -0.10	
  0.00	  0.01	  0.03	 -0.00	  0.27	 -0.40	 -0.00	  0.03	  0.32	 -0.35	  0.00	  0.16	 -0.05	 -0.10	
  0.00	  0.01	  0.03	 -0.00	  0.27	 -0.40	 -0.00	  0.03	  0.32	 -0.35	  0.00	  0.15	 -0.05	 -0.10	
  0.00	  0.01	  0.03	 -0.00	  0.27	 -0.40	 -0.00	  0.03	  0.32	 -0.36	  0.00	  0.15	 -0.05	 -0.10	
  0.00	  0.01	  0.03	 -0.00	  0.27	 -0.40	 -0.00	  0.03	  0.33	 -0.36	  0.00	  0.15	 -0.05	 -0.10	
  0.00	  0.01	  0.03	 -0.00	  0.27	 -0.40	 -0.00	  0.03	  0.33	 -0.36	  0.00	  0.15	 -0.05	 -0.10	
  0.00	  0.01	  0.03	 -0.00	  0.27	 -0.40	 -0.00	  0.03	  0.33	 -0.36	  0.00	  0.15	 -0.05	 -0.10	
  0.00	  0.01	  0.03	 -0.00	  0.27	 -0.41	 -0.00	  0.03	  0.33	 -0.36	  0.00	  0.15	 -0.05	 -0.10	
  0.00	  0.01	  0.03	 -0.00	  0.27	 -0.41	 -0.00	  0.03	  0.33	 -0.36	  0.00	  0.15	 -0.05	 -0.10	
  0.00	  0.01	  0.03	 -0.00	  0.27	 -0.41	 -0.00	  0.03	  0.34	 -0.36	  0.00	  0.15	 -0.05	 -0.10	
  0.00	  0.01	  0.03	 -0.00	  0.27	 -0.41	 -0.00	  0.02	  0.34	 -0.36	  0.00	  0.15	 -0.05	 -0.09	
  0.00	  0.01	  0.03	 -0.00	  0.27	 -0.41	 -0.00	  0.02	  0.34	 -0.36	  0.00	  0.14	 -0.05	 -0.09	
  0.00	  0.01	  0.03	 -0.00	  0.27	 -0.41	 -0.00	  0.02	  0.34	 -0.36	  0.00	  0.14	 -0.05	 -0.09	
  0.00	  0.01	  0.03	 -0.00	  0.27	 -0.41	 -0.00	  0.02	  0.34	 -0.36	  0.00	  0.14	 -0.05	 -0.09	
  0.00	  0.01	  0.03	 -0.00	  0.27	 -0.41	 -0.00	  0.02	  0.34	 -0.36	  0.00	  0.14	 -0.05	 -0.09	
  0.00	  0.01	  0.03	 -0.00	  0.27	 -0.42	 -0.00	  0.02	  0.35	 -0.36	  0.00	  0.14	 -0.05	 -0.09	
  0.00	  0.01	  0.03	 -0.00	  0.27	 -0.42	 -0.00	  0.02	  0.35	 -0.37	  0.00	  0.14	 -0.05	 -0.09	
  0.00	  0.01	  0.03	 -0.00	  0.27	 -0.42	 -0.00	  0.02	  0.35	 -0.37	  0.00	  0.14	 -0.05	 -0.09	
  0.00	  0.01	  0.03	 -0.00	  0.27	 -0.42	 -0.00	  0.01	  0.35	 -0.37	  0.00	  0.14	 -0.05	 -0.09	
  0.00	  0.01	  0.03	 -0.00	  0.27	 -0.42	 -0.00	  0.01	  0.35	 -0.37	  0.00	  0.14	 -0.05	 -0.09	
  0.00	  0.01	  0.03	 -0.00	  0.27	 -0.42	 -0.00	  0.01	  0.36	 -0.37	  0.00	  0.14	 -0.05	 -0.09	
  0.00	  0.01	  0.03	 -0.00	  0.27	 -0.42	 -0.00	  0.01	  0.36	 -0.37	  0.00	  0.13	 -0.05	 -0.09	
  0.00	  0.01	  0.03	 -0.00	  0.27	 -0.42	 -0.00	  0.01	  0.36	 -0.37	  0.00	  0.13	 -0.05	 -0.09	
  0.00	  0.01	  0.03	 -0.00	  0.27	 -0.43	 -0.00	  0.01	  0.36	 -0.37	  0.00	  0.13	 -0.05	 -0.08	
  0.00	  0.01	  0.03	 -0.00	  0.27	 -0.43	 -0.00	  0.01	  0.36	 -0.37	  0.00	  0.13	 -0.05	 -0.08	
  0.00	  0.01	  0.03	 -0.00	  0.27	 -0.43	 -0.00	  0.01	  0.37	 -0.37	  0.00	  0.13	 -0.05	 -0.08	
  0.00	  0.01	  0.03	 -0.00	  0.27	 -0.43	 -0.00	  0.00	  0.37	 -0.37	  0.00	  0.13	 -0.05	 -0.08	
  0.00	  0.01	  0.03	 -0.00	  0.27	 -0.43	 -0.00	  0.00	  0.37	 -0.37	  0.00	  0.13	 -0.05	 -0.08	
  0.00	  0.01	  0.03	 -0.00	  0.27	 -0.43	 -0.00	  0.00	  0.37	 -0.37	  0.00	  0.13	 -0.05	 -0.08	
  0.00	  0.01	  0.03	 -0.00	  0.27	 -0.43	 -0.00	 -0.00	  0.37	 -0.37	  0.00	  0.13	 -0.05	 -0.08	
  0.00	  0.01	  0.03	 -0.00	  0.27	 -0.43	 -0.00	 -0.00	  0.37	 -0.37	  0.00	  0.13	 -0.05	 -0.08	
  0.00	  0.01	  0.03	 -0.00	  0.27	 -0.43	 -0.00	 -0.00	  0.38	 -0.37	  0.00	  0.13	 -0.05	 -0.08	
  0.00	  0.01	  0.03	 -0.00	  0.27	 -0.44	 -0.00	 -0.00	  0.38	 -0.37	  0.00	  0.12	 -0.05	 -0.08	
  0.00	  0.01	  0.03	 -0.00	  0.27	 -0.44	 -0.00	 -0.01	  0.38	 -0.37	  0.00	  0.12	 -0.05	 -0.08	
  0.00	  0.01	  0.03	 -0.00	  0.27	 -0.44	 -0.00	 -0.01	  0.38	 -0.37	  0.00	  0.12	 -0.05	 -0.08	
  0.00	  0.01	  0.03	 -0.00	  0.27	 -0.44	 -0.00	 -0.01	  0.38	 -0.37	  0.00	  0.12	 -0.05	 -0.08	
  0.00	  0.01	  0.03	 -0.00	  0.27	 -0.44	 -0.00	 -0.01	  0.39	 -0.38	  0.00	  0.12	 -0.05	 -0.08	
  0.00	  0.01	  0.03	 -0.00	  0.27	 -0.44	 -0.00	 -0.01	  0.39	 -0.38	  0.00	  0.12	 -0.05	 -0.07	
  0.00	  0.01	  0.03	 -0.00	  0.27	 -0.44	 -0.00	 -0.01	  0.39	 -0.38	  0.00	  0.12	 -0.05	 -0.07	
  0.00	  0.01	  0.03	 -0.00	  0.26	 -0.44	 -0.00	 -0.01	  0.39	 -0.38	  0.00	  0.12	 -0.04	 -0.07	
  0.00	  0.01	  0.03	 -0.00	  0.26	 -0.44	 -0.00	 -0.02	  0.39	 -0.38	  0.00	  0.12	 -0.04	 -0.07	
  0.00	  0.01	  0.03	 -0.00	  0.26	 -0.44	 -0.00	 -0.02	  0.39	 -0.38	  0.00	  0.12	 -0.04	 -0.07	
  0.00	  0.01	  0.03	 -0.00	  0.26	 -0.45	 -0.00	 -0.02	  0.40	 -0.38	  0.00	  0.12	 -0.04	 -0.07	
  0.00	  0.01	  0.03	 -0.00	  0.26	 -0.45	 -0.00	 -0.02	  0.40	 -0.38	  0.00	  0.11	 -0.04	 -0.07	
  0.00	  0.01	  0.03	 -0.00	  0.26	 -0.45	 -0.00	 -0.02	  0.40	 -0.38	  0.00	  0.11	 -0.04	 -0.07	
  0.00	  0.01	  0.03	 -0.00	  0.26	 -0.45	 -0.00	 -0.02	  0.40	 -0.38	  0.00	  0.11	 -0.04	 -0.07	
  0.00	  0.01	  0.03	 -0.00	  0.26	 -0.45	 -0.00	 -0.03	  0.40	 -0.38	  0.00	  0.11	 -0.04	 -0.07	
  0.00	  0.01	  0.03	 -0.00	  0.26	 -0.45	 -0.00	 -0.03	  0.40	 -0.38	  0.00	  0.11	 -0.04	 -0.07	
  0.00	  0.00	  0.03	 -0.00	  0.26	 -0.45	 -0.00	 -0.03	  0.41	 -0.38	  0.00	  0.11	 -0.04	 -0.07	
  0.00	  0.00	  0.03	 -0.00	  0.26	 -0.45	 -0.00	 -0.03	  0.41	 -0.38	  0.00	  0.11	 -0.04	 -0.07	
  0.00	  0.00	  0.03	 -0.00	  0.26	 -0.45	 -0.00	 -0.03	  0.41	 -0.38	  0.00	  0.11	 -0.04	 -0.07	
  0.00	  0.00	  0.03	 -0.00	  0.26	 -0.45	 -0.00	 -0.03	  0.41	 -0.38	  0.00	  0.11	 -0.04	 -0.07	
  0.00	  0.00	  0.03	 -0.00	  0.26	 -0.45	 -0.00	 -0.04	  0.41	 -0.38	  0.00	  0.11	 -0.04	 -0.06	
  0.00	  0.00	  0.03	 -0.00	  0.26	 -0.45	 -0.00	 -0.04	  0.42	 -0.38	  0.00	  0.11	 -0.04	 -0.06	
  0.00	  0.00	  0.03	 -0.00	  0.26	 -0.45	 -0.00	 -0.04	  0.42	 -0.38	  0.00	  0.10	 -0.04	 -0.06	
  0.00	  0.00	  0.03	 -0.00	  0.26	 -0.46	 -0.00	 -0.04	  0.42	 -0.38	  0.00	  0.10	 -0.04	 -0.06	
  0.00	  0.00	  0.03	 -0.00	  0.25	 -0.46	 -0.00	 -0.04	  0.42	 -0.38	  0.00	  0.10	 -0.04	 -0.06	
  0.00	  0.00	  0.03	 -0.00	  0.25	 -0.46	 -0.00	 -0.04	  0.42	 -0.38	  0.00	  0.10	 -0.04	 -0.06	
  0.00	  0.00	  0.03	 -0.00	  0.25	 -0.46	 -0.00	 -0.05	  0.42	 -0.38	  0.00	  0.10	 -0.04	 -0.06	
  0.00	  0.00	  0.03	 -0.00	  0.25	 -0.46	 -0.00	 -0.05	  0.43	 -0.38	  0.00	  0.10	 -0.04	 -0.06	
  0.00	  0.00	  0.03	 -0.00	  0.25	 -0.46	 -0.00	 -0.05	  0.43	 -0.38	  0.00	  0.10	 -0.04	 -0.06	
  0.00	  0.00	  0.03	 -0.00	  0.25	 -0.46	 -0.00	 -0.05	  0.43	 -0.38	  0.00	  0.10	 -0.04	 -0.06	
  0.00	  0.00	  0.03	 -0.00	  0.25	 -0.46	 -0.00	 -0.05	  0.43	 -0.38	  0.00	  0.10	 -0.04	 -0.06	
  0.00	  0.00	  0.03	 -0.00	  0.25	 -0.46	 -0.00	 -0.05	  0.43	 -0.38	  0.00	  0.10	 -0.04	 -0.06	
  0.00	  0.00	  0.03	 -0.00	  0.25	 -0.46	 -0.00	 -0.06	  0.43	 -0.38	  0.00	  0.10	 -0.04	 -0.06	
  0.00	  0.00	  0.03	 -0.00	  0.25	 -0.46	 -0.00	 -0.06	  0.44	 -0.38	  0.00	  0.10	 -0.04	 -0.06	
  0.00	  0.00	  0.03	 -0.00	  0.25	 -0.46	 -0.00	 -0.06	  0.44	 -0.38	  0.00	  0.10	 -0.04	 -0.06	
  0.00	  0.00	  0.03	 -0.00	  0.25	 -0.46	 -0.00	 -0.06	  0.44	 -0.38	  0.00	  0.09	 -0.04	 -0.06	
  0.00	  0.00	  0.03	 -0.00	  0.24	 -0.46	 -0.00	 -0.06	  0.44	 -0.38	  0.00	  0.09	 -0.04	 -0.05	
  0.00	  0.00	  0.03	 -0.00	  0.24	 -0.46	 -0.00	 -0.07	  0.44	 -0.38	  0.00	  0.09	 -0.04	 -0.05	
  0.00	  0.00	  0.03	 -0.00	  0.24	 -0.46	 -0.00	 -0.07	  0.44	 -0.38	  0.00	  0.09	 -0.04	 -0.05	
  0.00	  0.00	  0.03	 -0.00	  0.24	 -0.47	 -0.00	 -0.07	  0.45	 -0.38	  0.00	  0.09	 -0.04	 -0.05	
  0.00	  0.00	  0.03	 -0.00	  0.24	 -0.47	 -0.00	 -0.07	  0.45	 -0.38	  0.00	  0.09	 -0.04	 -0.05	
  0.00	  0.00	  0.03	 -0.00	  0.24	 -0.47	 -0.00	 -0.07	  0.45	 -0.38	  0.00	  0.09	 -0.04	 -0.05	
  0.00	  0.00	  0.03	 -0.00	  0.24	 -0.47	 -0.00	 -0.07	  0.45	 -0.38	  0.00	  0.09	 -0.04	 -0.05	
  0.00	  0.00	  0.03	 -0.00	  0.24	 -0.47	 -0.00	 -0.08	  0.45	 -0.38	  0.00	  0.09	 -0.04	 -0.05	
  0.00	  0.00	  0.03	 -0.00	  0.24	 -0.47	 -0.00	 -0.08	  0.45	 -0.37	  0.00	  0.09	 -0.04	 -0.05	
  0.00	  0.00	  0.03	 -0.00	  0.24	 -0.47	 -0.00	 -0.08	  0.46	 -0.37	  0.00	  0.09	 -0.04	 -0.05	
  0.00	  0.00	  0.03	 -0.00	  0.23	 -0.47	 -0.00	 -0.08	  0.46	 -0.37	  0.00	  0.09	 -0.04	 -0.05	
  0.00	  0.00	  0.03	 -0.00	  0.23	 -0.47	 -0.00	 -0.08	  0.46	 -0.37	  0.00	  0.08	 -0.04	 -0.05	
  0.00	  0.00	  0.02	 -0.00	  0.23	 -0.47	 -0.00	 -0.09	  0.46	 -0.37	  0.00	  0.08	 -0.04	 -0.05	
  0.00	  0.00	  0.02	 -0.00	  0.23	 -0.47	 -0.00	 -0.09	  0.46	 -0.37	  0.00	  0.08	 -0.04	 -0.05	
  0.00	  0.00	  0.02	 -0.00	  0.23	 -0.47	 -0.00	 -0.09	  0.46	 -0.37	  0.00	  0.08	 -0.04	 -0.05	
  0.00	  0.00	  0.02	 -0.00	  0.23	 -0.47	 -0.00	 -0.09	  0.47	 -0.37	  0.00	  0.08	 -0.04	 -0.05	
  0.00	  0.00	  0.02	 -0.00	  0.23	 -0.47	 -0.00	 -0.10	  0.47	 -0.37	  0.00	  0.08	 -0.04	 -0.05	
  0.00	  0.00	  0.02	 -0.00	  0.23	 -0.47	 -0.00	 -0.10	  0.47	 -0.37	  0.00	  0.08	 -0.04	 -0.05	
  0.00	  0.00	  0.02	 -0.00	  0.22	 -0.47	 -0.00	 -0.10	  0.47	 -0.37	  0.00	  0.08	 -0.04	 -0.04	
  0.00	 -0.00	  0.02	 -0.00	  0.22	 -0.47	 -0.00	 -0.10	  0.47	 -0.37	  0.00	  0.08	 -0.03	 -0.04	
  0.00	 -0.00	  0.02	 -0.00	  0.22	 -0.47	 -0.00	 -0.10	  0.47	 -0.37	  0.00	  0.08	 -0.03	 -0.04	
  0.00	 -0.00	  0.02	 -0.00	  0.22	 -0.47	 -0.00	 -0.11	  0.47	 -0.37	  0.00	  0.08	 -0.03	 -0.04	
  0.00	 -0.00	  0.02	 -0.00	  0.22	 -0.47	 -0.00	 -0.11	  0.48	 -0.37	  0.00	  0.08	 -0.03	 -0.04	
  0.00	 -0.00	  0.02	 -0.00	  0.22	 -0.47	 -0.00	 -0.11	  0.48	 -0.37	  0.00	  0.08	 -0.03	 -0.04	
  0.00	 -0.00	  0.02	 -0.00	  0.22	 -0.47	 -0.00	 -0.11	  0.48	 -0.37	  0.00	  0.08	 -0.03	 -0.04	
  0.00	 -0.00	  0.02	 -0.00	  0.21	 -0.47	 -0.00	 -0.11	  0.48	 -0.37	  0.00	  0.07	 -0.03	 -0.04	
  0.00	 -0.00	  0.02	 -0.00	  0.21	 -0.47	 -0.00	 -0.12	  0.48	 -0.37	  0.00	  0.07	 -0.03	 -0.04	
  0.00	 -0.00	  0.02	 -0.00	  0.21	 -0.47	 -0.00	 -0.12	  0.48	 -0.37	  0.00	  0.07	 -0.03	 -0.04	
  0.00	 -0.00	  0.02	 -0.00	  0.21	 -0.47	 -0.00	 -0.12	  0.49	 -0.36	  0.00	  0.07	 -0.03	 -0.04	
  0.00	 -0.00	  0.02	 -0.00	  0.21	 -0.47	 -0.00	 -0.12	  0.49	 -0.36	  0.00	  0.07	 -0.03	 -0.04	
  0.00	 -0.00	  0.02	 -0.00	  0.21	 -0.47	 -0.00	 -0.13	  0.49	 -0.36	  0.00	  0.07	 -0.03	 -0.04	
  0.00	 -0.00	  0.02	 -0.00	  0.21	 -0.47	 -0.00	 -0.13	  0.49	 -0.36	  0.00	  0.07	 -0.03	 -0.04	
  0.00	 -0.00	  0.02	 -0.00	  0.20	 -0.47	 -0.00	 -0.13	  0.49	 -0.36	  0.00	  0.07	 -0.03	 -0.04	
  0.00	 -0.00	  0.02	 -0.00	  0.20	 -0.47	 -0.00	 -0.13	  0.49	 -0.36	  0.00	  0.07	 -0.03	 -0.04	
  0.00	 -0.00	  0.02	 -0.00	  0.20	 -0.47	 -0.00	 -0.14	  0.50	 -0.36	  0.00	  0.07	 -0.03	 -0.04	
  0.00	 -0.00	  0.02	 -0.00	  0.20	 -0.47	 -0.00	 -0.14	  0.50	 -0.36	  0.00	  0.07	 -0.03	 -0.04	
  0.00	 -0.00	  0.02	 -0.00	  0.20	 -0.47	 -0.00	 -0.14	  0.50	 -0.36	  0.00	  0.07	 -0.03	 -0.04	
  0.00	 -0.00	  0.02	 -0.00	  0.20	 -0.47	 -0.00	 -0.14	  0.50	 -0.36	  0.00	  0.07	 -0.03	 -0.04	
  0.00	 -0.00	  0.02	 -0.00	  0.20	 -0.47	 -0.00	 -0.15	  0.50	 -0.36	  0.00	  0.07	 -0.03	 -0.03	
  0.00	 -0.00	  0.02	 -0.00	  0.19	 -0.47	 -0.00	 -0.15	  0.50	 -0.36	  0.00	  0.07	 -0.03	 -0.03	
  0.00	 -0.00	  0.02	 -0.00	  0.19	 -0.47	 -0.00	 -0.15	  0.50	 -0.35	  0.00	  0.06	 -0.03	 -0.03	
  0.00	 -0.00	  0.02	 -0.00	  0.19	 -0.47	 -0.00	 -0.15	  0.51	 -0.35	  0.00	  0.06	 -0.03	 -0.03	
  0.00	 -0.00	  0.02	 -0.00	  0.19	 -0.47	 -0.00	 -0.15	  0.51	 -0.35	  0.00	  0.06	 -0.03	 -0.03	
  0.00	 -0.00	  0.02	 -0.00	  0.19	 -0.47	 -0.00	 -0.16	  0.51	 -0.35	  0.00	  0.06	 -0.03	 -0.03	
  0.00	 -0.00	  0.02	 -0.00	  0.18	 -0.47	 -0.00	 -0.16	  0.51	 -0.35	  0.00	  0.06	 -0.03	 -0.03	
  0.00	 -0.00	  0.02	 -0.00	  0.18	 -0.47	 -0.00	 -0.16	  0.51	 -0.35	  0.00	  0.06	 -0.03	 -0.03	
  0.00	 -0.00	  0.02	 -0.00	  0.18	 -0.47	 -0.00	 -0.17	  0.51	 -0.35	  0.00	  0.06	 -0.03	 -0.03	
  0.00	 -0.00	  0.02	 -0.00	  0.18	 -0.47	 -0.00	 -0.17	  0.52	 -0.35	  0.00	  0.06	 -0.03	 -0.03	
  0.00	 -0.00	  0.02	 -0.00	  0.18	 -0.47	 -0.00	 -0.17	  0.52	 -0.35	  0.00	  0.06	 -0.03	 -0.03	
  0.00	 -0.00	  0.02	 -0.00	  0.18	 -0.47	 -0.00	 -0.17	  0.52	 -0.35	  0.00	  0.06	 -0.03	 -0.03	
  0.00	 -0.00	  0.02	 -0.00	  0.17	 -0.47	 -0.00	 -0.18	  0.52	 -0.34	  0.00	  0.06	 -0.03	 -0.03	
  0.00	 -0.00	  0.02	 -0.00	  0.17	 -0.47	 -0.00	 -0.18	  0.52	 -0.34	  0.00	  0.06	 -0.03	 -0.03	
  0.00	 -0.00	  0.02	 -0.00	  0.17	 -0.47	 -0.00	 -0.18	  0.52	 -0.34	  0.00	  0.06	 -0.03	 -0.03	
  0.00	 -0.00	  0.02	 -0.00	  0.17	 -0.47	 -0.00	 -0.18	  0.52	 -0.34	  0.00	  0.06	 -0.03	 -0.03	
  0.00	 -0.00	  0.02	 -0.00	  0.17	 -0.47	 -0.00	 -0.19	  0.53	 -0.34	  0.00	  0.06	 -0.03	 -0.03	
  0.00	 -0.00	  0.02	 -0.00	  0.16	 -0.47	 -0.00	 -0.19	  0.53	 -0.34	  0.00	  0.05	 -0.03	 -0.03	
  0.00	 -0.00	  0.02	 -0.00	  0.16	 -0.47	 -0.00	 -0.19	  0.53	 -0.34	  0.00	  0.05	 -0.03	 -0.03	
  0.00	 -0.00	  0.02	 -0.00	  0.16	 -0.47	 -0.00	 -0.19	  0.53	 -0.34	  0.00	  0.05	 -0.03	 -0.03	
  0.00	 -0.00	  0.02	 -0.00	  0.16	 -0.47	 -0.00	 -0.20	  0.53	 -0.33	  0.00	  0.05	 -0.03	 -0.03	
  0.00	 -0.00	  0.02	 -0.00	  0.16	 -0.47	 -0.00	 -0.20	  0.53	 -0.33	  0.00	  0.05	 -0.03	 -0.03	
  0.00	 -0.00	  0.02	 -0.00	  0.15	 -0.47	 -0.00	 -0.20	  0.53	 -0.33	  0.00	  0.05	 -0.03	 -0.03	
  0.00	 -0.00	  0.02	 -0.00	  0.15	 -0.47	 -0.00	 -0.21	  0.54	 -0.33	  0.00	  0.05	 -0.03	 -0.02	
  0.00	 -0.00	  0.02	 -0.00	  0.15	 -0.47	 -0.00	 -0.21	  0.54	 -0.33	  0.00	  0.05	 -0.03	 -0.02	
  0.00	 -0.00	  0.02	 -0.00	  0.15	 -0.47	 -0.00	 -0.21	  0.54	 -0.33	  0.00	  0.05	 -0.03	 -0.02	
  0.00	 -0.00	  0.02	 -0.00	  0.15	 -0.47	 -0.00	 -0.21	  0.54	 -0.33	  0.00	  0.05	 -0.03	 -0.02	
  0.00	 -0.00	  0.02	 -0.00	  0.14	 -0.47	 -0.00	 -0.22	  0.54	 -0.33	  0.00	  0.05	 -0.03	 -0.02	
  0.00	 -0.00	  0.02	 -0.00	  0.14	 -0.47	 -0.00	 -0.22	  0.54	 -0.32	  0.00	  0.05	 -0.03	 -0.02	
  0.00	 -0.00	  0.02	 -0.00	  0.14	 -0.47	 -0.00	 -0.22	  0.54	 -0.32	  0.00	  0.05	 -0.03	 -0.02	
  0.00	 -0.00	  0.02	 -0.00	  0.14	 -0.47	 -0.00	 -0.22	  0.55	 -0.32	  0.00	  0.05	 -0.03	 -0.02	
  0.00	 -0.00	  0.02	 -0.00	  0.14	 -0.47	 -0.00	 -0.23	  0.55	 -0.32	  0.00	  0.05	 -0.03	 -0.02	
  0.00	 -0.00	  0.02	 -0.00	  0.13	 -0.47	 -0.00	 -0.23	  0.55	 -0.32	  0.00	  0.05	 -0.02	 -0.02	
  0.00	 -0.00	  0.02	 -0.00	  0.13	 -0.47	 -0.00	 -0.23	  0.55	 -0.32	  0.00	  0.05	 -0.02	 -0.02	
  0.00	 -0.00	  0.02	 -0.00	  0.13	 -0.47	 -0.00	 -0.24	  0.55	 -0.32	  0.00	  0.05	 -0.02	 -0.02	
  0.00	 -0.00	  0.02	 -0.00	  0.13	 -0.47	 -0.00	 -0.24	  0.55	 -0.31	  0.00	  0.04	 -0.02	 -0.02	
  0.00	 -0.00	  0.02	 -0.00	  0.13	 -0.47	 -0.00	 -0.24	  0.56	 -0.31	  0.00	  0.04	 -0.02	 -0.02	
  0.00	 -0.00	  0.02	 -0.00	  0.12	 -0.47	 -0.00	 -0.25	  0.56	 -0.31	  0.00	  0.04	 -0.02	 -0.02	
  0.00	 -0.00	  0.02	 -0.00	  0.12	 -0.47	 -0.00	 -0.25	  0.56	 -0.31	  0.00	  0.04	 -0.02	 -0.02	
  0.00	 -0.00	  0.02	 -0.00	  0.12	 -0.47	 -0.00	 -0.25	  0.56	 -0.31	  0.00	  0.04	 -0.02	 -0.02	
  0.00	 -0.00	  0.02	 -0.00	  0.12	 -0.47	 -0.00	 -0.25	  0.56	 -0.31	  0.00	  0.04	 -0.02	 -0.02	
  0.00	 -0.00	  0.02	 -0.00	  0.11	 -0.47	 -0.00	 -0.26	  0.56	 -0.30	  0.00	  0.04	 -0.02	 -0.02	
  0.00	 -0.00	  0.02	 -0.00	  0.11	 -0.46	 -0.00	 -0.26	  0.56	 -0.30	  0.00	  0.04	 -0.02	 -0.02	
  0.00	 -0.00	  0.02	 -0.00	  0.11	 -0.46	 -0.00	 -0.26	  0.57	 -0.30	  0.00	  0.04	 -0.02	 -0.02	
  0.00	 -0.00	  0.02	 -0.00	  0.11	 -0.46	 -0.00	 -0.27	  0.57	 -0.30	  0.00	  0.04	 -0.02	 -0.02	
  0.00	 -0.00	  0.02	 -0.00	  0.10	 -0.46	 -0.00	 -0.27	  0.57	 -0.30	  0.00	  0.04	 -0.02	 -0.02	
  0.00	 -0.00	  0.02	 -0.00	  0.10	 -0.46	 -0.00	 -0.27	  0.57	 -0.30	  0.00	  0.04	 -0.02	 -0.02	
  0.00	 -0.00	  0.02	 -0.00	  0.10	 -0.46	 -0.00	 -0.28	  0.57	 -0.29	  0.00	  0.04	 -0.02	 -0.02	
  0.00	 -0.00	  0.02	 -0.00	  0.10	 -0.46	 -0.00	 -0.28	  0.57	 -0.29	  0.00	  0.04	 -0.02	 -0.02	
  0.00	 -0.00	  0.02	 -0.00	  0.09	 -0.46	 -0.00	 -0.28	  0.57	 -0.29	  0.00	  0.04	 -0.02	 -0.02	
  0.00	 -0.00	  0.02	 -0.00	  0.09	 -0.46	 -0.00	 -0.29	  0.57	 -0.29	  0.00	  0.04	 -0.02	 -0.02	
  0.00	 -0.00	  0.02	 -0.00	  0.09	 -0.46	 -0.00	 -0.29	  0.58	 -0.29	  0.00	  0.04	 -0.02	 -0.02	
  0.00	 -0.00	  0.02	 -0.00	  0.09	 -0.46	 -0.00	 -0.29	  0.58	 -0.29	  0.00	  0.04	 -0.02	 -0.01	
  0.00	 -0.00	  0.02	 -0.00	  0.08	 -0.46	 -0.00	 -0.30	  0.58	 -0.28	  0.00	  0.04	 -0.02	 -0.01	
  0.00	 -0.00	  0.02	 -0.00	  0.08	 -0.46	 -0.00	 -0.30	  0.58	 -0.28	  0.00	  0.03	 -0.02	 -0.01	
  0.00	 -0.00	  0.02	 -0.00	  0.08	 -0.46	 -0.00	 -0.30	  0.58	 -0.28	  0.00	  0.03	 -0.02	 -0.01	
  0.00	 -0.00	  0.02	 -0.00	  0.08	 -0.46	 -0.00	 -0.31	  0.58	 -0.28	  0.00	  0.03	 -0.02	 -0.01	
  0.00	 -0.00	  0.02	 -0.00	  0.07	 -0.46	 -0.00	 -0.31	  0.58	 -0.28	  0.00	  0.03	 -0.02	 -0.01	
  0.00	 -0.00	  0.02	 -0.00	  0.07	 -0.46	 -0.00	 -0.31	  0.59	 -0.27	  0.00	  0.03	 -0.02	 -0.01	
  0.00	 -0.00	  0.02	 -0.00	  0.07	 -0.45	 -0.00	 -0.32	  0.59	 -0.27	  0.00	  0.03	 -0.02	 -0.01	
  0.00	 -0.00	  0.02	 -0.00	  0.07	 -0.45	 -0.00	 -0.32	  0.59	 -0.27	  0.00	  0.03	 -0.02	 -0.01	
  0.00	 -0.00	  0.02	 -0.00	  0.06	 -0.45	 -0.00	 -0.32	  0.59	 -0.27	  0.00	  0.03	 -0.02	 -0.01	
  0.00	 -0.00	  0.02	 -0.00	  0.06	 -0.45	 -0.00	 -0.33	  0.59	 -0.27	  0.00	  0.03	 -0.02	 -0.01	
  0.00	 -0.00	  0.01	 -0.00	  0.06	 -0.45	 -0.00	 -0.33	  0.59	 -0.26	  0.00	  0.03	 -0.02	 -0.01	
  0.00	 -0.00	  0.01	 -0.00	  0.06	 -0.45	 -0.00	 -0.33	  0.59	 -0.26	  0.00	  0.03	 -0.02	 -0.01	
  0.00	 -0.00	  0.01	 -0.00	  0.05	 -0.45	 -0.00	 -0.34	  0.60	 -0.26	  0.00	  0.03	 -0.02	 -0.01	
  0.00	 -0.00	  0.01	 -0.00	  0.05	 -0.45	 -0.00	 -0.34	  0.60	 -0.26	  0.00	  0.03	 -0.02	 -0.01	
  0.00	 -0.00	  0.01	 -0.00	  0.05	 -0.45	 -0.00	 -0.34	  0.60	 -0.26	  0.00	  0.03	 -0.02	 -0.01	
  0.00	 -0.00	  0.01	 -0.00	  0.05	 -0.45	 -0.00	 -0.35	  0.60	 -0.25	  0.00	  0.03	 -0.02	 -0.01	
  0.00	 -0.00	  0.01	 -0.00	  0.04	 -0.45	 -0.00	 -0.35	  0.60	 -0.25	  0.00	  0.03	 -0.02	 -0.01	
  0.00	 -0.00	  0.01	 -0.00	  0.04	 -0.45	 -0.00	 -0.35	  0.60	 -0.25	  0.00	  0.03	 -0.02	 -0.01	
  0.00	 -0.00	  0.01	 -0.00	  0.04	 -0.45	 -0.00	 -0.36	  0.60	 -0.25	  0.00	  0.03	 -0.02	 -0.01	
  0.00	 -0.00	  0.01	 -0.00	  0.04	 -0.45	 -0.00	 -0.36	  0.61	 -0.24	  0.00	  0.03	 -0.02	 -0.01	
  0.00	 -0.00	  0.01	 -0.00	  0.03	 -0.44	 -0.00	 -0.36	  0.61	 -0.24	  0.00	  0.03	 -0.02	 -0.01	
  0.00	 -0.00	  0.01	 -0.00	  0.03	 -0.44	 -0.00	 -0.37	  0.61	 -0.24	  0.00	  0.03	 -0.02	 -0.01	
  0.00	 -0.00	  0.01	 -0.00	  0.03	 -0.44	 -0.00	 -0.37	  0.61	 -0.24	  0.00	  0.03	 -0.02	 -0.01	
  0.00	 -0.00	  0.01	 -0.00	  0.02	 -0.44	 -0.00	 -0.37	  0.61	 -0.24	  0.00	  0.03	 -0.02	 -0.01	
  0.00	 -0.00	  0.01	 -0.00	  0.02	 -0.44	 -0.00	 -0.38	  0.61	 -0.23	  0.00	  0.02	 -0.02	 -0.01	
  0.00	 -0.00	  0.01	 -0.00	  0.02	 -0.44	 -0.00	 -0.38	  0.61	 -0.23	  0.00	  0.02	 -0.02	 -0.01	
  0.00	 -0.00	  0.01	 -0.00	  0.02	 -0.44	 -0.00	 -0.39	  0.61	 -0.23	  0.00	  0.02	 -0.02	 -0.01	
  0.00	 -0.00	  0.01	 -0.00	  0.01	 -0.44	 -0.00	 -0.39	  0.62	 -0.23	  0.00	  0.02	 -0.02	 -0.01	
  0.00	 -0.00	  0.01	 -0.00	  0.01	 -0.44	 -0.00	 -0.39	  0.62	 -0.22	  0.00	  0.02	 -0.02	 -0.01	
  0.00	 -0.00	  0.01	 -0.00	  0.01	 -0.44	 -0.00	 -0.40	  0.62	 -0.22	  0.00	  0.02	 -0.02	 -0.01	
  0.00	 -0.00	  0.01	 -0.00	  0.00	 -0.44	 -0.00	 -0.40	  0.62	 -0.22	  0.00	  0.02	 -0.01	 -0.01	
  0.00	 -0.00	  0.01	 -0.00	  0.00	 -0.44	 -0.00	 -0.40	  0.62	 -0.22	  0.00	  0.02	 -0.01	 -0.01	
  0.00	 -0.00	  0.01	 -0.00	 -0.00	 -0.43	 -0.00	 -0.41	  0.62	 -0.21	  0.00	  0.02	 -0.01	 -0.01	
  0.00	 -0.00	  0.01	 -0.00	 -0.00	 -0.43	 -0.00	 -0.41	  0.62	 -0.21	  0.00	  0.02	 -0.01	 -0.01	
  0.00	 -0.00	  0.01	 -0.00	 -0.01	 -0.43	 -0.00	 -0.42	  0.62	 -0.21	  0.00	  0.02	 -0.01	 -0.01	
  0.00	 -0.00	  0.01	 -0.00	 -0.01	 -0.43	 -0.00	 -0.42	  0.63	 -0.21	  0.00	  0.02	 -0.01	 -0.01	
  0.00	 -0.00	  0.01	 -0.00	 -0.01	 -0.43	 -0.00	 -0.42	  0.63	 -0.20	  0.00	  0.02	 -0.01	 -0.01	
  0.00	 -0.00	  0.01	 -0.00	 -0.02	 -0.43	 -0.00	 -0.43	  0.63	 -0.20	  0.00	  0.02	 -0.01	 -0.01	
  0.00	 -0.00	  0.01	 -0.00	 -0.02	 -0.43	 -0.00	 -0.43	  0.63	 -0.20	  0.00	  0.02	 -0.01	 -0.01	
  0.00	 -0.00	  0.01	 -0.00	 -0.02	 -0.43	 -0.00	 -0.43	  0.63	 -0.20	  0.00	  0.02	 -0.01	 -0.01	
  0.00	 -0.00	  0.01	 -0.00	 -0.02	 -0.43	 -0.00	 -0.44	  0.63	 -0.19	  0.00	  0.02	 -0.01	 -0.01	
  0.00	 -0.00	  0.01	 -0.00	 -0.03	 -0.43	 -0.00	 -0.44	  0.63	 -0.19	  0.00	  0.02	 -0.01	 -0.01	
  0.00	 -0.00	  0.01	 -0.00	 -0.03	 -0.42	 -0.00	 -0.45	  0.64	 -0.19	  0.00	  0.02	 -0.01	 -0.01	
  0.00	 -0.00	  0.01	 -0.00	 -0.03	 -0.42	 -0.00	 -0.45	  0.64	 -0.19	  0.00	  0.02	 -0.01	 -0.00	
  0.00	 -0.00	  0.01	 -0.00	 -0.04	 -0.42	 -0.00	 -0.45	  0.64	 -0.18	  0.00	  0.02	 -0.01	 -0.00	
  0.00	 -0.00	  0.01	 -0.00	 -0.04	 -0.42	 -0.00	 -0.46	  0.64	 -0.18	  0.00	  0.02	 -0.01	 -0.00	
  0.00	 -0.00	  0.01	 -0.00	 -0.04	 -0.42	 -0.00	 -0.46	  0.64	 -0.18	  0.00	  0.02	 -0.01	 -0.00	
  0.00	 -0.00	  0.01	 -0.00	 -0.05	 -0.42	 -0.00	 -0.47	  0.64	 -0.18	  0.00	  0.02	 -0.01	 -0.00	
  0.00	 -0.00	  0.01	 -0.00	 -0.05	 -0.42	 -0.00	 -0.47	  0.64	 -0.17	  0.00	  0.02	 -0.01	 -0.00	
  0.00	 -0.00	  0.01	 -0.00	 -0.05	 -0.42	 -0.00	 -0.47	  0.64	 -0.17	  0.00	  0.02	 -0.01	 -0.00	
  0.00	 -0.00	  0.01	 -0.00	 -0.06	 -0.42	 -0.00	 -0.48	  0.65	 -0.17	  0.00	  0.02	 -0.01	 -0.00	
  0.00	 -0.00	  0.01	 -0.00	 -0.06	 -0.42	 -0.00	 -0.48	  0.65	 -0.16	  0.00	  0.01	 -0.01	 -0.00	
  0.00	 -0.00	  0.01	 -0.00	 -0.06	 -0.41	 -0.00	 -0.49	  0.65	 -0.16	  0.00	  0.01	 -0.01	 -0.00	
  0.00	 -0.00	  0.01	 -0.00	 -0.06	 -0.41	 -0.00	 -0.49	  0.65	 -0.16	  0.00	  0.01	 -0.01	 -0.00	
  0.00	 -0.00	  0.01	 -0.00	 -0.07	 -0.41	 -0.00	 -0.49	  0.65	 -0.16	  0.00	  0.01	 -0.01	 -0.00	
  0.00	 -0.00	  0.01	 -0.00	 -0.07	 -0.41	 -0.00	 -0.50	  0.65	 -0.15	  0.00	  0.01	 -0.01	 -0.00	
  0.00	 -0.00	  0.01	 -0.00	 -0.07	 -0.41	 -0.00	 -0.50	  0.65	 -0.15	  0.00	  0.01	 -0.01	 -0.00	
  0.00	 -0.00	  0.01	 -0.00	 -0.08	 -0.41	 -0.00	 -0.51	  0.65	 -0.15	  0.00	  0.01	 -0.01	 -0.00	
  0.00	 -0.00	  0.01	 -0.00	 -0.08	 -0.41	 -0.00	 -0.51	  0.66	 -0.15	  0.00	  0.01	 -0.01	 -0.00	
  0.00	 -0.00	  0.01	 -0.00	 -0.08	 -0.41	 -0.00	 -0.51	  0.66	 -0.14	  0.00	  0.01	 -0.01	 -0.00	
  0.00	 -0.00	  0.01	 -0.00	 -0.09	 -0.41	 -0.00	 -0.52	  0.66	 -0.14	  0.00	  0.01	 -0.01	 -0.00	
  0.00	 -0.00	  0.01	 -0.00	 -0.09	 -0.40	 -0.00	 -0.52	  0.66	 -0.14	  0.00	  0.01	 -0.01	 -0.00	
  0.00	 -0.00	  0.01	 -0.00	 -0.09	 -0.40	 -0.00	 -0.53	  0.66	 -0.13	  0.00	  0.01	 -0.01	 -0.00	
  0.00	 -0.00	  0.01	 -0.00	 -0.10	 -0.40	 -0.00	 -0.53	  0.66	 -0.13	  0.00	  0.01	 -0.01	 -0.00	
  0.00	 -0.00	  0.01	 -0.00	 -0.10	 -0.40	 -0.00	 -0.53	  0.66	 -0.13	  0.00	  0.01	 -0.01	 -0.00	
  0.00	 -0.00	  0.01	 -0.00	 -0.10	 -0.40	 -0.00	 -0.54	  0.66	 -0.12	  0.00	  0.01	 -0.01	 -0.00	
  0.00	 -0.00	  0.01	 -0.00	 -0.10	 -0.40	 -0.00	 -0.54	  0.66	 -0.12	  0.00	  0.01	 -0.01	 -0.00	
  0.00	 -0.00	  0.01	 -0.00	 -0.11	 -0.40	 -0.00	 -0.55	  0.67	 -0.12	  0.00	  0.01	 -0.01	 -0.00	
  0.00	 -0.00	  0.01	 -0.00	 -0.11	 -0.40	 -0.00	 -0.55	  0.67	 -0.12	  0.00	  0.01	 -0.01	 -0.00	
  0.00	 -0.00	  0.01	 -0.00	 -0.11	 -0.40	 -0.00	 -0.56	  0.67	 -0.11	  0.00	  0.01	 -0.01	 -0.00	
  0.00	 -0.00	  0.01	 -0.00	 -0.12	 -0.39	 -0.00	 -0.56	  0.67	 -0.11	  0.00	  0.01	 -0.01	 -0.00	
  0.00	 -0.00	  0.01	 -0.00	 -0.12	 -0.39	 -0.00	 -0.56	  0.67	 -0.11	  0.00	  0.01	 -0.01	 -0.00	
  0.00	 -0.00	  0.01	 -0.00	 -0.12	 -0.39	 -0.00	 -0.57	  0.67	 -0.10	  0.00	  0.01	 -0.01	 -0.00	
  0.00	 -0.00	  0.01	 -0.00	 -0.13	 -0.39	 -0.00	 -0.57	  0.67	 -0.10	  0.00	  0.01	 -0.01	 -0.00	
  0.00	 -0.00	  0.01	 -0.00	 -0.13	 -0.39	 -0.00	 -0.58	  0.67	 -0.10	  0.00	  0.01	 -0.01	 -0.00	
  0.00	 -0.00	  0.01	 -0.00	 -0.13	 -0.39	 -0.00	 -0.58	  0.68	 -0.09	  0.00	  0.01	 -0.01	 -0.00	
  0.00	 -0.00	  0.01	 -0.00	 -0.14	 -0.39	 -0.00	 -0.59	  0.68	 -0.09	  0.00	  0.01	 -0.01	 -0.00	
  0.00	 -0.00	  0.01	 -0.00	 -0.14	 -0.39	 -0.00	 -0.59	  0.68	 -0.09	  0.00	  0.01	 -0.01	 -0.00	
  0.00	 -0.00	  0.01	 -0.00	 -0.14	 -0.38	 -0.00	 -0.59	  0.68	 -0.08	  0.00	  0.01	 -0.01	 -0.00	
  0.00	 -0.00	  0.01	 -0.00	 -0.15	 -0.38	 -0.00	 -0.60	  0.68	 -0.08	  0.00	  0.01	 -0.01	 -0.00	
  0.00	 -0.00	  0.00	 -0.00	 -0.15	 -0.38	 -0.00	 -0.60	  0.68	 -0.08	  0.00	  0.01	 -0.01	 -0.00	
  0.00	 -0.00	  0.00	 -0.00	 -0.15	 -0.38	 -0.00	 -0.61	  0.68	 -0.08	  0.00	  0.01	 -0.01	 -0.00	
  0.00	 -0.00	  0.00	 -0.00	 -0.16	 -0.38	 -0.00	 -0.61	  0.68	 -0.07	  0.00	  0.01	 -0.01	 -0.00	
  0.00	 -0.00	  0.00	 -0.00	 -0.16	 -0.38	 -0.00	 -0.62	  0.68	 -0.07	  0.00	  0.01	 -0.01	 -0.00	
  0.00	 -0.00	  0.00	 -0.00	 -0.16	 -0.38	 -0.00	 -0.62	  0.69	 -0.07	  0.00	  0.01	 -0.00	 -0.00	
  0.00	 -0.00	  0.00	 -0.00	 -0.16	 -0.38	 -0.00	 -0.62	  0.69	 -0.06	  0.00	  0.01	 -0.00	 -0.00	
  0.00	 -0.00	  0.00	 -0.00	 -0.17	 -0.37	 -0.00	 -0.63	  0.69	 -0.06	  0.00	  0.01	 -0.00	 -0.00	
  0.00	 -0.00	  0.00	 -0.00	 -0.17	 -0.37	 -0.00	 -0.63	  0.69	 -0.06	  0.00	  0.01	 -0.00	 -0.00	
  0.00	 -0.00	  0.00	 -0.00	 -0.17	 -0.37	 -0.00	 -0.64	  0.69	 -0.05	  0.00	  0.00	 -0.00	 -0.00	
  0.00	 -0.00	  0.00	 -0.00	 -0.18	 -0.37	 -0.00	 -0.64	  0.69	 -0.05	  0.00	  0.00	 -0.00	 -0.00	
  0.00	 -0.00	  0.00	 -0.00	 -0.18	 -0.37	 -0.00	 -0.65	  0.69	 -0.05	  0.00	  0.00	 -0.00	 -0.00	
  0.00	 -0.00	  0.00	 -0.00	 -0.18	 -0.37	 -0.00	 -0.65	  0.69	 -0.04	  0.00	  0.00	 -0.00	 -0.00	
  0.00	 -0.00	  0.00	 -0.00	 -0.19	 -0.37	 -0.00	 -0.66	  0.69	 -0.04	  0.00	  0.00	 -0.00	 -0.00	
  0.00	 -0.00	  0.00	 -0.00	 -0.19	 -0.37	 -0.00	 -0.66	  0.70	 -0.04	  0.00	  0.00	 -0.00	 -0.00	
  0.00	 -0.00	  0.00	 -0.00	 -0.19	 -0.36	 -0.00	 -0.66	  0.70	 -0.03	  0.00	  0.00	 -0.00	 -0.00	
  0.00	 -0.00	  0.00	 -0.00	 -0.20	 -0.36	 -0.00	 -0.67	  0.70	 -0.03	  0.00	  0.00	 -0.00	 -0.00	
  0.00	 -0.00	  0.00	 -0.00	 -0.20	 -0.36	 -0.00	 -0.67	  0.70	 -0.03	  0.00	  0.00	 -0.00	 -0.00	
  0.00	 -0.00	  0.00	 -0.00	 -0.20	 -0.36	 -0.00	 -0.68	  0.70	 -0.02	  0.00	  0.00	 -0.00	 -0.00	
  0.00	 -0.00	  0.00	 -0.00	 -0.21	 -0.36	 -0.00	 -0.68	  0.70	 -0.02	  0.00	  0.00	 -0.00	 -0.00	
  0.00	 -0.00	  0.00	 -0.00	 -0.21	 -0.36	 -0.00	 -0.69	  0.70	 -0.02	  0.00	  0.00	 -0.00	 -0.00	
  0.00	 -0.00	  0.00	 -0.00	 -0.21	 -0.36	 -0.00	 -0.69	  0.70	 -0.01	  0.00	  0.00	 -0.00	 -0.00	
  0.00	 -0.00	  0.00	 -0.00	 -0.22	 -0.36	 -0.00	 -0.70	  0.70	 -0.01	  0.00	  0.00	 -0.00	 -0.00	
  0.00	 -0.00	  0.00	 -0.00	 -0.22	 -0.35	 -0.00	 -0.70	  0.71	 -0.00	  0.00	  0.00	 -0.00	 -0.00	
  0.00	 -0.00	  0.00	 -0.00	 -0.22	 -0.35	 -0.00	 -0.70	  0.71	 -0.00	  0.00	  0.00	 -0.00	 -0.00	
  0.00	 -0.00	  0.00	 -0.00	 -0.23	 -0.35	 -0.00	 -0.71	  0.71	  0.00	  0.00	  0.00	 -0.00	 -0.00	
  0.00	 -0.00	  0.00	 -0.00	 -0.23	 -0.35	 -0.00	 -0.71	  0.71	  0.01	  0.00	  0.00	 -0.00	 -0.00	
  0.00	 -0.00	  0.00	 -0.00	 -0.23	 -0.35	 -0.00	 -0.72	  0.71	  0.01	  0.00	  0.00	 -0.00	 -0.00	
  0.00	 -0.00	  0.00	 -0.00	 -0.23	 -0.35	 -0.00	 -0.72	  0.71	  0.01	  0.00	  0.00	 -0.00	 -0.00	
  0.00	 -0.00	  0.00	 -0.00	 -0.24	 -0.35	 -0.00	 -0.73	  0.71	  0.02	  0.00	  0.00	 -0.00	 -0.00	
  0.00	 -0.00	  0.00	 -0.00	 -0.24	 -0.35	 -0.00	 -0.73	  0.71	  0.02	  0.00	  0.00	 -0.00	 -0.00	
  0.00	  0.00	  0.00	 -0.00	 -0.24	 -0.34	 -0.00	 -0.74	  0.71	  0.02	  0.00	  0.00	 -0.00	 -0.00	
  0.00	  0.00	  0.00	 -0.00	 -0.25	 -0.34	 -0.00	 -0.74	  0.71	  0.03	  0.00	  0.00	 -0.00	 -0.00	
 -0.00	  0.00	 -0.00	  0.00	 -0.25	 -0.34	  0.00	 -0.75	  0.72	  0.03	 -0.00	  0.00	  0.00	 -0.00	
 -0.00	  0.00	 -0.00	  0.00	 -0.25	 -0.34	  0.00	 -0.75	  0.72	  0.03	 -0.00	  0.00	  0.00	 -0.00	
 -0.00	  0.00	 -0.00	  0.00	 -0.26	 -0.34	  0.00	 -0.76	  0.72	  0.04	 -0.00	  0.00	  0.00	 -0.00	
 -0.00	  0.00	 -0.00	  0.00	 -0.26	 -0.34	  0.00	 -0.76	  0.72	  0.04	 -0.00	  0.00	  0.00	 -0.00	
 -0.00	  0.00	 -0.00	  0.00	 -0.26	 -0.34	  0.00	 -0.76	  0.72	  0.04	 -0.00	  0.00	  0.00	 -0.00	
 -0.00	  0.00	 -0.00	  0.00	 -0.27	 -0.34	  0.00	 -0.77	  0.72	  0.05	 -0.00	 -0.00	  0.00	 -0.00	
 -0.00	  0.00	 -0.00	  0.00	 -0.27	 -0.33	  0.00	 -0.77	  0.72	  0.05	 -0.00	 -0.00	  0.00	 -0.00	
 -0.00	  0.00	 -0.00	  0.00	 -0.27	 -0.33	  0.00	 -0.78	  0.72	  0.06	 -0.00	 -0.00	  0.00	 -0.00	
 -0.00	  0.00	 -0.00	  0.00	 -0.28	 -0.33	  0.00	 -0.78	  0.72	  0.06	 -0.00	 -0.00	  0.00	 -0.00	
 -0.00	  0.00	 -0.00	  0.00	 -0.28	 -0.33	  0.00	 -0.79	  0.73	  0.06	 -0.00	 -0.00	  0.00	 -0.00	
 -0.00	  0.00	 -0.00	  0.00	 -0.28	 -0.33	  0.00	 -0.79	  0.73	  0.07	 -0.00	 -0.00	  0.00	 -0.00	
 -0.00	  0.00	 -0.00	  0.00	 -0.29	 -0.33	  0.00	 -0.80	  0.73	  0.07	 -0.00	 -0.00	  0.00	 -0.00	
 -0.00	  0.00	 -0.00	  0.00	 -0.29	 -0.33	  0.00	 -0.80	  0.73	  0.08	 -0.00	 -0.00	  0.00	 -0.00	
 -0.00	  0.00	 -0.00	  0.00	 -0.29	 -0.32	  0.00	 -0.81	  0.73	  0.08	 -0.00	 -0.00	  0.00	 -0.00	
 -0.00	  0.00	 -0.00	  0.00	 -0.30	 -0.32	  0.00	 -0.81	  0.73	  0.08	 -0.00	 -0.00	  0.00	 -0.00	
 -0.00	  0.00	 -0.00	  0.00	 -0.30	 -0.32	  0.00	 -0.82	  0.73	  0.09	 -0.00	 -0.00	  0.00	 -0.00	
 -0.00	  0.00	 -0.00	  0.00	 -0.30	 -0.32	  0.00	 -0.83	  0.73	  0.09	 -0.00	 -0.00	  0.00	 -0.00	
 -0.00	  0.00	 -0.00	  0.00	 -0.31	 -0.32	  0.00	 -0.83	  0.73	  0.10	 -0.00	 -0.00	  0.00	 -0.00	
 -0.00	  0.00	 -0.00	  0.00	 -0.31	 -0.32	  0.00	 -0.84	  0.74	  0.10	 -0.00	 -0.00	  0.00	 -0.00	
 -0.00	  0.00	 -0.00	  0.00	 -0.31	 -0.32	  0.00	 -0.84	  0.74	  0.11	 -0.00	 -0.00	  0.00	 -0.00	
 -0.00	  0.00	 -0.00	  0.00	 -0.32	 -0.31	  0.00	 -0.85	  0.74	  0.11	 -0.00	 -0.00	  0.00	 -0.00	
 -0.00	  0.00	 -0.00	  0.00	 -0.32	 -0.31	  0.00	 -0.85	  0.74	  0.11	 -0.00	 -0.00	  0.00	 -0.00	
 -0.00	  0.00	 -0.00	  0.00	 -0.32	 -0.31	  0.00	 -0.86	  0.74	  0.12	 -0.00	 -0.00	  0.00	 -0.00	
 -0.00	  0.00	 -0.00	  0.00	 -0.33	 -0.31	  0.00	 -0.86	  0.74	  0.12	 -0.00	 -0.00	  0.00	 -0.00	
 -0.00	  0.00	 -0.00	  0.00	 -0.33	 -0.31	  0.00	 -0.87	  0.74	  0.13	 -0.00	 -0.00	  0.00	 -0.00	
 -0.00	  0.00	 -0.00	  0.00	 -0.33	 -0.31	  0.00	 -0.87	  0.74	  0.13	 -0.00	 -0.00	  0.00	 -0.00	
 -0.00	  0.00	 -0.00	  0.00	 -0.34	 -0.31	  0.00	 -0.88	  0.74	  0.14	 -0.00	 -0.00	  0.00	 -0.00	
 -0.00	  0.00	 -0.00	  0.00	 -0.34	 -0.30	  0.00	 -0.89	  0.75	  0.14	 -0.00	 -0.00	  0.00	 -0.00	
 -0.00	  0.00	 -0.00	  0.00	 -0.35	 -0.30	  0.00	 -0.89	  0.75	  0.15	 -0.00	 -0.00	  0.00	 -0.00	
 -0.00	  0.00	 -0.00	  0.00	 -0.35	 -0.30	  0.00	 -0.90	  0.75	  0.15	 -0.00	 -0.00	  0.00	 -0.00	
 -0.00	  0.00	 -0.00	  0.00	 -0.35	 -0.30	  0.00	 -0.90	  0.75	  0.15	 -0.00	 -0.00	  0.00	 -0.00	
 -0.00	  0.00	 -0.01	  0.00	 -0.36	 -0.30	  0.00	 -0.91	  0.75	  0.16	 -0.00	 -0.00	  0.01	 -0.00	
 -0.00	  0.00	 -0.01	  0.00	 -0.36	 -0.30	  0.00	 -0.92	  0.75	  0.16	 -0.00	 -0.00	  0.01	 -0.00	
 -0.00	  0.00	 -0.01	  0.00	 -0.36	 -0.29	  0.00	 -0.92	  0.75	  0.17	 -0.00	 -0.00	  0.01	 -0.00	
 -0.00	  0.00	 -0.01	  0.00	 -0.37	 -0.29	  0.00	 -0.93	  0.75	  0.17	 -0.00	 -0.00	  0.01	 -0.00	
 -0.00	  0.00	 -0.01	  0.00	 -0.37	 -0.29	  0.00	 -0.93	  0.75	  0.18	 -0.00	 -0.00	  0.01	 -0.00	
 -0.00	  0.00	 -0.01	  0.00	 -0.37	 -0.29	  0.00	 -0.94	  0.76	  0.18	 -0.00	 -0.00	  0.01	 -0.00	
 -0.00	  0.00	 -0.01	  0.00	 -0.38	 -0.29	  0.00	 -0.95	  0.76	  0.19	 -0.00	 -0.00	  0.01	 -0.00	
 -0.00	  0.00	 -0.01	  0.00	 -0.38	 -0.29	  0.00	 -0.95	  0.76	  0.19	 -0.00	 -0.00	  0.01	 -0.00	
 -0.00	  0.00	 -0.01	  0.00	 -0.39	 -0.29	  0.00	 -0.96	  0.76	  0.20	 -0.00	 -0.00	  0.01	 -0.00	
 -0.00	  0.01	 -0.01	  0.00	 -0.39	 -0.28	  0.00	 -0.96	  0.76	  0.20	 -0.00	 -0.00	  0.01	 -0.00	
 -0.00	  0.01	 -0.01	  0.00	 -0.39	 -0.28	  0.00	 -0.97	  0.76	  0.21	 -0.00	 -0.00	  0.01	 -0.00	
 -0.00	  0.01	 -0.01	  0.00	 -0.40	 -0.28	  0.00	 -0.98	  0.76	  0.21	 -0.00	 -0.00	  0.01	 -0.00	
 -0.00	  0.01	 -0.01	  0.00	 -0.40	 -0.28	  0.00	 -0.98	  0.76	  0.22	 -0.00	 -0.00	  0.01	 -0.00	
 -0.00	  0.01	 -0.01	  0.00	 -0.40	 -0.28	  0.00	 -0.99	  0.76	  0.22	 -0.00	 -0.00	  0.01	 -0.01	
 -0.00	  0.01	 -0.01	  0.00	 -0.41	 -0.28	  0.00	 -1.00	  0.77	  0.23	 -0.00	 -0.00	  0.01	 -0.01	
 -0.00	  0.01	 -0.01	  0.00	 -0.41	 -0.27	  0.00	 -1.00	  0.77	  0.24	 -0.00	 -0.00	  0.01	 -0.01	
 -0.00	  0.01	 -0.01	  0.00	 -0.42	 -0.27	  0.00	 -1.01	  0.77	  0.24	 -0.00	 -0.00	  0.01	 -0.01	
 -0.00	  0.01	 -0.01	  0.00	 -0.42	 -0.27	  0.00	 -1.02	  0.77	  0.25	 -0.00	 -0.00	  0.01	 -0.01	
 -0.00	  0.01	 -0.01	  0.00	 -0.42	 -0.27	  0.00	 -1.02	  0.77	  0.25	 -0.00	 -0.00	  0.01	 -0.01	
 -0.00	  0.01	 -0.01	  0.00	 -0.43	 -0.27	  0.00	 -1.03	  0.77	  0.26	 -0.00	 -0.00	  0.01	 -0.01	
 -0.00	  0.01	 -0.01	  0.00	 -0.43	 -0.26	  0.00	 -1.03	  0.77	  0.26	 -0.00	 -0.00	  0.01	 -0.01	
 -0.00	  0.01	 -0.01	  0.00	 -0.43	 -0.26	  0.00	 -1.04	  0.77	  0.27	 -0.00	 -0.00	  0.01	 -0.01	
 -0.00	  0.01	 -0.01	  0.00	 -0.44	 -0.26	  0.00	 -1.05	  0.77	  0.27	 -0.00	 -0.00	  0.01	 -0.01	
 -0.00	  0.01	 -0.01	  0.00	 -0.44	 -0.26	  0.00	 -1.05	  0.77	  0.28	 -0.00	 -0.00	  0.01	 -0.01	
 -0.00	  0.01	 -0.01	  0.00	 -0.45	 -0.26	  0.00	 -1.06	  0.78	  0.29	 -0.00	 -0.00	  0.01	 -0.01	
 -0.00	  0.01	 -0.01	  0.00	 -0.45	 -0.26	  0.00	 -1.07	  0.78	  0.29	 -0.00	 -0.00	  0.01	 -0.01	
 -0.00	  0.01	 -0.01	  0.00	 -0.45	 -0.25	  0.00	 -1.07	  0.78	  0.30	 -0.00	 -0.00	  0.01	 -0.01	
 -0.00	  0.01	 -0.01	  0.00	 -0.46	 -0.25	  0.00	 -1.08	  0.78	  0.30	 -0.00	 -0.00	  0.01	 -0.01	
 -0.00	  0.01	 -0.01	  0.00	 -0.46	 -0.25	  0.00	 -1.09	  0.78	  0.31	 -0.00	 -0.00	  0.01	 -0.01	
 -0.00	  0.01	 -0.01	  0.00	 -0.46	 -0.25	  0.00	 -1.10	  0.78	  0.31	 -0.00	 -0.00	  0.01	 -0.01	
 -0.00	  0.01	 -0.01	  0.00	 -0.47	 -0.25	  0.00	 -1.10	  0.78	  0.32	 -0.00	 -0.00	  0.01	 -0.01	
 -0.00	  0.01	 -0.01	  0.00	 -0.47	 -0.24	  0.00	 -1.11	  0.78	  0.33	 -0.00	 -0.00	  0.01	 -0.01	
 -0.00	  0.01	 -0.01	  0.00	 -0.48	 -0.24	  0.00	 -1.12	  0.78	  0.33	 -0.00	 -0.00	  0.01	 -0.01	
 -0.00	  0.01	 -0.01	  0.00	 -0.48	 -0.24	  0.00	 -1.12	  0.78	  0.34	 -0.00	 -0.00	  0.01	 -0.01	
 -0.00	  0.01	 -0.01	  0.00	 -0.48	 -0.24	  0.00	 -1.13	  0.78	  0.34	 -0.00	 -0.00	  0.01	 -0.01	
 -0.00	  0.01	 -0.01	  0.00	 -0.49	 -0.24	  0.00	 -1.14	  0.79	  0.35	 -0.00	 -0.00	  0.01	 -0.01	
 -0.00	  0.01	 -0.01	  0.00	 -0.49	 -0.23	  0.00	 -1.14	  0.79	  0.36	 -0.00	 -0.00	  0.01	 -0.01	
 -0.00	  0.01	 -0.01	  0.00	 -0.50	 -0.23	  0.00	 -1.15	  0.79	  0.36	 -0.00	 -0.00	  0.01	 -0.01	
 -0.00	  0.01	 -0.01	  0.00	 -0.50	 -0.23	  0.00	 -1.16	  0.79	  0.37	 -0.00	 -0.00	  0.01	 -0.01	
 -0.00	  0.01	 -0.01	  0.00	 -0.50	 -0.23	  0.00	 -1.17	  0.79	  0.38	 -0.00	 -0.00	  0.01	 -0.01	
 -0.00	  0.01	 -0.01	  0.00	 -0.51	 -0.23	  0.00	 -1.17	  0.79	  0.38	 -0.00	  0.00	  0.01	 -0.01	
 -0.00	  0.01	 -0.01	  0.00	 -0.51	 -0.22	  0.00	 -1.18	  0.79	  0.39	 -0.00	  0.00	  0.01	 -0.01	
 -0.00	  0.01	 -0.01	  0.00	 -0.51	 -0.22	  0.00	 -1.19	  0.79	  0.40	 -0.00	  0.00	  0.01	 -0.01	
 -0.00	  0.01	 -0.01	  0.00	 -0.52	 -0.22	  0.00	 -1.19	  0.79	  0.40	 -0.00	  0.00	  0.01	 -0.01	
 -0.00	  0.01	 -0.01	  0.00	 -0.52	 -0.22	  0.00	 -1.20	  0.79	  0.41	 -0.00	  0.00	  0.01	 -0.01	
 -0.00	  0.01	 -0.01	  0.00	 -0.53	 -0.22	  0.00	 -1.21	  0.79	  0.41	 -0.00	  0.00	  0.01	 -0.01	
 -0.00	  0.01	 -0.01	  0.00	 -0.53	 -0.21	  0.00	 -1.22	  0.79	  0.42	 -0.00	  0.00	  0.01	 -0.01	
 -0.00	  0.01	 -0.01	  0.00	 -0.53	 -0.21	  0.00	 -1.22	  0.79	  0.43	 -0.00	  0.00	  0.01	 -0.01	
 -0.00	  0.01	 -0.01	  0.00	 -0.54	 -0.21	  0.00	 -1.23	  0.80	  0.43	 -0.00	  0.00	  0.01	 -0.01	
 -0.00	  0.01	 -0.01	  0.00	 -0.54	 -0.21	  0.00	 -1.24	  0.80	  0.44	 -0.00	  0.00	  0.01	 -0.01	
 -0.00	  0.01	 -0.01	  0.00	 -0.54	 -0.21	  0.00	 -1.24	  0.80	  0.45	 -0.00	  0.00	  0.01	 -0.01	
 -0.00	  0.01	 -0.01	  0.00	 -0.55	 -0.20	  0.00	 -1.25	  0.80	  0.46	 -0.00	  0.00	  0.01	 -0.01	
 -0.00	  0.01	 -0.01	  0.00	 -0.55	 -0.20	  0.00	 -1.26	  0.80	  0.46	 -0.00	  0.00	  0.01	 -0.01	
 -0.00	  0.01	 -0.01	  0.00	 -0.56	 -0.20	  0.00	 -1.27	  0.80	  0.47	 -0.00	  0.00	  0.01	 -0.01	
 -0.00	  0.01	 -0.01	  0.00	 -0.56	 -0.20	  0.00	 -1.27	  0.80	  0.48	 -0.00	  0.00	  0.01	 -0.01	
 -0.00	  0.01	 -0.01	  0.00	 -0.56	 -0.20	  0.00	 -1.28	  0.80	  0.48	 -0.00	  0.00	  0.01	 -0.01	
 -0.00	  0.01	 -0.01	  0.00	 -0.57	 -0.19	  0.00	 -1.29	  0.80	  0.49	 -0.00	  0.00	  0.01	 -0.01	
 -0.00	  0.01	 -0.01	  0.00	 -0.57	 -0.19	  0.00	 -1.30	  0.80	  0.50	 -0.00	  0.00	  0.01	 -0.01	
 -0.00	  0.01	 -0.01	  0.00	 -0.57	 -0.19	  0.00	 -1.30	  0.80	  0.50	 -0.00	  0.00	  0.01	 -0.02	
 -0.00	  0.01	 -0.01	  0.00	 -0.58	 -0.19	  0.00	 -1.31	  0.80	  0.51	 -0.00	  0.00	  0.01	 -0.02	
 -0.00	  0.01	 -0.01	  0.00	 -0.58	 -0.19	  0.00	 -1.32	  0.80	  0.52	 -0.00	  0.00	  0.01	 -0.02	
 -0.00	  0.01	 -0.01	  0.00	 -0.59	 -0.18	  0.00	 -1.33	  0.80	  0.53	 -0.00	  0.00	  0.01	 -0.02	
 -0.00	  0.01	 -0.01	  0.00	 -0.59	 -0.18	  0.00	 -1.34	  0.80	  0.53	 -0.00	  0.00	  0.01	 -0.02	
 -0.00	  0.01	 -0.01	  0.00	 -0.59	 -0.18	  0.00	 -1.34	  0.80	  0.54	 -0.00	  0.00	  0.01	 -0.02	
 -0.00	  0.01	 -0.01	  0.00	 -0.60	 -0.18	  0.00	 -1.35	  0.80	  0.55	 -0.00	  0.00	  0.01	 -0.02	
 -0.00	  0.01	 -0.01	  0.00	 -0.60	 -0.17	  0.00	 -1.36	  0.80	  0.55	 -0.00	  0.00	  0.01	 -0.02	
 -0.00	  0.01	 -0.01	  0.00	 -0.60	 -0.17	  0.00	 -1.37	  0.80	  0.56	 -0.00	  0.00	  0.01	 -0.02	
 -0.00	  0.01	 -0.01	  0.00	 -0.61	 -0.17	  0.00	 -1.37	  0.80	  0.57	 -0.00	  0.00	  0.01	 -0.02	
 -0.00	  0.01	 -0.01	  0.00	 -0.61	 -0.17	  0.00	 -1.38	  0.80	  0.58	 -0.00	  0.01	  0.01	 -0.02	
 -0.00	  0.01	 -0.01	  0.00	 -0.61	 -0.17	  0.00	 -1.39	  0.80	  0.58	 -0.00	  0.01	  0.01	 -0.02	
 -0.00	  0.01	 -0.01	  0.00	 -0.62	 -0.16	  0.00	 -1.40	  0.80	  0.59	 -0.00	  0.01	  0.01	 -0.02	
 -0.00	  0.01	 -0.01	  0.00	 -0.62	 -0.16	  0.00	 -1.40	  0.80	  0.60	 -0.00	  0.01	  0.01	 -0.02	
 -0.00	  0.01	 -0.02	  0.00	 -0.62	 -0.16	  0.00	 -1.41	  0.81	  0.61	 -0.00	  0.01	  0.01	 -0.02	
 -0.00	  0.01	 -0.02	  0.00	 -0.63	 -0.16	  0.00	 -1.42	  0.81	  0.61	 -0.00	  0.01	  0.01	 -0.02	
 -0.00	  0.02	 -0.02	  0.00	 -0.63	 -0.15	  0.00	 -1.43	  0.81	  0.62	 -0.00	  0.01	  0.01	 -0.02	
 -0.00	  0.02	 -0.02	  0.00	 -0.64	 -0.15	  0.00	 -1.44	  0.81	  0.63	 -0.00	  0.01	  0.01	 -0.02	
 -0.00	  0.02	 -0.02	  0.00	 -0.64	 -0.15	  0.00	 -1.44	  0.81	  0.64	 -0.00	  0.01	  0.01	 -0.02	
 -0.00	  0.02	 -0.02	  0.00	 -0.64	 -0.15	  0.00	 -1.45	  0.81	  0.65	 -0.00	  0.01	  0.01	 -0.02	
 -0.00	  0.02	 -0.02	  0.00	 -0.65	 -0.15	  0.00	 -1.46	  0.81	  0.65	 -0.00	  0.01	  0.01	 -0.02	
 -0.00	  0.02	 -0.02	  0.00	 -0.65	 -0.14	  0.00	 -1.47	  0.81	  0.66	 -0.00	  0.01	  0.01	 -0.02	
 -0.00	  0.02	 -0.02	  0.00	 -0.65	 -0.14	  0.00	 -1.47	  0.81	  0.67	 -0.00	  0.01	  0.01	 -0.02	
 -0.00	  0.02	 -0.02	  0.00	 -0.66	 -0.14	  0.00	 -1.48	  0.81	  0.68	 -0.00	  0.01	  0.01	 -0.02	
 -0.00	  0.02	 -0.02	  0.00	 -0.66	 -0.14	  0.00	 -1.49	  0.81	  0.69	 -0.00	  0.01	  0.01	 -0.02	
 -0.00	  0.02	 -0.02	  0.00	 -0.66	 -0.13	  0.00	 -1.50	  0.81	  0.69	 -0.00	  0.01	  0.01	 -0.02	
 -0.00	  0.02	 -0.02	  0.00	 -0.67	 -0.13	  0.00	 -1.51	  0.81	  0.70	 -0.00	  0.01	  0.01	 -0.02	
 -0.00	  0.02	 -0.02	  0.00	 -0.67	 -0.13	  0.00	 -1.51	  0.81	  0.71	 -0.00	  0.01	  0.01	 -0.02	
 -0.00	  0.02	 -0.02	  0.00	 -0.67	 -0.13	  0.00	 -1.52	  0.80	  0.72	 -0.00	  0.01	  0.01	 -0.02	
 -0.00	  0.02	 -0.02	  0.00	 -0.68	 -0.12	  0.00	 -1.53	  0.80	  0.73	 -0.00	  0.01	  0.01	 -0.02	
 -0.00	  0.02	 -0.02	  0.00	 -0.68	 -0.12	  0.00	 -1.54	  0.80	  0.73	 -0.00	  0.01	  0.01	 -0.02	
 -0.00	  0.02	 -0.02	  0.00	 -0.68	 -0.12	  0.00	 -1.55	  0.80	  0.74	 -0.00	  0.01	  0.01	 -0.03	
 -0.00	  0.02	 -0.02	  0.00	 -0.69	 -0.12	  0.00	 -1.55	  0.80	  0.75	 -0.00	  0.01	  0.01	 -0.03	
 -0.00	  0.02	 -0.02	  0.00	 -0.69	 -0.11	  0.00	 -1.56	  0.80	  0.76	 -0.00	  0.01	  0.01	 -0.03	
 -0.00	  0.02	 -0.02	  0.00	 -0.69	 -0.11	  0.00	 -1.57	  0.80	  0.77	 -0.00	  0.01	  0.01	 -0.03	
 -0.00	  0.02	 -0.02	  0.00	 -0.69	 -0.11	  0.00	 -1.58	  0.80	  0.77	 -0.00	  0.01	  0.01	 -0.03	
 -0.00	  0.02	 -0.02	  0.00	 -0.70	 -0.11	  0.00	 -1.59	  0.80	  0.78	 -0.00	  0.01	  0.01	 -0.03	
 -0.00	  0.02	 -0.02	  0.00	 -0.70	 -0.11	  0.00	 -1.59	  0.80	  0.79	 -0.00	  0.01	  0.02	 -0.03	
 -0.00	  0.02	 -0.02	  0.00	 -0.70	 -0.10	  0.00	 -1.60	  0.80	  0.80	 -0.00	  0.01	  0.02	 -0.03	
 -0.00	  0.02	 -0.02	  0.00	 -0.71	 -0.10	  0.00	 -1.61	  0.80	  0.81	 -0.00	  0.01	  0.02	 -0.03	
 -0.00	  0.02	 -0.02	  0.00	 -0.71	 -0.10	  0.00	 -1.62	  0.80	  0.82	 -0.00	  0.01	  0.02	 -0.03	
 -0.00	  0.02	 -0.02	  0.00	 -0.71	 -0.10	  0.00	 -1.63	  0.80	  0.83	 -0.00	  0.01	  0.02	 -0.03	
 -0.00	  0.02	 -0.02	  0.00	 -0.72	 -0.09	  0.00	 -1.63	  0.80	  0.83	 -0.00	  0.01	  0.02	 -0.03	
 -0.00	  0.02	 -0.02	  0.00	 -0.72	 -0.09	  0.00	 -1.64	  0.80	  0.84	 -0.00	  0.01	  0.02	 -0.03	
 -0.00	  0.02	 -0.02	  0.00	 -0.72	 -0.09	  0.00	 -1.65	  0.80	  0.85	 -0.00	  0.01	  0.02	 -0.03	
 -0.00	  0.02	 -0.02	  0.00	 -0.72	 -0.09	  0.00	 -1.66	  0.80	  0.86	 -0.00	  0.02	  0.02	 -0.03	
 -0.00	  0.02	 -0.02	  0.00	 -0.73	 -0.08	  0.00	 -1.67	  0.80	  0.87	 -0.00	  0.02	  0.02	 -0.03	
 -0.00	  0.02	 -0.02	  0.00	 -0.73	 -0.08	  0.00	 -1.67	  0.80	  0.88	 -0.00	  0.02	  0.02	 -0.03	
 -0.00	  0.02	 -0.02	  0.00	 -0.73	 -0.08	  0.00	 -1.68	  0.80	  0.89	 -0.00	  0.02	  0.02	 -0.03	
 -0.00	  0.02	 -0.02	  0.00	 -0.74	 -0.08	  0.00	 -1.69	  0.79	  0.89	 -0.00	  0.02	  0.02	 -0.03	
 -0.00	  0.02	 -0.02	  0.00	 -0.74	 -0.07	  0.00	 -1.70	  0.79	  0.90	 -0.00	  0.02	  0.02	 -0.03	
 -0.00	  0.02	 -0.02	  0.00	 -0.74	 -0.07	  0.00	 -1.70	  0.79	  0.91	 -0.00	  0.02	  0.02	 -0.03	
 -0.00	  0.02	 -0.02	  0.00	 -0.74	 -0.07	  0.00	 -1.71	  0.79	  0.92	 -0.00	  0.02	  0.02	 -0.03	
 -0.00	  0.02	 -0.02	  0.00	 -0.75	 -0.07	  0.00	 -1.72	  0.79	  0.93	 -0.00	  0.02	  0.02	 -0.03	
 -0.00	  0.02	 -0.02	  0.00	 -0.75	 -0.06	  0.00	 -1.73	  0.79	  0.94	 -0.00	  0.02	  0.02	 -0.03	
 -0.00	  0.02	 -0.02	  0.00	 -0.75	 -0.06	  0.00	 -1.74	  0.79	  0.95	 -0.00	  0.02	  0.02	 -0.04	
 -0.00	  0.02	 -0.02	  0.00	 -0.75	 -0.06	  0.00	 -1.74	  0.79	  0.96	 -0.00	  0.02	  0.02	 -0.04	
 -0.00	  0.02	 -0.02	  0.00	 -0.76	 -0.06	  0.00	 -1.75	  0.79	  0.96	 -0.00	  0.02	  0.02	 -0.04	
 -0.00	  0.02	 -0.02	  0.00	 -0.76	 -0.05	  0.00	 -1.76	  0.79	  0.97	 -0.00	  0.02	  0.02	 -0.04	
 -0.00	  0.02	 -0.02	  0.00	 -0.76	 -0.05	  0.00	 -1.77	  0.79	  0.98	 -0.00	  0.02	  0.02	 -0.04	
 -0.00	  0.02	 -0.02	  0.00	 -0.76	 -0.05	  0.00	 -1.78	  0.78	  0.99	 -0.00	  0.02	  0.02	 -0.04	
 -0.00	  0.02	 -0.02	  0.00	 -0.77	 -0.05	  0.00	 -1.78	  0.78	  1.00	 -0.00	  0.02	  0.02	 -0.04	
 -0.00	  0.02	 -0.02	  0.00	 -0.77	 -0.04	  0.00	 -1.79	  0.78	  1.01	 -0.00	  0.02	  0.02	 -0.04	
 -0.00	  0.02	 -0.02	  0.00	 -0.77	 -0.04	  0.00	 -1.80	  0.78	  1.02	 -0.00	  0.02	  0.02	 -0.04	
 -0.00	  0.02	 -0.02	  0.00	 -0.77	 -0.04	  0.00	 -1.81	  0.78	  1.03	 -0.00	  0.02	  0.02	 -0.04	
 -0.00	  0.02	 -0.02	  0.00	 -0.78	 -0.04	  0.00	 -1.81	  0.78	  1.04	 -0.00	  0.02	  0.02	 -0.04	
 -0.00	  0.02	 -0.02	  0.00	 -0.78	 -0.03	  0.00	 -1.82	  0.78	  1.04	 -0.00	  0.02	  0.02	 -0.04	
 -0.00	  0.02	 -0.02	  0.00	 -0.78	 -0.03	  0.00	 -1.83	  0.78	  1.05	 -0.00	  0.02	  0.02	 -0.04	
 -0.00	  0.03	 -0.02	  0.00	 -0.78	 -0.03	  0.00	 -1.84	  0.77	  1.06	 -0.00	  0.02	  0.02	 -0.04	
 -0.00	  0.03	 -0.02	  0.00	 -0.79	 -0.03	  0.00	 -1.84	  0.77	  1.07	 -0.00	  0.03	  0.02	 -0.04	
 -0.00	  0.03	 -0.02	  0.00	 -0.79	 -0.03	  0.00	 -1.85	  0.77	  1.08	 -0.00	  0.03	  0.02	 -0.04	
 -0.00	  0.03	 -0.02	  0.00	 -0.79	 -0.02	  0.00	 -1.86	  0.77	  1.09	 -0.00	  0.03	  0.02	 -0.04	
 -0.00	  0.03	 -0.02	  0.00	 -0.79	 -0.02	  0.00	 -1.87	  0.77	  1.10	 -0.00	  0.03	  0.02	 -0.04	
 -0.00	  0.03	 -0.02	  0.00	 -0.79	 -0.02	  0.00	 -1.87	  0.77	  1.11	 -0.00	  0.03	  0.02	 -0.04	
 -0.00	  0.03	 -0.02	  0.00	 -0.80	 -0.02	  0.00	 -1.88	  0.77	  1.12	 -0.00	  0.03	  0.02	 -0.04	
 -0.00	  0.03	 -0.02	  0.00	 -0.80	 -0.01	  0.00	 -1.89	  0.76	  1.12	 -0.00	  0.03	  0.02	 -0.04	
 -0.00	  0.03	 -0.02	  0.00	 -0.80	 -0.01	  0.00	 -1.90	  0.76	  1.13	 -0.00	  0.03	  0.02	 -0.04	
 -0.00	  0.03	 -0.02	  0.00	 -0.80	 -0.01	  0.00	 -1.90	  0.76	  1.14	 -0.00	  0.03	  0.02	 -0.05	
 -0.00	  0.03	 -0.02	  0.00	 -0.80	 -0.01	  0.00	 -1.91	  0.76	  1.15	 -0.00	  0.03	  0.02	 -0.05	
 -0.00	  0.03	 -0.02	  0.00	 -0.81	 -0.00	  0.00	 -1.92	  0.76	  1.16	 -0.00	  0.03	  0.02	 -0.05	
 -0.00	  0.03	 -0.02	  0.00	 -0.81	 -0.00	  0.00	 -1.93	  0.76	  1.17	 -0.00	  0.03	  0.02	 -0.05	
 -0.00	  0.03	 -0.02	  0.00	 -0.81	  0.00	  0.00	 -1.93	  0.75	  1.18	 -0.00	  0.03	  0.02	 -0.05	
 -0.00	  0.03	 -0.02	  0.00	 -0.81	  0.00	  0.00	 -1.94	  0.75	  1.19	 -0.00	  0.03	  0.02	 -0.05	
 -0.00	  0.03	 -0.02	  0.00	 -0.81	  0.01	  0.00	 -1.95	  0.75	  1.20	 -0.00	  0.03	  0.02	 -0.05	
 -0.00	  0.03	 -0.02	  0.00	 -0.81	  0.01	  0.00	 -1.95	  0.75	  1.21	 -0.00	  0.03	  0.02	 -0.05	
 -0.00	  0.03	 -0.02	  0.00	 -0.82	  0.01	  0.00	 -1.96	  0.75	  1.21	 -0.00	  0.03	  0.02	 -0.05	
 -0.00	  0.03	 -0.02	  0.00	 -0.82	  0.01	  0.00	 -1.97	  0.74	  1.22	 -0.00	  0.03	  0.02	 -0.05	
 -0.00	  0.03	 -0.02	  0.00	 -0.82	  0.02	  0.00	 -1.97	  0.74	  1.23	 -0.00	  0.03	  0.02	 -0.05	
 -0.00	  0.03	 -0.02	  0.00	 -0.82	  0.02	  0.00	 -1.98	  0.74	  1.24	 -0.00	  0.03	  0.02	 -0.05	
 -0.00	  0.03	 -0.02	  0.00	 -0.82	  0.02	  0.00	 -1.99	  0.74	  1.25	 -0.00	  0.04	  0.02	 -0.05	
 -0.00	  0.03	 -0.02	  0.00	 -0.82	  0.02	  0.00	 -1.99	  0.74	  1.26	 -0.00	  0.04	  0.02	 -0.05	
 -0.00	  0.03	 -0.02	  0.00	 -0.82	  0.02	  0.00	 -2.00	  0.73	  1.27	 -0.00	  0.04	  0.02	 -0.05	
 -0.00	  0.03	 -0.02	  0.00	 -0.83	  0.03	  0.00	 -2.01	  0.73	  1.28	 -0.00	  0.04	  0.02	 -0.05	
 -0.00	  0.03	 -0.02	  0.00	 -0.83	  0.03	  0.00	 -2.01	  0.73	  1.28	 -0.00	  0.04	  0.02	 -0.05	
 -0.00	  0.03	 -0.02	  0.00	 -0.83	  0.03	  0.00	 -2.02	  0.73	  1.29	 -0.00	  0.04	  0.02	 -0.05	
 -0.00	  0.03	 -0.02	  0.00	 -0.83	  0.03	  0.00	 -2.03	  0.73	  1.30	 -0.00	  0.04	  0.02	 -0.06	
 -0.00	  0.03	 -0.02	  0.00	 -0.83	  0.04	  0.00	 -2.03	  0.72	  1.31	 -0.00	  0.04	  0.02	 -0.06	
 -0.00	  0.03	 -0.02	  0.00	 -0.83	  0.04	  0.00	 -2.04	  0.72	  1.32	 -0.00	  0.04	  0.02	 -0.06	
 -0.00	  0.03	 -0.02	  0.00	 -0.83	  0.04	  0.00	 -2.05	  0.72	  1.33	 -0.00	  0.04	  0.02	 -0.06	
 -0.00	  0.03	 -0.02	  0.00	 -0.83	  0.04	  0.00	 -2.05	  0.72	  1.34	 -0.00	  0.04	  0.02	 -0.06	
 -0.00	  0.03	 -0.02	  0.00	 -0.84	  0.05	  0.00	 -2.06	  0.71	  1.34	 -0.00	  0.04	  0.02	 -0.06	
 -0.00	  0.03	 -0.02	  0.00	 -0.84	  0.05	  0.00	 -2.06	  0.71	  1.35	 -0.00	  0.04	  0.02	 -0.06	
 -0.00	  0.03	 -0.02	  0.00	 -0.84	  0.05	  0.00	 -2.07	  0.71	  1.36	 -0.00	  0.04	  0.02	 -0.06	
 -0.00	  0.03	 -0.02	  0.00	 -0.84	  0.05	  0.00	 -2.08	  0.71	  1.37	 -0.00	  0.04	  0.02	 -0.06	
 -0.00	  0.03	 -0.02	  0.00	 -0.84	  0.05	  0.00	 -2.08	  0.70	  1.38	 -0.00	  0.04	  0.02	 -0.06	
 -0.00	  0.03	 -0.02	  0.00	 -0.84	  0.06	  0.00	 -2.09	  0.70	  1.39	 -0.00	  0.04	  0.02	 -0.06	
 -0.00	  0.03	 -0.02	  0.00	 -0.84	  0.06	  0.00	 -2.09	  0.70	  1.39	 -0.00	  0.04	  0.02	 -0.06	
 -0.00	  0.03	 -0.02	  0.00	 -0.84	  0.06	  0.00	 -2.10	  0.70	  1.40	 -0.00	  0.05	  0.02	 -0.06	
 -0.00	  0.03	 -0.03	  0.00	 -0.84	  0.06	  0.00	 -2.10	  0.69	  1.41	 -0.00	  0.05	  0.02	 -0.06	
 -0.00	  0.03	 -0.03	  0.00	 -0.84	  0.07	  0.00	 -2.11	  0.69	  1.42	 -0.00	  0.05	  0.02	 -0.06	
 -0.00	  0.03	 -0.03	  0.00	 -0.84	  0.07	  0.00	 -2.12	  0.69	  1.43	 -0.00	  0.05	  0.02	 -0.06	
 -0.00	  0.03	 -0.03	  0.00	 -0.84	  0.07	  0.00	 -2.12	  0.69	  1.44	 -0.00	  0.05	  0.02	 -0.06	
 -0.00	  0.03	 -0.03	  0.00	 -0.85	  0.07	  0.00	 -2.13	  0.68	  1.44	 -0.00	  0.05	  0.02	 -0.07	
 -0.00	  0.04	 -0.03	  0.00	 -0.85	  0.07	  0.00	 -2.13	  0.68	  1.45	 -0.00	  0.05	  0.02	 -0.07	
 -0.00	  0.04	 -0.03	  0.00	 -0.85	  0.08	  0.00	 -2.14	  0.68	  1.46	 -0.00	  0.05	  0.02	 -0.07	
 -0.00	  0.04	 -0.03	  0.00	 -0.85	  0.08	  0.00	 -2.14	  0.67	  1.47	 -0.00	  0.05	  0.02	 -0.07	
 -0.00	  0.04	 -0.03	  0.00	 -0.85	  0.08	  0.00	 -2.15	  0.67	  1.47	 -0.00	  0.05	  0.02	 -0.07	
 -0.00	  0.04	 -0.03	  0.00	 -0.85	  0.08	  0.00	 -2.15	  0.67	  1.48	 -0.00	  0.05	  0.02	 -0.07	
 -0.00	  0.04	 -0.03	  0.00	 -0.85	  0.08	  0.00	 -2.16	  0.67	  1.49	 -0.00	  0.05	  0.02	 -0.07	
 -0.00	  0.04	 -0.03	  0.00	 -0.85	  0.09	  0.00	 -2.16	  0.66	  1.50	 -0.00	  0.05	  0.02	 -0.07	
 -0.00	  0.04	 -0.03	  0.00	 -0.85	  0.09	  0.00	 -2.16	  0.66	  1.50	 -0.00	  0.05	  0.02	 -0.07	
 -0.00	  0.04	 -0.03	  0.00	 -0.85	  0.09	  0.00	 -2.17	  0.66	  1.51	 -0.00	  0.05	  0.02	 -0.07	
 -0.00	  0.04	 -0.03	  0.00	 -0.85	  0.09	  0.00	 -2.17	  0.65	  1.52	 -0.00	  0.05	  0.02	 -0.07	
 -0.00	  0.04	 -0.03	  0.00	 -0.85	  0.09	  0.00	 -2.18	  0.65	  1.53	 -0.00	  0.06	  0.02	 -0.07	
 -0.00	  0.04	 -0.03	  0.00	 -0.85	  0.10	  0.00	 -2.18	  0.65	  1.53	 -0.00	  0.06	  0.02	 -0.07	
 -0.00	  0.04	 -0.03	  0.00	 -0.85	  0.10	  0.00	 -2.19	  0.64	  1.54	 -0.00	  0.06	  0.02	 -0.07	
 -0.00	  0.04	 -0.03	  0.00	 -0.85	  0.10	  0.00	 -2.19	  0.64	  1.55	 -0.00	  0.06	  0.02	 -0.07	
 -0.00	  0.04	 -0.03	  0.00	 -0.85	  0.10	  0.00	 -2.19	  0.64	  1.56	 -0.00	  0.06	  0.02	 -0.07	
 -0.00	  0.04	 -0.03	  0.00	 -0.85	  0.10	  0.00	 -2.20	  0.63	  1.56	 -0.00	  0.06	  0.02	 -0.08	
 -0.00	  0.04	 -0.03	  0.00	 -0.85	  0.11	  0.00	 -2.20	  0.63	  1.57	 -0.00	  0.06	  0.02	 -0.08	
 -0.00	  0.04	 -0.03	  0.00	 -0.85	  0.11	  0.00	 -2.20	  0.63	  1.58	 -0.00	  0.06	  0.02	 -0.08	
 -0.00	  0.04	 -0.03	  0.00	 -0.85	  0.11	  0.00	 -2.21	  0.62	  1.58	 -0.00	  0.06	  0.02	 -0.08	
 -0.00	  0.04	 -0.03	  0.00	 -0.85	  0.11	  0.00	 -2.21	  0.62	  1.59	 -0.00	  0.06	  0.02	 -0.08	
 -0.00	  0.04	 -0.03	  0.00	 -0.85	  0.11	  0.00	 -2.21	  0.62	  1.59	 -0.00	  0.06	  0.02	 -0.08	
 -0.00	  0.04	 -0.03	  0.00	 -0.85	  0.12	  0.00	 -2.22	  0.61	  1.60	 -0.00	  0.06	  0.02	 -0.08	
 -0.00	  0.04	 -0.03	  0.00	 -0.85	  0.12	  0.00	 -2.22	  0.61	  1.61	 -0.00	  0.06	  0.02	 -0.08	
 -0.00	  0.04	 -0.03	  0.00	 -0.85	  0.12	  0.00	 -2.22	  0.61	  1.61	 -0.00	  0.06	  0.02	 -0.08	
 -0.00	  0.04	 -0.03	  0.00	 -0.85	  0.12	  0.00	 -2.22	  0.60	  1.62	 -0.00	  0.07	  0.02	 -0.08	
 -0.00	  0.04	 -0.03	  0.00	 -0.85	  0.12	  0.00	 -2.23	  0.60	  1.63	 -0.00	  0.07	  0.02	 -0.08	
 -0.00	  0.04	 -0.03	  0.00	 -0.85	  0.12	  0.00	 -2.23	  0.60	  1.63	 -0.00	  0.07	  0.02	 -0.08	
 -0.00	  0.04	 -0.03	  0.00	 -0.85	  0.13	  0.00	 -2.23	  0.59	  1.64	 -0.00	  0.07	  0.02	 -0.08	
 -0.00	  0.04	 -0.03	  0.00	 -0.85	  0.13	  0.00	 -2.23	  0.59	  1.64	 -0.00	  0.07	  0.02	 -0.08	
 -0.00	  0.04	 -0.03	  0.00	 -0.85	  0.13	  0.00	 -2.23	  0.59	  1.65	 -0.00	  0.07	  0.02	 -0.08	
 -0.00	  0.04	 -0.03	  0.00	 -0.84	  0.13	  0.00	 -2.24	  0.58	  1.65	 -0.00	  0.07	  0.02	 -0.09	
 -0.00	  0.04	 -0.03	  0.00	 -0.84	  0.13	  0.00	 -2.24	  0.58	  1.66	 -0.00	  0.07	  0.02	 -0.09	
 -0.00	  0.04	 -0.03	  0.00	 -0.84	  0.13	  0.00	 -2.24	  0.58	  1.66	 -0.00	  0.07	  0.02	 -0.09	
 -0.00	  0.04	 -0.03	  0.00	 -0.84	  0.14	  0.00	 -2.24	  0.57	  1.67	 -0.00	  0.07	  0.02	 -0.09	
 -0.00	  0.04	 -0.03	  0.00	 -0.84	  0.14	  0.00	 -2.24	  0.57	  1.67	 -0.00	  0.07	  0.02	 -0.09	
 -0.00	  0.04	 -0.03	  0.00	 -0.84	  0.14	  0.00	 -2.24	  0.56	  1.68	 -0.00	  0.07	  0.02	 -0.09	
 -0.00	  0.04	 -0.03	  0.00	 -0.84	  0.14	  0.00	 -2.24	  0.56	  1.68	 -0.00	  0.07	  0.02	 -0.09	
 -0.00	  0.04	 -0.03	  0.00	 -0.84	  0.14	  0.00	 -2.25	  0.56	  1.69	 -0.00	  0.08	  0.02	 -0.09	
 -0.00	  0.04	 -0.03	  0.00	 -0.84	  0.14	  0.00	 -2.25	  0.55	  1.69	 -0.00	  0.08	  0.02	 -0.09	
 -0.00	  0.05	 -0.03	  0.00	 -0.84	  0.15	  0.00	 -2.25	  0.55	  1.70	 -0.00	  0.08	  0.02	 -0.09	
 -0.00	  0.05	 -0.03	  0.00	 -0.84	  0.15	  0.00	 -2.25	  0.55	  1.70	 -0.00	  0.08	  0.02	 -0.09	
 -0.00	  0.05	 -0.03	  0.00	 -0.84	  0.15	  0.00	 -2.25	  0.54	  1.71	 -0.00	  0.08	  0.02	 -0.09	
 -0.00	  0.05	 -0.03	  0.00	 -0.83	  0.15	  0.00	 -2.25	  0.54	  1.71	 -0.00	  0.08	  0.01	 -0.09	
 -0.00	  0.05	 -0.03	  0.00	 -0.83	  0.15	  0.00	 -2.25	  0.53	  1.71	 -0.00	  0.08	  0.01	 -0.09	
 -0.00	  0.05	 -0.03	  0.00	 -0.83	  0.15	  0.00	 -2.25	  0.53	  1.72	 -0.00	  0.08	  0.01	 -0.10	
 -0.00	  0.05	 -0.03	  0.00	 -0.83	  0.15	  0.00	 -2.25	  0.53	  1.72	 -0.00	  0.08	  0.01	 -0.10	
 -0.00	  0.05	 -0.03	  0.00	 -0.83	  0.16	  0.00	 -2.25	  0.52	  1.72	 -0.00	  0.08	  0.01	 -0.10	
 -0.00	  0.05	 -0.03	  0.00	 -0.83	  0.16	  0.00	 -2.25	  0.52	  1.73	 -0.00	  0.08	  0.01	 -0.10	
 -0.00	  0.05	 -0.03	  0.00	 -0.83	  0.16	  0.00	 -2.24	  0.51	  1.73	 -0.00	  0.08	  0.01	 -0.10	
 -0.00	  0.05	 -0.03	  0.00	 -0.83	  0.16	  0.00	 -2.24	  0.51	  1.73	 -0.00	  0.08	  0.01	 -0.10	
 -0.00	  0.05	 -0.03	  0.00	 -0.82	  0.16	  0.00	 -2.24	  0.51	  1.74	 -0.00	  0.09	  0.01	 -0.10	
 -0.00	  0.05	 -0.03	  0.00	 -0.82	  0.16	  0.00	 -2.24	  0.50	  1.74	 -0.00	  0.09	  0.01	 -0.10	
 -0.00	  0.05	 -0.03	  0.00	 -0.82	  0.16	  0.00	 -2.24	  0.50	  1.74	 -0.00	  0.09	  0.01	 -0.10	
 -0.00	  0.05	 -0.03	  0.00	 -0.82	  0.16	  0.00	 -2.24	  0.49	  1.74	 -0.00	  0.09	  0.01	 -0.10	
 -0.00	  0.05	 -0.03	  0.00	 -0.82	  0.17	  0.00	 -2.24	  0.49	  1.75	 -0.00	  0.09	  0.01	 -0.10	
 -0.00	  0.05	 -0.03	  0.00	 -0.82	  0.17	  0.00	 -2.24	  0.49	  1.75	 -0.00	  0.09	  0.01	 -0.10	
 -0.00	  0.05	 -0.03	  0.00	 -0.81	  0.17	  0.00	 -2.23	  0.48	  1.75	 -0.00	  0.09	  0.01	 -0.10	
 -0.00	  0.05	 -0.03	  0.00	 -0.81	  0.17	  0.00	 -2.23	  0.48	  1.75	 -0.00	  0.09	  0.01	 -0.11	
 -0.00	  0.05	 -0.03	  0.00	 -0.81	  0.17	  0.00	 -2.23	  0.47	  1.75	 -0.00	  0.09	  0.01	 -0.11	
 -0.00	  0.05	 -0.03	  0.00	 -0.81	  0.17	  0.00	 -2.23	  0.47	  1.76	 -0.00	  0.09	  0.01	 -0.11	
 -0.00	  0.05	 -0.03	  0.00	 -0.81	  0.17	  0.00	 -2.22	  0.47	  1.76	 -0.00	  0.09	  0.01	 -0.11	
 -0.00	  0.05	 -0.03	  0.00	 -0.81	  0.17	  0.00	 -2.22	  0.46	  1.76	 -0.00	  0.10	  0.01	 -0.11	
 -0.00	  0.05	 -0.03	  0.00	 -0.80	  0.18	  0.00	 -2.22	  0.46	  1.76	 -0.00	  0.10	  0.01	 -0.11	
 -0.00	  0.05	 -0.03	  0.00	 -0.80	  0.18	  0.00	 -2.21	  0.45	  1.76	 -0.00	  0.10	  0.01	 -0.11	
 -0.00	  0.05	 -0.03	  0.00	 -0.80	  0.18	  0.00	 -2.21	  0.45	  1.76	 -0.00	  0.10	  0.01	 -0.11	
 -0.00	  0.05	 -0.03	  0.00	 -0.80	  0.18	  0.00	 -2.21	  0.44	  1.76	 -0.00	  0.10	  0.01	 -0.11	
 -0.00	  0.05	 -0.03	  0.00	 -0.80	  0.18	  0.00	 -2.20	  0.44	  1.76	 -0.00	  0.10	  0.01	 -0.11	
 -0.00	  0.05	 -0.03	  0.00	 -0.79	  0.18	  0.00	 -2.20	  0.44	  1.76	 -0.00	  0.10	  0.01	 -0.11	
 -0.00	  0.05	 -0.03	  0.00	 -0.79	  0.18	  0.00	 -2.20	  0.43	  1.76	 -0.00	  0.10	  0.01	 -0.11	
 -0.00	  0.05	 -0.03	  0.00	 -0.79	  0.18	  0.00	 -2.19	  0.43	  1.76	 -0.00	  0.10	  0.01	 -0.12	
 -0.00	  0.05	 -0.03	  0.00	 -0.79	  0.18	  0.00	 -2.19	  0.42	  1.76	 -0.00	  0.10	  0.01	 -0.12	
 -0.00	  0.05	 -0.03	  0.00	 -0.79	  0.18	  0.00	 -2.18	  0.42	  1.76	 -0.00	  0.10	  0.01	 -0.12	
 -0.00	  0.05	 -0.03	  0.00	 -0.78	  0.18	  0.00	 -2.18	  0.42	  1.76	 -0.00	  0.11	  0.01	 -0.12	
 -0.00	  0.05	 -0.03	  0.00	 -0.78	  0.19	  0.00	 -2.17	  0.41	  1.76	 -0.00	  0.11	  0.01	 -0.12	
 -0.00	  0.05	 -0.03	  0.00	 -0.78	  0.19	  0.00	 -2.17	  0.41	  1.76	 -0.00	  0.11	  0.01	 -0.12	
 -0.00	  0.06	 -0.03	  0.00	 -0.78	  0.19	  0.00	 -2.17	  0.40	  1.76	 -0.00	  0.11	  0.01	 -0.12	
 -0.00	  0.06	 -0.03	  0.00	 -0.77	  0.19	  0.00	 -2.16	  0.40	  1.76	 -0.00	  0.11	  0.01	 -0.12	
 -0.00	  0.06	 -0.03	  0.00	 -0.77	  0.19	  0.00	 -2.15	  0.39	  1.76	 -0.00	  0.11	  0.01	 -0.12	
 -0.00	  0.06	 -0.03	  0.00	 -0.77	  0.19	  0.00	 -2.15	  0.39	  1.76	 -0.00	  0.11	  0.01	 -0.12	
 -0.00	  0.06	 -0.03	  0.00	 -0.77	  0.19	  0.00	 -2.14	  0.39	  1.76	 -0.00	  0.11	  0.01	 -0.12	
 -0.00	  0.06	 -0.03	  0.00	 -0.76	  0.19	  0.00	 -2.14	  0.38	  1.76	 -0.00	  0.11	  0.01	 -0.12	
 -0.00	  0.06	 -0.03	  0.00	 -0.76	  0.19	  0.00	 -2.13	  0.38	  1.75	 -0.00	  0.11	  0.01	 -0.13	
 -0.00	  0.06	 -0.03	  0.00	 -0.76	  0.19	  0.00	 -2.13	  0.37	  1.75	 -0.00	  0.11	  0.01	 -0.13	
 -0.00	  0.06	 -0.03	  0.00	 -0.76	  0.19	  0.00	 -2.12	  0.37	  1.75	 -0.00	  0.12	  0.01	 -0.13	
 -0.00	  0.06	 -0.03	  0.00	 -0.75	  0.19	  0.00	 -2.11	  0.37	  1.75	 -0.00	  0.12	  0.01	 -0.13	
 -0.00	  0.06	 -0.03	  0.00	 -0.75	  0.19	  0.00	 -2.11	  0.36	  1.75	 -0.00	  0.12	  0.01	 -0.13	
 -0.00	  0.06	 -0.03	  0.00	 -0.75	  0.19	  0.00	 -2.10	  0.36	  1.74	 -0.00	  0.12	  0.01	 -0.13	
 -0.00	  0.06	 -0.03	  0.00	 -0.75	  0.20	  0.00	 -2.09	  0.35	  1.74	 -0.00	  0.12	  0.01	 -0.13	
 -0.00	  0.06	 -0.03	  0.00	 -0.74	  0.20	  0.00	 -2.09	  0.35	  1.74	 -0.00	  0.12	  0.01	 -0.13	
 -0.00	  0.06	 -0.03	  0.00	 -0.74	  0.20	  0.00	 -2.08	  0.34	  1.73	 -0.00	  0.12	  0.01	 -0.13	
 -0.00	  0.06	 -0.03	  0.00	 -0.74	  0.20	  0.00	 -2.07	  0.34	  1.73	 -0.00	  0.12	  0.01	 -0.13	
 -0.00	  0.06	 -0.03	  0.00	 -0.73	  0.20	  0.00	 -2.06	  0.34	  1.73	 -0.00	  0.12	  0.01	 -0.13	
 -0.00	  0.06	 -0.03	  0.00	 -0.73	  0.20	  0.00	 -2.06	  0.33	  1.72	 -0.00	  0.12	  0.01	 -0.13	
 -0.00	  0.06	 -0.03	  0.00	 -0.73	  0.20	  0.00	 -2.05	  0.33	  1.72	 -0.00	  0.13	  0.01	 -0.14	
 -0.00	  0.06	 -0.03	  0.00	 -0.73	  0.20	  0.00	 -2.04	  0.32	  1.72	 -0.00	  0.13	  0.01	 -0.14	
 -0.00	  0.06	 -0.03	  0.00	 -0.72	  0.20	  0.00	 -2.03	  0.32	  1.71	 -0.00	  0.13	  0.01	 -0.14	
 -0.00	  0.06	 -0.03	  0.00	 -0.72	  0.20	  0.00	 -2.02	  0.32	  1.71	 -0.00	  0.13	  0.01	 -0.14	
 -0.00	  0.06	 -0.03	  0.00	 -0.72	  0.20	  0.00	 -2.02	  0.31	  1.70	 -0.00	  0.13	  0.01	 -0.14	
 -0.00	  0.06	 -0.03	  0.00	 -0.71	  0.20	  0.00	 -2.01	  0.31	  1.70	 -0.00	  0.13	  0.01	 -0.14	
 -0.00	  0.06	 -0.03	  0.00	 -0.71	  0.20	  0.00	 -2.00	  0.30	  1.70	 -0.00	  0.13	  0.01	 -0.14	
 -0.00	  0.06	 -0.03	  0.00	 -0.71	  0.20	  0.00	 -1.99	  0.30	  1.69	 -0.00	  0.13	  0.01	 -0.14	
 -0.00	  0.06	 -0.03	  0.00	 -0.70	  0.20	  0.00	 -1.98	  0.30	  1.69	 -0.00	  0.13	  0.01	 -0.14	
 -0.00	  0.06	 -0.03	  0.00	 -0.70	  0.20	  0.00	 -1.97	  0.29	  1.68	 -0.00	  0.13	  0.01	 -0.14	
 -0.00	  0.06	 -0.03	  0.00	 -0.70	  0.20	  0.00	 -1.96	  0.29	  1.68	 -0.00	  0.14	  0.01	 -0.14	
 -0.00	  0.06	 -0.03	  0.00	 -0.70	  0.20	  0.00	 -1.95	  0.28	  1.67	 -0.00	  0.14	  0.01	 -0.15	
 -0.00	  0.06	 -0.03	  0.00	 -0.69	  0.20	  0.00	 -1.94	  0.28	  1.67	 -0.00	  0.14	  0.01	 -0.15	
 -0.00	  0.06	 -0.03	  0.00	 -0.69	  0.20	  0.00	 -1.94	  0.28	  1.66	 -0.00	  0.14	  0.01	 -0.15	
 -0.00	  0.06	 -0.03	  0.00	 -0.69	  0.20	  0.00	 -1.93	  0.27	  1.65	 -0.00	  0.14	  0.01	 -0.15	
 -0.00	  0.07	 -0.03	  0.00	 -0.68	  0.20	  0.00	 -1.92	  0.27	  1.65	 -0.00	  0.14	  0.01	 -0.15	
 -0.00	  0.07	 -0.03	  0.00	 -0.68	  0.20	  0.00	 -1.91	  0.26	  1.64	 -0.00	  0.14	  0.01	 -0.15	
 -0.00	  0.07	 -0.03	  0.00	 -0.68	  0.20	  0.00	 -1.90	  0.26	  1.64	 -0.00	  0.14	  0.01	 -0.15	
 -0.00	  0.07	 -0.03	  0.00	 -0.67	  0.20	  0.00	 -1.89	  0.26	  1.63	 -0.00	  0.14	  0.01	 -0.15	
 -0.00	  0.07	 -0.03	  0.00	 -0.67	  0.20	  0.00	 -1.88	  0.25	  1.62	 -0.00	  0.15	  0.01	 -0.15	
 -0.00	  0.07	 -0.03	  0.00	 -0.66	  0.20	  0.00	 -1.87	  0.25	  1.62	 -0.00	  0.15	  0.01	 -0.15	
 -0.00	  0.07	 -0.03	  0.00	 -0.66	  0.20	  0.00	 -1.85	  0.24	  1.61	 -0.00	  0.15	  0.01	 -0.16	
 -0.00	  0.07	 -0.03	  0.00	 -0.66	  0.20	  0.00	 -1.84	  0.24	  1.60	 -0.00	  0.15	  0.01	 -0.16	
 -0.00	  0.07	 -0.03	  0.00	 -0.65	  0.20	  0.00	 -1.83	  0.24	  1.60	 -0.00	  0.15	  0.01	 -0.16	
 -0.00	  0.07	 -0.03	  0.00	 -0.65	  0.20	  0.00	 -1.82	  0.23	  1.59	 -0.00	  0.15	  0.01	 -0.16	
 -0.00	  0.07	 -0.03	  0.00	 -0.65	  0.20	  0.00	 -1.81	  0.23	  1.58	 -0.00	  0.15	  0.01	 -0.16	
 -0.00	  0.07	 -0.03	  0.00	 -0.64	  0.20	  0.00	 -1.80	  0.23	  1.57	 -0.00	  0.15	  0.01	 -0.16	
 -0.00	  0.07	 -0.03	  0.00	 -0.64	  0.20	  0.00	 -1.79	  0.22	  1.57	 -0.00	  0.15	  0.01	 -0.16	
 -0.00	  0.07	 -0.03	  0.00	 -0.64	  0.20	  0.00	 -1.78	  0.22	  1.56	 -0.00	  0.16	  0.01	 -0.16	
 -0.00	  0.07	 -0.03	  0.00	 -0.63	  0.20	  0.00	 -1.77	  0.22	  1.55	 -0.00	  0.16	  0.01	 -0.16	
 -0.00	  0.07	 -0.03	  0.00	 -0.63	  0.20	  0.00	 -1.76	  0.21	  1.54	 -0.00	  0.16	  0.01	 -0.16	
 -0.00	  0.07	 -0.03	  0.00	 -0.62	  0.20	  0.00	 -1.74	  0.21	  1.54	 -0.00	  0.16	  0.01	 -0.16	
 -0.00	  0.07	 -0.03	  0.00	 -0.62	  0.20	  0.00	 -1.73	  0.20	  1.53	 -0.00	  0.16	  0.01	 -0.17	
 -0.00	  0.07	 -0.03	  0.00	 -0.62	  0.20	  0.00	 -1.72	  0.20	  1.52	 -0.00	  0.16	  0.01	 -0.17	
 -0.00	  0.07	 -0.03	  0.00	 -0.61	  0.20	  0.00	 -1.71	  0.20	  1.51	 -0.00	  0.16	  0.01	 -0.17	
 -0.00	  0.07	 -0.03	  0.00	 -0.61	  0.20	  0.00	 -1.70	  0.19	  1.50	 -0.00	  0.16	  0.00	 -0.17	
 -0.00	  0.07	 -0.03	  0.00	 -0.61	  0.20	  0.00	 -1.69	  0.19	  1.50	 -0.00	  0.16	  0.00	 -0.17	
 -0.00	  0.07	 -0.03	  0.00	 -0.60	  0.20	  0.00	 -1.67	  0.19	  1.49	 -0.00	  0.17	  0.00	 -0.17	
 -0.00	  0.07	 -0.03	  0.00	 -0.60	  0.20	  0.00	 -1.66	  0.18	  1.48	 -0.00	  0.17	  0.00	 -0.17	
 -0.00	  0.07	 -0.03	  0.00	 -0.59	  0.20	  0.00	 -1.65	  0.18	  1.47	 -0.00	  0.17	  0.00	 -0.17	
 -0.00	  0.07	 -0.03	  0.00	 -0.59	  0.20	  0.00	 -1.64	  0.18	  1.46	 -0.00	  0.17	  0.00	 -0.17	
 -0.00	  0.07	 -0.03	  0.00	 -0.59	  0.19	  0.00	 -1.63	  0.17	  1.45	 -0.00	  0.17	  0.00	 -0.17	
 -0.00	  0.07	 -0.03	  0.00	 -0.58	  0.19	  0.00	 -1.61	  0.17	  1.44	 -0.00	  0.17	  0.00	 -0.18	
 -0.00	  0.07	 -0.03	  0.00	 -0.58	  0.19	  0.00	 -1.60	  0.17	  1.43	 -0.00	  0.17	  0.00	 -0.18	
 -0.00	  0.07	 -0.03	  0.00	 -0.57	  0.19	  0.00	 -1.59	  0.16	  1.42	 -0.00	  0.17	  0.00	 -0.18	
 -0.00	  0.07	 -0.03	  0.00	 -0.57	  0.19	  0.00	 -1.58	  0.16	  1.41	 -0.00	  0.18	  0.00	 -0.18	
 -0.00	  0.08	 -0.03	  0.00	 -0.57	  0.19	  0.00	 -1.56	  0.16	  1.41	 -0.00	  0.18	  0.00	 -0.18	
 -0.00	  0.08	 -0.03	  0.00	 -0.56	  0.19	  0.00	 -1.55	  0.15	  1.40	 -0.00	  0.18	  0.00	 -0.18	
 -0.00	  0.08	 -0.03	  0.00	 -0.56	  0.19	  0.00	 -1.54	  0.15	  1.39	 -0.00	  0.18	  0.00	 -0.18	
 -0.00	  0.08	 -0.03	  0.00	 -0.55	  0.19	  0.00	 -1.52	  0.15	  1.38	 -0.00	  0.18	  0.00	 -0.18	
 -0.00	  0.08	 -0.03	  0.00	 -0.55	  0.19	  0.00	 -1.51	  0.15	  1.37	 -0.00	  0.18	  0.00	 -0.18	
 -0.00	  0.08	 -0.03	  0.00	 -0.55	  0.19	  0.00	 -1.50	  0.14	  1.36	 -0.00	  0.18	  0.00	 -0.18	
 -0.00	  0.08	 -0.03	  0.00	 -0.54	  0.19	  0.00	 -1.49	  0.14	  1.35	 -0.00	  0.18	  0.00	 -0.19	
 -0.00	  0.08	 -0.03	  0.00	 -0.54	  0.19	  0.00	 -1.47	  0.14	  1.34	 -0.00	  0.19	  0.00	 -0.19	
 -0.00	  0.08	 -0.03	  0.00	 -0.53	  0.19	  0.00	 -1.46	  0.13	  1.33	 -0.00	  0.19	  0.00	 -0.19	
 -0.00	  0.08	 -0.03	  0.00	 -0.53	  0.19	  0.00	 -1.45	  0.13	  1.32	 -0.00	  0.19	  0.00	 -0.19	
 -0.00	  0.08	 -0.03	  0.00	 -0.52	  0.19	  0.00	 -1.43	  0.13	  1.31	 -0.00	  0.19	  0.00	 -0.19	
 -0.00	  0.08	 -0.03	  0.00	 -0.52	  0.18	  0.00	 -1.42	  0.12	  1.30	 -0.00	  0.19	  0.00	 -0.19	
 -0.00	  0.08	 -0.03	  0.00	 -0.52	  0.18	  0.00	 -1.41	  0.12	  1.29	 -0.00	  0.19	  0.00	 -0.19	
 -0.00	  0.08	 -0.03	  0.00	 -0.51	  0.18	  0.00	 -1.39	  0.12	  1.27	 -0.00	  0.19	  0.00	 -0.19	
 -0.00	  0.08	 -0.03	  0.00	 -0.51	  0.18	  0.00	 -1.38	  0.12	  1.26	 -0.00	  0.19	  0.00	 -0.19	
 -0.00	  0.08	 -0.03	  0.00	 -0.50	  0.18	  0.00	 -1.37	  0.11	  1.25	 -0.00	  0.20	 -0.00	 -0.20	
 -0.00	  0.08	 -0.03	  0.00	 -0.50	  0.18	  0.00	 -1.35	  0.11	  1.24	 -0.00	  0.20	 -0.00	 -0.20	
 -0.00	  0.08	 -0.03	  0.00	 -0.49	  0.18	  0.00	 -1.34	  0.11	  1.23	 -0.00	  0.20	 -0.00	 -0.20	
 -0.00	  0.08	 -0.03	  0.00	 -0.49	  0.18	  0.00	 -1.33	  0.11	  1.22	 -0.00	  0.20	 -0.00	 -0.20	
 -0.00	  0.08	 -0.03	  0.00	 -0.49	  0.18	  0.00	 -1.31	  0.10	  1.21	 -0.00	  0.20	 -0.00	 -0.20	
 -0.00	  0.08	 -0.03	  0.00	 -0.48	  0.18	  0.00	 -1.30	  0.10	  1.20	 -0.00	  0.20	 -0.00	 -0.20	
 -0.00	  0.08	 -0.03	  0.00	 -0.48	  0.18	  0.00	 -1.29	  0.10	  1.19	 -0.00	  0.20	 -0.00	 -0.20	
 -0.00	  0.08	 -0.03	  0.00	 -0.47	  0.17	  0.00	 -1.27	  0.10	  1.18	 -0.00	  0.20	 -0.00	 -0.20	
 -0.00	  0.08	 -0.03	  0.00	 -0.47	  0.17	  0.00	 -1.26	  0.09	  1.17	 -0.00	  0.21	 -0.00	 -0.20	
 -0.00	  0.08	 -0.03	  0.00	 -0.46	  0.17	  0.00	 -1.25	  0.09	  1.15	 -0.00	  0.21	 -0.00	 -0.21	
 -0.00	  0.08	 -0.03	  0.00	 -0.46	  0.17	  0.00	 -1.23	  0.09	  1.14	 -0.00	  0.21	 -0.00	 -0.21	
 -0.00	  0.08	 -0.03	  0.00	 -0.46	  0.17	  0.00	 -1.22	  0.09	  1.13	 -0.00	  0.21	 -0.00	 -0.21	
 -0.00	  0.08	 -0.03	  0.00	 -0.45	  0.17	  0.00	 -1.20	  0.08	  1.12	 -0.00	  0.21	 -0.00	 -0.21	
 -0.00	  0.08	 -0.03	  0.00	 -0.45	  0.17	  0.00	 -1.19	  0.08	  1.11	 -0.00	  0.21	 -0.00	 -0.21	
 -0.00	  0.08	 -0.03	  0.00	 -0.44	  0.17	  0.00	 -1.18	  0.08	  1.10	 -0.00	  0.21	 -0.00	 -0.21	
 -0.00	  0.09	 -0.03	  0.00	 -0.44	  0.17	  0.00	 -1.16	  0.08	  1.09	 -0.00	  0.22	 -0.00	 -0.21	
 -0.00	  0.09	 -0.03	  0.00	 -0.43	  0.16	  0.00	 -1.15	  0.07	  1.08	 -0.00	  0.22	 -0.00	 -0.21	
 -0.00	  0.09	 -0.03	  0.00	 -0.43	  0.16	  0.00	 -1.14	  0.07	  1.06	 -0.00	  0.22	 -0.00	 -0.21	
 -0.00	  0.09	 -0.03	  0.00	 -0.42	  0.16	  0.00	 -1.12	  0.07	  1.05	 -0.00	  0.22	 -0.00	 -0.21	
 -0.00	  0.09	 -0.03	  0.00	 -0.42	  0.16	  0.00	 -1.11	  0.07	  1.04	 -0.00	  0.22	 -0.00	 -0.22	
 -0.00	  0.09	 -0.03	  0.00	 -0.42	  0.16	  0.00	 -1.10	  0.07	  1.03	 -0.00	  0.22	 -0.00	 -0.22	
 -0.00	  0.09	 -0.03	  0.00	 -0.41	  0.16	  0.00	 -1.08	  0.06	  1.02	 -0.00	  0.22	 -0.00	 -0.22	
 -0.00	  0.09	 -0.03	  0.00	 -0.41	  0.16	  0.00	 -1.07	  0.06	  1.01	 -0.00	  0.22	 -0.01	 -0.22	
 -0.00	  0.09	 -0.03	  0.00	 -0.40	  0.16	  0.00	 -1.05	  0.06	  0.99	 -0.00	  0.23	 -0.01	 -0.22	
 -0.00	  0.09	 -0.03	  0.00	 -0.40	  0.16	  0.00	 -1.04	  0.06	  0.98	 -0.00	  0.23	 -0.01	 -0.22	
 -0.00	  0.09	 -0.03	  0.00	 -0.39	  0.15	  0.00	 -1.03	  0.06	  0.97	 -0.00	  0.23	 -0.01	 -0.22	
 -0.00	  0.09	 -0.03	  0.00	 -0.39	  0.15	  0.00	 -1.01	  0.05	  0.96	 -0.00	  0.23	 -0.01	 -0.22	
 -0.00	  0.09	 -0.03	  0.00	 -0.38	  0.15	  0.00	 -1.00	  0.05	  0.95	 -0.00	  0.23	 -0.01	 -0.23	
 -0.00	  0.09	 -0.03	  0.00	 -0.38	  0.15	  0.00	 -0.99	  0.05	  0.94	 -0.00	  0.23	 -0.01	 -0.23	
 -0.00	  0.09	 -0.03	  0.00	 -0.37	  0.15	  0.00	 -0.97	  0.05	  0.92	 -0.00	  0.23	 -0.01	 -0.23	
 -0.00	  0.09	 -0.03	  0.00	 -0.37	  0.15	  0.00	 -0.96	  0.05	  0.91	 -0.00	  0.24	 -0.01	 -0.23	
 -0.00	  0.09	 -0.03	  0.00	 -0.37	  0.15	  0.00	 -0.95	  0.05	  0.90	 -0.00	  0.24	 -0.01	 -0.23	
 -0.00	  0.09	 -0.03	  0.00	 -0.36	  0.14	  0.00	 -0.93	  0.04	  0.89	 -0.00	  0.24	 -0.01	 -0.23	
 -0.00	  0.09	 -0.03	  0.00	 -0.36	  0.14	  0.00	 -0.92	  0.04	  0.88	 -0.00	  0.24	 -0.01	 -0.23	
 -0.00	  0.09	 -0.03	  0.00	 -0.35	  0.14	  0.00	 -0.90	  0.04	  0.86	 -0.00	  0.24	 -0.01	 -0.23	
 -0.00	  0.09	 -0.03	  0.00	 -0.35	  0.14	  0.00	 -0.89	  0.04	  0.85	 -0.00	  0.24	 -0.01	 -0.23	
 -0.00	  0.09	 -0.03	  0.00	 -0.34	  0.14	  0.00	 -0.88	  0.04	  0.84	 -0.00	  0.24	 -0.01	 -0.24	
 -0.00	  0.09	 -0.03	  0.00	 -0.34	  0.14	  0.00	 -0.86	  0.04	  0.83	 -0.00	  0.25	 -0.01	 -0.24	
 -0.00	  0.09	 -0.03	  0.00	 -0.33	  0.14	  0.00	 -0.85	  0.03	  0.82	 -0.00	  0.25	 -0.01	 -0.24	
 -0.00	  0.09	 -0.03	  0.00	 -0.33	  0.14	  0.00	 -0.84	  0.03	  0.81	 -0.00	  0.25	 -0.01	 -0.24	
 -0.00	  0.09	 -0.03	  0.00	 -0.32	  0.13	  0.00	 -0.82	  0.03	  0.79	 -0.00	  0.25	 -0.01	 -0.24	
 -0.00	  0.09	 -0.03	  0.00	 -0.32	  0.13	  0.00	 -0.81	  0.03	  0.78	 -0.00	  0.25	 -0.01	 -0.24	
 -0.00	  0.09	 -0.03	  0.00	 -0.31	  0.13	  0.00	 -0.80	  0.03	  0.77	 -0.00	  0.25	 -0.01	 -0.24	
 -0.00	  0.10	 -0.03	  0.00	 -0.31	  0.13	  0.00	 -0.78	  0.03	  0.76	 -0.00	  0.25	 -0.01	 -0.24	
 -0.00	  0.10	 -0.03	  0.00	 -0.31	  0.13	  0.00	 -0.77	  0.02	  0.75	 -0.00	  0.26	 -0.01	 -0.24	
 -0.00	  0.10	 -0.03	  0.00	 -0.30	  0.13	  0.00	 -0.76	  0.02	  0.73	 -0.00	  0.26	 -0.01	 -0.25	
 -0.00	  0.10	 -0.03	  0.00	 -0.30	  0.13	  0.00	 -0.74	  0.02	  0.72	 -0.00	  0.26	 -0.01	 -0.25	
 -0.00	  0.10	 -0.03	  0.00	 -0.29	  0.12	  0.00	 -0.73	  0.02	  0.71	 -0.00	  0.26	 -0.01	 -0.25	
 -0.00	  0.10	 -0.03	  0.00	 -0.29	  0.12	  0.00	 -0.72	  0.02	  0.70	 -0.00	  0.26	 -0.01	 -0.25	
 -0.00	  0.10	 -0.03	  0.00	 -0.28	  0.12	  0.00	 -0.70	  0.02	  0.69	 -0.00	  0.26	 -0.01	 -0.25	
 -0.00	  0.10	 -0.03	  0.00	 -0.28	  0.12	  0.00	 -0.69	  0.02	  0.67	 -0.00	  0.26	 -0.01	 -0.25	
 -0.00	  0.10	 -0.03	  0.00	 -0.27	  0.12	  0.00	 -0.68	  0.02	  0.66	 -0.00	  0.27	 -0.01	 -0.25	
 -0.00	  0.10	 -0.03	  0.00	 -0.27	  0.12	  0.00	 -0.66	  0.01	  0.65	 -0.00	  0.27	 -0.01	 -0.25	
 -0.00	  0.10	 -0.03	  0.00	 -0.26	  0.11	  0.00	 -0.65	  0.01	  0.64	 -0.00	  0.27	 -0.01	 -0.26	
 -0.00	  0.10	 -0.03	  0.00	 -0.26	  0.11	  0.00	 -0.64	  0.01	  0.63	 -0.00	  0.27	 -0.01	 -0.26	
 -0.00	  0.10	 -0.03	  0.00	 -0.25	  0.11	  0.00	 -0.63	  0.01	  0.62	 -0.00	  0.27	 -0.01	 -0.26	
 -0.00	  0.10	 -0.03	  0.00	 -0.25	  0.11	  0.00	 -0.61	  0.01	  0.60	 -0.00	  0.27	 -0.01	 -0.26	
 -0.00	  0.10	 -0.03	  0.00	 -0.25	  0.11	  0.00	 -0.60	  0.01	  0.59	 -0.00	  0.27	 -0.01	 -0.26	
 -0.00	  0.10	 -0.03	  0.00	 -0.24	  0.11	  0.00	 -0.59	  0.01	  0.58	 -0.00	  0.28	 -0.01	 -0.26	
 -0.00	  0.10	 -0.03	  0.00	 -0.24	  0.11	  0.00	 -0.57	  0.01	  0.57	 -0.00	  0.28	 -0.02	 -0.26	
 -0.00	  0.10	 -0.03	  0.00	 -0.23	  0.10	  0.00	 -0.56	  0.01	  0.56	 -0.00	  0.28	 -0.02	 -0.26	
 -0.00	  0.10	 -0.03	  0.00	 -0.23	  0.10	  0.00	 -0.55	  0.00	  0.54	 -0.00	  0.28	 -0.02	 -0.26	
 -0.00	  0.10	 -0.03	  0.00	 -0.22	  0.10	  0.00	 -0.54	  0.00	  0.53	 -0.00	  0.28	 -0.02	 -0.27	
 -0.00	  0.10	 -0.03	  0.00	 -0.22	  0.10	  0.00	 -0.52	  0.00	  0.52	 -0.00	  0.28	 -0.02	 -0.27	
 -0.00	  0.10	 -0.03	  0.00	 -0.21	  0.10	  0.00	 -0.51	  0.00	  0.51	 -0.00	  0.29	 -0.02	 -0.27	
 -0.00	  0.10	 -0.03	  0.00	 -0.21	  0.10	  0.00	 -0.50	  0.00	  0.50	 -0.00	  0.29	 -0.02	 -0.27	
 -0.00	  0.10	 -0.03	  0.00	 -0.20	  0.10	  0.00	 -0.49	 -0.00	  0.49	 -0.00	  0.29	 -0.02	 -0.27	
 -0.00	  0.10	 -0.03	  0.00	 -0.20	  0.09	  0.00	 -0.47	 -0.00	  0.47	 -0.00	  0.29	 -0.02	 -0.27	
 -0.00	  0.10	 -0.03	  0.00	 -0.20	  0.09	  0.00	 -0.46	 -0.00	  0.46	 -0.00	  0.29	 -0.02	 -0.27	
 -0.00	  0.11	 -0.03	  0.00	 -0.19	  0.09	  0.00	 -0.45	 -0.00	  0.45	 -0.00	  0.29	 -0.02	 -0.27	
 -0.00	  0.11	 -0.03	  0.00	 -0.19	  0.09	  0.00	 -0.44	 -0.00	  0.44	 -0.00	  0.29	 -0.02	 -0.28	
 -0.00	  0.11	 -0.03	  0.00	 -0.18	  0.09	  0.00	 -0.42	 -0.01	  0.43	 -0.00	  0.30	 -0.02	 -0.28	
 -0.00	  0.11	 -0.03	  0.00	 -0.18	  0.09	  0.00	 -0.41	 -0.01	  0.42	 -0.00	  0.30	 -0.02	 -0.28	
 -0.00	  0.11	 -0.03	  0.00	 -0.17	  0.08	  0.00	 -0.40	 -0.01	  0.41	 -0.00	  0.30	 -0.02	 -0.28	
 -0.00	  0.11	 -0.03	  0.00	 -0.17	  0.08	  0.00	 -0.39	 -0.01	  0.39	 -0.00	  0.30	 -0.02	 -0.28	
 -0.00	  0.11	 -0.03	  0.00	 -0.16	  0.08	  0.00	 -0.37	 -0.01	  0.38	 -0.00	  0.30	 -0.02	 -0.28	
 -0.00	  0.11	 -0.03	  0.00	 -0.16	  0.08	  0.00	 -0.36	 -0.01	  0.37	 -0.00	  0.30	 -0.02	 -0.28	
 -0.00	  0.11	 -0.03	  0.00	 -0.16	  0.08	  0.00	 -0.35	 -0.01	  0.36	 -0.00	  0.31	 -0.02	 -0.28	
 -0.00	  0.11	 -0.03	  0.00	 -0.15	  0.08	  0.00	 -0.34	 -0.01	  0.35	 -0.00	  0.31	 -0.02	 -0.29	
 -0.00	  0.11	 -0.03	  0.00	 -0.15	  0.07	  0.00	 -0.33	 -0.01	  0.34	 -0.00	  0.31	 -0.02	 -0.29	
 -0.00	  0.11	 -0.03	  0.00	 -0.14	  0.07	  0.00	 -0.31	 -0.01	  0.33	 -0.00	  0.31	 -0.02	 -0.29	
 -0.00	  0.11	 -0.03	  0.00	 -0.14	  0.07	  0.00	 -0.30	 -0.01	  0.32	 -0.00	  0.31	 -0.02	 -0.29	
 -0.00	  0.11	 -0.03	  0.00	 -0.13	  0.07	  0.00	 -0.29	 -0.01	  0.30	 -0.00	  0.31	 -0.02	 -0.29	
 -0.00	  0.11	 -0.03	  0.00	 -0.13	  0.07	  0.00	 -0.28	 -0.01	  0.29	 -0.00	  0.31	 -0.02	 -0.29	
 -0.00	  0.11	 -0.03	  0.00	 -0.13	  0.07	  0.00	 -0.27	 -0.01	  0.28	 -0.00	  0.32	 -0.02	 -0.29	
 -0.00	  0.11	 -0.03	  0.00	 -0.12	  0.07	  0.00	 -0.26	 -0.02	  0.27	 -0.00	  0.32	 -0.02	 -0.29	
 -0.00	  0.11	 -0.03	  0.00	 -0.12	  0.06	  0.00	 -0.24	 -0.02	  0.26	 -0.00	  0.32	 -0.02	 -0.30	
 -0.00	  0.11	 -0.03	  0.00	 -0.11	  0.06	  0.00	 -0.23	 -0.02	  0.25	 -0.00	  0.32	 -0.02	 -0.30	
 -0.00	  0.11	 -0.03	  0.00	 -0.11	  0.06	  0.00	 -0.22	 -0.02	  0.24	 -0.00	  0.32	 -0.02	 -0.30	
 -0.00	  0.11	 -0.03	  0.00	 -0.10	  0.06	  0.00	 -0.21	 -0.02	  0.23	 -0.00	  0.32	 -0.03	 -0.30	
 -0.00	  0.11	 -0.03	  0.00	 -0.10	  0.06	  0.00	 -0.20	 -0.02	  0.22	 -0.00	  0.33	 -0.03	 -0.30	
 -0.00	  0.11	 -0.03	  0.00	 -0.10	  0.06	  0.00	 -0.19	 -0.02	  0.21	 -0.00	  0.33	 -0.03	 -0.30	
 -0.00	  0.11	 -0.03	  0.00	 -0.09	  0.05	  0.00	 -0.18	 -0.02	  0.20	 -0.00	  0.33	 -0.03	 -0.30	
 -0.00	  0.11	 -0.03	  0.00	 -0.09	  0.05	  0.00	 -0.17	 -0.02	  0.19	 -0.00	  0.33	 -0.03	 -0.30	
 -0.00	  0.11	 -0.03	  0.00	 -0.08	  0.05	  0.00	 -0.15	 -0.02	  0.18	 -0.00	  0.33	 -0.03	 -0.31	
 -0.00	  0.12	 -0.03	  0.00	 -0.08	  0.05	  0.00	 -0.14	 -0.02	  0.17	 -0.00	  0.33	 -0.03	 -0.31	
 -0.00	  0.12	 -0.03	  0.00	 -0.07	  0.05	  0.00	 -0.13	 -0.02	  0.15	 -0.00	  0.34	 -0.03	 -0.31	
 -0.00	  0.12	 -0.03	  0.00	 -0.07	  0.05	  0.00	 -0.12	 -0.02	  0.14	 -0.00	  0.34	 -0.03	 -0.31	
 -0.00	  0.12	 -0.03	  0.00	 -0.07	  0.05	  0.00	 -0.11	 -0.02	  0.13	 -0.00	  0.34	 -0.03	 -0.31	
 -0.00	  0.12	 -0.03	  0.00	 -0.06	  0.04	  0.00	 -0.10	 -0.02	  0.12	 -0.00	  0.34	 -0.03	 -0.31	
 -0.00	  0.12	 -0.03	  0.00	 -0.06	  0.04	  0.00	 -0.09	 -0.02	  0.11	 -0.00	  0.34	 -0.03	 -0.31	
 -0.00	  0.12	 -0.03	  0.00	 -0.05	  0.04	  0.00	 -0.08	 -0.02	  0.10	 -0.00	  0.34	 -0.03	 -0.31	
 -0.00	  0.12	 -0.03	  0.00	 -0.05	  0.04	  0.00	 -0.07	 -0.03	  0.09	 -0.00	  0.35	 -0.03	 -0.32	
 -0.00	  0.12	 -0.03	  0.00	 -0.05	  0.04	  0.00	 -0.06	 -0.03	  0.08	 -0.00	  0.35	 -0.03	 -0.32	
 -0.00	  0.12	 -0.03	  0.00	 -0.04	  0.04	  0.00	 -0.05	 -0.03	  0.07	 -0.00	  0.35	 -0.03	 -0.32	
 -0.00	  0.12	 -0.03	  0.00	 -0.04	  0.04	  0.00	 -0.04	 -0.03	  0.06	 -0.00	  0.35	 -0.03	 -0.32	
 -0.00	  0.12	 -0.03	  0.00	 -0.03	  0.03	  0.00	 -0.03	 -0.03	  0.05	 -0.00	  0.35	 -0.03	 -0.32	
 -0.00	  0.12	 -0.03	  0.00	 -0.03	  0.03	  0.00	 -0.02	 -0.03	  0.04	 -0.00	  0.35	 -0.03	 -0.32	
 -0.00	  0.12	 -0.03	  0.00	 -0.03	  0.03	  0.00	 -0.01	 -0.03	  0.03	 -0.00	  0.36	 -0.03	 -0.32	
 -0.00	  0.12	 -0.03	  0.00	 -0.02	  0.03	  0.00	  0.00	 -0.03	  0.03	 -0.00	  0.36	 -0.03	 -0.32	
 -0.00	  0.12	 -0.03	  0.00	 -0.02	  0.03	  0.00	  0.01	 -0.03	  0.02	 -0.00	  0.36	 -0.03	 -0.33	
 -0.00	  0.12	 -0.03	  0.00	 -0.02	  0.03	  0.00	  0.02	 -0.03	  0.01	 -0.00	  0.36	 -0.03	 -0.33	
 -0.00	  0.12	 -0.03	  0.00	 -0.01	  0.03	  0.00	  0.03	 -0.03	 -0.00	 -0.00	  0.36	 -0.03	 -0.33	
 -0.00	  0.12	 -0.03	  0.00	 -0.01	  0.02	  0.00	  0.04	 -0.03	 -0.01	 -0.00	  0.36	 -0.03	 -0.33	
 -0.00	  0.12	 -0.03	  0.00	 -0.00	  0.02	  0.00	  0.05	 -0.03	 -0.02	 -0.00	  0.37	 -0.03	 -0.33	
 -0.00	  0.12	 -0.03	  0.00	 -0.00	  0.02	  0.00	  0.06	 -0.03	 -0.03	 -0.00	  0.37	 -0.03	 -0.33	
 -0.00	  0.12	 -0.03	  0.00	  0.00	  0.02	  0.00	  0.07	 -0.03	 -0.04	 -0.00	  0.37	 -0.04	 -0.33	
 -0.00	  0.12	 -0.03	  0.00	  0.01	  0.02	  0.00	  0.08	 -0.03	 -0.05	 -0.00	  0.37	 -0.04	 -0.33	
 -0.00	  0.12	 -0.03	  0.00	  0.01	  0.02	  0.00	  0.09	 -0.03	 -0.06	 -0.00	  0.37	 -0.04	 -0.34	
 -0.00	  0.12	 -0.03	  0.00	  0.01	  0.02	  0.00	  0.10	 -0.03	 -0.07	 -0.00	  0.37	 -0.04	 -0.34	
 -0.00	  0.13	 -0.03	  0.00	  0.02	  0.02	  0.00	  0.11	 -0.03	 -0.08	 -0.00	  0.38	 -0.04	 -0.34	
 -0.00	  0.13	 -0.03	  0.00	  0.02	  0.01	  0.00	  0.12	 -0.03	 -0.08	 -0.00	  0.38	 -0.04	 -0.34	
 -0.00	  0.13	 -0.03	  0.00	  0.02	  0.01	  0.00	  0.13	 -0.04	 -0.09	 -0.00	  0.38	 -0.04	 -0.34	
 -0.00	  0.13	 -0.03	  0.00	  0.03	  0.01	  0.00	  0.14	 -0.04	 -0.10	 -0.00	  0.38	 -0.04	 -0.34	
 -0.00	  0.13	 -0.03	  0.00	  0.03	  0.01	  0.00	  0.15	 -0.04	 -0.11	 -0.00	  0.38	 -0.04	 -0.34	
 -0.00	  0.13	 -0.03	  0.00	  0.03	  0.01	  0.00	  0.15	 -0.04	 -0.12	 -0.00	  0.38	 -0.04	 -0.35	
 -0.00	  0.13	 -0.03	  0.00	  0.04	  0.01	  0.00	  0.16	 -0.04	 -0.13	 -0.00	  0.39	 -0.04	 -0.35	
 -0.00	  0.13	 -0.03	  0.00	  0.04	  0.01	  0.00	  0.17	 -0.04	 -0.13	 -0.00	  0.39	 -0.04	 -0.35	
 -0.00	  0.13	 -0.03	  0.00	  0.04	  0.01	  0.00	  0.18	 -0.04	 -0.14	 -0.00	  0.39	 -0.04	 -0.35	
 -0.00	  0.13	 -0.03	  0.00	  0.05	  0.01	  0.00	  0.19	 -0.04	 -0.15	 -0.00	  0.39	 -0.04	 -0.35	
 -0.00	  0.13	 -0.03	  0.00	  0.05	  0.00	  0.00	  0.20	 -0.04	 -0.16	 -0.00	  0.39	 -0.04	 -0.35	
 -0.00	  0.13	 -0.03	 -0.00	  0.05	  0.00	 -0.00	  0.21	 -0.04	 -0.17	 -0.00	  0.39	 -0.04	 -0.35	
 -0.00	  0.13	 -0.03	 -0.00	  0.06	  0.00	 -0.00	  0.21	 -0.04	 -0.17	 -0.00	  0.40	 -0.04	 -0.35	
 -0.00	  0.13	 -0.03	 -0.00	  0.06	  0.00	 -0.00	  0.22	 -0.04	 -0.18	 -0.00	  0.40	 -0.04	 -0.36	
 -0.00	  0.13	 -0.03	 -0.00	  0.06	 -0.00	 -0.00	  0.23	 -0.04	 -0.19	 -0.00	  0.40	 -0.04	 -0.36	
 -0.00	  0.13	 -0.03	 -0.00	  0.06	 -0.00	 -0.00	  0.24	 -0.04	 -0.20	 -0.00	  0.40	 -0.04	 -0.36	
 -0.00	  0.13	 -0.03	 -0.00	  0.07	 -0.00	 -0.00	  0.25	 -0.04	 -0.20	 -0.00	  0.40	 -0.04	 -0.36	
 -0.00	  0.13	 -0.03	 -0.00	  0.07	 -0.00	 -0.00	  0.25	 -0.04	 -0.21	 -0.00	  0.41	 -0.04	 -0.36	
 -0.00	  0.13	 -0.03	 -0.00	  0.07	 -0.00	 -0.00	  0.26	 -0.04	 -0.22	 -0.00	  0.41	 -0.04	 -0.36	
 -0.00	  0.13	 -0.03	 -0.00	  0.08	 -0.01	 -0.00	  0.27	 -0.04	 -0.23	 -0.00	  0.41	 -0.05	 -0.36	
 -0.00	  0.13	 -0.03	 -0.00	  0.08	 -0.01	 -0.00	  0.28	 -0.04	 -0.23	 -0.00	  0.41	 -0.05	 -0.36	
 -0.00	  0.13	 -0.03	 -0.00	  0.08	 -0.01	 -0.00	  0.28	 -0.04	 -0.24	 -0.00	  0.41	 -0.05	 -0.37	
 -0.00	  0.13	 -0.03	 -0.00	  0.08	 -0.01	 -0.00	  0.29	 -0.05	 -0.25	 -0.00	  0.41	 -0.05	 -0.37	
 -0.00	  0.13	 -0.03	 -0.00	  0.09	 -0.01	 -0.00	  0.30	 -0.05	 -0.25	 -0.00	  0.42	 -0.05	 -0.37	
 -0.00	  0.14	 -0.03	 -0.00	  0.09	 -0.01	 -0.00	  0.31	 -0.05	 -0.26	 -0.00	  0.42	 -0.05	 -0.37	
 -0.00	  0.14	 -0.03	 -0.00	  0.09	 -0.01	 -0.00	  0.31	 -0.05	 -0.27	 -0.00	  0.42	 -0.05	 -0.37	
 -0.00	  0.14	 -0.03	 -0.00	  0.09	 -0.01	 -0.00	  0.32	 -0.05	 -0.27	 -0.00	  0.42	 -0.05	 -0.37	
 -0.00	  0.14	 -0.03	 -0.00	  0.10	 -0.01	 -0.00	  0.33	 -0.05	 -0.28	 -0.00	  0.42	 -0.05	 -0.37	
 -0.00	  0.14	 -0.03	 -0.00	  0.10	 -0.01	 -0.00	  0.33	 -0.05	 -0.29	 -0.00	  0.42	 -0.05	 -0.38	
 -0.00	  0.14	 -0.03	 -0.00	  0.10	 -0.01	 -0.00	  0.34	 -0.05	 -0.29	 -0.00	  0.43	 -0.05	 -0.38	
 -0.00	  0.14	 -0.03	 -0.00	  0.10	 -0.01	 -0.00	  0.35	 -0.05	 -0.30	 -0.00	  0.43	 -0.05	 -0.38	
 -0.00	  0.14	 -0.03	 -0.00	  0.11	 -0.01	 -0.00	  0.35	 -0.05	 -0.30	 -0.00	  0.43	 -0.05	 -0.38	
 -0.00	  0.14	 -0.03	 -0.00	  0.11	 -0.02	 -0.00	  0.36	 -0.05	 -0.31	 -0.00	  0.43	 -0.05	 -0.38	
 -0.00	  0.14	 -0.03	 -0.00	  0.11	 -0.02	 -0.00	  0.37	 -0.05	 -0.31	 -0.00	  0.43	 -0.05	 -0.38	
 -0.00	  0.14	 -0.03	 -0.00	  0.11	 -0.02	 -0.00	  0.37	 -0.05	 -0.32	 -0.00	  0.44	 -0.05	 -0.38	
 -0.00	  0.14	 -0.03	 -0.00	  0.12	 -0.02	 -0.00	  0.38	 -0.05	 -0.33	 -0.00	  0.44	 -0.05	 -0.38	
 -0.00	  0.14	 -0.03	 -0.00	  0.12	 -0.02	 -0.00	  0.38	 -0.05	 -0.33	 -0.00	  0.44	 -0.05	 -0.39	
 -0.00	  0.14	 -0.03	 -0.00	  0.12	 -0.02	 -0.00	  0.39	 -0.05	 -0.34	 -0.00	  0.44	 -0.05	 -0.39	
 -0.00	  0.14	 -0.03	 -0.00	  0.12	 -0.02	 -0.00	  0.39	 -0.05	 -0.34	 -0.00	  0.44	 -0.05	 -0.39	
 -0.00	  0.14	 -0.03	 -0.00	  0.12	 -0.02	 -0.00	  0.40	 -0.05	 -0.35	 -0.00	  0.44	 -0.05	 -0.39	
 -0.00	  0.14	 -0.03	 -0.00	  0.13	 -0.02	 -0.00	  0.40	 -0.05	 -0.35	 -0.00	  0.45	 -0.06	 -0.39	
 -0.00	  0.14	 -0.03	 -0.00	  0.13	 -0.02	 -0.00	  0.41	 -0.05	 -0.35	 -0.00	  0.45	 -0.06	 -0.39	
 -0.00	  0.14	 -0.03	 -0.00	  0.13	 -0.02	 -0.00	  0.41	 -0.06	 -0.36	 -0.00	  0.45	 -0.06	 -0.39	
 -0.00	  0.14	 -0.03	 -0.00	  0.13	 -0.02	 -0.00	  0.42	 -0.06	 -0.36	 -0.00	  0.45	 -0.06	 -0.39	
 -0.00	  0.14	 -0.03	 -0.00	  0.13	 -0.02	 -0.00	  0.42	 -0.06	 -0.37	 -0.00	  0.45	 -0.06	 -0.40	
 -0.00	  0.14	 -0.03	 -0.00	  0.13	 -0.02	 -0.00	  0.43	 -0.06	 -0.37	 -0.00	  0.46	 -0.06	 -0.40	
 -0.00	  0.14	 -0.03	 -0.00	  0.14	 -0.02	 -0.00	  0.43	 -0.06	 -0.38	 -0.00	  0.46	 -0.06	 -0.40	
 -0.00	  0.15	 -0.03	 -0.00	  0.14	 -0.02	 -0.00	  0.44	 -0.06	 -0.38	 -0.00	  0.46	 -0.06	 -0.40	
 -0.00	  0.15	 -0.03	 -0.00	  0.14	 -0.02	 -0.00	  0.44	 -0.06	 -0.38	 -0.00	  0.46	 -0.06	 -0.40	
 -0.00	  0.15	 -0.03	 -0.00	  0.14	 -0.02	 -0.00	  0.45	 -0.06	 -0.39	 -0.00	  0.46	 -0.06	 -0.40	
 -0.00	  0.15	 -0.03	 -0.00	  0.14	 -0.02	 -0.00	  0.45	 -0.06	 -0.39	 -0.00	  0.46	 -0.06	 -0.40	
 -0.00	  0.15	 -0.03	 -0.00	  0.14	 -0.02	 -0.00	  0.45	 -0.06	 -0.39	 -0.00	  0.47	 -0.06	 -0.41	
 -0.00	  0.15	 -0.03	 -0.00	  0.14	 -0.02	 -0.00	  0.46	 -0.06	 -0.40	 -0.00	  0.47	 -0.06	 -0.41	
 -0.00	  0.15	 -0.03	 -0.00	  0.14	 -0.02	 -0.00	  0.46	 -0.06	 -0.40	 -0.00	  0.47	 -0.06	 -0.41	
 -0.00	  0.15	 -0.03	 -0.00	  0.15	 -0.03	 -0.00	  0.46	 -0.06	 -0.40	 -0.00	  0.47	 -0.06	 -0.41	
 -0.00	  0.15	 -0.03	 -0.00	  0.15	 -0.03	 -0.00	  0.47	 -0.06	 -0.40	 -0.00	  0.47	 -0.06	 -0.41	
 -0.00	  0.15	 -0.03	 -0.00	  0.15	 -0.03	 -0.00	  0.47	 -0.06	 -0.41	 -0.00	  0.47	 -0.06	 -0.41	
 -0.00	  0.15	 -0.03	 -0.00	  0.15	 -0.03	 -0.00	  0.47	 -0.06	 -0.41	 -0.00	  0.48	 -0.06	 -0.41	
 -0.00	  0.15	 -0.03	 -0.00	  0.15	 -0.03	 -0.00	  0.48	 -0.06	 -0.41	 -0.00	  0.48	 -0.06	 -0.41	
 -0.00	  0.15	 -0.03	 -0.00	  0.15	 -0.03	 -0.00	  0.48	 -0.06	 -0.41	 -0.00	  0.48	 -0.06	 -0.42	
 -0.00	  0.15	 -0.03	 -0.00	  0.15	 -0.03	 -0.00	  0.48	 -0.07	 -0.42	 -0.00	  0.48	 -0.07	 -0.42	
 -0.00	  0.15	 -0.03	 -0.00	  0.15	 -0.03	 -0.00	  0.48	 -0.07	 -0.42	 -0.00	  0.48	 -0.07	 -0.42	
 -0.00	  0.15	 -0.03	 -0.00	  0.15	 -0.03	 -0.00	  0.49	 -0.07	 -0.42	 -0.00	  0.49	 -0.07	 -0.42	
 -0.00	  0.15	 -0.03	 -0.00	  0.15	 -0.03	 -0.00	  0.49	 -0.07	 -0.42	 -0.00	  0.49	 -0.07	 -0.42	
