 -1.12	  1.94	 -2.62	  1.12	  1.94	 -2.62	 -1.27	 -3.96	  3.01	  0.95	  1.27	 -3.96	  3.01	  0.95	
 -1.12	  1.94	 -2.62	  1.12	  1.94	 -2.62	 -1.26	 -3.96	  3.01	  0.95	  1.26	 -3.96	  3.01	  0.95	
 -1.12	  1.94	 -2.62	  1.12	  1.94	 -2.62	 -1.26	 -3.96	  3.01	  0.95	  1.26	 -3.96	  3.01	  0.95	
 -1.12	  1.94	 -2.62	  1.12	  1.94	 -2.62	 -1.26	 -3.96	  3.01	  0.95	  1.26	 -3.96	  3.01	  0.95	
 -1.12	  1.94	 -2.62	  1.12	  1.94	 -2.62	 -1.26	 -3.96	  3.01	  0.95	  1.26	 -3.96	  3.01	  0.95	
 -1.11	  1.94	 -2.62	  1.11	  1.94	 -2.62	 -1.26	 -3.96	  3.01	  0.95	  1.26	 -3.96	  3.01	  0.95	
 -1.11	  1.94	 -2.62	  1.11	  1.94	 -2.62	 -1.26	 -3.96	  3.01	  0.95	  1.26	 -3.96	  3.01	  0.95	
 -1.11	  1.94	 -2.62	  1.11	  1.94	 -2.62	 -1.26	 -3.96	  3.01	  0.95	  1.26	 -3.96	  3.01	  0.95	
 -1.11	  1.94	 -2.62	  1.11	  1.94	 -2.62	 -1.26	 -3.96	  3.01	  0.95	  1.26	 -3.96	  3.01	  0.95	
 -1.11	  1.94	 -2.62	  1.11	  1.94	 -2.62	 -1.26	 -3.96	  3.01	  0.95	  1.26	 -3.96	  3.01	  0.95	
 -1.11	  1.94	 -2.62	  1.11	  1.94	 -2.62	 -1.25	 -3.96	  3.01	  0.95	  1.25	 -3.96	  3.01	  0.95	
 -1.10	  1.94	 -2.62	  1.10	  1.94	 -2.62	 -1.25	 -3.96	  3.01	  0.95	  1.25	 -3.96	  3.01	  0.95	
 -1.10	  1.94	 -2.62	  1.10	  1.94	 -2.62	 -1.25	 -3.96	  3.01	  0.95	  1.25	 -3.96	  3.01	  0.95	
 -1.10	  1.94	 -2.62	  1.10	  1.94	 -2.62	 -1.25	 -3.96	  3.01	  0.95	  1.25	 -3.96	  3.01	  0.95	
 -1.10	  1.94	 -2.62	  1.10	  1.94	 -2.62	 -1.25	 -3.96	  3.01	  0.95	  1.25	 -3.96	  3.01	  0.95	
 -1.10	  1.94	 -2.62	  1.10	  1.94	 -2.62	 -1.25	 -3.96	  3.01	  0.95	  1.25	 -3.96	  3.01	  0.95	
 -1.10	  1.94	 -2.62	  1.10	  1.94	 -2.62	 -1.25	 -3.96	  3.01	  0.95	  1.25	 -3.96	  3.01	  0.95	
 -1.09	  1.94	 -2.62	  1.09	  1.94	 -2.62	 -1.25	 -3.96	  3.01	  0.95	  1.25	 -3.96	  3.01	  0.95	
 -1.09	  1.94	 -2.62	  1.09	  1.94	 -2.62	 -1.24	 -3.96	  3.01	  0.95	  1.24	 -3.96	  3.01	  0.95	
 -1.09	  1.94	 -2.62	  1.09	  1.94	 -2.62	 -1.24	 -3.96	  3.01	  0.95	  1.24	 -3.96	  3.01	  0.95	
 -1.09	  1.94	 -2.62	  1.09	  1.94	 -2.62	 -1.24	 -3.96	  3.01	  0.95	  1.24	 -3.96	  3.01	  0.95	
 -1.09	  1.94	 -2.62	  1.09	  1.94	 -2.62	 -1.24	 -3.96	  3.01	  0.95	  1.24	 -3.96	  3.01	  0.95	
 -1.09	  1.94	 -2.62	  1.09	  1.94	 -2.62	 -1.24	 -3.96	  3.01	  0.95	  1.24	 -3.96	  3.01	  0.95	
 -1.08	  1.94	 -2.62	  1.08	  1.94	 -2.62	 -1.24	 -3.96	  3.01	  0.95	  1.24	 -3.96	  3.01	  0.95	
 -1.08	  1.94	 -2.62	  1.08	  1.94	 -2.62	 -1.24	 -3.96	  3.01	  0.95	  1.24	 -3.96	  3.01	  0.95	
 -1.08	  1.94	 -2.62	  1.08	  1.94	 -2.62	 -1.24	 -3.96	  3.01	  0.95	  1.24	 -3.96	  3.01	  0.95	
 -1.08	  1.94	 -2.62	  1.08	  1.94	 -2.62	 -1.23	 -3.96	  3.01	  0.95	  1.23	 -3.96	  3.01	  0.95	
 -1.08	  1.94	 -2.62	  1.08	  1.94	 -2.62	 -1.23	 -3.96	  3.01	  0.95	  1.23	 -3.96	  3.01	  0.95	
 -1.07	  1.94	 -2.62	  1.07	  1.94	 -2.62	 -1.23	 -3.96	  3.01	  0.94	  1.23	 -3.96	  3.01	  0.94	
 -1.07	  1.94	 -2.62	  1.07	  1.94	 -2.62	 -1.23	 -3.96	  3.01	  0.94	  1.23	 -3.96	  3.01	  0.94	
 -1.07	  1.94	 -2.62	  1.07	  1.94	 -2.62	 -1.23	 -3.96	  3.01	  0.94	  1.23	 -3.96	  3.01	  0.94	
 -1.07	  1.94	 -2.62	  1.07	  1.94	 -2.62	 -1.23	 -3.96	  3.01	  0.94	  1.23	 -3.96	  3.01	  0.94	
 -1.07	  1.94	 -2.62	  1.07	  1.94	 -2.62	 -1.23	 -3.96	  3.01	  0.94	  1.23	 -3.96	  3.01	  0.94	
 -1.07	  1.94	 -2.62	  1.07	  1.94	 -2.62	 -1.23	 -3.96	  3.01	  0.94	  1.23	 -3.96	  3.01	  0.94	
 -1.06	  1.94	 -2.62	  1.06	  1.94	 -2.62	 -1.23	 -3.96	  3.01	  0.94	  1.23	 -3.96	  3.01	  0.94	
 -1.06	  1.94	 -2.62	  1.06	  1.94	 -2.62	 -1.22	 -3.96	  3.01	  0.94	  1.22	 -3.96	  3.01	  0.94	
 -1.06	  1.94	 -2.62	  1.06	  1.94	 -2.62	 -1.22	 -3.96	  3.01	  0.94	  1.22	 -3.96	  3.01	  0.94	
 -1.06	  1.94	 -2.62	  1.06	  1.94	 -2.62	 -1.22	 -3.96	  3.01	  0.94	  1.22	 -3.96	  3.01	  0.94	
 -1.06	  1.94	 -2.62	  1.06	  1.94	 -2.62	 -1.22	 -3.96	  3.01	  0.94	  1.22	 -3.96	  3.01	  0.94	
 -1.06	  1.94	 -2.62	  1.06	  1.94	 -2.62	 -1.22	 -3.96	  3.01	  0.94	  1.22	 -3.96	  3.01	  0.94	
 -1.05	  1.94	 -2.62	  1.05	  1.94	 -2.62	 -1.22	 -3.96	  3.01	  0.94	  1.22	 -3.96	  3.01	  0.94	
 -1.05	  1.94	 -2.62	  1.05	  1.94	 -2.62	 -1.22	 -3.96	  3.01	  0.94	  1.22	 -3.96	  3.01	  0.94	
 -1.05	  1.94	 -2.62	  1.05	  1.94	 -2.62	 -1.22	 -3.95	  3.01	  0.94	  1.22	 -3.95	  3.01	  0.94	
 -1.05	  1.94	 -2.62	  1.05	  1.94	 -2.62	 -1.21	 -3.95	  3.01	  0.94	  1.21	 -3.95	  3.01	  0.94	
 -1.05	  1.94	 -2.62	  1.05	  1.94	 -2.62	 -1.21	 -3.95	  3.01	  0.94	  1.21	 -3.95	  3.01	  0.94	
 -1.05	  1.94	 -2.62	  1.05	  1.94	 -2.62	 -1.21	 -3.95	  3.01	  0.94	  1.21	 -3.95	  3.01	  0.94	
 -1.04	  1.94	 -2.62	  1.04	  1.94	 -2.62	 -1.21	 -3.95	  3.01	  0.94	  1.21	 -3.95	  3.01	  0.94	
 -1.04	  1.94	 -2.62	  1.04	  1.94	 -2.62	 -1.21	 -3.95	  3.01	  0.94	  1.21	 -3.95	  3.01	  0.94	
 -1.04	  1.94	 -2.62	  1.04	  1.94	 -2.62	 -1.21	 -3.95	  3.01	  0.94	  1.21	 -3.95	  3.01	  0.94	
 -1.04	  1.94	 -2.62	  1.04	  1.94	 -2.62	 -1.21	 -3.95	  3.01	  0.94	  1.21	 -3.95	  3.01	  0.94	
 -1.04	  1.94	 -2.62	  1.04	  1.94	 -2.62	 -1.21	 -3.95	  3.01	  0.94	  1.21	 -3.95	  3.01	  0.94	
 -1.04	  1.93	 -2.62	  1.04	  1.93	 -2.62	 -1.21	 -3.95	  3.01	  0.94	  1.21	 -3.95	  3.01	  0.94	
 -1.03	  1.93	 -2.62	  1.03	  1.93	 -2.62	 -1.20	 -3.95	  3.01	  0.94	  1.20	 -3.95	  3.01	  0.94	
 -1.03	  1.93	 -2.62	  1.03	  1.93	 -2.62	 -1.20	 -3.95	  3.01	  0.94	  1.20	 -3.95	  3.01	  0.94	
 -1.03	  1.93	 -2.62	  1.03	  1.93	 -2.62	 -1.20	 -3.95	  3.01	  0.94	  1.20	 -3.95	  3.01	  0.94	
 -1.03	  1.93	 -2.62	  1.03	  1.93	 -2.62	 -1.20	 -3.95	  3.01	  0.94	  1.20	 -3.95	  3.01	  0.94	
 -1.03	  1.93	 -2.62	  1.03	  1.93	 -2.62	 -1.20	 -3.95	  3.01	  0.94	  1.20	 -3.95	  3.01	  0.94	
 -1.03	  1.93	 -2.62	  1.03	  1.93	 -2.62	 -1.20	 -3.95	  3.01	  0.94	  1.20	 -3.95	  3.01	  0.94	
 -1.02	  1.93	 -2.62	  1.02	  1.93	 -2.62	 -1.20	 -3.95	  3.01	  0.94	  1.20	 -3.95	  3.01	  0.94	
 -1.02	  1.93	 -2.62	  1.02	  1.93	 -2.62	 -1.20	 -3.95	  3.01	  0.94	  1.20	 -3.95	  3.01	  0.94	
 -1.02	  1.93	 -2.62	  1.02	  1.93	 -2.62	 -1.19	 -3.95	  3.01	  0.94	  1.19	 -3.95	  3.01	  0.94	
 -1.02	  1.93	 -2.62	  1.02	  1.93	 -2.62	 -1.19	 -3.95	  3.01	  0.93	  1.19	 -3.95	  3.01	  0.93	
 -1.02	  1.93	 -2.62	  1.02	  1.93	 -2.62	 -1.19	 -3.95	  3.01	  0.93	  1.19	 -3.95	  3.01	  0.93	
 -1.02	  1.93	 -2.62	  1.02	  1.93	 -2.62	 -1.19	 -3.95	  3.01	  0.93	  1.19	 -3.95	  3.01	  0.93	
 -1.01	  1.93	 -2.62	  1.01	  1.93	 -2.62	 -1.19	 -3.95	  3.01	  0.93	  1.19	 -3.95	  3.01	  0.93	
 -1.01	  1.93	 -2.62	  1.01	  1.93	 -2.62	 -1.19	 -3.95	  3.01	  0.93	  1.19	 -3.95	  3.01	  0.93	
 -1.01	  1.93	 -2.62	  1.01	  1.93	 -2.62	 -1.19	 -3.95	  3.01	  0.93	  1.19	 -3.95	  3.01	  0.93	
 -1.01	  1.93	 -2.62	  1.01	  1.93	 -2.62	 -1.19	 -3.94	  3.01	  0.93	  1.19	 -3.94	  3.01	  0.93	
 -1.01	  1.93	 -2.62	  1.01	  1.93	 -2.62	 -1.19	 -3.94	  3.01	  0.93	  1.19	 -3.94	  3.01	  0.93	
 -1.01	  1.93	 -2.62	  1.01	  1.93	 -2.62	 -1.18	 -3.94	  3.01	  0.93	  1.18	 -3.94	  3.01	  0.93	
 -1.01	  1.93	 -2.62	  1.01	  1.93	 -2.62	 -1.18	 -3.94	  3.01	  0.93	  1.18	 -3.94	  3.01	  0.93	
 -1.00	  1.93	 -2.62	  1.00	  1.93	 -2.62	 -1.18	 -3.94	  3.01	  0.93	  1.18	 -3.94	  3.01	  0.93	
 -1.00	  1.93	 -2.62	  1.00	  1.93	 -2.62	 -1.18	 -3.94	  3.01	  0.93	  1.18	 -3.94	  3.01	  0.93	
 -1.00	  1.93	 -2.62	  1.00	  1.93	 -2.62	 -1.18	 -3.94	  3.01	  0.93	  1.18	 -3.94	  3.01	  0.93	
 -1.00	  1.93	 -2.62	  1.00	  1.93	 -2.62	 -1.18	 -3.94	  3.01	  0.93	  1.18	 -3.94	  3.01	  0.93	
 -1.00	  1.93	 -2.61	  1.00	  1.93	 -2.61	 -1.18	 -3.94	  3.01	  0.93	  1.18	 -3.94	  3.01	  0.93	
 -1.00	  1.93	 -2.61	  1.00	  1.93	 -2.61	 -1.18	 -3.94	  3.01	  0.93	  1.18	 -3.94	  3.01	  0.93	
 -0.99	  1.93	 -2.61	  0.99	  1.93	 -2.61	 -1.17	 -3.94	  3.01	  0.93	  1.17	 -3.94	  3.01	  0.93	
 -0.99	  1.93	 -2.61	  0.99	  1.93	 -2.61	 -1.17	 -3.94	  3.01	  0.93	  1.17	 -3.94	  3.01	  0.93	
 -0.99	  1.93	 -2.61	  0.99	  1.93	 -2.61	 -1.17	 -3.94	  3.01	  0.93	  1.17	 -3.94	  3.01	  0.93	
 -0.99	  1.93	 -2.61	  0.99	  1.93	 -2.61	 -1.17	 -3.94	  3.01	  0.93	  1.17	 -3.94	  3.01	  0.93	
 -0.99	  1.93	 -2.61	  0.99	  1.93	 -2.61	 -1.17	 -3.94	  3.01	  0.92	  1.17	 -3.94	  3.01	  0.92	
 -0.99	  1.93	 -2.61	  0.99	  1.93	 -2.61	 -1.17	 -3.94	  3.01	  0.92	  1.17	 -3.94	  3.01	  0.92	
 -0.98	  1.93	 -2.61	  0.98	  1.93	 -2.61	 -1.17	 -3.94	  3.01	  0.92	  1.17	 -3.94	  3.01	  0.92	
 -0.98	  1.93	 -2.61	  0.98	  1.93	 -2.61	 -1.17	 -3.94	  3.01	  0.92	  1.17	 -3.94	  3.01	  0.92	
 -0.98	  1.93	 -2.61	  0.98	  1.93	 -2.61	 -1.17	 -3.93	  3.01	  0.92	  1.17	 -3.93	  3.01	  0.92	
 -0.98	  1.93	 -2.61	  0.98	  1.93	 -2.61	 -1.16	 -3.93	  3.01	  0.92	  1.16	 -3.93	  3.01	  0.92	
 -0.98	  1.93	 -2.61	  0.98	  1.93	 -2.61	 -1.16	 -3.93	  3.01	  0.92	  1.16	 -3.93	  3.01	  0.92	
 -0.98	  1.93	 -2.61	  0.98	  1.93	 -2.61	 -1.16	 -3.93	  3.01	  0.92	  1.16	 -3.93	  3.01	  0.92	
 -0.97	  1.93	 -2.61	  0.97	  1.93	 -2.61	 -1.16	 -3.93	  3.01	  0.92	  1.16	 -3.93	  3.01	  0.92	
 -0.97	  1.93	 -2.61	  0.97	  1.93	 -2.61	 -1.16	 -3.93	  3.01	  0.92	  1.16	 -3.93	  3.01	  0.92	
 -0.97	  1.93	 -2.61	  0.97	  1.93	 -2.61	 -1.16	 -3.93	  3.01	  0.92	  1.16	 -3.93	  3.01	  0.92	
 -0.97	  1.93	 -2.61	  0.97	  1.93	 -2.61	 -1.16	 -3.93	  3.01	  0.92	  1.16	 -3.93	  3.01	  0.92	
 -0.97	  1.93	 -2.61	  0.97	  1.93	 -2.61	 -1.16	 -3.93	  3.01	  0.92	  1.16	 -3.93	  3.01	  0.92	
 -0.97	  1.93	 -2.61	  0.97	  1.93	 -2.61	 -1.15	 -3.93	  3.01	  0.92	  1.15	 -3.93	  3.01	  0.92	
 -0.97	  1.93	 -2.61	  0.97	  1.93	 -2.61	 -1.15	 -3.93	  3.01	  0.92	  1.15	 -3.93	  3.01	  0.92	
 -0.96	  1.92	 -2.61	  0.96	  1.92	 -2.61	 -1.15	 -3.93	  3.01	  0.92	  1.15	 -3.93	  3.01	  0.92	
 -0.96	  1.92	 -2.61	  0.96	  1.92	 -2.61	 -1.15	 -3.93	  3.01	  0.91	  1.15	 -3.93	  3.01	  0.91	
 -0.96	  1.92	 -2.61	  0.96	  1.92	 -2.61	 -1.15	 -3.93	  3.01	  0.91	  1.15	 -3.93	  3.01	  0.91	
 -0.96	  1.92	 -2.61	  0.96	  1.92	 -2.61	 -1.15	 -3.92	  3.01	  0.91	  1.15	 -3.92	  3.01	  0.91	
 -0.96	  1.92	 -2.61	  0.96	  1.92	 -2.61	 -1.15	 -3.92	  3.01	  0.91	  1.15	 -3.92	  3.01	  0.91	
 -0.96	  1.92	 -2.61	  0.96	  1.92	 -2.61	 -1.15	 -3.92	  3.01	  0.91	  1.15	 -3.92	  3.01	  0.91	
 -0.95	  1.92	 -2.61	  0.95	  1.92	 -2.61	 -1.15	 -3.92	  3.01	  0.91	  1.15	 -3.92	  3.01	  0.91	
 -0.95	  1.92	 -2.61	  0.95	  1.92	 -2.61	 -1.14	 -3.92	  3.01	  0.91	  1.14	 -3.92	  3.01	  0.91	
 -0.95	  1.92	 -2.61	  0.95	  1.92	 -2.61	 -1.14	 -3.92	  3.01	  0.91	  1.14	 -3.92	  3.01	  0.91	
 -0.95	  1.92	 -2.61	  0.95	  1.92	 -2.61	 -1.14	 -3.92	  3.01	  0.91	  1.14	 -3.92	  3.01	  0.91	
 -0.95	  1.92	 -2.61	  0.95	  1.92	 -2.61	 -1.14	 -3.92	  3.01	  0.91	  1.14	 -3.92	  3.01	  0.91	
 -0.95	  1.92	 -2.61	  0.95	  1.92	 -2.61	 -1.14	 -3.92	  3.01	  0.91	  1.14	 -3.92	  3.01	  0.91	
 -0.95	  1.92	 -2.61	  0.95	  1.92	 -2.61	 -1.14	 -3.92	  3.01	  0.91	  1.14	 -3.92	  3.01	  0.91	
 -0.94	  1.92	 -2.61	  0.94	  1.92	 -2.61	 -1.14	 -3.92	  3.01	  0.91	  1.14	 -3.92	  3.01	  0.91	
 -0.94	  1.92	 -2.61	  0.94	  1.92	 -2.61	 -1.14	 -3.92	  3.01	  0.91	  1.14	 -3.92	  3.01	  0.91	
 -0.94	  1.92	 -2.61	  0.94	  1.92	 -2.61	 -1.14	 -3.92	  3.01	  0.90	  1.14	 -3.92	  3.01	  0.90	
 -0.94	  1.92	 -2.61	  0.94	  1.92	 -2.61	 -1.13	 -3.91	  3.01	  0.90	  1.13	 -3.91	  3.01	  0.90	
 -0.94	  1.92	 -2.61	  0.94	  1.92	 -2.61	 -1.13	 -3.91	  3.01	  0.90	  1.13	 -3.91	  3.01	  0.90	
 -0.94	  1.92	 -2.61	  0.94	  1.92	 -2.61	 -1.13	 -3.91	  3.01	  0.90	  1.13	 -3.91	  3.01	  0.90	
 -0.93	  1.92	 -2.61	  0.93	  1.92	 -2.61	 -1.13	 -3.91	  3.01	  0.90	  1.13	 -3.91	  3.01	  0.90	
 -0.93	  1.92	 -2.61	  0.93	  1.92	 -2.61	 -1.13	 -3.91	  3.01	  0.90	  1.13	 -3.91	  3.01	  0.90	
 -0.93	  1.92	 -2.61	  0.93	  1.92	 -2.61	 -1.13	 -3.91	  3.01	  0.90	  1.13	 -3.91	  3.01	  0.90	
 -0.93	  1.92	 -2.61	  0.93	  1.92	 -2.61	 -1.13	 -3.91	  3.01	  0.90	  1.13	 -3.91	  3.01	  0.90	
 -0.93	  1.92	 -2.61	  0.93	  1.92	 -2.61	 -1.13	 -3.91	  3.01	  0.90	  1.13	 -3.91	  3.01	  0.90	
 -0.93	  1.92	 -2.61	  0.93	  1.92	 -2.61	 -1.13	 -3.91	  3.01	  0.90	  1.13	 -3.91	  3.01	  0.90	
 -0.93	  1.92	 -2.61	  0.93	  1.92	 -2.61	 -1.12	 -3.91	  3.01	  0.90	  1.12	 -3.91	  3.01	  0.90	
 -0.92	  1.92	 -2.61	  0.92	  1.92	 -2.61	 -1.12	 -3.91	  3.01	  0.90	  1.12	 -3.91	  3.01	  0.90	
 -0.92	  1.92	 -2.61	  0.92	  1.92	 -2.61	 -1.12	 -3.91	  3.01	  0.89	  1.12	 -3.91	  3.01	  0.89	
 -0.92	  1.92	 -2.61	  0.92	  1.92	 -2.61	 -1.12	 -3.90	  3.01	  0.89	  1.12	 -3.90	  3.01	  0.89	
 -0.92	  1.92	 -2.61	  0.92	  1.92	 -2.61	 -1.12	 -3.90	  3.01	  0.89	  1.12	 -3.90	  3.01	  0.89	
 -0.92	  1.92	 -2.61	  0.92	  1.92	 -2.61	 -1.12	 -3.90	  3.01	  0.89	  1.12	 -3.90	  3.01	  0.89	
 -0.92	  1.91	 -2.61	  0.92	  1.91	 -2.61	 -1.12	 -3.90	  3.01	  0.89	  1.12	 -3.90	  3.01	  0.89	
 -0.92	  1.91	 -2.61	  0.92	  1.91	 -2.61	 -1.12	 -3.90	  3.01	  0.89	  1.12	 -3.90	  3.01	  0.89	
 -0.91	  1.91	 -2.60	  0.91	  1.91	 -2.60	 -1.12	 -3.90	  3.01	  0.89	  1.12	 -3.90	  3.01	  0.89	
 -0.91	  1.91	 -2.60	  0.91	  1.91	 -2.60	 -1.11	 -3.90	  3.01	  0.89	  1.11	 -3.90	  3.01	  0.89	
 -0.91	  1.91	 -2.60	  0.91	  1.91	 -2.60	 -1.11	 -3.90	  3.01	  0.89	  1.11	 -3.90	  3.01	  0.89	
 -0.91	  1.91	 -2.60	  0.91	  1.91	 -2.60	 -1.11	 -3.90	  3.01	  0.89	  1.11	 -3.90	  3.01	  0.89	
 -0.91	  1.91	 -2.60	  0.91	  1.91	 -2.60	 -1.11	 -3.90	  3.01	  0.89	  1.11	 -3.90	  3.01	  0.89	
 -0.91	  1.91	 -2.60	  0.91	  1.91	 -2.60	 -1.11	 -3.89	  3.01	  0.88	  1.11	 -3.89	  3.01	  0.88	
 -0.90	  1.91	 -2.60	  0.90	  1.91	 -2.60	 -1.11	 -3.89	  3.01	  0.88	  1.11	 -3.89	  3.01	  0.88	
 -0.90	  1.91	 -2.60	  0.90	  1.91	 -2.60	 -1.11	 -3.89	  3.01	  0.88	  1.11	 -3.89	  3.01	  0.88	
 -0.90	  1.91	 -2.60	  0.90	  1.91	 -2.60	 -1.11	 -3.89	  3.01	  0.88	  1.11	 -3.89	  3.01	  0.88	
 -0.90	  1.91	 -2.60	  0.90	  1.91	 -2.60	 -1.11	 -3.89	  3.01	  0.88	  1.11	 -3.89	  3.01	  0.88	
 -0.90	  1.91	 -2.60	  0.90	  1.91	 -2.60	 -1.10	 -3.89	  3.01	  0.88	  1.10	 -3.89	  3.01	  0.88	
 -0.90	  1.91	 -2.60	  0.90	  1.91	 -2.60	 -1.10	 -3.89	  3.01	  0.88	  1.10	 -3.89	  3.01	  0.88	
 -0.90	  1.91	 -2.60	  0.90	  1.91	 -2.60	 -1.10	 -3.89	  3.01	  0.88	  1.10	 -3.89	  3.01	  0.88	
 -0.89	  1.91	 -2.60	  0.89	  1.91	 -2.60	 -1.10	 -3.89	  3.01	  0.88	  1.10	 -3.89	  3.01	  0.88	
 -0.89	  1.91	 -2.60	  0.89	  1.91	 -2.60	 -1.10	 -3.88	  3.01	  0.88	  1.10	 -3.88	  3.01	  0.88	
 -0.89	  1.91	 -2.60	  0.89	  1.91	 -2.60	 -1.10	 -3.88	  3.01	  0.87	  1.10	 -3.88	  3.01	  0.87	
 -0.89	  1.91	 -2.60	  0.89	  1.91	 -2.60	 -1.10	 -3.88	  3.01	  0.87	  1.10	 -3.88	  3.01	  0.87	
 -0.89	  1.91	 -2.60	  0.89	  1.91	 -2.60	 -1.10	 -3.88	  3.01	  0.87	  1.10	 -3.88	  3.01	  0.87	
 -0.89	  1.91	 -2.60	  0.89	  1.91	 -2.60	 -1.10	 -3.88	  3.01	  0.87	  1.10	 -3.88	  3.01	  0.87	
 -0.89	  1.91	 -2.60	  0.89	  1.91	 -2.60	 -1.09	 -3.88	  3.01	  0.87	  1.09	 -3.88	  3.01	  0.87	
 -0.88	  1.91	 -2.60	  0.88	  1.91	 -2.60	 -1.09	 -3.88	  3.01	  0.87	  1.09	 -3.88	  3.01	  0.87	
 -0.88	  1.91	 -2.60	  0.88	  1.91	 -2.60	 -1.09	 -3.88	  3.01	  0.87	  1.09	 -3.88	  3.01	  0.87	
 -0.88	  1.91	 -2.60	  0.88	  1.91	 -2.60	 -1.09	 -3.88	  3.01	  0.87	  1.09	 -3.88	  3.01	  0.87	
 -0.88	  1.90	 -2.60	  0.88	  1.90	 -2.60	 -1.09	 -3.87	  3.01	  0.87	  1.09	 -3.87	  3.01	  0.87	
 -0.88	  1.90	 -2.60	  0.88	  1.90	 -2.60	 -1.09	 -3.87	  3.01	  0.87	  1.09	 -3.87	  3.01	  0.87	
 -0.88	  1.90	 -2.60	  0.88	  1.90	 -2.60	 -1.09	 -3.87	  3.01	  0.86	  1.09	 -3.87	  3.01	  0.86	
 -0.88	  1.90	 -2.60	  0.88	  1.90	 -2.60	 -1.09	 -3.87	  3.01	  0.86	  1.09	 -3.87	  3.01	  0.86	
 -0.87	  1.90	 -2.60	  0.87	  1.90	 -2.60	 -1.09	 -3.87	  3.01	  0.86	  1.09	 -3.87	  3.01	  0.86	
 -0.87	  1.90	 -2.60	  0.87	  1.90	 -2.60	 -1.08	 -3.87	  3.01	  0.86	  1.08	 -3.87	  3.01	  0.86	
 -0.87	  1.90	 -2.60	  0.87	  1.90	 -2.60	 -1.08	 -3.87	  3.01	  0.86	  1.08	 -3.87	  3.01	  0.86	
 -0.87	  1.90	 -2.60	  0.87	  1.90	 -2.60	 -1.08	 -3.87	  3.01	  0.86	  1.08	 -3.87	  3.01	  0.86	
 -0.87	  1.90	 -2.60	  0.87	  1.90	 -2.60	 -1.08	 -3.87	  3.01	  0.86	  1.08	 -3.87	  3.01	  0.86	
 -0.87	  1.90	 -2.60	  0.87	  1.90	 -2.60	 -1.08	 -3.86	  3.01	  0.86	  1.08	 -3.86	  3.01	  0.86	
 -0.87	  1.90	 -2.60	  0.87	  1.90	 -2.60	 -1.08	 -3.86	  3.01	  0.85	  1.08	 -3.86	  3.01	  0.85	
 -0.86	  1.90	 -2.60	  0.86	  1.90	 -2.60	 -1.08	 -3.86	  3.01	  0.85	  1.08	 -3.86	  3.01	  0.85	
 -0.86	  1.90	 -2.60	  0.86	  1.90	 -2.60	 -1.08	 -3.86	  3.01	  0.85	  1.08	 -3.86	  3.01	  0.85	
 -0.86	  1.90	 -2.60	  0.86	  1.90	 -2.60	 -1.08	 -3.86	  3.01	  0.85	  1.08	 -3.86	  3.01	  0.85	
 -0.86	  1.90	 -2.60	  0.86	  1.90	 -2.60	 -1.07	 -3.86	  3.01	  0.85	  1.07	 -3.86	  3.01	  0.85	
 -0.86	  1.90	 -2.60	  0.86	  1.90	 -2.60	 -1.07	 -3.86	  3.01	  0.85	  1.07	 -3.86	  3.01	  0.85	
 -0.86	  1.90	 -2.59	  0.86	  1.90	 -2.59	 -1.07	 -3.86	  3.01	  0.85	  1.07	 -3.86	  3.01	  0.85	
 -0.86	  1.90	 -2.59	  0.86	  1.90	 -2.59	 -1.07	 -3.85	  3.01	  0.85	  1.07	 -3.85	  3.01	  0.85	
 -0.85	  1.90	 -2.59	  0.85	  1.90	 -2.59	 -1.07	 -3.85	  3.01	  0.85	  1.07	 -3.85	  3.01	  0.85	
 -0.85	  1.90	 -2.59	  0.85	  1.90	 -2.59	 -1.07	 -3.85	  3.01	  0.84	  1.07	 -3.85	  3.01	  0.84	
 -0.85	  1.90	 -2.59	  0.85	  1.90	 -2.59	 -1.07	 -3.85	  3.01	  0.84	  1.07	 -3.85	  3.01	  0.84	
 -0.85	  1.90	 -2.59	  0.85	  1.90	 -2.59	 -1.07	 -3.85	  3.01	  0.84	  1.07	 -3.85	  3.01	  0.84	
 -0.85	  1.89	 -2.59	  0.85	  1.89	 -2.59	 -1.07	 -3.85	  3.01	  0.84	  1.07	 -3.85	  3.01	  0.84	
 -0.85	  1.89	 -2.59	  0.85	  1.89	 -2.59	 -1.06	 -3.85	  3.01	  0.84	  1.06	 -3.85	  3.01	  0.84	
 -0.85	  1.89	 -2.59	  0.85	  1.89	 -2.59	 -1.06	 -3.84	  3.01	  0.84	  1.06	 -3.84	  3.01	  0.84	
 -0.85	  1.89	 -2.59	  0.85	  1.89	 -2.59	 -1.06	 -3.84	  3.01	  0.84	  1.06	 -3.84	  3.01	  0.84	
 -0.84	  1.89	 -2.59	  0.84	  1.89	 -2.59	 -1.06	 -3.84	  3.01	  0.84	  1.06	 -3.84	  3.01	  0.84	
 -0.84	  1.89	 -2.59	  0.84	  1.89	 -2.59	 -1.06	 -3.84	  3.01	  0.83	  1.06	 -3.84	  3.01	  0.83	
 -0.84	  1.89	 -2.59	  0.84	  1.89	 -2.59	 -1.06	 -3.84	  3.01	  0.83	  1.06	 -3.84	  3.01	  0.83	
 -0.84	  1.89	 -2.59	  0.84	  1.89	 -2.59	 -1.06	 -3.84	  3.01	  0.83	  1.06	 -3.84	  3.01	  0.83	
 -0.84	  1.89	 -2.59	  0.84	  1.89	 -2.59	 -1.06	 -3.84	  3.01	  0.83	  1.06	 -3.84	  3.01	  0.83	
 -0.84	  1.89	 -2.59	  0.84	  1.89	 -2.59	 -1.06	 -3.84	  3.01	  0.83	  1.06	 -3.84	  3.01	  0.83	
 -0.84	  1.89	 -2.59	  0.84	  1.89	 -2.59	 -1.05	 -3.83	  3.01	  0.83	  1.05	 -3.83	  3.01	  0.83	
 -0.83	  1.89	 -2.59	  0.83	  1.89	 -2.59	 -1.05	 -3.83	  3.01	  0.83	  1.05	 -3.83	  3.01	  0.83	
 -0.83	  1.89	 -2.59	  0.83	  1.89	 -2.59	 -1.05	 -3.83	  3.01	  0.83	  1.05	 -3.83	  3.01	  0.83	
 -0.83	  1.89	 -2.59	  0.83	  1.89	 -2.59	 -1.05	 -3.83	  3.01	  0.82	  1.05	 -3.83	  3.01	  0.82	
 -0.83	  1.89	 -2.59	  0.83	  1.89	 -2.59	 -1.05	 -3.83	  3.01	  0.82	  1.05	 -3.83	  3.01	  0.82	
 -0.83	  1.89	 -2.59	  0.83	  1.89	 -2.59	 -1.05	 -3.83	  3.01	  0.82	  1.05	 -3.83	  3.01	  0.82	
 -0.83	  1.89	 -2.59	  0.83	  1.89	 -2.59	 -1.05	 -3.83	  3.01	  0.82	  1.05	 -3.83	  3.01	  0.82	
 -0.83	  1.89	 -2.59	  0.83	  1.89	 -2.59	 -1.05	 -3.82	  3.01	  0.82	  1.05	 -3.82	  3.01	  0.82	
 -0.82	  1.89	 -2.59	  0.82	  1.89	 -2.59	 -1.05	 -3.82	  3.01	  0.82	  1.05	 -3.82	  3.01	  0.82	
 -0.82	  1.89	 -2.59	  0.82	  1.89	 -2.59	 -1.05	 -3.82	  3.00	  0.82	  1.05	 -3.82	  3.00	  0.82	
 -0.82	  1.88	 -2.59	  0.82	  1.88	 -2.59	 -1.04	 -3.82	  3.00	  0.81	  1.04	 -3.82	  3.00	  0.81	
 -0.82	  1.88	 -2.59	  0.82	  1.88	 -2.59	 -1.04	 -3.82	  3.00	  0.81	  1.04	 -3.82	  3.00	  0.81	
 -0.82	  1.88	 -2.59	  0.82	  1.88	 -2.59	 -1.04	 -3.82	  3.00	  0.81	  1.04	 -3.82	  3.00	  0.81	
 -0.82	  1.88	 -2.59	  0.82	  1.88	 -2.59	 -1.04	 -3.81	  3.00	  0.81	  1.04	 -3.81	  3.00	  0.81	
 -0.82	  1.88	 -2.59	  0.82	  1.88	 -2.59	 -1.04	 -3.81	  3.00	  0.81	  1.04	 -3.81	  3.00	  0.81	
 -0.82	  1.88	 -2.58	  0.82	  1.88	 -2.58	 -1.04	 -3.81	  3.00	  0.81	  1.04	 -3.81	  3.00	  0.81	
 -0.81	  1.88	 -2.58	  0.81	  1.88	 -2.58	 -1.04	 -3.81	  3.00	  0.81	  1.04	 -3.81	  3.00	  0.81	
 -0.81	  1.88	 -2.58	  0.81	  1.88	 -2.58	 -1.04	 -3.81	  3.00	  0.80	  1.04	 -3.81	  3.00	  0.80	
 -0.81	  1.88	 -2.58	  0.81	  1.88	 -2.58	 -1.04	 -3.81	  3.00	  0.80	  1.04	 -3.81	  3.00	  0.80	
 -0.81	  1.88	 -2.58	  0.81	  1.88	 -2.58	 -1.03	 -3.81	  3.00	  0.80	  1.03	 -3.81	  3.00	  0.80	
 -0.81	  1.88	 -2.58	  0.81	  1.88	 -2.58	 -1.03	 -3.80	  3.00	  0.80	  1.03	 -3.80	  3.00	  0.80	
 -0.81	  1.88	 -2.58	  0.81	  1.88	 -2.58	 -1.03	 -3.80	  3.00	  0.80	  1.03	 -3.80	  3.00	  0.80	
 -0.81	  1.88	 -2.58	  0.81	  1.88	 -2.58	 -1.03	 -3.80	  3.00	  0.80	  1.03	 -3.80	  3.00	  0.80	
 -0.81	  1.88	 -2.58	  0.81	  1.88	 -2.58	 -1.03	 -3.80	  3.00	  0.80	  1.03	 -3.80	  3.00	  0.80	
 -0.80	  1.88	 -2.58	  0.80	  1.88	 -2.58	 -1.03	 -3.80	  3.00	  0.79	  1.03	 -3.80	  3.00	  0.79	
 -0.80	  1.88	 -2.58	  0.80	  1.88	 -2.58	 -1.03	 -3.80	  3.00	  0.79	  1.03	 -3.80	  3.00	  0.79	
 -0.80	  1.88	 -2.58	  0.80	  1.88	 -2.58	 -1.03	 -3.79	  3.00	  0.79	  1.03	 -3.79	  3.00	  0.79	
 -0.80	  1.88	 -2.58	  0.80	  1.88	 -2.58	 -1.03	 -3.79	  3.00	  0.79	  1.03	 -3.79	  3.00	  0.79	
 -0.80	  1.88	 -2.58	  0.80	  1.88	 -2.58	 -1.03	 -3.79	  3.00	  0.79	  1.03	 -3.79	  3.00	  0.79	
 -0.80	  1.87	 -2.58	  0.80	  1.87	 -2.58	 -1.02	 -3.79	  3.00	  0.79	  1.02	 -3.79	  3.00	  0.79	
 -0.80	  1.87	 -2.58	  0.80	  1.87	 -2.58	 -1.02	 -3.79	  3.00	  0.78	  1.02	 -3.79	  3.00	  0.78	
 -0.79	  1.87	 -2.58	  0.79	  1.87	 -2.58	 -1.02	 -3.79	  3.00	  0.78	  1.02	 -3.79	  3.00	  0.78	
 -0.79	  1.87	 -2.58	  0.79	  1.87	 -2.58	 -1.02	 -3.78	  3.00	  0.78	  1.02	 -3.78	  3.00	  0.78	
 -0.79	  1.87	 -2.58	  0.79	  1.87	 -2.58	 -1.02	 -3.78	  3.00	  0.78	  1.02	 -3.78	  3.00	  0.78	
 -0.79	  1.87	 -2.58	  0.79	  1.87	 -2.58	 -1.02	 -3.78	  3.00	  0.78	  1.02	 -3.78	  3.00	  0.78	
 -0.79	  1.87	 -2.58	  0.79	  1.87	 -2.58	 -1.02	 -3.78	  3.00	  0.78	  1.02	 -3.78	  3.00	  0.78	
 -0.79	  1.87	 -2.58	  0.79	  1.87	 -2.58	 -1.02	 -3.78	  3.00	  0.78	  1.02	 -3.78	  3.00	  0.78	
 -0.79	  1.87	 -2.58	  0.79	  1.87	 -2.58	 -1.02	 -3.78	  3.00	  0.77	  1.02	 -3.78	  3.00	  0.77	
 -0.79	  1.87	 -2.58	  0.79	  1.87	 -2.58	 -1.01	 -3.77	  3.00	  0.77	  1.01	 -3.77	  3.00	  0.77	
 -0.78	  1.87	 -2.58	  0.78	  1.87	 -2.58	 -1.01	 -3.77	  3.00	  0.77	  1.01	 -3.77	  3.00	  0.77	
 -0.78	  1.87	 -2.58	  0.78	  1.87	 -2.58	 -1.01	 -3.77	  3.00	  0.77	  1.01	 -3.77	  3.00	  0.77	
 -0.78	  1.87	 -2.58	  0.78	  1.87	 -2.58	 -1.01	 -3.77	  3.00	  0.77	  1.01	 -3.77	  3.00	  0.77	
 -0.78	  1.87	 -2.58	  0.78	  1.87	 -2.58	 -1.01	 -3.77	  3.00	  0.77	  1.01	 -3.77	  3.00	  0.77	
 -0.78	  1.87	 -2.57	  0.78	  1.87	 -2.57	 -1.01	 -3.77	  3.00	  0.76	  1.01	 -3.77	  3.00	  0.76	
 -0.78	  1.87	 -2.57	  0.78	  1.87	 -2.57	 -1.01	 -3.76	  3.00	  0.76	  1.01	 -3.76	  3.00	  0.76	
 -0.78	  1.87	 -2.57	  0.78	  1.87	 -2.57	 -1.01	 -3.76	  3.00	  0.76	  1.01	 -3.76	  3.00	  0.76	
 -0.78	  1.87	 -2.57	  0.78	  1.87	 -2.57	 -1.01	 -3.76	  3.00	  0.76	  1.01	 -3.76	  3.00	  0.76	
 -0.77	  1.86	 -2.57	  0.77	  1.86	 -2.57	 -1.01	 -3.76	  3.00	  0.76	  1.01	 -3.76	  3.00	  0.76	
 -0.77	  1.86	 -2.57	  0.77	  1.86	 -2.57	 -1.00	 -3.76	  3.00	  0.76	  1.00	 -3.76	  3.00	  0.76	
 -0.77	  1.86	 -2.57	  0.77	  1.86	 -2.57	 -1.00	 -3.75	  3.00	  0.75	  1.00	 -3.75	  3.00	  0.75	
 -0.77	  1.86	 -2.57	  0.77	  1.86	 -2.57	 -1.00	 -3.75	  3.00	  0.75	  1.00	 -3.75	  3.00	  0.75	
 -0.77	  1.86	 -2.57	  0.77	  1.86	 -2.57	 -1.00	 -3.75	  3.00	  0.75	  1.00	 -3.75	  3.00	  0.75	
 -0.77	  1.86	 -2.57	  0.77	  1.86	 -2.57	 -1.00	 -3.75	  3.00	  0.75	  1.00	 -3.75	  3.00	  0.75	
 -0.77	  1.86	 -2.57	  0.77	  1.86	 -2.57	 -1.00	 -3.75	  3.00	  0.75	  1.00	 -3.75	  3.00	  0.75	
 -0.77	  1.86	 -2.57	  0.77	  1.86	 -2.57	 -1.00	 -3.75	  3.00	  0.75	  1.00	 -3.75	  3.00	  0.75	
 -0.77	  1.86	 -2.57	  0.77	  1.86	 -2.57	 -1.00	 -3.74	  3.00	  0.74	  1.00	 -3.74	  3.00	  0.74	
 -0.76	  1.86	 -2.57	  0.76	  1.86	 -2.57	 -1.00	 -3.74	  3.00	  0.74	  1.00	 -3.74	  3.00	  0.74	
 -0.76	  1.86	 -2.57	  0.76	  1.86	 -2.57	 -1.00	 -3.74	  3.00	  0.74	  1.00	 -3.74	  3.00	  0.74	
 -0.76	  1.86	 -2.57	  0.76	  1.86	 -2.57	 -0.99	 -3.74	  3.00	  0.74	  0.99	 -3.74	  3.00	  0.74	
 -0.76	  1.86	 -2.57	  0.76	  1.86	 -2.57	 -0.99	 -3.74	  3.00	  0.74	  0.99	 -3.74	  3.00	  0.74	
 -0.76	  1.86	 -2.57	  0.76	  1.86	 -2.57	 -0.99	 -3.73	  3.00	  0.74	  0.99	 -3.73	  3.00	  0.74	
 -0.76	  1.86	 -2.57	  0.76	  1.86	 -2.57	 -0.99	 -3.73	  3.00	  0.73	  0.99	 -3.73	  3.00	  0.73	
 -0.76	  1.86	 -2.57	  0.76	  1.86	 -2.57	 -0.99	 -3.73	  3.00	  0.73	  0.99	 -3.73	  3.00	  0.73	
 -0.76	  1.85	 -2.57	  0.76	  1.85	 -2.57	 -0.99	 -3.73	  3.00	  0.73	  0.99	 -3.73	  3.00	  0.73	
 -0.75	  1.85	 -2.57	  0.75	  1.85	 -2.57	 -0.99	 -3.73	  3.00	  0.73	  0.99	 -3.73	  3.00	  0.73	
 -0.75	  1.85	 -2.57	  0.75	  1.85	 -2.57	 -0.99	 -3.72	  3.00	  0.73	  0.99	 -3.72	  3.00	  0.73	
 -0.75	  1.85	 -2.57	  0.75	  1.85	 -2.57	 -0.99	 -3.72	  3.00	  0.73	  0.99	 -3.72	  3.00	  0.73	
 -0.75	  1.85	 -2.57	  0.75	  1.85	 -2.57	 -0.99	 -3.72	  3.00	  0.72	  0.99	 -3.72	  3.00	  0.72	
 -0.75	  1.85	 -2.56	  0.75	  1.85	 -2.56	 -0.98	 -3.72	  3.00	  0.72	  0.98	 -3.72	  3.00	  0.72	
 -0.75	  1.85	 -2.56	  0.75	  1.85	 -2.56	 -0.98	 -3.72	  3.00	  0.72	  0.98	 -3.72	  3.00	  0.72	
 -0.75	  1.85	 -2.56	  0.75	  1.85	 -2.56	 -0.98	 -3.71	  3.00	  0.72	  0.98	 -3.71	  3.00	  0.72	
 -0.75	  1.85	 -2.56	  0.75	  1.85	 -2.56	 -0.98	 -3.71	  3.00	  0.72	  0.98	 -3.71	  3.00	  0.72	
 -0.74	  1.85	 -2.56	  0.74	  1.85	 -2.56	 -0.98	 -3.71	  3.00	  0.71	  0.98	 -3.71	  3.00	  0.71	
 -0.74	  1.85	 -2.56	  0.74	  1.85	 -2.56	 -0.98	 -3.71	  3.00	  0.71	  0.98	 -3.71	  3.00	  0.71	
 -0.74	  1.85	 -2.56	  0.74	  1.85	 -2.56	 -0.98	 -3.71	  3.00	  0.71	  0.98	 -3.71	  3.00	  0.71	
 -0.74	  1.85	 -2.56	  0.74	  1.85	 -2.56	 -0.98	 -3.70	  3.00	  0.71	  0.98	 -3.70	  3.00	  0.71	
 -0.74	  1.85	 -2.56	  0.74	  1.85	 -2.56	 -0.98	 -3.70	  3.00	  0.71	  0.98	 -3.70	  3.00	  0.71	
 -0.74	  1.85	 -2.56	  0.74	  1.85	 -2.56	 -0.98	 -3.70	  2.99	  0.71	  0.98	 -3.70	  2.99	  0.71	
 -0.74	  1.85	 -2.56	  0.74	  1.85	 -2.56	 -0.97	 -3.70	  2.99	  0.70	  0.97	 -3.70	  2.99	  0.70	
 -0.74	  1.84	 -2.56	  0.74	  1.84	 -2.56	 -0.97	 -3.70	  2.99	  0.70	  0.97	 -3.70	  2.99	  0.70	
 -0.74	  1.84	 -2.56	  0.74	  1.84	 -2.56	 -0.97	 -3.69	  2.99	  0.70	  0.97	 -3.69	  2.99	  0.70	
 -0.73	  1.84	 -2.56	  0.73	  1.84	 -2.56	 -0.97	 -3.69	  2.99	  0.70	  0.97	 -3.69	  2.99	  0.70	
 -0.73	  1.84	 -2.56	  0.73	  1.84	 -2.56	 -0.97	 -3.69	  2.99	  0.70	  0.97	 -3.69	  2.99	  0.70	
 -0.73	  1.84	 -2.56	  0.73	  1.84	 -2.56	 -0.97	 -3.69	  2.99	  0.69	  0.97	 -3.69	  2.99	  0.69	
 -0.73	  1.84	 -2.56	  0.73	  1.84	 -2.56	 -0.97	 -3.69	  2.99	  0.69	  0.97	 -3.69	  2.99	  0.69	
 -0.73	  1.84	 -2.56	  0.73	  1.84	 -2.56	 -0.97	 -3.68	  2.99	  0.69	  0.97	 -3.68	  2.99	  0.69	
 -0.73	  1.84	 -2.56	  0.73	  1.84	 -2.56	 -0.97	 -3.68	  2.99	  0.69	  0.97	 -3.68	  2.99	  0.69	
 -0.73	  1.84	 -2.56	  0.73	  1.84	 -2.56	 -0.97	 -3.68	  2.99	  0.69	  0.97	 -3.68	  2.99	  0.69	
 -0.73	  1.84	 -2.56	  0.73	  1.84	 -2.56	 -0.96	 -3.68	  2.99	  0.68	  0.96	 -3.68	  2.99	  0.68	
 -0.73	  1.84	 -2.56	  0.73	  1.84	 -2.56	 -0.96	 -3.68	  2.99	  0.68	  0.96	 -3.68	  2.99	  0.68	
 -0.72	  1.84	 -2.56	  0.72	  1.84	 -2.56	 -0.96	 -3.67	  2.99	  0.68	  0.96	 -3.67	  2.99	  0.68	
 -0.72	  1.84	 -2.55	  0.72	  1.84	 -2.55	 -0.96	 -3.67	  2.99	  0.68	  0.96	 -3.67	  2.99	  0.68	
 -0.72	  1.84	 -2.55	  0.72	  1.84	 -2.55	 -0.96	 -3.67	  2.99	  0.68	  0.96	 -3.67	  2.99	  0.68	
 -0.72	  1.84	 -2.55	  0.72	  1.84	 -2.55	 -0.96	 -3.67	  2.99	  0.67	  0.96	 -3.67	  2.99	  0.67	
 -0.72	  1.84	 -2.55	  0.72	  1.84	 -2.55	 -0.96	 -3.66	  2.99	  0.67	  0.96	 -3.66	  2.99	  0.67	
 -0.72	  1.83	 -2.55	  0.72	  1.83	 -2.55	 -0.96	 -3.66	  2.99	  0.67	  0.96	 -3.66	  2.99	  0.67	
 -0.72	  1.83	 -2.55	  0.72	  1.83	 -2.55	 -0.96	 -3.66	  2.99	  0.67	  0.96	 -3.66	  2.99	  0.67	
 -0.72	  1.83	 -2.55	  0.72	  1.83	 -2.55	 -0.96	 -3.66	  2.99	  0.67	  0.96	 -3.66	  2.99	  0.67	
 -0.72	  1.83	 -2.55	  0.72	  1.83	 -2.55	 -0.95	 -3.66	  2.99	  0.66	  0.95	 -3.66	  2.99	  0.66	
 -0.71	  1.83	 -2.55	  0.71	  1.83	 -2.55	 -0.95	 -3.65	  2.99	  0.66	  0.95	 -3.65	  2.99	  0.66	
 -0.71	  1.83	 -2.55	  0.71	  1.83	 -2.55	 -0.95	 -3.65	  2.99	  0.66	  0.95	 -3.65	  2.99	  0.66	
 -0.71	  1.83	 -2.55	  0.71	  1.83	 -2.55	 -0.95	 -3.65	  2.99	  0.66	  0.95	 -3.65	  2.99	  0.66	
 -0.71	  1.83	 -2.55	  0.71	  1.83	 -2.55	 -0.95	 -3.65	  2.99	  0.66	  0.95	 -3.65	  2.99	  0.66	
 -0.71	  1.83	 -2.55	  0.71	  1.83	 -2.55	 -0.95	 -3.64	  2.99	  0.65	  0.95	 -3.64	  2.99	  0.65	
 -0.71	  1.83	 -2.55	  0.71	  1.83	 -2.55	 -0.95	 -3.64	  2.99	  0.65	  0.95	 -3.64	  2.99	  0.65	
 -0.71	  1.83	 -2.55	  0.71	  1.83	 -2.55	 -0.95	 -3.64	  2.99	  0.65	  0.95	 -3.64	  2.99	  0.65	
 -0.71	  1.83	 -2.55	  0.71	  1.83	 -2.55	 -0.95	 -3.64	  2.99	  0.65	  0.95	 -3.64	  2.99	  0.65	
 -0.71	  1.83	 -2.55	  0.71	  1.83	 -2.55	 -0.95	 -3.64	  2.99	  0.65	  0.95	 -3.64	  2.99	  0.65	
 -0.70	  1.83	 -2.55	  0.70	  1.83	 -2.55	 -0.94	 -3.63	  2.99	  0.64	  0.94	 -3.63	  2.99	  0.64	
 -0.70	  1.83	 -2.55	  0.70	  1.83	 -2.55	 -0.94	 -3.63	  2.99	  0.64	  0.94	 -3.63	  2.99	  0.64	
 -0.70	  1.82	 -2.55	  0.70	  1.82	 -2.55	 -0.94	 -3.63	  2.99	  0.64	  0.94	 -3.63	  2.99	  0.64	
 -0.70	  1.82	 -2.55	  0.70	  1.82	 -2.55	 -0.94	 -3.63	  2.99	  0.64	  0.94	 -3.63	  2.99	  0.64	
 -0.70	  1.82	 -2.54	  0.70	  1.82	 -2.54	 -0.94	 -3.62	  2.99	  0.64	  0.94	 -3.62	  2.99	  0.64	
 -0.70	  1.82	 -2.54	  0.70	  1.82	 -2.54	 -0.94	 -3.62	  2.99	  0.63	  0.94	 -3.62	  2.99	  0.63	
 -0.70	  1.82	 -2.54	  0.70	  1.82	 -2.54	 -0.94	 -3.62	  2.99	  0.63	  0.94	 -3.62	  2.99	  0.63	
 -0.70	  1.82	 -2.54	  0.70	  1.82	 -2.54	 -0.94	 -3.62	  2.99	  0.63	  0.94	 -3.62	  2.99	  0.63	
 -0.70	  1.82	 -2.54	  0.70	  1.82	 -2.54	 -0.94	 -3.61	  2.99	  0.63	  0.94	 -3.61	  2.99	  0.63	
 -0.69	  1.82	 -2.54	  0.69	  1.82	 -2.54	 -0.94	 -3.61	  2.99	  0.63	  0.94	 -3.61	  2.99	  0.63	
 -0.69	  1.82	 -2.54	  0.69	  1.82	 -2.54	 -0.94	 -3.61	  2.99	  0.62	  0.94	 -3.61	  2.99	  0.62	
 -0.69	  1.82	 -2.54	  0.69	  1.82	 -2.54	 -0.93	 -3.61	  2.99	  0.62	  0.93	 -3.61	  2.99	  0.62	
 -0.69	  1.82	 -2.54	  0.69	  1.82	 -2.54	 -0.93	 -3.61	  2.99	  0.62	  0.93	 -3.61	  2.99	  0.62	
 -0.69	  1.82	 -2.54	  0.69	  1.82	 -2.54	 -0.93	 -3.60	  2.99	  0.62	  0.93	 -3.60	  2.99	  0.62	
 -0.69	  1.82	 -2.54	  0.69	  1.82	 -2.54	 -0.93	 -3.60	  2.99	  0.62	  0.93	 -3.60	  2.99	  0.62	
 -0.69	  1.82	 -2.54	  0.69	  1.82	 -2.54	 -0.93	 -3.60	  2.98	  0.61	  0.93	 -3.60	  2.98	  0.61	
 -0.69	  1.82	 -2.54	  0.69	  1.82	 -2.54	 -0.93	 -3.60	  2.98	  0.61	  0.93	 -3.60	  2.98	  0.61	
 -0.69	  1.81	 -2.54	  0.69	  1.81	 -2.54	 -0.93	 -3.59	  2.98	  0.61	  0.93	 -3.59	  2.98	  0.61	
 -0.68	  1.81	 -2.54	  0.68	  1.81	 -2.54	 -0.93	 -3.59	  2.98	  0.61	  0.93	 -3.59	  2.98	  0.61	
 -0.68	  1.81	 -2.54	  0.68	  1.81	 -2.54	 -0.93	 -3.59	  2.98	  0.61	  0.93	 -3.59	  2.98	  0.61	
 -0.68	  1.81	 -2.54	  0.68	  1.81	 -2.54	 -0.93	 -3.59	  2.98	  0.60	  0.93	 -3.59	  2.98	  0.60	
 -0.68	  1.81	 -2.54	  0.68	  1.81	 -2.54	 -0.92	 -3.58	  2.98	  0.60	  0.92	 -3.58	  2.98	  0.60	
 -0.68	  1.81	 -2.54	  0.68	  1.81	 -2.54	 -0.92	 -3.58	  2.98	  0.60	  0.92	 -3.58	  2.98	  0.60	
 -0.68	  1.81	 -2.54	  0.68	  1.81	 -2.54	 -0.92	 -3.58	  2.98	  0.60	  0.92	 -3.58	  2.98	  0.60	
 -0.68	  1.81	 -2.54	  0.68	  1.81	 -2.54	 -0.92	 -3.58	  2.98	  0.59	  0.92	 -3.58	  2.98	  0.59	
 -0.68	  1.81	 -2.53	  0.68	  1.81	 -2.53	 -0.92	 -3.57	  2.98	  0.59	  0.92	 -3.57	  2.98	  0.59	
 -0.68	  1.81	 -2.53	  0.68	  1.81	 -2.53	 -0.92	 -3.57	  2.98	  0.59	  0.92	 -3.57	  2.98	  0.59	
 -0.68	  1.81	 -2.53	  0.68	  1.81	 -2.53	 -0.92	 -3.57	  2.98	  0.59	  0.92	 -3.57	  2.98	  0.59	
 -0.67	  1.81	 -2.53	  0.67	  1.81	 -2.53	 -0.92	 -3.57	  2.98	  0.59	  0.92	 -3.57	  2.98	  0.59	
 -0.67	  1.81	 -2.53	  0.67	  1.81	 -2.53	 -0.92	 -3.56	  2.98	  0.58	  0.92	 -3.56	  2.98	  0.58	
 -0.67	  1.81	 -2.53	  0.67	  1.81	 -2.53	 -0.92	 -3.56	  2.98	  0.58	  0.92	 -3.56	  2.98	  0.58	
 -0.67	  1.80	 -2.53	  0.67	  1.80	 -2.53	 -0.92	 -3.56	  2.98	  0.58	  0.92	 -3.56	  2.98	  0.58	
 -0.67	  1.80	 -2.53	  0.67	  1.80	 -2.53	 -0.91	 -3.56	  2.98	  0.58	  0.91	 -3.56	  2.98	  0.58	
 -0.67	  1.80	 -2.53	  0.67	  1.80	 -2.53	 -0.91	 -3.55	  2.98	  0.57	  0.91	 -3.55	  2.98	  0.57	
 -0.67	  1.80	 -2.53	  0.67	  1.80	 -2.53	 -0.91	 -3.55	  2.98	  0.57	  0.91	 -3.55	  2.98	  0.57	
 -0.67	  1.80	 -2.53	  0.67	  1.80	 -2.53	 -0.91	 -3.55	  2.98	  0.57	  0.91	 -3.55	  2.98	  0.57	
 -0.67	  1.80	 -2.53	  0.67	  1.80	 -2.53	 -0.91	 -3.55	  2.98	  0.57	  0.91	 -3.55	  2.98	  0.57	
 -0.67	  1.80	 -2.53	  0.67	  1.80	 -2.53	 -0.91	 -3.54	  2.98	  0.57	  0.91	 -3.54	  2.98	  0.57	
 -0.66	  1.80	 -2.53	  0.66	  1.80	 -2.53	 -0.91	 -3.54	  2.98	  0.56	  0.91	 -3.54	  2.98	  0.56	
 -0.66	  1.80	 -2.53	  0.66	  1.80	 -2.53	 -0.91	 -3.54	  2.98	  0.56	  0.91	 -3.54	  2.98	  0.56	
 -0.66	  1.80	 -2.53	  0.66	  1.80	 -2.53	 -0.91	 -3.54	  2.98	  0.56	  0.91	 -3.54	  2.98	  0.56	
 -0.66	  1.80	 -2.53	  0.66	  1.80	 -2.53	 -0.91	 -3.53	  2.98	  0.56	  0.91	 -3.53	  2.98	  0.56	
 -0.66	  1.80	 -2.53	  0.66	  1.80	 -2.53	 -0.91	 -3.53	  2.98	  0.55	  0.91	 -3.53	  2.98	  0.55	
 -0.66	  1.80	 -2.53	  0.66	  1.80	 -2.53	 -0.90	 -3.53	  2.98	  0.55	  0.90	 -3.53	  2.98	  0.55	
 -0.66	  1.80	 -2.52	  0.66	  1.80	 -2.52	 -0.90	 -3.53	  2.98	  0.55	  0.90	 -3.53	  2.98	  0.55	
 -0.66	  1.79	 -2.52	  0.66	  1.79	 -2.52	 -0.90	 -3.52	  2.98	  0.55	  0.90	 -3.52	  2.98	  0.55	
 -0.66	  1.79	 -2.52	  0.66	  1.79	 -2.52	 -0.90	 -3.52	  2.98	  0.55	  0.90	 -3.52	  2.98	  0.55	
 -0.66	  1.79	 -2.52	  0.66	  1.79	 -2.52	 -0.90	 -3.52	  2.98	  0.54	  0.90	 -3.52	  2.98	  0.54	
 -0.65	  1.79	 -2.52	  0.65	  1.79	 -2.52	 -0.90	 -3.52	  2.98	  0.54	  0.90	 -3.52	  2.98	  0.54	
 -0.65	  1.79	 -2.52	  0.65	  1.79	 -2.52	 -0.90	 -3.51	  2.98	  0.54	  0.90	 -3.51	  2.98	  0.54	
 -0.65	  1.79	 -2.52	  0.65	  1.79	 -2.52	 -0.90	 -3.51	  2.98	  0.54	  0.90	 -3.51	  2.98	  0.54	
 -0.65	  1.79	 -2.52	  0.65	  1.79	 -2.52	 -0.90	 -3.51	  2.98	  0.53	  0.90	 -3.51	  2.98	  0.53	
 -0.65	  1.79	 -2.52	  0.65	  1.79	 -2.52	 -0.90	 -3.51	  2.97	  0.53	  0.90	 -3.51	  2.97	  0.53	
 -0.65	  1.79	 -2.52	  0.65	  1.79	 -2.52	 -0.90	 -3.50	  2.97	  0.53	  0.90	 -3.50	  2.97	  0.53	
 -0.65	  1.79	 -2.52	  0.65	  1.79	 -2.52	 -0.89	 -3.50	  2.97	  0.53	  0.89	 -3.50	  2.97	  0.53	
 -0.65	  1.79	 -2.52	  0.65	  1.79	 -2.52	 -0.89	 -3.50	  2.97	  0.53	  0.89	 -3.50	  2.97	  0.53	
 -0.65	  1.79	 -2.52	  0.65	  1.79	 -2.52	 -0.89	 -3.50	  2.97	  0.52	  0.89	 -3.50	  2.97	  0.52	
 -0.65	  1.79	 -2.52	  0.65	  1.79	 -2.52	 -0.89	 -3.49	  2.97	  0.52	  0.89	 -3.49	  2.97	  0.52	
 -0.64	  1.79	 -2.52	  0.64	  1.79	 -2.52	 -0.89	 -3.49	  2.97	  0.52	  0.89	 -3.49	  2.97	  0.52	
 -0.64	  1.78	 -2.52	  0.64	  1.78	 -2.52	 -0.89	 -3.49	  2.97	  0.52	  0.89	 -3.49	  2.97	  0.52	
 -0.64	  1.78	 -2.52	  0.64	  1.78	 -2.52	 -0.89	 -3.49	  2.97	  0.51	  0.89	 -3.49	  2.97	  0.51	
 -0.64	  1.78	 -2.52	  0.64	  1.78	 -2.52	 -0.89	 -3.48	  2.97	  0.51	  0.89	 -3.48	  2.97	  0.51	
 -0.64	  1.78	 -2.52	  0.64	  1.78	 -2.52	 -0.89	 -3.48	  2.97	  0.51	  0.89	 -3.48	  2.97	  0.51	
 -0.64	  1.78	 -2.51	  0.64	  1.78	 -2.51	 -0.89	 -3.48	  2.97	  0.51	  0.89	 -3.48	  2.97	  0.51	
 -0.64	  1.78	 -2.51	  0.64	  1.78	 -2.51	 -0.89	 -3.48	  2.97	  0.50	  0.89	 -3.48	  2.97	  0.50	
 -0.64	  1.78	 -2.51	  0.64	  1.78	 -2.51	 -0.88	 -3.47	  2.97	  0.50	  0.88	 -3.47	  2.97	  0.50	
 -0.64	  1.78	 -2.51	  0.64	  1.78	 -2.51	 -0.88	 -3.47	  2.97	  0.50	  0.88	 -3.47	  2.97	  0.50	
 -0.64	  1.78	 -2.51	  0.64	  1.78	 -2.51	 -0.88	 -3.47	  2.97	  0.50	  0.88	 -3.47	  2.97	  0.50	
 -0.64	  1.78	 -2.51	  0.64	  1.78	 -2.51	 -0.88	 -3.46	  2.97	  0.49	  0.88	 -3.46	  2.97	  0.49	
 -0.63	  1.78	 -2.51	  0.63	  1.78	 -2.51	 -0.88	 -3.46	  2.97	  0.49	  0.88	 -3.46	  2.97	  0.49	
 -0.63	  1.78	 -2.51	  0.63	  1.78	 -2.51	 -0.88	 -3.46	  2.97	  0.49	  0.88	 -3.46	  2.97	  0.49	
 -0.63	  1.78	 -2.51	  0.63	  1.78	 -2.51	 -0.88	 -3.46	  2.97	  0.49	  0.88	 -3.46	  2.97	  0.49	
 -0.63	  1.78	 -2.51	  0.63	  1.78	 -2.51	 -0.88	 -3.45	  2.97	  0.49	  0.88	 -3.45	  2.97	  0.49	
 -0.63	  1.77	 -2.51	  0.63	  1.77	 -2.51	 -0.88	 -3.45	  2.97	  0.48	  0.88	 -3.45	  2.97	  0.48	
 -0.63	  1.77	 -2.51	  0.63	  1.77	 -2.51	 -0.88	 -3.45	  2.97	  0.48	  0.88	 -3.45	  2.97	  0.48	
 -0.63	  1.77	 -2.51	  0.63	  1.77	 -2.51	 -0.88	 -3.45	  2.97	  0.48	  0.88	 -3.45	  2.97	  0.48	
 -0.63	  1.77	 -2.51	  0.63	  1.77	 -2.51	 -0.87	 -3.44	  2.97	  0.48	  0.87	 -3.44	  2.97	  0.48	
 -0.63	  1.77	 -2.51	  0.63	  1.77	 -2.51	 -0.87	 -3.44	  2.97	  0.47	  0.87	 -3.44	  2.97	  0.47	
 -0.63	  1.77	 -2.51	  0.63	  1.77	 -2.51	 -0.87	 -3.44	  2.97	  0.47	  0.87	 -3.44	  2.97	  0.47	
 -0.62	  1.77	 -2.51	  0.62	  1.77	 -2.51	 -0.87	 -3.44	  2.97	  0.47	  0.87	 -3.44	  2.97	  0.47	
 -0.62	  1.77	 -2.51	  0.62	  1.77	 -2.51	 -0.87	 -3.43	  2.97	  0.47	  0.87	 -3.43	  2.97	  0.47	
 -0.62	  1.77	 -2.50	  0.62	  1.77	 -2.50	 -0.87	 -3.43	  2.97	  0.46	  0.87	 -3.43	  2.97	  0.46	
 -0.62	  1.77	 -2.50	  0.62	  1.77	 -2.50	 -0.87	 -3.43	  2.97	  0.46	  0.87	 -3.43	  2.97	  0.46	
 -0.62	  1.77	 -2.50	  0.62	  1.77	 -2.50	 -0.87	 -3.42	  2.96	  0.46	  0.87	 -3.42	  2.96	  0.46	
 -0.62	  1.77	 -2.50	  0.62	  1.77	 -2.50	 -0.87	 -3.42	  2.96	  0.46	  0.87	 -3.42	  2.96	  0.46	
 -0.62	  1.77	 -2.50	  0.62	  1.77	 -2.50	 -0.87	 -3.42	  2.96	  0.45	  0.87	 -3.42	  2.96	  0.45	
 -0.62	  1.76	 -2.50	  0.62	  1.76	 -2.50	 -0.87	 -3.42	  2.96	  0.45	  0.87	 -3.42	  2.96	  0.45	
 -0.62	  1.76	 -2.50	  0.62	  1.76	 -2.50	 -0.87	 -3.41	  2.96	  0.45	  0.87	 -3.41	  2.96	  0.45	
 -0.62	  1.76	 -2.50	  0.62	  1.76	 -2.50	 -0.86	 -3.41	  2.96	  0.45	  0.86	 -3.41	  2.96	  0.45	
 -0.62	  1.76	 -2.50	  0.62	  1.76	 -2.50	 -0.86	 -3.41	  2.96	  0.45	  0.86	 -3.41	  2.96	  0.45	
 -0.61	  1.76	 -2.50	  0.61	  1.76	 -2.50	 -0.86	 -3.41	  2.96	  0.44	  0.86	 -3.41	  2.96	  0.44	
 -0.61	  1.76	 -2.50	  0.61	  1.76	 -2.50	 -0.86	 -3.40	  2.96	  0.44	  0.86	 -3.40	  2.96	  0.44	
 -0.61	  1.76	 -2.50	  0.61	  1.76	 -2.50	 -0.86	 -3.40	  2.96	  0.44	  0.86	 -3.40	  2.96	  0.44	
 -0.61	  1.76	 -2.50	  0.61	  1.76	 -2.50	 -0.86	 -3.40	  2.96	  0.44	  0.86	 -3.40	  2.96	  0.44	
 -0.61	  1.76	 -2.50	  0.61	  1.76	 -2.50	 -0.86	 -3.39	  2.96	  0.43	  0.86	 -3.39	  2.96	  0.43	
 -0.61	  1.76	 -2.50	  0.61	  1.76	 -2.50	 -0.86	 -3.39	  2.96	  0.43	  0.86	 -3.39	  2.96	  0.43	
 -0.61	  1.76	 -2.50	  0.61	  1.76	 -2.50	 -0.86	 -3.39	  2.96	  0.43	  0.86	 -3.39	  2.96	  0.43	
 -0.61	  1.76	 -2.50	  0.61	  1.76	 -2.50	 -0.86	 -3.39	  2.96	  0.43	  0.86	 -3.39	  2.96	  0.43	
 -0.61	  1.76	 -2.49	  0.61	  1.76	 -2.49	 -0.86	 -3.38	  2.96	  0.42	  0.86	 -3.38	  2.96	  0.42	
 -0.61	  1.76	 -2.49	  0.61	  1.76	 -2.49	 -0.85	 -3.38	  2.96	  0.42	  0.85	 -3.38	  2.96	  0.42	
 -0.61	  1.75	 -2.49	  0.61	  1.75	 -2.49	 -0.85	 -3.38	  2.96	  0.42	  0.85	 -3.38	  2.96	  0.42	
 -0.61	  1.75	 -2.49	  0.61	  1.75	 -2.49	 -0.85	 -3.37	  2.96	  0.42	  0.85	 -3.37	  2.96	  0.42	
 -0.60	  1.75	 -2.49	  0.60	  1.75	 -2.49	 -0.85	 -3.37	  2.96	  0.41	  0.85	 -3.37	  2.96	  0.41	
 -0.60	  1.75	 -2.49	  0.60	  1.75	 -2.49	 -0.85	 -3.37	  2.96	  0.41	  0.85	 -3.37	  2.96	  0.41	
 -0.60	  1.75	 -2.49	  0.60	  1.75	 -2.49	 -0.85	 -3.37	  2.96	  0.41	  0.85	 -3.37	  2.96	  0.41	
 -0.60	  1.75	 -2.49	  0.60	  1.75	 -2.49	 -0.85	 -3.36	  2.96	  0.41	  0.85	 -3.36	  2.96	  0.41	
 -0.60	  1.75	 -2.49	  0.60	  1.75	 -2.49	 -0.85	 -3.36	  2.96	  0.40	  0.85	 -3.36	  2.96	  0.40	
 -0.60	  1.75	 -2.49	  0.60	  1.75	 -2.49	 -0.85	 -3.36	  2.96	  0.40	  0.85	 -3.36	  2.96	  0.40	
 -0.60	  1.75	 -2.49	  0.60	  1.75	 -2.49	 -0.85	 -3.36	  2.96	  0.40	  0.85	 -3.36	  2.96	  0.40	
 -0.60	  1.75	 -2.49	  0.60	  1.75	 -2.49	 -0.85	 -3.35	  2.96	  0.40	  0.85	 -3.35	  2.96	  0.40	
 -0.60	  1.75	 -2.49	  0.60	  1.75	 -2.49	 -0.85	 -3.35	  2.95	  0.39	  0.85	 -3.35	  2.95	  0.39	
 -0.60	  1.75	 -2.49	  0.60	  1.75	 -2.49	 -0.84	 -3.35	  2.95	  0.39	  0.84	 -3.35	  2.95	  0.39	
 -0.60	  1.75	 -2.49	  0.60	  1.75	 -2.49	 -0.84	 -3.34	  2.95	  0.39	  0.84	 -3.34	  2.95	  0.39	
 -0.59	  1.74	 -2.49	  0.59	  1.74	 -2.49	 -0.84	 -3.34	  2.95	  0.39	  0.84	 -3.34	  2.95	  0.39	
 -0.59	  1.74	 -2.49	  0.59	  1.74	 -2.49	 -0.84	 -3.34	  2.95	  0.38	  0.84	 -3.34	  2.95	  0.38	
 -0.59	  1.74	 -2.48	  0.59	  1.74	 -2.48	 -0.84	 -3.34	  2.95	  0.38	  0.84	 -3.34	  2.95	  0.38	
 -0.59	  1.74	 -2.48	  0.59	  1.74	 -2.48	 -0.84	 -3.33	  2.95	  0.38	  0.84	 -3.33	  2.95	  0.38	
 -0.59	  1.74	 -2.48	  0.59	  1.74	 -2.48	 -0.84	 -3.33	  2.95	  0.38	  0.84	 -3.33	  2.95	  0.38	
 -0.59	  1.74	 -2.48	  0.59	  1.74	 -2.48	 -0.84	 -3.33	  2.95	  0.38	  0.84	 -3.33	  2.95	  0.38	
 -0.59	  1.74	 -2.48	  0.59	  1.74	 -2.48	 -0.84	 -3.32	  2.95	  0.37	  0.84	 -3.32	  2.95	  0.37	
 -0.59	  1.74	 -2.48	  0.59	  1.74	 -2.48	 -0.84	 -3.32	  2.95	  0.37	  0.84	 -3.32	  2.95	  0.37	
 -0.59	  1.74	 -2.48	  0.59	  1.74	 -2.48	 -0.84	 -3.32	  2.95	  0.37	  0.84	 -3.32	  2.95	  0.37	
 -0.59	  1.74	 -2.48	  0.59	  1.74	 -2.48	 -0.84	 -3.32	  2.95	  0.37	  0.84	 -3.32	  2.95	  0.37	
 -0.59	  1.74	 -2.48	  0.59	  1.74	 -2.48	 -0.83	 -3.31	  2.95	  0.36	  0.83	 -3.31	  2.95	  0.36	
 -0.59	  1.74	 -2.48	  0.59	  1.74	 -2.48	 -0.83	 -3.31	  2.95	  0.36	  0.83	 -3.31	  2.95	  0.36	
 -0.58	  1.74	 -2.48	  0.58	  1.74	 -2.48	 -0.83	 -3.31	  2.95	  0.36	  0.83	 -3.31	  2.95	  0.36	
 -0.58	  1.73	 -2.48	  0.58	  1.73	 -2.48	 -0.83	 -3.30	  2.95	  0.36	  0.83	 -3.30	  2.95	  0.36	
 -0.58	  1.73	 -2.48	  0.58	  1.73	 -2.48	 -0.83	 -3.30	  2.95	  0.35	  0.83	 -3.30	  2.95	  0.35	
 -0.58	  1.73	 -2.48	  0.58	  1.73	 -2.48	 -0.83	 -3.30	  2.95	  0.35	  0.83	 -3.30	  2.95	  0.35	
 -0.58	  1.73	 -2.48	  0.58	  1.73	 -2.48	 -0.83	 -3.30	  2.95	  0.35	  0.83	 -3.30	  2.95	  0.35	
 -0.58	  1.73	 -2.48	  0.58	  1.73	 -2.48	 -0.83	 -3.29	  2.95	  0.35	  0.83	 -3.29	  2.95	  0.35	
 -0.58	  1.73	 -2.47	  0.58	  1.73	 -2.47	 -0.83	 -3.29	  2.95	  0.34	  0.83	 -3.29	  2.95	  0.34	
 -0.58	  1.73	 -2.47	  0.58	  1.73	 -2.47	 -0.83	 -3.29	  2.95	  0.34	  0.83	 -3.29	  2.95	  0.34	
 -0.58	  1.73	 -2.47	  0.58	  1.73	 -2.47	 -0.83	 -3.28	  2.95	  0.34	  0.83	 -3.28	  2.95	  0.34	
 -0.58	  1.73	 -2.47	  0.58	  1.73	 -2.47	 -0.83	 -3.28	  2.95	  0.34	  0.83	 -3.28	  2.95	  0.34	
 -0.58	  1.73	 -2.47	  0.58	  1.73	 -2.47	 -0.82	 -3.28	  2.94	  0.33	  0.82	 -3.28	  2.94	  0.33	
 -0.58	  1.73	 -2.47	  0.58	  1.73	 -2.47	 -0.82	 -3.28	  2.94	  0.33	  0.82	 -3.28	  2.94	  0.33	
 -0.57	  1.73	 -2.47	  0.57	  1.73	 -2.47	 -0.82	 -3.27	  2.94	  0.33	  0.82	 -3.27	  2.94	  0.33	
 -0.57	  1.73	 -2.47	  0.57	  1.73	 -2.47	 -0.82	 -3.27	  2.94	  0.33	  0.82	 -3.27	  2.94	  0.33	
 -0.57	  1.72	 -2.47	  0.57	  1.72	 -2.47	 -0.82	 -3.27	  2.94	  0.32	  0.82	 -3.27	  2.94	  0.32	
 -0.57	  1.72	 -2.47	  0.57	  1.72	 -2.47	 -0.82	 -3.26	  2.94	  0.32	  0.82	 -3.26	  2.94	  0.32	
 -0.57	  1.72	 -2.47	  0.57	  1.72	 -2.47	 -0.82	 -3.26	  2.94	  0.32	  0.82	 -3.26	  2.94	  0.32	
 -0.57	  1.72	 -2.47	  0.57	  1.72	 -2.47	 -0.82	 -3.26	  2.94	  0.32	  0.82	 -3.26	  2.94	  0.32	
 -0.57	  1.72	 -2.47	  0.57	  1.72	 -2.47	 -0.82	 -3.26	  2.94	  0.31	  0.82	 -3.26	  2.94	  0.31	
 -0.57	  1.72	 -2.47	  0.57	  1.72	 -2.47	 -0.82	 -3.25	  2.94	  0.31	  0.82	 -3.25	  2.94	  0.31	
 -0.57	  1.72	 -2.47	  0.57	  1.72	 -2.47	 -0.82	 -3.25	  2.94	  0.31	  0.82	 -3.25	  2.94	  0.31	
 -0.57	  1.72	 -2.47	  0.57	  1.72	 -2.47	 -0.82	 -3.25	  2.94	  0.31	  0.82	 -3.25	  2.94	  0.31	
 -0.57	  1.72	 -2.46	  0.57	  1.72	 -2.46	 -0.81	 -3.24	  2.94	  0.30	  0.81	 -3.24	  2.94	  0.30	
 -0.57	  1.72	 -2.46	  0.57	  1.72	 -2.46	 -0.81	 -3.24	  2.94	  0.30	  0.81	 -3.24	  2.94	  0.30	
 -0.57	  1.72	 -2.46	  0.57	  1.72	 -2.46	 -0.81	 -3.24	  2.94	  0.30	  0.81	 -3.24	  2.94	  0.30	
 -0.56	  1.72	 -2.46	  0.56	  1.72	 -2.46	 -0.81	 -3.24	  2.94	  0.30	  0.81	 -3.24	  2.94	  0.30	
 -0.56	  1.72	 -2.46	  0.56	  1.72	 -2.46	 -0.81	 -3.23	  2.94	  0.29	  0.81	 -3.23	  2.94	  0.29	
 -0.56	  1.71	 -2.46	  0.56	  1.71	 -2.46	 -0.81	 -3.23	  2.94	  0.29	  0.81	 -3.23	  2.94	  0.29	
 -0.56	  1.71	 -2.46	  0.56	  1.71	 -2.46	 -0.81	 -3.23	  2.94	  0.29	  0.81	 -3.23	  2.94	  0.29	
 -0.56	  1.71	 -2.46	  0.56	  1.71	 -2.46	 -0.81	 -3.22	  2.94	  0.29	  0.81	 -3.22	  2.94	  0.29	
 -0.56	  1.71	 -2.46	  0.56	  1.71	 -2.46	 -0.81	 -3.22	  2.94	  0.28	  0.81	 -3.22	  2.94	  0.28	
 -0.56	  1.71	 -2.46	  0.56	  1.71	 -2.46	 -0.81	 -3.22	  2.94	  0.28	  0.81	 -3.22	  2.94	  0.28	
 -0.56	  1.71	 -2.46	  0.56	  1.71	 -2.46	 -0.81	 -3.22	  2.94	  0.28	  0.81	 -3.22	  2.94	  0.28	
 -0.56	  1.71	 -2.46	  0.56	  1.71	 -2.46	 -0.81	 -3.21	  2.94	  0.28	  0.81	 -3.21	  2.94	  0.28	
 -0.56	  1.71	 -2.46	  0.56	  1.71	 -2.46	 -0.81	 -3.21	  2.93	  0.27	  0.81	 -3.21	  2.93	  0.27	
 -0.56	  1.71	 -2.46	  0.56	  1.71	 -2.46	 -0.80	 -3.21	  2.93	  0.27	  0.80	 -3.21	  2.93	  0.27	
 -0.56	  1.71	 -2.46	  0.56	  1.71	 -2.46	 -0.80	 -3.20	  2.93	  0.27	  0.80	 -3.20	  2.93	  0.27	
 -0.56	  1.71	 -2.46	  0.56	  1.71	 -2.46	 -0.80	 -3.20	  2.93	  0.27	  0.80	 -3.20	  2.93	  0.27	
 -0.55	  1.71	 -2.45	  0.55	  1.71	 -2.45	 -0.80	 -3.20	  2.93	  0.26	  0.80	 -3.20	  2.93	  0.26	
 -0.55	  1.71	 -2.45	  0.55	  1.71	 -2.45	 -0.80	 -3.19	  2.93	  0.26	  0.80	 -3.19	  2.93	  0.26	
 -0.55	  1.70	 -2.45	  0.55	  1.70	 -2.45	 -0.80	 -3.19	  2.93	  0.26	  0.80	 -3.19	  2.93	  0.26	
 -0.55	  1.70	 -2.45	  0.55	  1.70	 -2.45	 -0.80	 -3.19	  2.93	  0.26	  0.80	 -3.19	  2.93	  0.26	
 -0.55	  1.70	 -2.45	  0.55	  1.70	 -2.45	 -0.80	 -3.19	  2.93	  0.26	  0.80	 -3.19	  2.93	  0.26	
 -0.55	  1.70	 -2.45	  0.55	  1.70	 -2.45	 -0.80	 -3.18	  2.93	  0.25	  0.80	 -3.18	  2.93	  0.25	
 -0.55	  1.70	 -2.45	  0.55	  1.70	 -2.45	 -0.80	 -3.18	  2.93	  0.25	  0.80	 -3.18	  2.93	  0.25	
 -0.55	  1.70	 -2.45	  0.55	  1.70	 -2.45	 -0.80	 -3.18	  2.93	  0.25	  0.80	 -3.18	  2.93	  0.25	
 -0.55	  1.70	 -2.45	  0.55	  1.70	 -2.45	 -0.80	 -3.17	  2.93	  0.25	  0.80	 -3.17	  2.93	  0.25	
 -0.55	  1.70	 -2.45	  0.55	  1.70	 -2.45	 -0.80	 -3.17	  2.93	  0.24	  0.80	 -3.17	  2.93	  0.24	
 -0.55	  1.70	 -2.45	  0.55	  1.70	 -2.45	 -0.79	 -3.17	  2.93	  0.24	  0.79	 -3.17	  2.93	  0.24	
 -0.55	  1.70	 -2.45	  0.55	  1.70	 -2.45	 -0.79	 -3.17	  2.93	  0.24	  0.79	 -3.17	  2.93	  0.24	
 -0.55	  1.70	 -2.45	  0.55	  1.70	 -2.45	 -0.79	 -3.16	  2.93	  0.24	  0.79	 -3.16	  2.93	  0.24	
 -0.54	  1.70	 -2.45	  0.54	  1.70	 -2.45	 -0.79	 -3.16	  2.93	  0.23	  0.79	 -3.16	  2.93	  0.23	
 -0.54	  1.70	 -2.45	  0.54	  1.70	 -2.45	 -0.79	 -3.16	  2.93	  0.23	  0.79	 -3.16	  2.93	  0.23	
 -0.54	  1.69	 -2.44	  0.54	  1.69	 -2.44	 -0.79	 -3.15	  2.93	  0.23	  0.79	 -3.15	  2.93	  0.23	
 -0.54	  1.69	 -2.44	  0.54	  1.69	 -2.44	 -0.79	 -3.15	  2.93	  0.23	  0.79	 -3.15	  2.93	  0.23	
 -0.54	  1.69	 -2.44	  0.54	  1.69	 -2.44	 -0.79	 -3.15	  2.92	  0.22	  0.79	 -3.15	  2.92	  0.22	
 -0.54	  1.69	 -2.44	  0.54	  1.69	 -2.44	 -0.79	 -3.15	  2.92	  0.22	  0.79	 -3.15	  2.92	  0.22	
 -0.54	  1.69	 -2.44	  0.54	  1.69	 -2.44	 -0.79	 -3.14	  2.92	  0.22	  0.79	 -3.14	  2.92	  0.22	
 -0.54	  1.69	 -2.44	  0.54	  1.69	 -2.44	 -0.79	 -3.14	  2.92	  0.22	  0.79	 -3.14	  2.92	  0.22	
 -0.54	  1.69	 -2.44	  0.54	  1.69	 -2.44	 -0.79	 -3.14	  2.92	  0.21	  0.79	 -3.14	  2.92	  0.21	
 -0.54	  1.69	 -2.44	  0.54	  1.69	 -2.44	 -0.79	 -3.13	  2.92	  0.21	  0.79	 -3.13	  2.92	  0.21	
 -0.54	  1.69	 -2.44	  0.54	  1.69	 -2.44	 -0.78	 -3.13	  2.92	  0.21	  0.78	 -3.13	  2.92	  0.21	
 -0.54	  1.69	 -2.44	  0.54	  1.69	 -2.44	 -0.78	 -3.13	  2.92	  0.21	  0.78	 -3.13	  2.92	  0.21	
 -0.54	  1.69	 -2.44	  0.54	  1.69	 -2.44	 -0.78	 -3.13	  2.92	  0.20	  0.78	 -3.13	  2.92	  0.20	
 -0.54	  1.69	 -2.44	  0.54	  1.69	 -2.44	 -0.78	 -3.12	  2.92	  0.20	  0.78	 -3.12	  2.92	  0.20	
 -0.53	  1.69	 -2.44	  0.53	  1.69	 -2.44	 -0.78	 -3.12	  2.92	  0.20	  0.78	 -3.12	  2.92	  0.20	
 -0.53	  1.68	 -2.44	  0.53	  1.68	 -2.44	 -0.78	 -3.12	  2.92	  0.20	  0.78	 -3.12	  2.92	  0.20	
 -0.53	  1.68	 -2.44	  0.53	  1.68	 -2.44	 -0.78	 -3.11	  2.92	  0.19	  0.78	 -3.11	  2.92	  0.19	
 -0.53	  1.68	 -2.43	  0.53	  1.68	 -2.43	 -0.78	 -3.11	  2.92	  0.19	  0.78	 -3.11	  2.92	  0.19	
 -0.53	  1.68	 -2.43	  0.53	  1.68	 -2.43	 -0.78	 -3.11	  2.92	  0.19	  0.78	 -3.11	  2.92	  0.19	
 -0.53	  1.68	 -2.43	  0.53	  1.68	 -2.43	 -0.78	 -3.10	  2.92	  0.19	  0.78	 -3.10	  2.92	  0.19	
 -0.53	  1.68	 -2.43	  0.53	  1.68	 -2.43	 -0.78	 -3.10	  2.92	  0.18	  0.78	 -3.10	  2.92	  0.18	
 -0.53	  1.68	 -2.43	  0.53	  1.68	 -2.43	 -0.78	 -3.10	  2.92	  0.18	  0.78	 -3.10	  2.92	  0.18	
 -0.53	  1.68	 -2.43	  0.53	  1.68	 -2.43	 -0.78	 -3.10	  2.92	  0.18	  0.78	 -3.10	  2.92	  0.18	
 -0.53	  1.68	 -2.43	  0.53	  1.68	 -2.43	 -0.77	 -3.09	  2.92	  0.18	  0.77	 -3.09	  2.92	  0.18	
 -0.53	  1.68	 -2.43	  0.53	  1.68	 -2.43	 -0.77	 -3.09	  2.92	  0.18	  0.77	 -3.09	  2.92	  0.18	
 -0.53	  1.68	 -2.43	  0.53	  1.68	 -2.43	 -0.77	 -3.09	  2.91	  0.17	  0.77	 -3.09	  2.91	  0.17	
 -0.53	  1.68	 -2.43	  0.53	  1.68	 -2.43	 -0.77	 -3.08	  2.91	  0.17	  0.77	 -3.08	  2.91	  0.17	
 -0.53	  1.68	 -2.43	  0.53	  1.68	 -2.43	 -0.77	 -3.08	  2.91	  0.17	  0.77	 -3.08	  2.91	  0.17	
 -0.52	  1.67	 -2.43	  0.52	  1.67	 -2.43	 -0.77	 -3.08	  2.91	  0.17	  0.77	 -3.08	  2.91	  0.17	
 -0.52	  1.67	 -2.43	  0.52	  1.67	 -2.43	 -0.77	 -3.08	  2.91	  0.16	  0.77	 -3.08	  2.91	  0.16	
 -0.52	  1.67	 -2.43	  0.52	  1.67	 -2.43	 -0.77	 -3.07	  2.91	  0.16	  0.77	 -3.07	  2.91	  0.16	
 -0.52	  1.67	 -2.43	  0.52	  1.67	 -2.43	 -0.77	 -3.07	  2.91	  0.16	  0.77	 -3.07	  2.91	  0.16	
 -0.52	  1.67	 -2.42	  0.52	  1.67	 -2.42	 -0.77	 -3.07	  2.91	  0.16	  0.77	 -3.07	  2.91	  0.16	
 -0.52	  1.67	 -2.42	  0.52	  1.67	 -2.42	 -0.77	 -3.06	  2.91	  0.15	  0.77	 -3.06	  2.91	  0.15	
 -0.52	  1.67	 -2.42	  0.52	  1.67	 -2.42	 -0.77	 -3.06	  2.91	  0.15	  0.77	 -3.06	  2.91	  0.15	
 -0.52	  1.67	 -2.42	  0.52	  1.67	 -2.42	 -0.77	 -3.06	  2.91	  0.15	  0.77	 -3.06	  2.91	  0.15	
 -0.52	  1.67	 -2.42	  0.52	  1.67	 -2.42	 -0.76	 -3.06	  2.91	  0.15	  0.76	 -3.06	  2.91	  0.15	
 -0.52	  1.67	 -2.42	  0.52	  1.67	 -2.42	 -0.76	 -3.05	  2.91	  0.14	  0.76	 -3.05	  2.91	  0.14	
 -0.52	  1.67	 -2.42	  0.52	  1.67	 -2.42	 -0.76	 -3.05	  2.91	  0.14	  0.76	 -3.05	  2.91	  0.14	
 -0.52	  1.67	 -2.42	  0.52	  1.67	 -2.42	 -0.76	 -3.05	  2.91	  0.14	  0.76	 -3.05	  2.91	  0.14	
 -0.52	  1.66	 -2.42	  0.52	  1.66	 -2.42	 -0.76	 -3.04	  2.91	  0.14	  0.76	 -3.04	  2.91	  0.14	
 -0.52	  1.66	 -2.42	  0.52	  1.66	 -2.42	 -0.76	 -3.04	  2.91	  0.14	  0.76	 -3.04	  2.91	  0.14	
 -0.51	  1.66	 -2.42	  0.51	  1.66	 -2.42	 -0.76	 -3.04	  2.91	  0.13	  0.76	 -3.04	  2.91	  0.13	
 -0.51	  1.66	 -2.42	  0.51	  1.66	 -2.42	 -0.76	 -3.04	  2.91	  0.13	  0.76	 -3.04	  2.91	  0.13	
 -0.51	  1.66	 -2.42	  0.51	  1.66	 -2.42	 -0.76	 -3.03	  2.90	  0.13	  0.76	 -3.03	  2.90	  0.13	
 -0.51	  1.66	 -2.42	  0.51	  1.66	 -2.42	 -0.76	 -3.03	  2.90	  0.13	  0.76	 -3.03	  2.90	  0.13	
 -0.51	  1.66	 -2.41	  0.51	  1.66	 -2.41	 -0.76	 -3.03	  2.90	  0.12	  0.76	 -3.03	  2.90	  0.12	
 -0.51	  1.66	 -2.41	  0.51	  1.66	 -2.41	 -0.76	 -3.02	  2.90	  0.12	  0.76	 -3.02	  2.90	  0.12	
 -0.51	  1.66	 -2.41	  0.51	  1.66	 -2.41	 -0.76	 -3.02	  2.90	  0.12	  0.76	 -3.02	  2.90	  0.12	
 -0.51	  1.66	 -2.41	  0.51	  1.66	 -2.41	 -0.76	 -3.02	  2.90	  0.12	  0.76	 -3.02	  2.90	  0.12	
 -0.51	  1.66	 -2.41	  0.51	  1.66	 -2.41	 -0.75	 -3.02	  2.90	  0.11	  0.75	 -3.02	  2.90	  0.11	
 -0.51	  1.66	 -2.41	  0.51	  1.66	 -2.41	 -0.75	 -3.01	  2.90	  0.11	  0.75	 -3.01	  2.90	  0.11	
 -0.51	  1.66	 -2.41	  0.51	  1.66	 -2.41	 -0.75	 -3.01	  2.90	  0.11	  0.75	 -3.01	  2.90	  0.11	
 -0.51	  1.65	 -2.41	  0.51	  1.65	 -2.41	 -0.75	 -3.01	  2.90	  0.11	  0.75	 -3.01	  2.90	  0.11	
 -0.51	  1.65	 -2.41	  0.51	  1.65	 -2.41	 -0.75	 -3.00	  2.90	  0.10	  0.75	 -3.00	  2.90	  0.10	
 -0.51	  1.65	 -2.41	  0.51	  1.65	 -2.41	 -0.75	 -3.00	  2.90	  0.10	  0.75	 -3.00	  2.90	  0.10	
 -0.51	  1.65	 -2.41	  0.51	  1.65	 -2.41	 -0.75	 -3.00	  2.90	  0.10	  0.75	 -3.00	  2.90	  0.10	
 -0.50	  1.65	 -2.41	  0.50	  1.65	 -2.41	 -0.75	 -3.00	  2.90	  0.10	  0.75	 -3.00	  2.90	  0.10	
 -0.50	  1.65	 -2.41	  0.50	  1.65	 -2.41	 -0.75	 -2.99	  2.90	  0.10	  0.75	 -2.99	  2.90	  0.10	
 -0.50	  1.65	 -2.41	  0.50	  1.65	 -2.41	 -0.75	 -2.99	  2.90	  0.09	  0.75	 -2.99	  2.90	  0.09	
 -0.50	  1.65	 -2.40	  0.50	  1.65	 -2.40	 -0.75	 -2.99	  2.90	  0.09	  0.75	 -2.99	  2.90	  0.09	
 -0.50	  1.65	 -2.40	  0.50	  1.65	 -2.40	 -0.75	 -2.98	  2.90	  0.09	  0.75	 -2.98	  2.90	  0.09	
 -0.50	  1.65	 -2.40	  0.50	  1.65	 -2.40	 -0.75	 -2.98	  2.90	  0.09	  0.75	 -2.98	  2.90	  0.09	
 -0.50	  1.65	 -2.40	  0.50	  1.65	 -2.40	 -0.75	 -2.98	  2.89	  0.08	  0.75	 -2.98	  2.89	  0.08	
 -0.50	  1.65	 -2.40	  0.50	  1.65	 -2.40	 -0.74	 -2.98	  2.89	  0.08	  0.74	 -2.98	  2.89	  0.08	
 -0.50	  1.65	 -2.40	  0.50	  1.65	 -2.40	 -0.74	 -2.97	  2.89	  0.08	  0.74	 -2.97	  2.89	  0.08	
 -0.50	  1.64	 -2.40	  0.50	  1.64	 -2.40	 -0.74	 -2.97	  2.89	  0.08	  0.74	 -2.97	  2.89	  0.08	
 -0.50	  1.64	 -2.40	  0.50	  1.64	 -2.40	 -0.74	 -2.97	  2.89	  0.07	  0.74	 -2.97	  2.89	  0.07	
 -0.50	  1.64	 -2.40	  0.50	  1.64	 -2.40	 -0.74	 -2.96	  2.89	  0.07	  0.74	 -2.96	  2.89	  0.07	
 -0.50	  1.64	 -2.40	  0.50	  1.64	 -2.40	 -0.74	 -2.96	  2.89	  0.07	  0.74	 -2.96	  2.89	  0.07	
 -0.50	  1.64	 -2.40	  0.50	  1.64	 -2.40	 -0.74	 -2.96	  2.89	  0.07	  0.74	 -2.96	  2.89	  0.07	
 -0.50	  1.64	 -2.40	  0.50	  1.64	 -2.40	 -0.74	 -2.96	  2.89	  0.07	  0.74	 -2.96	  2.89	  0.07	
 -0.50	  1.64	 -2.40	  0.50	  1.64	 -2.40	 -0.74	 -2.95	  2.89	  0.06	  0.74	 -2.95	  2.89	  0.06	
 -0.49	  1.64	 -2.40	  0.49	  1.64	 -2.40	 -0.74	 -2.95	  2.89	  0.06	  0.74	 -2.95	  2.89	  0.06	
 -0.49	  1.64	 -2.39	  0.49	  1.64	 -2.39	 -0.74	 -2.95	  2.89	  0.06	  0.74	 -2.95	  2.89	  0.06	
 -0.49	  1.64	 -2.39	  0.49	  1.64	 -2.39	 -0.74	 -2.94	  2.89	  0.06	  0.74	 -2.94	  2.89	  0.06	
 -0.49	  1.64	 -2.39	  0.49	  1.64	 -2.39	 -0.74	 -2.94	  2.89	  0.05	  0.74	 -2.94	  2.89	  0.05	
 -0.49	  1.64	 -2.39	  0.49	  1.64	 -2.39	 -0.74	 -2.94	  2.89	  0.05	  0.74	 -2.94	  2.89	  0.05	
 -0.49	  1.64	 -2.39	  0.49	  1.64	 -2.39	 -0.73	 -2.94	  2.89	  0.05	  0.73	 -2.94	  2.89	  0.05	
 -0.49	  1.63	 -2.39	  0.49	  1.63	 -2.39	 -0.73	 -2.93	  2.89	  0.05	  0.73	 -2.93	  2.89	  0.05	
 -0.49	  1.63	 -2.39	  0.49	  1.63	 -2.39	 -0.73	 -2.93	  2.89	  0.05	  0.73	 -2.93	  2.89	  0.05	
 -0.49	  1.63	 -2.39	  0.49	  1.63	 -2.39	 -0.73	 -2.93	  2.88	  0.04	  0.73	 -2.93	  2.88	  0.04	
 -0.49	  1.63	 -2.39	  0.49	  1.63	 -2.39	 -0.73	 -2.93	  2.88	  0.04	  0.73	 -2.93	  2.88	  0.04	
 -0.49	  1.63	 -2.39	  0.49	  1.63	 -2.39	 -0.73	 -2.92	  2.88	  0.04	  0.73	 -2.92	  2.88	  0.04	
 -0.49	  1.63	 -2.39	  0.49	  1.63	 -2.39	 -0.73	 -2.92	  2.88	  0.04	  0.73	 -2.92	  2.88	  0.04	
 -0.49	  1.63	 -2.39	  0.49	  1.63	 -2.39	 -0.73	 -2.92	  2.88	  0.03	  0.73	 -2.92	  2.88	  0.03	
 -0.49	  1.63	 -2.39	  0.49	  1.63	 -2.39	 -0.73	 -2.91	  2.88	  0.03	  0.73	 -2.91	  2.88	  0.03	
 -0.49	  1.63	 -2.39	  0.49	  1.63	 -2.39	 -0.73	 -2.91	  2.88	  0.03	  0.73	 -2.91	  2.88	  0.03	
 -0.49	  1.63	 -2.38	  0.49	  1.63	 -2.38	 -0.73	 -2.91	  2.88	  0.03	  0.73	 -2.91	  2.88	  0.03	
 -0.48	  1.63	 -2.38	  0.48	  1.63	 -2.38	 -0.73	 -2.91	  2.88	  0.03	  0.73	 -2.91	  2.88	  0.03	
 -0.48	  1.63	 -2.38	  0.48	  1.63	 -2.38	 -0.73	 -2.90	  2.88	  0.02	  0.73	 -2.90	  2.88	  0.02	
 -0.48	  1.62	 -2.38	  0.48	  1.62	 -2.38	 -0.73	 -2.90	  2.88	  0.02	  0.73	 -2.90	  2.88	  0.02	
 -0.48	  1.62	 -2.38	  0.48	  1.62	 -2.38	 -0.72	 -2.90	  2.88	  0.02	  0.72	 -2.90	  2.88	  0.02	
 -0.48	  1.62	 -2.38	  0.48	  1.62	 -2.38	 -0.72	 -2.89	  2.88	  0.02	  0.72	 -2.89	  2.88	  0.02	
 -0.48	  1.62	 -2.38	  0.48	  1.62	 -2.38	 -0.72	 -2.89	  2.88	  0.01	  0.72	 -2.89	  2.88	  0.01	
 -0.48	  1.62	 -2.38	  0.48	  1.62	 -2.38	 -0.72	 -2.89	  2.88	  0.01	  0.72	 -2.89	  2.88	  0.01	
 -0.48	  1.62	 -2.38	  0.48	  1.62	 -2.38	 -0.72	 -2.89	  2.88	  0.01	  0.72	 -2.89	  2.88	  0.01	
 -0.48	  1.62	 -2.38	  0.48	  1.62	 -2.38	 -0.72	 -2.88	  2.88	  0.01	  0.72	 -2.88	  2.88	  0.01	
 -0.48	  1.62	 -2.38	  0.48	  1.62	 -2.38	 -0.72	 -2.88	  2.87	  0.01	  0.72	 -2.88	  2.87	  0.01	
 -0.48	  1.62	 -2.38	  0.48	  1.62	 -2.38	 -0.72	 -2.88	  2.87	  0.00	  0.72	 -2.88	  2.87	  0.00	
 -0.48	  1.62	 -2.38	  0.48	  1.62	 -2.38	 -0.72	 -2.88	  2.87	  0.00	  0.72	 -2.88	  2.87	  0.00	
 -0.48	  1.62	 -2.38	  0.48	  1.62	 -2.38	 -0.72	 -2.87	  2.87	 -0.00	  0.72	 -2.87	  2.87	 -0.00	
 -0.48	  1.62	 -2.37	  0.48	  1.62	 -2.37	 -0.72	 -2.87	  2.87	 -0.00	  0.72	 -2.87	  2.87	 -0.00	
 -0.48	  1.62	 -2.37	  0.48	  1.62	 -2.37	 -0.72	 -2.87	  2.87	 -0.00	  0.72	 -2.87	  2.87	 -0.00	
 -0.48	  1.61	 -2.37	  0.48	  1.61	 -2.37	 -0.72	 -2.86	  2.87	 -0.01	  0.72	 -2.86	  2.87	 -0.01	
 -0.48	  1.61	 -2.37	  0.48	  1.61	 -2.37	 -0.72	 -2.86	  2.87	 -0.01	  0.72	 -2.86	  2.87	 -0.01	
 -0.47	  1.61	 -2.37	  0.47	  1.61	 -2.37	 -0.72	 -2.86	  2.87	 -0.01	  0.72	 -2.86	  2.87	 -0.01	
 -0.47	  1.61	 -2.37	  0.47	  1.61	 -2.37	 -0.71	 -2.86	  2.87	 -0.01	  0.71	 -2.86	  2.87	 -0.01	
 -0.47	  1.61	 -2.37	  0.47	  1.61	 -2.37	 -0.71	 -2.85	  2.87	 -0.02	  0.71	 -2.85	  2.87	 -0.02	
 -0.47	  1.61	 -2.37	  0.47	  1.61	 -2.37	 -0.71	 -2.85	  2.87	 -0.02	  0.71	 -2.85	  2.87	 -0.02	
 -0.47	  1.61	 -2.37	  0.47	  1.61	 -2.37	 -0.71	 -2.85	  2.87	 -0.02	  0.71	 -2.85	  2.87	 -0.02	
 -0.47	  1.61	 -2.37	  0.47	  1.61	 -2.37	 -0.71	 -2.85	  2.87	 -0.02	  0.71	 -2.85	  2.87	 -0.02	
 -0.47	  1.61	 -2.37	  0.47	  1.61	 -2.37	 -0.71	 -2.84	  2.87	 -0.02	  0.71	 -2.84	  2.87	 -0.02	
 -0.47	  1.61	 -2.37	  0.47	  1.61	 -2.37	 -0.71	 -2.84	  2.87	 -0.03	  0.71	 -2.84	  2.87	 -0.03	
 -0.47	  1.61	 -2.37	  0.47	  1.61	 -2.37	 -0.71	 -2.84	  2.87	 -0.03	  0.71	 -2.84	  2.87	 -0.03	
 -0.47	  1.61	 -2.36	  0.47	  1.61	 -2.36	 -0.71	 -2.83	  2.86	 -0.03	  0.71	 -2.83	  2.86	 -0.03	
 -0.47	  1.61	 -2.36	  0.47	  1.61	 -2.36	 -0.71	 -2.83	  2.86	 -0.03	  0.71	 -2.83	  2.86	 -0.03	
 -0.47	  1.60	 -2.36	  0.47	  1.60	 -2.36	 -0.71	 -2.83	  2.86	 -0.03	  0.71	 -2.83	  2.86	 -0.03	
 -0.47	  1.60	 -2.36	  0.47	  1.60	 -2.36	 -0.71	 -2.83	  2.86	 -0.04	  0.71	 -2.83	  2.86	 -0.04	
 -0.47	  1.60	 -2.36	  0.47	  1.60	 -2.36	 -0.71	 -2.82	  2.86	 -0.04	  0.71	 -2.82	  2.86	 -0.04	
 -0.47	  1.60	 -2.36	  0.47	  1.60	 -2.36	 -0.71	 -2.82	  2.86	 -0.04	  0.71	 -2.82	  2.86	 -0.04	
 -0.47	  1.60	 -2.36	  0.47	  1.60	 -2.36	 -0.71	 -2.82	  2.86	 -0.04	  0.71	 -2.82	  2.86	 -0.04	
 -0.47	  1.60	 -2.36	  0.47	  1.60	 -2.36	 -0.70	 -2.82	  2.86	 -0.05	  0.70	 -2.82	  2.86	 -0.05	
 -0.46	  1.60	 -2.36	  0.46	  1.60	 -2.36	 -0.70	 -2.81	  2.86	 -0.05	  0.70	 -2.81	  2.86	 -0.05	
 -0.46	  1.60	 -2.36	  0.46	  1.60	 -2.36	 -0.70	 -2.81	  2.86	 -0.05	  0.70	 -2.81	  2.86	 -0.05	
 -0.46	  1.60	 -2.36	  0.46	  1.60	 -2.36	 -0.70	 -2.81	  2.86	 -0.05	  0.70	 -2.81	  2.86	 -0.05	
 -0.46	  1.60	 -2.36	  0.46	  1.60	 -2.36	 -0.70	 -2.80	  2.86	 -0.05	  0.70	 -2.80	  2.86	 -0.05	
 -0.46	  1.60	 -2.36	  0.46	  1.60	 -2.36	 -0.70	 -2.80	  2.86	 -0.06	  0.70	 -2.80	  2.86	 -0.06	
 -0.46	  1.60	 -2.35	  0.46	  1.60	 -2.35	 -0.70	 -2.80	  2.86	 -0.06	  0.70	 -2.80	  2.86	 -0.06	
 -0.46	  1.59	 -2.35	  0.46	  1.59	 -2.35	 -0.70	 -2.80	  2.86	 -0.06	  0.70	 -2.80	  2.86	 -0.06	
 -0.46	  1.59	 -2.35	  0.46	  1.59	 -2.35	 -0.70	 -2.79	  2.86	 -0.06	  0.70	 -2.79	  2.86	 -0.06	
 -0.46	  1.59	 -2.35	  0.46	  1.59	 -2.35	 -0.70	 -2.79	  2.86	 -0.06	  0.70	 -2.79	  2.86	 -0.06	
 -0.46	  1.59	 -2.35	  0.46	  1.59	 -2.35	 -0.70	 -2.79	  2.85	 -0.07	  0.70	 -2.79	  2.85	 -0.07	
 -0.46	  1.59	 -2.35	  0.46	  1.59	 -2.35	 -0.70	 -2.79	  2.85	 -0.07	  0.70	 -2.79	  2.85	 -0.07	
 -0.46	  1.59	 -2.35	  0.46	  1.59	 -2.35	 -0.70	 -2.78	  2.85	 -0.07	  0.70	 -2.78	  2.85	 -0.07	
 -0.46	  1.59	 -2.35	  0.46	  1.59	 -2.35	 -0.70	 -2.78	  2.85	 -0.07	  0.70	 -2.78	  2.85	 -0.07	
 -0.46	  1.59	 -2.35	  0.46	  1.59	 -2.35	 -0.70	 -2.78	  2.85	 -0.07	  0.70	 -2.78	  2.85	 -0.07	
 -0.46	  1.59	 -2.35	  0.46	  1.59	 -2.35	 -0.70	 -2.78	  2.85	 -0.08	  0.70	 -2.78	  2.85	 -0.08	
 -0.46	  1.59	 -2.35	  0.46	  1.59	 -2.35	 -0.69	 -2.77	  2.85	 -0.08	  0.69	 -2.77	  2.85	 -0.08	
 -0.46	  1.59	 -2.35	  0.46	  1.59	 -2.35	 -0.69	 -2.77	  2.85	 -0.08	  0.69	 -2.77	  2.85	 -0.08	
 -0.46	  1.59	 -2.35	  0.46	  1.59	 -2.35	 -0.69	 -2.77	  2.85	 -0.08	  0.69	 -2.77	  2.85	 -0.08	
 -0.45	  1.59	 -2.34	  0.45	  1.59	 -2.34	 -0.69	 -2.77	  2.85	 -0.08	  0.69	 -2.77	  2.85	 -0.08	
 -0.45	  1.58	 -2.34	  0.45	  1.58	 -2.34	 -0.69	 -2.76	  2.85	 -0.09	  0.69	 -2.76	  2.85	 -0.09	
 -0.45	  1.58	 -2.34	  0.45	  1.58	 -2.34	 -0.69	 -2.76	  2.85	 -0.09	  0.69	 -2.76	  2.85	 -0.09	
 -0.45	  1.58	 -2.34	  0.45	  1.58	 -2.34	 -0.69	 -2.76	  2.85	 -0.09	  0.69	 -2.76	  2.85	 -0.09	
 -0.45	  1.58	 -2.34	  0.45	  1.58	 -2.34	 -0.69	 -2.75	  2.85	 -0.09	  0.69	 -2.75	  2.85	 -0.09	
 -0.45	  1.58	 -2.34	  0.45	  1.58	 -2.34	 -0.69	 -2.75	  2.85	 -0.09	  0.69	 -2.75	  2.85	 -0.09	
 -0.45	  1.58	 -2.34	  0.45	  1.58	 -2.34	 -0.69	 -2.75	  2.85	 -0.10	  0.69	 -2.75	  2.85	 -0.10	
 -0.45	  1.58	 -2.34	  0.45	  1.58	 -2.34	 -0.69	 -2.75	  2.84	 -0.10	  0.69	 -2.75	  2.84	 -0.10	
 -0.45	  1.58	 -2.34	  0.45	  1.58	 -2.34	 -0.69	 -2.74	  2.84	 -0.10	  0.69	 -2.74	  2.84	 -0.10	
 -0.45	  1.58	 -2.34	  0.45	  1.58	 -2.34	 -0.69	 -2.74	  2.84	 -0.10	  0.69	 -2.74	  2.84	 -0.10	
 -0.45	  1.58	 -2.34	  0.45	  1.58	 -2.34	 -0.69	 -2.74	  2.84	 -0.10	  0.69	 -2.74	  2.84	 -0.10	
 -0.45	  1.58	 -2.34	  0.45	  1.58	 -2.34	 -0.69	 -2.74	  2.84	 -0.11	  0.69	 -2.74	  2.84	 -0.11	
 -0.45	  1.58	 -2.34	  0.45	  1.58	 -2.34	 -0.68	 -2.73	  2.84	 -0.11	  0.68	 -2.73	  2.84	 -0.11	
 -0.45	  1.58	 -2.33	  0.45	  1.58	 -2.33	 -0.68	 -2.73	  2.84	 -0.11	  0.68	 -2.73	  2.84	 -0.11	
 -0.45	  1.57	 -2.33	  0.45	  1.57	 -2.33	 -0.68	 -2.73	  2.84	 -0.11	  0.68	 -2.73	  2.84	 -0.11	
 -0.45	  1.57	 -2.33	  0.45	  1.57	 -2.33	 -0.68	 -2.73	  2.84	 -0.11	  0.68	 -2.73	  2.84	 -0.11	
 -0.45	  1.57	 -2.33	  0.45	  1.57	 -2.33	 -0.68	 -2.72	  2.84	 -0.12	  0.68	 -2.72	  2.84	 -0.12	
 -0.45	  1.57	 -2.33	  0.45	  1.57	 -2.33	 -0.68	 -2.72	  2.84	 -0.12	  0.68	 -2.72	  2.84	 -0.12	
 -0.44	  1.57	 -2.33	  0.44	  1.57	 -2.33	 -0.68	 -2.72	  2.84	 -0.12	  0.68	 -2.72	  2.84	 -0.12	
 -0.44	  1.57	 -2.33	  0.44	  1.57	 -2.33	 -0.68	 -2.72	  2.84	 -0.12	  0.68	 -2.72	  2.84	 -0.12	
 -0.44	  1.57	 -2.33	  0.44	  1.57	 -2.33	 -0.68	 -2.71	  2.84	 -0.12	  0.68	 -2.71	  2.84	 -0.12	
 -0.44	  1.57	 -2.33	  0.44	  1.57	 -2.33	 -0.68	 -2.71	  2.84	 -0.12	  0.68	 -2.71	  2.84	 -0.12	
 -0.44	  1.57	 -2.33	  0.44	  1.57	 -2.33	 -0.68	 -2.71	  2.83	 -0.13	  0.68	 -2.71	  2.83	 -0.13	
 -0.44	  1.57	 -2.33	  0.44	  1.57	 -2.33	 -0.68	 -2.71	  2.83	 -0.13	  0.68	 -2.71	  2.83	 -0.13	
 -0.44	  1.57	 -2.33	  0.44	  1.57	 -2.33	 -0.68	 -2.70	  2.83	 -0.13	  0.68	 -2.70	  2.83	 -0.13	
 -0.44	  1.57	 -2.33	  0.44	  1.57	 -2.33	 -0.68	 -2.70	  2.83	 -0.13	  0.68	 -2.70	  2.83	 -0.13	
 -0.44	  1.57	 -2.32	  0.44	  1.57	 -2.32	 -0.68	 -2.70	  2.83	 -0.13	  0.68	 -2.70	  2.83	 -0.13	
 -0.44	  1.56	 -2.32	  0.44	  1.56	 -2.32	 -0.68	 -2.70	  2.83	 -0.14	  0.68	 -2.70	  2.83	 -0.14	
 -0.44	  1.56	 -2.32	  0.44	  1.56	 -2.32	 -0.67	 -2.69	  2.83	 -0.14	  0.67	 -2.69	  2.83	 -0.14	
 -0.44	  1.56	 -2.32	  0.44	  1.56	 -2.32	 -0.67	 -2.69	  2.83	 -0.14	  0.67	 -2.69	  2.83	 -0.14	
 -0.44	  1.56	 -2.32	  0.44	  1.56	 -2.32	 -0.67	 -2.69	  2.83	 -0.14	  0.67	 -2.69	  2.83	 -0.14	
 -0.44	  1.56	 -2.32	  0.44	  1.56	 -2.32	 -0.67	 -2.69	  2.83	 -0.14	  0.67	 -2.69	  2.83	 -0.14	
 -0.44	  1.56	 -2.32	  0.44	  1.56	 -2.32	 -0.67	 -2.68	  2.83	 -0.15	  0.67	 -2.68	  2.83	 -0.15	
 -0.44	  1.56	 -2.32	  0.44	  1.56	 -2.32	 -0.67	 -2.68	  2.83	 -0.15	  0.67	 -2.68	  2.83	 -0.15	
 -0.44	  1.56	 -2.32	  0.44	  1.56	 -2.32	 -0.67	 -2.68	  2.83	 -0.15	  0.67	 -2.68	  2.83	 -0.15	
 -0.44	  1.56	 -2.32	  0.44	  1.56	 -2.32	 -0.67	 -2.68	  2.83	 -0.15	  0.67	 -2.68	  2.83	 -0.15	
 -0.44	  1.56	 -2.32	  0.44	  1.56	 -2.32	 -0.67	 -2.67	  2.83	 -0.15	  0.67	 -2.67	  2.83	 -0.15	
 -0.43	  1.56	 -2.32	  0.43	  1.56	 -2.32	 -0.67	 -2.67	  2.83	 -0.15	  0.67	 -2.67	  2.83	 -0.15	
 -0.43	  1.56	 -2.32	  0.43	  1.56	 -2.32	 -0.67	 -2.67	  2.82	 -0.16	  0.67	 -2.67	  2.82	 -0.16	
 -0.43	  1.55	 -2.31	  0.43	  1.55	 -2.31	 -0.67	 -2.67	  2.82	 -0.16	  0.67	 -2.67	  2.82	 -0.16	
 -0.43	  1.55	 -2.31	  0.43	  1.55	 -2.31	 -0.67	 -2.66	  2.82	 -0.16	  0.67	 -2.66	  2.82	 -0.16	
 -0.43	  1.55	 -2.31	  0.43	  1.55	 -2.31	 -0.67	 -2.66	  2.82	 -0.16	  0.67	 -2.66	  2.82	 -0.16	
 -0.43	  1.55	 -2.31	  0.43	  1.55	 -2.31	 -0.67	 -2.66	  2.82	 -0.16	  0.67	 -2.66	  2.82	 -0.16	
 -0.43	  1.55	 -2.31	  0.43	  1.55	 -2.31	 -0.67	 -2.66	  2.82	 -0.17	  0.67	 -2.66	  2.82	 -0.17	
 -0.43	  1.55	 -2.31	  0.43	  1.55	 -2.31	 -0.67	 -2.65	  2.82	 -0.17	  0.67	 -2.65	  2.82	 -0.17	
 -0.43	  1.55	 -2.31	  0.43	  1.55	 -2.31	 -0.66	 -2.65	  2.82	 -0.17	  0.66	 -2.65	  2.82	 -0.17	
 -0.43	  1.55	 -2.31	  0.43	  1.55	 -2.31	 -0.66	 -2.65	  2.82	 -0.17	  0.66	 -2.65	  2.82	 -0.17	
 -0.43	  1.55	 -2.31	  0.43	  1.55	 -2.31	 -0.66	 -2.65	  2.82	 -0.17	  0.66	 -2.65	  2.82	 -0.17	
 -0.43	  1.55	 -2.31	  0.43	  1.55	 -2.31	 -0.66	 -2.64	  2.82	 -0.17	  0.66	 -2.64	  2.82	 -0.17	
 -0.43	  1.55	 -2.31	  0.43	  1.55	 -2.31	 -0.66	 -2.64	  2.82	 -0.18	  0.66	 -2.64	  2.82	 -0.18	
 -0.43	  1.55	 -2.31	  0.43	  1.55	 -2.31	 -0.66	 -2.64	  2.82	 -0.18	  0.66	 -2.64	  2.82	 -0.18	
 -0.43	  1.55	 -2.30	  0.43	  1.55	 -2.30	 -0.66	 -2.64	  2.82	 -0.18	  0.66	 -2.64	  2.82	 -0.18	
 -0.43	  1.54	 -2.30	  0.43	  1.54	 -2.30	 -0.66	 -2.63	  2.82	 -0.18	  0.66	 -2.63	  2.82	 -0.18	
 -0.43	  1.54	 -2.30	  0.43	  1.54	 -2.30	 -0.66	 -2.63	  2.81	 -0.18	  0.66	 -2.63	  2.81	 -0.18	
 -0.43	  1.54	 -2.30	  0.43	  1.54	 -2.30	 -0.66	 -2.63	  2.81	 -0.19	  0.66	 -2.63	  2.81	 -0.19	
 -0.43	  1.54	 -2.30	  0.43	  1.54	 -2.30	 -0.66	 -2.63	  2.81	 -0.19	  0.66	 -2.63	  2.81	 -0.19	
 -0.43	  1.54	 -2.30	  0.43	  1.54	 -2.30	 -0.66	 -2.62	  2.81	 -0.19	  0.66	 -2.62	  2.81	 -0.19	
 -0.42	  1.54	 -2.30	  0.42	  1.54	 -2.30	 -0.66	 -2.62	  2.81	 -0.19	  0.66	 -2.62	  2.81	 -0.19	
 -0.42	  1.54	 -2.30	  0.42	  1.54	 -2.30	 -0.66	 -2.62	  2.81	 -0.19	  0.66	 -2.62	  2.81	 -0.19	
 -0.42	  1.54	 -2.30	  0.42	  1.54	 -2.30	 -0.66	 -2.62	  2.81	 -0.19	  0.66	 -2.62	  2.81	 -0.19	
 -0.42	  1.54	 -2.30	  0.42	  1.54	 -2.30	 -0.66	 -2.61	  2.81	 -0.20	  0.66	 -2.61	  2.81	 -0.20	
 -0.42	  1.54	 -2.30	  0.42	  1.54	 -2.30	 -0.66	 -2.61	  2.81	 -0.20	  0.66	 -2.61	  2.81	 -0.20	
 -0.42	  1.54	 -2.30	  0.42	  1.54	 -2.30	 -0.65	 -2.61	  2.81	 -0.20	  0.65	 -2.61	  2.81	 -0.20	
 -0.42	  1.54	 -2.29	  0.42	  1.54	 -2.29	 -0.65	 -2.61	  2.81	 -0.20	  0.65	 -2.61	  2.81	 -0.20	
 -0.42	  1.54	 -2.29	  0.42	  1.54	 -2.29	 -0.65	 -2.60	  2.81	 -0.20	  0.65	 -2.60	  2.81	 -0.20	
 -0.42	  1.53	 -2.29	  0.42	  1.53	 -2.29	 -0.65	 -2.60	  2.81	 -0.20	  0.65	 -2.60	  2.81	 -0.20	
 -0.42	  1.53	 -2.29	  0.42	  1.53	 -2.29	 -0.65	 -2.60	  2.81	 -0.21	  0.65	 -2.60	  2.81	 -0.21	
 -0.42	  1.53	 -2.29	  0.42	  1.53	 -2.29	 -0.65	 -2.60	  2.80	 -0.21	  0.65	 -2.60	  2.80	 -0.21	
 -0.42	  1.53	 -2.29	  0.42	  1.53	 -2.29	 -0.65	 -2.59	  2.80	 -0.21	  0.65	 -2.59	  2.80	 -0.21	
 -0.42	  1.53	 -2.29	  0.42	  1.53	 -2.29	 -0.65	 -2.59	  2.80	 -0.21	  0.65	 -2.59	  2.80	 -0.21	
 -0.42	  1.53	 -2.29	  0.42	  1.53	 -2.29	 -0.65	 -2.59	  2.80	 -0.21	  0.65	 -2.59	  2.80	 -0.21	
 -0.42	  1.53	 -2.29	  0.42	  1.53	 -2.29	 -0.65	 -2.59	  2.80	 -0.21	  0.65	 -2.59	  2.80	 -0.21	
 -0.42	  1.53	 -2.29	  0.42	  1.53	 -2.29	 -0.65	 -2.58	  2.80	 -0.22	  0.65	 -2.58	  2.80	 -0.22	
 -0.42	  1.53	 -2.29	  0.42	  1.53	 -2.29	 -0.65	 -2.58	  2.80	 -0.22	  0.65	 -2.58	  2.80	 -0.22	
 -0.42	  1.53	 -2.29	  0.42	  1.53	 -2.29	 -0.65	 -2.58	  2.80	 -0.22	  0.65	 -2.58	  2.80	 -0.22	
 -0.42	  1.53	 -2.29	  0.42	  1.53	 -2.29	 -0.65	 -2.58	  2.80	 -0.22	  0.65	 -2.58	  2.80	 -0.22	
 -0.42	  1.53	 -2.28	  0.42	  1.53	 -2.28	 -0.65	 -2.58	  2.80	 -0.22	  0.65	 -2.58	  2.80	 -0.22	
 -0.42	  1.53	 -2.28	  0.42	  1.53	 -2.28	 -0.65	 -2.57	  2.80	 -0.22	  0.65	 -2.57	  2.80	 -0.22	
 -0.41	  1.52	 -2.28	  0.41	  1.52	 -2.28	 -0.65	 -2.57	  2.80	 -0.23	  0.65	 -2.57	  2.80	 -0.23	
 -0.41	  1.52	 -2.28	  0.41	  1.52	 -2.28	 -0.64	 -2.57	  2.80	 -0.23	  0.64	 -2.57	  2.80	 -0.23	
 -0.41	  1.52	 -2.28	  0.41	  1.52	 -2.28	 -0.64	 -2.57	  2.80	 -0.23	  0.64	 -2.57	  2.80	 -0.23	
 -0.41	  1.52	 -2.28	  0.41	  1.52	 -2.28	 -0.64	 -2.56	  2.80	 -0.23	  0.64	 -2.56	  2.80	 -0.23	
 -0.41	  1.52	 -2.28	  0.41	  1.52	 -2.28	 -0.64	 -2.56	  2.79	 -0.23	  0.64	 -2.56	  2.79	 -0.23	
 -0.41	  1.52	 -2.28	  0.41	  1.52	 -2.28	 -0.64	 -2.56	  2.79	 -0.23	  0.64	 -2.56	  2.79	 -0.23	
 -0.41	  1.52	 -2.28	  0.41	  1.52	 -2.28	 -0.64	 -2.56	  2.79	 -0.24	  0.64	 -2.56	  2.79	 -0.24	
 -0.41	  1.52	 -2.28	  0.41	  1.52	 -2.28	 -0.64	 -2.55	  2.79	 -0.24	  0.64	 -2.55	  2.79	 -0.24	
 -0.41	  1.52	 -2.28	  0.41	  1.52	 -2.28	 -0.64	 -2.55	  2.79	 -0.24	  0.64	 -2.55	  2.79	 -0.24	
 -0.41	  1.52	 -2.28	  0.41	  1.52	 -2.28	 -0.64	 -2.55	  2.79	 -0.24	  0.64	 -2.55	  2.79	 -0.24	
 -0.41	  1.52	 -2.27	  0.41	  1.52	 -2.27	 -0.64	 -2.55	  2.79	 -0.24	  0.64	 -2.55	  2.79	 -0.24	
 -0.41	  1.52	 -2.27	  0.41	  1.52	 -2.27	 -0.64	 -2.54	  2.79	 -0.24	  0.64	 -2.54	  2.79	 -0.24	
 -0.41	  1.52	 -2.27	  0.41	  1.52	 -2.27	 -0.64	 -2.54	  2.79	 -0.25	  0.64	 -2.54	  2.79	 -0.25	
 -0.41	  1.51	 -2.27	  0.41	  1.51	 -2.27	 -0.64	 -2.54	  2.79	 -0.25	  0.64	 -2.54	  2.79	 -0.25	
 -0.41	  1.51	 -2.27	  0.41	  1.51	 -2.27	 -0.64	 -2.54	  2.79	 -0.25	  0.64	 -2.54	  2.79	 -0.25	
 -0.41	  1.51	 -2.27	  0.41	  1.51	 -2.27	 -0.64	 -2.54	  2.79	 -0.25	  0.64	 -2.54	  2.79	 -0.25	
 -0.41	  1.51	 -2.27	  0.41	  1.51	 -2.27	 -0.64	 -2.53	  2.79	 -0.25	  0.64	 -2.53	  2.79	 -0.25	
 -0.41	  1.51	 -2.27	  0.41	  1.51	 -2.27	 -0.64	 -2.53	  2.79	 -0.25	  0.64	 -2.53	  2.79	 -0.25	
 -0.41	  1.51	 -2.27	  0.41	  1.51	 -2.27	 -0.63	 -2.53	  2.78	 -0.26	  0.63	 -2.53	  2.78	 -0.26	
 -0.41	  1.51	 -2.27	  0.41	  1.51	 -2.27	 -0.63	 -2.53	  2.78	 -0.26	  0.63	 -2.53	  2.78	 -0.26	
 -0.41	  1.51	 -2.27	  0.41	  1.51	 -2.27	 -0.63	 -2.52	  2.78	 -0.26	  0.63	 -2.52	  2.78	 -0.26	
 -0.41	  1.51	 -2.27	  0.41	  1.51	 -2.27	 -0.63	 -2.52	  2.78	 -0.26	  0.63	 -2.52	  2.78	 -0.26	
 -0.40	  1.51	 -2.26	  0.40	  1.51	 -2.26	 -0.63	 -2.52	  2.78	 -0.26	  0.63	 -2.52	  2.78	 -0.26	
 -0.40	  1.51	 -2.26	  0.40	  1.51	 -2.26	 -0.63	 -2.52	  2.78	 -0.26	  0.63	 -2.52	  2.78	 -0.26	
 -0.40	  1.51	 -2.26	  0.40	  1.51	 -2.26	 -0.63	 -2.51	  2.78	 -0.27	  0.63	 -2.51	  2.78	 -0.27	
 -0.40	  1.51	 -2.26	  0.40	  1.51	 -2.26	 -0.63	 -2.51	  2.78	 -0.27	  0.63	 -2.51	  2.78	 -0.27	
 -0.40	  1.50	 -2.26	  0.40	  1.50	 -2.26	 -0.63	 -2.51	  2.78	 -0.27	  0.63	 -2.51	  2.78	 -0.27	
 -0.40	  1.50	 -2.26	  0.40	  1.50	 -2.26	 -0.63	 -2.51	  2.78	 -0.27	  0.63	 -2.51	  2.78	 -0.27	
 -0.40	  1.50	 -2.26	  0.40	  1.50	 -2.26	 -0.63	 -2.51	  2.78	 -0.27	  0.63	 -2.51	  2.78	 -0.27	
 -0.40	  1.50	 -2.26	  0.40	  1.50	 -2.26	 -0.63	 -2.50	  2.78	 -0.27	  0.63	 -2.50	  2.78	 -0.27	
 -0.40	  1.50	 -2.26	  0.40	  1.50	 -2.26	 -0.63	 -2.50	  2.78	 -0.27	  0.63	 -2.50	  2.78	 -0.27	
 -0.40	  1.50	 -2.26	  0.40	  1.50	 -2.26	 -0.63	 -2.50	  2.78	 -0.28	  0.63	 -2.50	  2.78	 -0.28	
 -0.40	  1.50	 -2.26	  0.40	  1.50	 -2.26	 -0.63	 -2.50	  2.77	 -0.28	  0.63	 -2.50	  2.77	 -0.28	
 -0.40	  1.50	 -2.26	  0.40	  1.50	 -2.26	 -0.63	 -2.49	  2.77	 -0.28	  0.63	 -2.49	  2.77	 -0.28	
 -0.40	  1.50	 -2.25	  0.40	  1.50	 -2.25	 -0.63	 -2.49	  2.77	 -0.28	  0.63	 -2.49	  2.77	 -0.28	
 -0.40	  1.50	 -2.25	  0.40	  1.50	 -2.25	 -0.63	 -2.49	  2.77	 -0.28	  0.63	 -2.49	  2.77	 -0.28	
 -0.40	  1.50	 -2.25	  0.40	  1.50	 -2.25	 -0.63	 -2.49	  2.77	 -0.28	  0.63	 -2.49	  2.77	 -0.28	
 -0.40	  1.50	 -2.25	  0.40	  1.50	 -2.25	 -0.62	 -2.49	  2.77	 -0.29	  0.62	 -2.49	  2.77	 -0.29	
 -0.40	  1.50	 -2.25	  0.40	  1.50	 -2.25	 -0.62	 -2.48	  2.77	 -0.29	  0.62	 -2.48	  2.77	 -0.29	
 -0.40	  1.49	 -2.25	  0.40	  1.49	 -2.25	 -0.62	 -2.48	  2.77	 -0.29	  0.62	 -2.48	  2.77	 -0.29	
 -0.40	  1.49	 -2.25	  0.40	  1.49	 -2.25	 -0.62	 -2.48	  2.77	 -0.29	  0.62	 -2.48	  2.77	 -0.29	
 -0.40	  1.49	 -2.25	  0.40	  1.49	 -2.25	 -0.62	 -2.48	  2.77	 -0.29	  0.62	 -2.48	  2.77	 -0.29	
 -0.40	  1.49	 -2.25	  0.40	  1.49	 -2.25	 -0.62	 -2.47	  2.77	 -0.29	  0.62	 -2.47	  2.77	 -0.29	
 -0.40	  1.49	 -2.25	  0.40	  1.49	 -2.25	 -0.62	 -2.47	  2.77	 -0.29	  0.62	 -2.47	  2.77	 -0.29	
 -0.40	  1.49	 -2.25	  0.40	  1.49	 -2.25	 -0.62	 -2.47	  2.77	 -0.30	  0.62	 -2.47	  2.77	 -0.30	
 -0.39	  1.49	 -2.25	  0.39	  1.49	 -2.25	 -0.62	 -2.47	  2.76	 -0.30	  0.62	 -2.47	  2.76	 -0.30	
 -0.39	  1.49	 -2.24	  0.39	  1.49	 -2.24	 -0.62	 -2.47	  2.76	 -0.30	  0.62	 -2.47	  2.76	 -0.30	
 -0.39	  1.49	 -2.24	  0.39	  1.49	 -2.24	 -0.62	 -2.46	  2.76	 -0.30	  0.62	 -2.46	  2.76	 -0.30	
 -0.39	  1.49	 -2.24	  0.39	  1.49	 -2.24	 -0.62	 -2.46	  2.76	 -0.30	  0.62	 -2.46	  2.76	 -0.30	
 -0.39	  1.49	 -2.24	  0.39	  1.49	 -2.24	 -0.62	 -2.46	  2.76	 -0.30	  0.62	 -2.46	  2.76	 -0.30	
 -0.39	  1.49	 -2.24	  0.39	  1.49	 -2.24	 -0.62	 -2.46	  2.76	 -0.30	  0.62	 -2.46	  2.76	 -0.30	
 -0.39	  1.49	 -2.24	  0.39	  1.49	 -2.24	 -0.62	 -2.45	  2.76	 -0.31	  0.62	 -2.45	  2.76	 -0.31	
 -0.39	  1.48	 -2.24	  0.39	  1.48	 -2.24	 -0.62	 -2.45	  2.76	 -0.31	  0.62	 -2.45	  2.76	 -0.31	
 -0.39	  1.48	 -2.24	  0.39	  1.48	 -2.24	 -0.62	 -2.45	  2.76	 -0.31	  0.62	 -2.45	  2.76	 -0.31	
 -0.39	  1.48	 -2.24	  0.39	  1.48	 -2.24	 -0.62	 -2.45	  2.76	 -0.31	  0.62	 -2.45	  2.76	 -0.31	
 -0.39	  1.48	 -2.24	  0.39	  1.48	 -2.24	 -0.61	 -2.45	  2.76	 -0.31	  0.61	 -2.45	  2.76	 -0.31	
 -0.39	  1.48	 -2.24	  0.39	  1.48	 -2.24	 -0.61	 -2.44	  2.76	 -0.31	  0.61	 -2.44	  2.76	 -0.31	
 -0.39	  1.48	 -2.23	  0.39	  1.48	 -2.23	 -0.61	 -2.44	  2.76	 -0.31	  0.61	 -2.44	  2.76	 -0.31	
 -0.39	  1.48	 -2.23	  0.39	  1.48	 -2.23	 -0.61	 -2.44	  2.76	 -0.32	  0.61	 -2.44	  2.76	 -0.32	
 -0.39	  1.48	 -2.23	  0.39	  1.48	 -2.23	 -0.61	 -2.44	  2.75	 -0.32	  0.61	 -2.44	  2.75	 -0.32	
 -0.39	  1.48	 -2.23	  0.39	  1.48	 -2.23	 -0.61	 -2.44	  2.75	 -0.32	  0.61	 -2.44	  2.75	 -0.32	
 -0.39	  1.48	 -2.23	  0.39	  1.48	 -2.23	 -0.61	 -2.43	  2.75	 -0.32	  0.61	 -2.43	  2.75	 -0.32	
 -0.39	  1.48	 -2.23	  0.39	  1.48	 -2.23	 -0.61	 -2.43	  2.75	 -0.32	  0.61	 -2.43	  2.75	 -0.32	
 -0.39	  1.48	 -2.23	  0.39	  1.48	 -2.23	 -0.61	 -2.43	  2.75	 -0.32	  0.61	 -2.43	  2.75	 -0.32	
 -0.39	  1.48	 -2.23	  0.39	  1.48	 -2.23	 -0.61	 -2.43	  2.75	 -0.32	  0.61	 -2.43	  2.75	 -0.32	
 -0.39	  1.47	 -2.23	  0.39	  1.47	 -2.23	 -0.61	 -2.42	  2.75	 -0.33	  0.61	 -2.42	  2.75	 -0.33	
 -0.39	  1.47	 -2.23	  0.39	  1.47	 -2.23	 -0.61	 -2.42	  2.75	 -0.33	  0.61	 -2.42	  2.75	 -0.33	
 -0.39	  1.47	 -2.23	  0.39	  1.47	 -2.23	 -0.61	 -2.42	  2.75	 -0.33	  0.61	 -2.42	  2.75	 -0.33	
 -0.39	  1.47	 -2.23	  0.39	  1.47	 -2.23	 -0.61	 -2.42	  2.75	 -0.33	  0.61	 -2.42	  2.75	 -0.33	
 -0.38	  1.47	 -2.22	  0.38	  1.47	 -2.22	 -0.61	 -2.42	  2.75	 -0.33	  0.61	 -2.42	  2.75	 -0.33	
 -0.38	  1.47	 -2.22	  0.38	  1.47	 -2.22	 -0.61	 -2.41	  2.75	 -0.33	  0.61	 -2.41	  2.75	 -0.33	
 -0.38	  1.47	 -2.22	  0.38	  1.47	 -2.22	 -0.61	 -2.41	  2.75	 -0.33	  0.61	 -2.41	  2.75	 -0.33	
 -0.38	  1.47	 -2.22	  0.38	  1.47	 -2.22	 -0.61	 -2.41	  2.74	 -0.34	  0.61	 -2.41	  2.74	 -0.34	
 -0.38	  1.47	 -2.22	  0.38	  1.47	 -2.22	 -0.61	 -2.41	  2.74	 -0.34	  0.61	 -2.41	  2.74	 -0.34	
 -0.38	  1.47	 -2.22	  0.38	  1.47	 -2.22	 -0.60	 -2.41	  2.74	 -0.34	  0.60	 -2.41	  2.74	 -0.34	
 -0.38	  1.47	 -2.22	  0.38	  1.47	 -2.22	 -0.60	 -2.40	  2.74	 -0.34	  0.60	 -2.40	  2.74	 -0.34	
 -0.38	  1.47	 -2.22	  0.38	  1.47	 -2.22	 -0.60	 -2.40	  2.74	 -0.34	  0.60	 -2.40	  2.74	 -0.34	
 -0.38	  1.47	 -2.22	  0.38	  1.47	 -2.22	 -0.60	 -2.40	  2.74	 -0.34	  0.60	 -2.40	  2.74	 -0.34	
 -0.38	  1.46	 -2.22	  0.38	  1.46	 -2.22	 -0.60	 -2.40	  2.74	 -0.34	  0.60	 -2.40	  2.74	 -0.34	
 -0.38	  1.46	 -2.22	  0.38	  1.46	 -2.22	 -0.60	 -2.40	  2.74	 -0.34	  0.60	 -2.40	  2.74	 -0.34	
 -0.38	  1.46	 -2.22	  0.38	  1.46	 -2.22	 -0.60	 -2.39	  2.74	 -0.35	  0.60	 -2.39	  2.74	 -0.35	
 -0.38	  1.46	 -2.21	  0.38	  1.46	 -2.21	 -0.60	 -2.39	  2.74	 -0.35	  0.60	 -2.39	  2.74	 -0.35	
 -0.38	  1.46	 -2.21	  0.38	  1.46	 -2.21	 -0.60	 -2.39	  2.74	 -0.35	  0.60	 -2.39	  2.74	 -0.35	
 -0.38	  1.46	 -2.21	  0.38	  1.46	 -2.21	 -0.60	 -2.39	  2.74	 -0.35	  0.60	 -2.39	  2.74	 -0.35	
 -0.38	  1.46	 -2.21	  0.38	  1.46	 -2.21	 -0.60	 -2.38	  2.74	 -0.35	  0.60	 -2.38	  2.74	 -0.35	
 -0.38	  1.46	 -2.21	  0.38	  1.46	 -2.21	 -0.60	 -2.38	  2.73	 -0.35	  0.60	 -2.38	  2.73	 -0.35	
 -0.38	  1.46	 -2.21	  0.38	  1.46	 -2.21	 -0.60	 -2.38	  2.73	 -0.35	  0.60	 -2.38	  2.73	 -0.35	
 -0.38	  1.46	 -2.21	  0.38	  1.46	 -2.21	 -0.60	 -2.38	  2.73	 -0.35	  0.60	 -2.38	  2.73	 -0.35	
 -0.38	  1.46	 -2.21	  0.38	  1.46	 -2.21	 -0.60	 -2.38	  2.73	 -0.36	  0.60	 -2.38	  2.73	 -0.36	
 -0.38	  1.46	 -2.21	  0.38	  1.46	 -2.21	 -0.60	 -2.37	  2.73	 -0.36	  0.60	 -2.37	  2.73	 -0.36	
 -0.38	  1.46	 -2.21	  0.38	  1.46	 -2.21	 -0.60	 -2.37	  2.73	 -0.36	  0.60	 -2.37	  2.73	 -0.36	
 -0.38	  1.45	 -2.21	  0.38	  1.45	 -2.21	 -0.60	 -2.37	  2.73	 -0.36	  0.60	 -2.37	  2.73	 -0.36	
 -0.38	  1.45	 -2.20	  0.38	  1.45	 -2.20	 -0.60	 -2.37	  2.73	 -0.36	  0.60	 -2.37	  2.73	 -0.36	
 -0.38	  1.45	 -2.20	  0.38	  1.45	 -2.20	 -0.60	 -2.37	  2.73	 -0.36	  0.60	 -2.37	  2.73	 -0.36	
 -0.37	  1.45	 -2.20	  0.37	  1.45	 -2.20	 -0.59	 -2.36	  2.73	 -0.36	  0.59	 -2.36	  2.73	 -0.36	
 -0.37	  1.45	 -2.20	  0.37	  1.45	 -2.20	 -0.59	 -2.36	  2.73	 -0.37	  0.59	 -2.36	  2.73	 -0.37	
 -0.37	  1.45	 -2.20	  0.37	  1.45	 -2.20	 -0.59	 -2.36	  2.73	 -0.37	  0.59	 -2.36	  2.73	 -0.37	
 -0.37	  1.45	 -2.20	  0.37	  1.45	 -2.20	 -0.59	 -2.36	  2.73	 -0.37	  0.59	 -2.36	  2.73	 -0.37	
 -0.37	  1.45	 -2.20	  0.37	  1.45	 -2.20	 -0.59	 -2.36	  2.73	 -0.37	  0.59	 -2.36	  2.73	 -0.37	
 -0.37	  1.45	 -2.20	  0.37	  1.45	 -2.20	 -0.59	 -2.35	  2.72	 -0.37	  0.59	 -2.35	  2.72	 -0.37	
 -0.37	  1.45	 -2.20	  0.37	  1.45	 -2.20	 -0.59	 -2.35	  2.72	 -0.37	  0.59	 -2.35	  2.72	 -0.37	
 -0.37	  1.45	 -2.20	  0.37	  1.45	 -2.20	 -0.59	 -2.35	  2.72	 -0.37	  0.59	 -2.35	  2.72	 -0.37	
 -0.37	  1.45	 -2.20	  0.37	  1.45	 -2.20	 -0.59	 -2.35	  2.72	 -0.37	  0.59	 -2.35	  2.72	 -0.37	
 -0.37	  1.45	 -2.20	  0.37	  1.45	 -2.20	 -0.59	 -2.35	  2.72	 -0.38	  0.59	 -2.35	  2.72	 -0.38	
 -0.37	  1.44	 -2.19	  0.37	  1.44	 -2.19	 -0.59	 -2.34	  2.72	 -0.38	  0.59	 -2.34	  2.72	 -0.38	
 -0.37	  1.44	 -2.19	  0.37	  1.44	 -2.19	 -0.59	 -2.34	  2.72	 -0.38	  0.59	 -2.34	  2.72	 -0.38	
 -0.37	  1.44	 -2.19	  0.37	  1.44	 -2.19	 -0.59	 -2.34	  2.72	 -0.38	  0.59	 -2.34	  2.72	 -0.38	
 -0.37	  1.44	 -2.19	  0.37	  1.44	 -2.19	 -0.59	 -2.34	  2.72	 -0.38	  0.59	 -2.34	  2.72	 -0.38	
 -0.37	  1.44	 -2.19	  0.37	  1.44	 -2.19	 -0.59	 -2.34	  2.72	 -0.38	  0.59	 -2.34	  2.72	 -0.38	
 -0.37	  1.44	 -2.19	  0.37	  1.44	 -2.19	 -0.59	 -2.33	  2.72	 -0.38	  0.59	 -2.33	  2.72	 -0.38	
 -0.37	  1.44	 -2.19	  0.37	  1.44	 -2.19	 -0.59	 -2.33	  2.72	 -0.38	  0.59	 -2.33	  2.72	 -0.38	
 -0.37	  1.44	 -2.19	  0.37	  1.44	 -2.19	 -0.59	 -2.33	  2.71	 -0.38	  0.59	 -2.33	  2.71	 -0.38	
 -0.37	  1.44	 -2.19	  0.37	  1.44	 -2.19	 -0.59	 -2.33	  2.71	 -0.39	  0.59	 -2.33	  2.71	 -0.39	
 -0.37	  1.44	 -2.19	  0.37	  1.44	 -2.19	 -0.59	 -2.33	  2.71	 -0.39	  0.59	 -2.33	  2.71	 -0.39	
 -0.37	  1.44	 -2.19	  0.37	  1.44	 -2.19	 -0.58	 -2.32	  2.71	 -0.39	  0.58	 -2.32	  2.71	 -0.39	
 -0.37	  1.44	 -2.18	  0.37	  1.44	 -2.18	 -0.58	 -2.32	  2.71	 -0.39	  0.58	 -2.32	  2.71	 -0.39	
 -0.37	  1.44	 -2.18	  0.37	  1.44	 -2.18	 -0.58	 -2.32	  2.71	 -0.39	  0.58	 -2.32	  2.71	 -0.39	
 -0.37	  1.43	 -2.18	  0.37	  1.43	 -2.18	 -0.58	 -2.32	  2.71	 -0.39	  0.58	 -2.32	  2.71	 -0.39	
 -0.37	  1.43	 -2.18	  0.37	  1.43	 -2.18	 -0.58	 -2.32	  2.71	 -0.39	  0.58	 -2.32	  2.71	 -0.39	
 -0.37	  1.43	 -2.18	  0.37	  1.43	 -2.18	 -0.58	 -2.31	  2.71	 -0.39	  0.58	 -2.31	  2.71	 -0.39	
 -0.36	  1.43	 -2.18	  0.36	  1.43	 -2.18	 -0.58	 -2.31	  2.71	 -0.40	  0.58	 -2.31	  2.71	 -0.40	
 -0.36	  1.43	 -2.18	  0.36	  1.43	 -2.18	 -0.58	 -2.31	  2.71	 -0.40	  0.58	 -2.31	  2.71	 -0.40	
 -0.36	  1.43	 -2.18	  0.36	  1.43	 -2.18	 -0.58	 -2.31	  2.71	 -0.40	  0.58	 -2.31	  2.71	 -0.40	
 -0.36	  1.43	 -2.18	  0.36	  1.43	 -2.18	 -0.58	 -2.31	  2.71	 -0.40	  0.58	 -2.31	  2.71	 -0.40	
 -0.36	  1.43	 -2.18	  0.36	  1.43	 -2.18	 -0.58	 -2.30	  2.70	 -0.40	  0.58	 -2.30	  2.70	 -0.40	
 -0.36	  1.43	 -2.18	  0.36	  1.43	 -2.18	 -0.58	 -2.30	  2.70	 -0.40	  0.58	 -2.30	  2.70	 -0.40	
 -0.36	  1.43	 -2.17	  0.36	  1.43	 -2.17	 -0.58	 -2.30	  2.70	 -0.40	  0.58	 -2.30	  2.70	 -0.40	
 -0.36	  1.43	 -2.17	  0.36	  1.43	 -2.17	 -0.58	 -2.30	  2.70	 -0.40	  0.58	 -2.30	  2.70	 -0.40	
 -0.36	  1.43	 -2.17	  0.36	  1.43	 -2.17	 -0.58	 -2.30	  2.70	 -0.40	  0.58	 -2.30	  2.70	 -0.40	
 -0.36	  1.43	 -2.17	  0.36	  1.43	 -2.17	 -0.58	 -2.29	  2.70	 -0.41	  0.58	 -2.29	  2.70	 -0.41	
 -0.36	  1.42	 -2.17	  0.36	  1.42	 -2.17	 -0.58	 -2.29	  2.70	 -0.41	  0.58	 -2.29	  2.70	 -0.41	
 -0.36	  1.42	 -2.17	  0.36	  1.42	 -2.17	 -0.58	 -2.29	  2.70	 -0.41	  0.58	 -2.29	  2.70	 -0.41	
 -0.36	  1.42	 -2.17	  0.36	  1.42	 -2.17	 -0.58	 -2.29	  2.70	 -0.41	  0.58	 -2.29	  2.70	 -0.41	
 -0.36	  1.42	 -2.17	  0.36	  1.42	 -2.17	 -0.58	 -2.29	  2.70	 -0.41	  0.58	 -2.29	  2.70	 -0.41	
 -0.36	  1.42	 -2.17	  0.36	  1.42	 -2.17	 -0.57	 -2.29	  2.70	 -0.41	  0.57	 -2.29	  2.70	 -0.41	
 -0.36	  1.42	 -2.17	  0.36	  1.42	 -2.17	 -0.57	 -2.28	  2.70	 -0.41	  0.57	 -2.28	  2.70	 -0.41	
 -0.36	  1.42	 -2.17	  0.36	  1.42	 -2.17	 -0.57	 -2.28	  2.70	 -0.41	  0.57	 -2.28	  2.70	 -0.41	
 -0.36	  1.42	 -2.16	  0.36	  1.42	 -2.16	 -0.57	 -2.28	  2.69	 -0.41	  0.57	 -2.28	  2.69	 -0.41	
 -0.36	  1.42	 -2.16	  0.36	  1.42	 -2.16	 -0.57	 -2.28	  2.69	 -0.42	  0.57	 -2.28	  2.69	 -0.42	
 -0.36	  1.42	 -2.16	  0.36	  1.42	 -2.16	 -0.57	 -2.28	  2.69	 -0.42	  0.57	 -2.28	  2.69	 -0.42	
 -0.36	  1.42	 -2.16	  0.36	  1.42	 -2.16	 -0.57	 -2.27	  2.69	 -0.42	  0.57	 -2.27	  2.69	 -0.42	
 -0.36	  1.42	 -2.16	  0.36	  1.42	 -2.16	 -0.57	 -2.27	  2.69	 -0.42	  0.57	 -2.27	  2.69	 -0.42	
 -0.36	  1.42	 -2.16	  0.36	  1.42	 -2.16	 -0.57	 -2.27	  2.69	 -0.42	  0.57	 -2.27	  2.69	 -0.42	
 -0.36	  1.41	 -2.16	  0.36	  1.41	 -2.16	 -0.57	 -2.27	  2.69	 -0.42	  0.57	 -2.27	  2.69	 -0.42	
 -0.36	  1.41	 -2.16	  0.36	  1.41	 -2.16	 -0.57	 -2.27	  2.69	 -0.42	  0.57	 -2.27	  2.69	 -0.42	
 -0.36	  1.41	 -2.16	  0.36	  1.41	 -2.16	 -0.57	 -2.26	  2.69	 -0.42	  0.57	 -2.26	  2.69	 -0.42	
 -0.36	  1.41	 -2.16	  0.36	  1.41	 -2.16	 -0.57	 -2.26	  2.69	 -0.42	  0.57	 -2.26	  2.69	 -0.42	
 -0.36	  1.41	 -2.16	  0.36	  1.41	 -2.16	 -0.57	 -2.26	  2.69	 -0.43	  0.57	 -2.26	  2.69	 -0.43	
 -0.35	  1.41	 -2.15	  0.35	  1.41	 -2.15	 -0.57	 -2.26	  2.69	 -0.43	  0.57	 -2.26	  2.69	 -0.43	
 -0.35	  1.41	 -2.15	  0.35	  1.41	 -2.15	 -0.57	 -2.26	  2.68	 -0.43	  0.57	 -2.26	  2.68	 -0.43	
 -0.35	  1.41	 -2.15	  0.35	  1.41	 -2.15	 -0.57	 -2.26	  2.68	 -0.43	  0.57	 -2.26	  2.68	 -0.43	
 -0.35	  1.41	 -2.15	  0.35	  1.41	 -2.15	 -0.57	 -2.25	  2.68	 -0.43	  0.57	 -2.25	  2.68	 -0.43	
 -0.35	  1.41	 -2.15	  0.35	  1.41	 -2.15	 -0.57	 -2.25	  2.68	 -0.43	  0.57	 -2.25	  2.68	 -0.43	
 -0.35	  1.41	 -2.15	  0.35	  1.41	 -2.15	 -0.57	 -2.25	  2.68	 -0.43	  0.57	 -2.25	  2.68	 -0.43	
 -0.35	  1.41	 -2.15	  0.35	  1.41	 -2.15	 -0.57	 -2.25	  2.68	 -0.43	  0.57	 -2.25	  2.68	 -0.43	
 -0.35	  1.41	 -2.15	  0.35	  1.41	 -2.15	 -0.57	 -2.25	  2.68	 -0.43	  0.57	 -2.25	  2.68	 -0.43	
 -0.35	  1.40	 -2.15	  0.35	  1.40	 -2.15	 -0.56	 -2.24	  2.68	 -0.44	  0.56	 -2.24	  2.68	 -0.44	
 -0.35	  1.40	 -2.15	  0.35	  1.40	 -2.15	 -0.56	 -2.24	  2.68	 -0.44	  0.56	 -2.24	  2.68	 -0.44	
 -0.35	  1.40	 -2.15	  0.35	  1.40	 -2.15	 -0.56	 -2.24	  2.68	 -0.44	  0.56	 -2.24	  2.68	 -0.44	
 -0.35	  1.40	 -2.14	  0.35	  1.40	 -2.14	 -0.56	 -2.24	  2.68	 -0.44	  0.56	 -2.24	  2.68	 -0.44	
 -0.35	  1.40	 -2.14	  0.35	  1.40	 -2.14	 -0.56	 -2.24	  2.68	 -0.44	  0.56	 -2.24	  2.68	 -0.44	
 -0.35	  1.40	 -2.14	  0.35	  1.40	 -2.14	 -0.56	 -2.23	  2.68	 -0.44	  0.56	 -2.23	  2.68	 -0.44	
 -0.35	  1.40	 -2.14	  0.35	  1.40	 -2.14	 -0.56	 -2.23	  2.67	 -0.44	  0.56	 -2.23	  2.67	 -0.44	
 -0.35	  1.40	 -2.14	  0.35	  1.40	 -2.14	 -0.56	 -2.23	  2.67	 -0.44	  0.56	 -2.23	  2.67	 -0.44	
 -0.35	  1.40	 -2.14	  0.35	  1.40	 -2.14	 -0.56	 -2.23	  2.67	 -0.44	  0.56	 -2.23	  2.67	 -0.44	
 -0.35	  1.40	 -2.14	  0.35	  1.40	 -2.14	 -0.56	 -2.23	  2.67	 -0.44	  0.56	 -2.23	  2.67	 -0.44	
 -0.35	  1.40	 -2.14	  0.35	  1.40	 -2.14	 -0.56	 -2.23	  2.67	 -0.45	  0.56	 -2.23	  2.67	 -0.45	
 -0.35	  1.40	 -2.14	  0.35	  1.40	 -2.14	 -0.56	 -2.22	  2.67	 -0.45	  0.56	 -2.22	  2.67	 -0.45	
 -0.35	  1.40	 -2.14	  0.35	  1.40	 -2.14	 -0.56	 -2.22	  2.67	 -0.45	  0.56	 -2.22	  2.67	 -0.45	
 -0.35	  1.39	 -2.14	  0.35	  1.39	 -2.14	 -0.56	 -2.22	  2.67	 -0.45	  0.56	 -2.22	  2.67	 -0.45	
 -0.35	  1.39	 -2.13	  0.35	  1.39	 -2.13	 -0.56	 -2.22	  2.67	 -0.45	  0.56	 -2.22	  2.67	 -0.45	
 -0.35	  1.39	 -2.13	  0.35	  1.39	 -2.13	 -0.56	 -2.22	  2.67	 -0.45	  0.56	 -2.22	  2.67	 -0.45	
 -0.35	  1.39	 -2.13	  0.35	  1.39	 -2.13	 -0.56	 -2.21	  2.67	 -0.45	  0.56	 -2.21	  2.67	 -0.45	
 -0.35	  1.39	 -2.13	  0.35	  1.39	 -2.13	 -0.56	 -2.21	  2.67	 -0.45	  0.56	 -2.21	  2.67	 -0.45	
 -0.35	  1.39	 -2.13	  0.35	  1.39	 -2.13	 -0.56	 -2.21	  2.66	 -0.45	  0.56	 -2.21	  2.66	 -0.45	
 -0.35	  1.39	 -2.13	  0.35	  1.39	 -2.13	 -0.56	 -2.21	  2.66	 -0.45	  0.56	 -2.21	  2.66	 -0.45	
 -0.35	  1.39	 -2.13	  0.35	  1.39	 -2.13	 -0.56	 -2.21	  2.66	 -0.46	  0.56	 -2.21	  2.66	 -0.46	
 -0.34	  1.39	 -2.13	  0.34	  1.39	 -2.13	 -0.56	 -2.21	  2.66	 -0.46	  0.56	 -2.21	  2.66	 -0.46	
 -0.34	  1.39	 -2.13	  0.34	  1.39	 -2.13	 -0.55	 -2.20	  2.66	 -0.46	  0.55	 -2.20	  2.66	 -0.46	
 -0.34	  1.39	 -2.13	  0.34	  1.39	 -2.13	 -0.55	 -2.20	  2.66	 -0.46	  0.55	 -2.20	  2.66	 -0.46	
 -0.34	  1.39	 -2.13	  0.34	  1.39	 -2.13	 -0.55	 -2.20	  2.66	 -0.46	  0.55	 -2.20	  2.66	 -0.46	
 -0.34	  1.39	 -2.12	  0.34	  1.39	 -2.12	 -0.55	 -2.20	  2.66	 -0.46	  0.55	 -2.20	  2.66	 -0.46	
 -0.34	  1.38	 -2.12	  0.34	  1.38	 -2.12	 -0.55	 -2.20	  2.66	 -0.46	  0.55	 -2.20	  2.66	 -0.46	
 -0.34	  1.38	 -2.12	  0.34	  1.38	 -2.12	 -0.55	 -2.20	  2.66	 -0.46	  0.55	 -2.20	  2.66	 -0.46	
 -0.34	  1.38	 -2.12	  0.34	  1.38	 -2.12	 -0.55	 -2.19	  2.66	 -0.46	  0.55	 -2.19	  2.66	 -0.46	
 -0.34	  1.38	 -2.12	  0.34	  1.38	 -2.12	 -0.55	 -2.19	  2.66	 -0.46	  0.55	 -2.19	  2.66	 -0.46	
 -0.34	  1.38	 -2.12	  0.34	  1.38	 -2.12	 -0.55	 -2.19	  2.65	 -0.46	  0.55	 -2.19	  2.65	 -0.46	
 -0.34	  1.38	 -2.12	  0.34	  1.38	 -2.12	 -0.55	 -2.19	  2.65	 -0.47	  0.55	 -2.19	  2.65	 -0.47	
 -0.34	  1.38	 -2.12	  0.34	  1.38	 -2.12	 -0.55	 -2.19	  2.65	 -0.47	  0.55	 -2.19	  2.65	 -0.47	
 -0.34	  1.38	 -2.12	  0.34	  1.38	 -2.12	 -0.55	 -2.18	  2.65	 -0.47	  0.55	 -2.18	  2.65	 -0.47	
 -0.34	  1.38	 -2.12	  0.34	  1.38	 -2.12	 -0.55	 -2.18	  2.65	 -0.47	  0.55	 -2.18	  2.65	 -0.47	
 -0.34	  1.38	 -2.12	  0.34	  1.38	 -2.12	 -0.55	 -2.18	  2.65	 -0.47	  0.55	 -2.18	  2.65	 -0.47	
 -0.34	  1.38	 -2.11	  0.34	  1.38	 -2.11	 -0.55	 -2.18	  2.65	 -0.47	  0.55	 -2.18	  2.65	 -0.47	
 -0.34	  1.38	 -2.11	  0.34	  1.38	 -2.11	 -0.55	 -2.18	  2.65	 -0.47	  0.55	 -2.18	  2.65	 -0.47	
 -0.34	  1.38	 -2.11	  0.34	  1.38	 -2.11	 -0.55	 -2.18	  2.65	 -0.47	  0.55	 -2.18	  2.65	 -0.47	
 -0.34	  1.38	 -2.11	  0.34	  1.38	 -2.11	 -0.55	 -2.17	  2.65	 -0.47	  0.55	 -2.17	  2.65	 -0.47	
 -0.34	  1.37	 -2.11	  0.34	  1.37	 -2.11	 -0.55	 -2.17	  2.65	 -0.47	  0.55	 -2.17	  2.65	 -0.47	
 -0.34	  1.37	 -2.11	  0.34	  1.37	 -2.11	 -0.55	 -2.17	  2.65	 -0.47	  0.55	 -2.17	  2.65	 -0.47	
 -0.34	  1.37	 -2.11	  0.34	  1.37	 -2.11	 -0.55	 -2.17	  2.64	 -0.48	  0.55	 -2.17	  2.64	 -0.48	
 -0.34	  1.37	 -2.11	  0.34	  1.37	 -2.11	 -0.55	 -2.17	  2.64	 -0.48	  0.55	 -2.17	  2.64	 -0.48	
 -0.34	  1.37	 -2.11	  0.34	  1.37	 -2.11	 -0.54	 -2.17	  2.64	 -0.48	  0.54	 -2.17	  2.64	 -0.48	
 -0.34	  1.37	 -2.11	  0.34	  1.37	 -2.11	 -0.54	 -2.16	  2.64	 -0.48	  0.54	 -2.16	  2.64	 -0.48	
 -0.34	  1.37	 -2.11	  0.34	  1.37	 -2.11	 -0.54	 -2.16	  2.64	 -0.48	  0.54	 -2.16	  2.64	 -0.48	
 -0.34	  1.37	 -2.10	  0.34	  1.37	 -2.10	 -0.54	 -2.16	  2.64	 -0.48	  0.54	 -2.16	  2.64	 -0.48	
 -0.34	  1.37	 -2.10	  0.34	  1.37	 -2.10	 -0.54	 -2.16	  2.64	 -0.48	  0.54	 -2.16	  2.64	 -0.48	
 -0.34	  1.37	 -2.10	  0.34	  1.37	 -2.10	 -0.54	 -2.16	  2.64	 -0.48	  0.54	 -2.16	  2.64	 -0.48	
 -0.34	  1.37	 -2.10	  0.34	  1.37	 -2.10	 -0.54	 -2.16	  2.64	 -0.48	  0.54	 -2.16	  2.64	 -0.48	
 -0.33	  1.37	 -2.10	  0.33	  1.37	 -2.10	 -0.54	 -2.15	  2.64	 -0.48	  0.54	 -2.15	  2.64	 -0.48	
 -0.33	  1.37	 -2.10	  0.33	  1.37	 -2.10	 -0.54	 -2.15	  2.64	 -0.48	  0.54	 -2.15	  2.64	 -0.48	
 -0.33	  1.36	 -2.10	  0.33	  1.36	 -2.10	 -0.54	 -2.15	  2.64	 -0.49	  0.54	 -2.15	  2.64	 -0.49	
 -0.33	  1.36	 -2.10	  0.33	  1.36	 -2.10	 -0.54	 -2.15	  2.63	 -0.49	  0.54	 -2.15	  2.63	 -0.49	
 -0.33	  1.36	 -2.10	  0.33	  1.36	 -2.10	 -0.54	 -2.15	  2.63	 -0.49	  0.54	 -2.15	  2.63	 -0.49	
 -0.33	  1.36	 -2.10	  0.33	  1.36	 -2.10	 -0.54	 -2.14	  2.63	 -0.49	  0.54	 -2.14	  2.63	 -0.49	
 -0.33	  1.36	 -2.09	  0.33	  1.36	 -2.09	 -0.54	 -2.14	  2.63	 -0.49	  0.54	 -2.14	  2.63	 -0.49	
 -0.33	  1.36	 -2.09	  0.33	  1.36	 -2.09	 -0.54	 -2.14	  2.63	 -0.49	  0.54	 -2.14	  2.63	 -0.49	
 -0.33	  1.36	 -2.09	  0.33	  1.36	 -2.09	 -0.54	 -2.14	  2.63	 -0.49	  0.54	 -2.14	  2.63	 -0.49	
 -0.33	  1.36	 -2.09	  0.33	  1.36	 -2.09	 -0.54	 -2.14	  2.63	 -0.49	  0.54	 -2.14	  2.63	 -0.49	
 -0.33	  1.36	 -2.09	  0.33	  1.36	 -2.09	 -0.54	 -2.14	  2.63	 -0.49	  0.54	 -2.14	  2.63	 -0.49	
 -0.33	  1.36	 -2.09	  0.33	  1.36	 -2.09	 -0.54	 -2.13	  2.63	 -0.49	  0.54	 -2.13	  2.63	 -0.49	
 -0.33	  1.36	 -2.09	  0.33	  1.36	 -2.09	 -0.54	 -2.13	  2.63	 -0.49	  0.54	 -2.13	  2.63	 -0.49	
 -0.33	  1.36	 -2.09	  0.33	  1.36	 -2.09	 -0.54	 -2.13	  2.63	 -0.49	  0.54	 -2.13	  2.63	 -0.49	
 -0.33	  1.36	 -2.09	  0.33	  1.36	 -2.09	 -0.54	 -2.13	  2.63	 -0.50	  0.54	 -2.13	  2.63	 -0.50	
 -0.33	  1.35	 -2.09	  0.33	  1.35	 -2.09	 -0.54	 -2.13	  2.62	 -0.50	  0.54	 -2.13	  2.62	 -0.50	
 -0.33	  1.35	 -2.09	  0.33	  1.35	 -2.09	 -0.53	 -2.13	  2.62	 -0.50	  0.53	 -2.13	  2.62	 -0.50	
 -0.33	  1.35	 -2.08	  0.33	  1.35	 -2.08	 -0.53	 -2.12	  2.62	 -0.50	  0.53	 -2.12	  2.62	 -0.50	
 -0.33	  1.35	 -2.08	  0.33	  1.35	 -2.08	 -0.53	 -2.12	  2.62	 -0.50	  0.53	 -2.12	  2.62	 -0.50	
 -0.33	  1.35	 -2.08	  0.33	  1.35	 -2.08	 -0.53	 -2.12	  2.62	 -0.50	  0.53	 -2.12	  2.62	 -0.50	
 -0.33	  1.35	 -2.08	  0.33	  1.35	 -2.08	 -0.53	 -2.12	  2.62	 -0.50	  0.53	 -2.12	  2.62	 -0.50	
 -0.33	  1.35	 -2.08	  0.33	  1.35	 -2.08	 -0.53	 -2.12	  2.62	 -0.50	  0.53	 -2.12	  2.62	 -0.50	
 -0.33	  1.35	 -2.08	  0.33	  1.35	 -2.08	 -0.53	 -2.12	  2.62	 -0.50	  0.53	 -2.12	  2.62	 -0.50	
 -0.33	  1.35	 -2.08	  0.33	  1.35	 -2.08	 -0.53	 -2.11	  2.62	 -0.50	  0.53	 -2.11	  2.62	 -0.50	
 -0.33	  1.35	 -2.08	  0.33	  1.35	 -2.08	 -0.53	 -2.11	  2.62	 -0.50	  0.53	 -2.11	  2.62	 -0.50	
 -0.33	  1.35	 -2.08	  0.33	  1.35	 -2.08	 -0.53	 -2.11	  2.62	 -0.50	  0.53	 -2.11	  2.62	 -0.50	
 -0.33	  1.35	 -2.08	  0.33	  1.35	 -2.08	 -0.53	 -2.11	  2.61	 -0.50	  0.53	 -2.11	  2.61	 -0.50	
 -0.33	  1.35	 -2.07	  0.33	  1.35	 -2.07	 -0.53	 -2.11	  2.61	 -0.51	  0.53	 -2.11	  2.61	 -0.51	
 -0.33	  1.34	 -2.07	  0.33	  1.34	 -2.07	 -0.53	 -2.11	  2.61	 -0.51	  0.53	 -2.11	  2.61	 -0.51	
 -0.33	  1.34	 -2.07	  0.33	  1.34	 -2.07	 -0.53	 -2.11	  2.61	 -0.51	  0.53	 -2.11	  2.61	 -0.51	
 -0.33	  1.34	 -2.07	  0.33	  1.34	 -2.07	 -0.53	 -2.10	  2.61	 -0.51	  0.53	 -2.10	  2.61	 -0.51	
 -0.33	  1.34	 -2.07	  0.33	  1.34	 -2.07	 -0.53	 -2.10	  2.61	 -0.51	  0.53	 -2.10	  2.61	 -0.51	
 -0.33	  1.34	 -2.07	  0.33	  1.34	 -2.07	 -0.53	 -2.10	  2.61	 -0.51	  0.53	 -2.10	  2.61	 -0.51	
 -0.32	  1.34	 -2.07	  0.32	  1.34	 -2.07	 -0.53	 -2.10	  2.61	 -0.51	  0.53	 -2.10	  2.61	 -0.51	
 -0.32	  1.34	 -2.07	  0.32	  1.34	 -2.07	 -0.53	 -2.10	  2.61	 -0.51	  0.53	 -2.10	  2.61	 -0.51	
 -0.32	  1.34	 -2.07	  0.32	  1.34	 -2.07	 -0.53	 -2.10	  2.61	 -0.51	  0.53	 -2.10	  2.61	 -0.51	
 -0.32	  1.34	 -2.07	  0.32	  1.34	 -2.07	 -0.53	 -2.09	  2.61	 -0.51	  0.53	 -2.09	  2.61	 -0.51	
 -0.32	  1.34	 -2.07	  0.32	  1.34	 -2.07	 -0.53	 -2.09	  2.61	 -0.51	  0.53	 -2.09	  2.61	 -0.51	
 -0.32	  1.34	 -2.06	  0.32	  1.34	 -2.06	 -0.53	 -2.09	  2.60	 -0.51	  0.53	 -2.09	  2.60	 -0.51	
 -0.32	  1.34	 -2.06	  0.32	  1.34	 -2.06	 -0.53	 -2.09	  2.60	 -0.51	  0.53	 -2.09	  2.60	 -0.51	
 -0.32	  1.34	 -2.06	  0.32	  1.34	 -2.06	 -0.52	 -2.09	  2.60	 -0.52	  0.52	 -2.09	  2.60	 -0.52	
 -0.32	  1.34	 -2.06	  0.32	  1.34	 -2.06	 -0.52	 -2.09	  2.60	 -0.52	  0.52	 -2.09	  2.60	 -0.52	
 -0.32	  1.33	 -2.06	  0.32	  1.33	 -2.06	 -0.52	 -2.08	  2.60	 -0.52	  0.52	 -2.08	  2.60	 -0.52	
 -0.32	  1.33	 -2.06	  0.32	  1.33	 -2.06	 -0.52	 -2.08	  2.60	 -0.52	  0.52	 -2.08	  2.60	 -0.52	
 -0.32	  1.33	 -2.06	  0.32	  1.33	 -2.06	 -0.52	 -2.08	  2.60	 -0.52	  0.52	 -2.08	  2.60	 -0.52	
 -0.32	  1.33	 -2.06	  0.32	  1.33	 -2.06	 -0.52	 -2.08	  2.60	 -0.52	  0.52	 -2.08	  2.60	 -0.52	
 -0.32	  1.33	 -2.06	  0.32	  1.33	 -2.06	 -0.52	 -2.08	  2.60	 -0.52	  0.52	 -2.08	  2.60	 -0.52	
 -0.32	  1.33	 -2.06	  0.32	  1.33	 -2.06	 -0.52	 -2.08	  2.60	 -0.52	  0.52	 -2.08	  2.60	 -0.52	
 -0.32	  1.33	 -2.05	  0.32	  1.33	 -2.05	 -0.52	 -2.07	  2.60	 -0.52	  0.52	 -2.07	  2.60	 -0.52	
 -0.32	  1.33	 -2.05	  0.32	  1.33	 -2.05	 -0.52	 -2.07	  2.59	 -0.52	  0.52	 -2.07	  2.59	 -0.52	
 -0.32	  1.33	 -2.05	  0.32	  1.33	 -2.05	 -0.52	 -2.07	  2.59	 -0.52	  0.52	 -2.07	  2.59	 -0.52	
 -0.32	  1.33	 -2.05	  0.32	  1.33	 -2.05	 -0.52	 -2.07	  2.59	 -0.52	  0.52	 -2.07	  2.59	 -0.52	
 -0.32	  1.33	 -2.05	  0.32	  1.33	 -2.05	 -0.52	 -2.07	  2.59	 -0.52	  0.52	 -2.07	  2.59	 -0.52	
 -0.32	  1.33	 -2.05	  0.32	  1.33	 -2.05	 -0.52	 -2.07	  2.59	 -0.53	  0.52	 -2.07	  2.59	 -0.53	
 -0.32	  1.33	 -2.05	  0.32	  1.33	 -2.05	 -0.52	 -2.06	  2.59	 -0.53	  0.52	 -2.06	  2.59	 -0.53	
 -0.32	  1.32	 -2.05	  0.32	  1.32	 -2.05	 -0.52	 -2.06	  2.59	 -0.53	  0.52	 -2.06	  2.59	 -0.53	
 -0.32	  1.32	 -2.05	  0.32	  1.32	 -2.05	 -0.52	 -2.06	  2.59	 -0.53	  0.52	 -2.06	  2.59	 -0.53	
 -0.32	  1.32	 -2.05	  0.32	  1.32	 -2.05	 -0.52	 -2.06	  2.59	 -0.53	  0.52	 -2.06	  2.59	 -0.53	
 -0.32	  1.32	 -2.05	  0.32	  1.32	 -2.05	 -0.52	 -2.06	  2.59	 -0.53	  0.52	 -2.06	  2.59	 -0.53	
 -0.32	  1.32	 -2.04	  0.32	  1.32	 -2.04	 -0.52	 -2.06	  2.59	 -0.53	  0.52	 -2.06	  2.59	 -0.53	
 -0.32	  1.32	 -2.04	  0.32	  1.32	 -2.04	 -0.52	 -2.06	  2.59	 -0.53	  0.52	 -2.06	  2.59	 -0.53	
 -0.32	  1.32	 -2.04	  0.32	  1.32	 -2.04	 -0.52	 -2.05	  2.58	 -0.53	  0.52	 -2.05	  2.58	 -0.53	
 -0.32	  1.32	 -2.04	  0.32	  1.32	 -2.04	 -0.52	 -2.05	  2.58	 -0.53	  0.52	 -2.05	  2.58	 -0.53	
 -0.32	  1.32	 -2.04	  0.32	  1.32	 -2.04	 -0.52	 -2.05	  2.58	 -0.53	  0.52	 -2.05	  2.58	 -0.53	
 -0.32	  1.32	 -2.04	  0.32	  1.32	 -2.04	 -0.52	 -2.05	  2.58	 -0.53	  0.52	 -2.05	  2.58	 -0.53	
 -0.32	  1.32	 -2.04	  0.32	  1.32	 -2.04	 -0.51	 -2.05	  2.58	 -0.53	  0.51	 -2.05	  2.58	 -0.53	
 -0.32	  1.32	 -2.04	  0.32	  1.32	 -2.04	 -0.51	 -2.05	  2.58	 -0.53	  0.51	 -2.05	  2.58	 -0.53	
 -0.31	  1.32	 -2.04	  0.31	  1.32	 -2.04	 -0.51	 -2.04	  2.58	 -0.53	  0.51	 -2.04	  2.58	 -0.53	
 -0.31	  1.31	 -2.04	  0.31	  1.31	 -2.04	 -0.51	 -2.04	  2.58	 -0.54	  0.51	 -2.04	  2.58	 -0.54	
 -0.31	  1.31	 -2.03	  0.31	  1.31	 -2.03	 -0.51	 -2.04	  2.58	 -0.54	  0.51	 -2.04	  2.58	 -0.54	
 -0.31	  1.31	 -2.03	  0.31	  1.31	 -2.03	 -0.51	 -2.04	  2.58	 -0.54	  0.51	 -2.04	  2.58	 -0.54	
 -0.31	  1.31	 -2.03	  0.31	  1.31	 -2.03	 -0.51	 -2.04	  2.58	 -0.54	  0.51	 -2.04	  2.58	 -0.54	
 -0.31	  1.31	 -2.03	  0.31	  1.31	 -2.03	 -0.51	 -2.04	  2.57	 -0.54	  0.51	 -2.04	  2.57	 -0.54	
 -0.31	  1.31	 -2.03	  0.31	  1.31	 -2.03	 -0.51	 -2.04	  2.57	 -0.54	  0.51	 -2.04	  2.57	 -0.54	
 -0.31	  1.31	 -2.03	  0.31	  1.31	 -2.03	 -0.51	 -2.03	  2.57	 -0.54	  0.51	 -2.03	  2.57	 -0.54	
 -0.31	  1.31	 -2.03	  0.31	  1.31	 -2.03	 -0.51	 -2.03	  2.57	 -0.54	  0.51	 -2.03	  2.57	 -0.54	
 -0.31	  1.31	 -2.03	  0.31	  1.31	 -2.03	 -0.51	 -2.03	  2.57	 -0.54	  0.51	 -2.03	  2.57	 -0.54	
 -0.31	  1.31	 -2.03	  0.31	  1.31	 -2.03	 -0.51	 -2.03	  2.57	 -0.54	  0.51	 -2.03	  2.57	 -0.54	
 -0.31	  1.31	 -2.03	  0.31	  1.31	 -2.03	 -0.51	 -2.03	  2.57	 -0.54	  0.51	 -2.03	  2.57	 -0.54	
 -0.31	  1.31	 -2.02	  0.31	  1.31	 -2.02	 -0.51	 -2.03	  2.57	 -0.54	  0.51	 -2.03	  2.57	 -0.54	
 -0.31	  1.31	 -2.02	  0.31	  1.31	 -2.02	 -0.51	 -2.02	  2.57	 -0.54	  0.51	 -2.02	  2.57	 -0.54	
 -0.31	  1.31	 -2.02	  0.31	  1.31	 -2.02	 -0.51	 -2.02	  2.57	 -0.54	  0.51	 -2.02	  2.57	 -0.54	
 -0.31	  1.30	 -2.02	  0.31	  1.30	 -2.02	 -0.51	 -2.02	  2.57	 -0.54	  0.51	 -2.02	  2.57	 -0.54	
 -0.31	  1.30	 -2.02	  0.31	  1.30	 -2.02	 -0.51	 -2.02	  2.56	 -0.55	  0.51	 -2.02	  2.56	 -0.55	
 -0.31	  1.30	 -2.02	  0.31	  1.30	 -2.02	 -0.51	 -2.02	  2.56	 -0.55	  0.51	 -2.02	  2.56	 -0.55	
 -0.31	  1.30	 -2.02	  0.31	  1.30	 -2.02	 -0.51	 -2.02	  2.56	 -0.55	  0.51	 -2.02	  2.56	 -0.55	
 -0.31	  1.30	 -2.02	  0.31	  1.30	 -2.02	 -0.51	 -2.02	  2.56	 -0.55	  0.51	 -2.02	  2.56	 -0.55	
 -0.31	  1.30	 -2.02	  0.31	  1.30	 -2.02	 -0.51	 -2.01	  2.56	 -0.55	  0.51	 -2.01	  2.56	 -0.55	
 -0.31	  1.30	 -2.02	  0.31	  1.30	 -2.02	 -0.51	 -2.01	  2.56	 -0.55	  0.51	 -2.01	  2.56	 -0.55	
 -0.31	  1.30	 -2.01	  0.31	  1.30	 -2.01	 -0.51	 -2.01	  2.56	 -0.55	  0.51	 -2.01	  2.56	 -0.55	
 -0.31	  1.30	 -2.01	  0.31	  1.30	 -2.01	 -0.51	 -2.01	  2.56	 -0.55	  0.51	 -2.01	  2.56	 -0.55	
 -0.31	  1.30	 -2.01	  0.31	  1.30	 -2.01	 -0.50	 -2.01	  2.56	 -0.55	  0.50	 -2.01	  2.56	 -0.55	
 -0.31	  1.30	 -2.01	  0.31	  1.30	 -2.01	 -0.50	 -2.01	  2.56	 -0.55	  0.50	 -2.01	  2.56	 -0.55	
 -0.31	  1.30	 -2.01	  0.31	  1.30	 -2.01	 -0.50	 -2.00	  2.56	 -0.55	  0.50	 -2.00	  2.56	 -0.55	
 -0.31	  1.30	 -2.01	  0.31	  1.30	 -2.01	 -0.50	 -2.00	  2.56	 -0.55	  0.50	 -2.00	  2.56	 -0.55	
 -0.31	  1.29	 -2.01	  0.31	  1.29	 -2.01	 -0.50	 -2.00	  2.55	 -0.55	  0.50	 -2.00	  2.55	 -0.55	
 -0.31	  1.29	 -2.01	  0.31	  1.29	 -2.01	 -0.50	 -2.00	  2.55	 -0.55	  0.50	 -2.00	  2.55	 -0.55	
 -0.31	  1.29	 -2.01	  0.31	  1.29	 -2.01	 -0.50	 -2.00	  2.55	 -0.55	  0.50	 -2.00	  2.55	 -0.55	
 -0.31	  1.29	 -2.01	  0.31	  1.29	 -2.01	 -0.50	 -2.00	  2.55	 -0.55	  0.50	 -2.00	  2.55	 -0.55	
 -0.31	  1.29	 -2.01	  0.31	  1.29	 -2.01	 -0.50	 -2.00	  2.55	 -0.55	  0.50	 -2.00	  2.55	 -0.55	
 -0.31	  1.29	 -2.00	  0.31	  1.29	 -2.00	 -0.50	 -1.99	  2.55	 -0.56	  0.50	 -1.99	  2.55	 -0.56	
 -0.31	  1.29	 -2.00	  0.31	  1.29	 -2.00	 -0.50	 -1.99	  2.55	 -0.56	  0.50	 -1.99	  2.55	 -0.56	
 -0.31	  1.29	 -2.00	  0.31	  1.29	 -2.00	 -0.50	 -1.99	  2.55	 -0.56	  0.50	 -1.99	  2.55	 -0.56	
 -0.30	  1.29	 -2.00	  0.30	  1.29	 -2.00	 -0.50	 -1.99	  2.55	 -0.56	  0.50	 -1.99	  2.55	 -0.56	
 -0.30	  1.29	 -2.00	  0.30	  1.29	 -2.00	 -0.50	 -1.99	  2.55	 -0.56	  0.50	 -1.99	  2.55	 -0.56	
 -0.30	  1.29	 -2.00	  0.30	  1.29	 -2.00	 -0.50	 -1.99	  2.55	 -0.56	  0.50	 -1.99	  2.55	 -0.56	
 -0.30	  1.29	 -2.00	  0.30	  1.29	 -2.00	 -0.50	 -1.99	  2.54	 -0.56	  0.50	 -1.99	  2.54	 -0.56	
 -0.30	  1.29	 -2.00	  0.30	  1.29	 -2.00	 -0.50	 -1.98	  2.54	 -0.56	  0.50	 -1.98	  2.54	 -0.56	
 -0.30	  1.28	 -2.00	  0.30	  1.28	 -2.00	 -0.50	 -1.98	  2.54	 -0.56	  0.50	 -1.98	  2.54	 -0.56	
 -0.30	  1.28	 -2.00	  0.30	  1.28	 -2.00	 -0.50	 -1.98	  2.54	 -0.56	  0.50	 -1.98	  2.54	 -0.56	
 -0.30	  1.28	 -1.99	  0.30	  1.28	 -1.99	 -0.50	 -1.98	  2.54	 -0.56	  0.50	 -1.98	  2.54	 -0.56	
 -0.30	  1.28	 -1.99	  0.30	  1.28	 -1.99	 -0.50	 -1.98	  2.54	 -0.56	  0.50	 -1.98	  2.54	 -0.56	
 -0.30	  1.28	 -1.99	  0.30	  1.28	 -1.99	 -0.50	 -1.98	  2.54	 -0.56	  0.50	 -1.98	  2.54	 -0.56	
 -0.30	  1.28	 -1.99	  0.30	  1.28	 -1.99	 -0.50	 -1.98	  2.54	 -0.56	  0.50	 -1.98	  2.54	 -0.56	
 -0.30	  1.28	 -1.99	  0.30	  1.28	 -1.99	 -0.50	 -1.97	  2.54	 -0.56	  0.50	 -1.97	  2.54	 -0.56	
 -0.30	  1.28	 -1.99	  0.30	  1.28	 -1.99	 -0.50	 -1.97	  2.54	 -0.56	  0.50	 -1.97	  2.54	 -0.56	
 -0.30	  1.28	 -1.99	  0.30	  1.28	 -1.99	 -0.50	 -1.97	  2.54	 -0.56	  0.50	 -1.97	  2.54	 -0.56	
 -0.30	  1.28	 -1.99	  0.30	  1.28	 -1.99	 -0.49	 -1.97	  2.53	 -0.56	  0.49	 -1.97	  2.53	 -0.56	
 -0.30	  1.28	 -1.99	  0.30	  1.28	 -1.99	 -0.49	 -1.97	  2.53	 -0.57	  0.49	 -1.97	  2.53	 -0.57	
 -0.30	  1.28	 -1.99	  0.30	  1.28	 -1.99	 -0.49	 -1.97	  2.53	 -0.57	  0.49	 -1.97	  2.53	 -0.57	
 -0.30	  1.28	 -1.98	  0.30	  1.28	 -1.98	 -0.49	 -1.97	  2.53	 -0.57	  0.49	 -1.97	  2.53	 -0.57	
 -0.30	  1.28	 -1.98	  0.30	  1.28	 -1.98	 -0.49	 -1.96	  2.53	 -0.57	  0.49	 -1.96	  2.53	 -0.57	
 -0.30	  1.27	 -1.98	  0.30	  1.27	 -1.98	 -0.49	 -1.96	  2.53	 -0.57	  0.49	 -1.96	  2.53	 -0.57	
 -0.30	  1.27	 -1.98	  0.30	  1.27	 -1.98	 -0.49	 -1.96	  2.53	 -0.57	  0.49	 -1.96	  2.53	 -0.57	
 -0.30	  1.27	 -1.98	  0.30	  1.27	 -1.98	 -0.49	 -1.96	  2.53	 -0.57	  0.49	 -1.96	  2.53	 -0.57	
 -0.30	  1.27	 -1.98	  0.30	  1.27	 -1.98	 -0.49	 -1.96	  2.53	 -0.57	  0.49	 -1.96	  2.53	 -0.57	
 -0.30	  1.27	 -1.98	  0.30	  1.27	 -1.98	 -0.49	 -1.96	  2.53	 -0.57	  0.49	 -1.96	  2.53	 -0.57	
 -0.30	  1.27	 -1.98	  0.30	  1.27	 -1.98	 -0.49	 -1.96	  2.53	 -0.57	  0.49	 -1.96	  2.53	 -0.57	
 -0.30	  1.27	 -1.98	  0.30	  1.27	 -1.98	 -0.49	 -1.95	  2.52	 -0.57	  0.49	 -1.95	  2.52	 -0.57	
 -0.30	  1.27	 -1.98	  0.30	  1.27	 -1.98	 -0.49	 -1.95	  2.52	 -0.57	  0.49	 -1.95	  2.52	 -0.57	
 -0.30	  1.27	 -1.97	  0.30	  1.27	 -1.97	 -0.49	 -1.95	  2.52	 -0.57	  0.49	 -1.95	  2.52	 -0.57	
 -0.30	  1.27	 -1.97	  0.30	  1.27	 -1.97	 -0.49	 -1.95	  2.52	 -0.57	  0.49	 -1.95	  2.52	 -0.57	
 -0.30	  1.27	 -1.97	  0.30	  1.27	 -1.97	 -0.49	 -1.95	  2.52	 -0.57	  0.49	 -1.95	  2.52	 -0.57	
 -0.30	  1.27	 -1.97	  0.30	  1.27	 -1.97	 -0.49	 -1.95	  2.52	 -0.57	  0.49	 -1.95	  2.52	 -0.57	
 -0.30	  1.27	 -1.97	  0.30	  1.27	 -1.97	 -0.49	 -1.95	  2.52	 -0.57	  0.49	 -1.95	  2.52	 -0.57	
 -0.30	  1.26	 -1.97	  0.30	  1.26	 -1.97	 -0.49	 -1.94	  2.52	 -0.57	  0.49	 -1.94	  2.52	 -0.57	
 -0.30	  1.26	 -1.97	  0.30	  1.26	 -1.97	 -0.49	 -1.94	  2.52	 -0.57	  0.49	 -1.94	  2.52	 -0.57	
 -0.30	  1.26	 -1.97	  0.30	  1.26	 -1.97	 -0.49	 -1.94	  2.52	 -0.58	  0.49	 -1.94	  2.52	 -0.58	
 -0.30	  1.26	 -1.97	  0.30	  1.26	 -1.97	 -0.49	 -1.94	  2.52	 -0.58	  0.49	 -1.94	  2.52	 -0.58	
 -0.30	  1.26	 -1.97	  0.30	  1.26	 -1.97	 -0.49	 -1.94	  2.51	 -0.58	  0.49	 -1.94	  2.51	 -0.58	
 -0.30	  1.26	 -1.96	  0.30	  1.26	 -1.96	 -0.49	 -1.94	  2.51	 -0.58	  0.49	 -1.94	  2.51	 -0.58	
 -0.30	  1.26	 -1.96	  0.30	  1.26	 -1.96	 -0.49	 -1.94	  2.51	 -0.58	  0.49	 -1.94	  2.51	 -0.58	
 -0.29	  1.26	 -1.96	  0.29	  1.26	 -1.96	 -0.49	 -1.93	  2.51	 -0.58	  0.49	 -1.93	  2.51	 -0.58	
 -0.29	  1.26	 -1.96	  0.29	  1.26	 -1.96	 -0.49	 -1.93	  2.51	 -0.58	  0.49	 -1.93	  2.51	 -0.58	
 -0.29	  1.26	 -1.96	  0.29	  1.26	 -1.96	 -0.49	 -1.93	  2.51	 -0.58	  0.49	 -1.93	  2.51	 -0.58	
 -0.29	  1.26	 -1.96	  0.29	  1.26	 -1.96	 -0.48	 -1.93	  2.51	 -0.58	  0.48	 -1.93	  2.51	 -0.58	
 -0.29	  1.26	 -1.96	  0.29	  1.26	 -1.96	 -0.48	 -1.93	  2.51	 -0.58	  0.48	 -1.93	  2.51	 -0.58	
 -0.29	  1.26	 -1.96	  0.29	  1.26	 -1.96	 -0.48	 -1.93	  2.51	 -0.58	  0.48	 -1.93	  2.51	 -0.58	
 -0.29	  1.25	 -1.96	  0.29	  1.25	 -1.96	 -0.48	 -1.93	  2.51	 -0.58	  0.48	 -1.93	  2.51	 -0.58	
 -0.29	  1.25	 -1.95	  0.29	  1.25	 -1.95	 -0.48	 -1.92	  2.51	 -0.58	  0.48	 -1.92	  2.51	 -0.58	
 -0.29	  1.25	 -1.95	  0.29	  1.25	 -1.95	 -0.48	 -1.92	  2.50	 -0.58	  0.48	 -1.92	  2.50	 -0.58	
 -0.29	  1.25	 -1.95	  0.29	  1.25	 -1.95	 -0.48	 -1.92	  2.50	 -0.58	  0.48	 -1.92	  2.50	 -0.58	
 -0.29	  1.25	 -1.95	  0.29	  1.25	 -1.95	 -0.48	 -1.92	  2.50	 -0.58	  0.48	 -1.92	  2.50	 -0.58	
 -0.29	  1.25	 -1.95	  0.29	  1.25	 -1.95	 -0.48	 -1.92	  2.50	 -0.58	  0.48	 -1.92	  2.50	 -0.58	
 -0.29	  1.25	 -1.95	  0.29	  1.25	 -1.95	 -0.48	 -1.92	  2.50	 -0.58	  0.48	 -1.92	  2.50	 -0.58	
 -0.29	  1.25	 -1.95	  0.29	  1.25	 -1.95	 -0.48	 -1.92	  2.50	 -0.58	  0.48	 -1.92	  2.50	 -0.58	
 -0.29	  1.25	 -1.95	  0.29	  1.25	 -1.95	 -0.48	 -1.91	  2.50	 -0.58	  0.48	 -1.91	  2.50	 -0.58	
 -0.29	  1.25	 -1.95	  0.29	  1.25	 -1.95	 -0.48	 -1.91	  2.50	 -0.58	  0.48	 -1.91	  2.50	 -0.58	
 -0.29	  1.25	 -1.95	  0.29	  1.25	 -1.95	 -0.48	 -1.91	  2.50	 -0.59	  0.48	 -1.91	  2.50	 -0.59	
 -0.29	  1.25	 -1.94	  0.29	  1.25	 -1.94	 -0.48	 -1.91	  2.50	 -0.59	  0.48	 -1.91	  2.50	 -0.59	
 -0.29	  1.25	 -1.94	  0.29	  1.25	 -1.94	 -0.48	 -1.91	  2.49	 -0.59	  0.48	 -1.91	  2.49	 -0.59	
 -0.29	  1.25	 -1.94	  0.29	  1.25	 -1.94	 -0.48	 -1.91	  2.49	 -0.59	  0.48	 -1.91	  2.49	 -0.59	
 -0.29	  1.24	 -1.94	  0.29	  1.24	 -1.94	 -0.48	 -1.91	  2.49	 -0.59	  0.48	 -1.91	  2.49	 -0.59	
 -0.29	  1.24	 -1.94	  0.29	  1.24	 -1.94	 -0.48	 -1.90	  2.49	 -0.59	  0.48	 -1.90	  2.49	 -0.59	
 -0.29	  1.24	 -1.94	  0.29	  1.24	 -1.94	 -0.48	 -1.90	  2.49	 -0.59	  0.48	 -1.90	  2.49	 -0.59	
 -0.29	  1.24	 -1.94	  0.29	  1.24	 -1.94	 -0.48	 -1.90	  2.49	 -0.59	  0.48	 -1.90	  2.49	 -0.59	
 -0.29	  1.24	 -1.94	  0.29	  1.24	 -1.94	 -0.48	 -1.90	  2.49	 -0.59	  0.48	 -1.90	  2.49	 -0.59	
 -0.29	  1.24	 -1.94	  0.29	  1.24	 -1.94	 -0.48	 -1.90	  2.49	 -0.59	  0.48	 -1.90	  2.49	 -0.59	
 -0.29	  1.24	 -1.94	  0.29	  1.24	 -1.94	 -0.48	 -1.90	  2.49	 -0.59	  0.48	 -1.90	  2.49	 -0.59	
 -0.29	  1.24	 -1.93	  0.29	  1.24	 -1.93	 -0.48	 -1.90	  2.49	 -0.59	  0.48	 -1.90	  2.49	 -0.59	
 -0.29	  1.24	 -1.93	  0.29	  1.24	 -1.93	 -0.48	 -1.89	  2.49	 -0.59	  0.48	 -1.89	  2.49	 -0.59	
 -0.29	  1.24	 -1.93	  0.29	  1.24	 -1.93	 -0.48	 -1.89	  2.48	 -0.59	  0.48	 -1.89	  2.48	 -0.59	
 -0.29	  1.24	 -1.93	  0.29	  1.24	 -1.93	 -0.48	 -1.89	  2.48	 -0.59	  0.48	 -1.89	  2.48	 -0.59	
 -0.29	  1.24	 -1.93	  0.29	  1.24	 -1.93	 -0.47	 -1.89	  2.48	 -0.59	  0.47	 -1.89	  2.48	 -0.59	
 -0.29	  1.24	 -1.93	  0.29	  1.24	 -1.93	 -0.47	 -1.89	  2.48	 -0.59	  0.47	 -1.89	  2.48	 -0.59	
 -0.29	  1.23	 -1.93	  0.29	  1.23	 -1.93	 -0.47	 -1.89	  2.48	 -0.59	  0.47	 -1.89	  2.48	 -0.59	
 -0.29	  1.23	 -1.93	  0.29	  1.23	 -1.93	 -0.47	 -1.89	  2.48	 -0.59	  0.47	 -1.89	  2.48	 -0.59	
 -0.29	  1.23	 -1.93	  0.29	  1.23	 -1.93	 -0.47	 -1.89	  2.48	 -0.59	  0.47	 -1.89	  2.48	 -0.59	
 -0.29	  1.23	 -1.93	  0.29	  1.23	 -1.93	 -0.47	 -1.88	  2.48	 -0.59	  0.47	 -1.88	  2.48	 -0.59	
 -0.29	  1.23	 -1.92	  0.29	  1.23	 -1.92	 -0.47	 -1.88	  2.48	 -0.59	  0.47	 -1.88	  2.48	 -0.59	
 -0.29	  1.23	 -1.92	  0.29	  1.23	 -1.92	 -0.47	 -1.88	  2.48	 -0.59	  0.47	 -1.88	  2.48	 -0.59	
 -0.29	  1.23	 -1.92	  0.29	  1.23	 -1.92	 -0.47	 -1.88	  2.48	 -0.60	  0.47	 -1.88	  2.48	 -0.60	
 -0.29	  1.23	 -1.92	  0.29	  1.23	 -1.92	 -0.47	 -1.88	  2.47	 -0.60	  0.47	 -1.88	  2.47	 -0.60	
 -0.28	  1.23	 -1.92	  0.28	  1.23	 -1.92	 -0.47	 -1.88	  2.47	 -0.60	  0.47	 -1.88	  2.47	 -0.60	
 -0.28	  1.23	 -1.92	  0.28	  1.23	 -1.92	 -0.47	 -1.88	  2.47	 -0.60	  0.47	 -1.88	  2.47	 -0.60	
 -0.28	  1.23	 -1.92	  0.28	  1.23	 -1.92	 -0.47	 -1.87	  2.47	 -0.60	  0.47	 -1.87	  2.47	 -0.60	
 -0.28	  1.23	 -1.92	  0.28	  1.23	 -1.92	 -0.47	 -1.87	  2.47	 -0.60	  0.47	 -1.87	  2.47	 -0.60	
 -0.28	  1.23	 -1.92	  0.28	  1.23	 -1.92	 -0.47	 -1.87	  2.47	 -0.60	  0.47	 -1.87	  2.47	 -0.60	
 -0.28	  1.22	 -1.91	  0.28	  1.22	 -1.91	 -0.47	 -1.87	  2.47	 -0.60	  0.47	 -1.87	  2.47	 -0.60	
 -0.28	  1.22	 -1.91	  0.28	  1.22	 -1.91	 -0.47	 -1.87	  2.47	 -0.60	  0.47	 -1.87	  2.47	 -0.60	
 -0.28	  1.22	 -1.91	  0.28	  1.22	 -1.91	 -0.47	 -1.87	  2.47	 -0.60	  0.47	 -1.87	  2.47	 -0.60	
 -0.28	  1.22	 -1.91	  0.28	  1.22	 -1.91	 -0.47	 -1.87	  2.47	 -0.60	  0.47	 -1.87	  2.47	 -0.60	
 -0.28	  1.22	 -1.91	  0.28	  1.22	 -1.91	 -0.47	 -1.87	  2.46	 -0.60	  0.47	 -1.87	  2.46	 -0.60	
 -0.28	  1.22	 -1.91	  0.28	  1.22	 -1.91	 -0.47	 -1.86	  2.46	 -0.60	  0.47	 -1.86	  2.46	 -0.60	
 -0.28	  1.22	 -1.91	  0.28	  1.22	 -1.91	 -0.47	 -1.86	  2.46	 -0.60	  0.47	 -1.86	  2.46	 -0.60	
 -0.28	  1.22	 -1.91	  0.28	  1.22	 -1.91	 -0.47	 -1.86	  2.46	 -0.60	  0.47	 -1.86	  2.46	 -0.60	
 -0.28	  1.22	 -1.91	  0.28	  1.22	 -1.91	 -0.47	 -1.86	  2.46	 -0.60	  0.47	 -1.86	  2.46	 -0.60	
 -0.28	  1.22	 -1.91	  0.28	  1.22	 -1.91	 -0.47	 -1.86	  2.46	 -0.60	  0.47	 -1.86	  2.46	 -0.60	
 -0.28	  1.22	 -1.90	  0.28	  1.22	 -1.90	 -0.47	 -1.86	  2.46	 -0.60	  0.47	 -1.86	  2.46	 -0.60	
 -0.28	  1.22	 -1.90	  0.28	  1.22	 -1.90	 -0.47	 -1.86	  2.46	 -0.60	  0.47	 -1.86	  2.46	 -0.60	
 -0.28	  1.22	 -1.90	  0.28	  1.22	 -1.90	 -0.47	 -1.85	  2.46	 -0.60	  0.47	 -1.85	  2.46	 -0.60	
 -0.28	  1.22	 -1.90	  0.28	  1.22	 -1.90	 -0.47	 -1.85	  2.46	 -0.60	  0.47	 -1.85	  2.46	 -0.60	
 -0.28	  1.21	 -1.90	  0.28	  1.21	 -1.90	 -0.47	 -1.85	  2.46	 -0.60	  0.47	 -1.85	  2.46	 -0.60	
 -0.28	  1.21	 -1.90	  0.28	  1.21	 -1.90	 -0.46	 -1.85	  2.45	 -0.60	  0.46	 -1.85	  2.45	 -0.60	
 -0.28	  1.21	 -1.90	  0.28	  1.21	 -1.90	 -0.46	 -1.85	  2.45	 -0.60	  0.46	 -1.85	  2.45	 -0.60	
 -0.28	  1.21	 -1.90	  0.28	  1.21	 -1.90	 -0.46	 -1.85	  2.45	 -0.60	  0.46	 -1.85	  2.45	 -0.60	
 -0.28	  1.21	 -1.90	  0.28	  1.21	 -1.90	 -0.46	 -1.85	  2.45	 -0.60	  0.46	 -1.85	  2.45	 -0.60	
 -0.28	  1.21	 -1.89	  0.28	  1.21	 -1.89	 -0.46	 -1.85	  2.45	 -0.60	  0.46	 -1.85	  2.45	 -0.60	
 -0.28	  1.21	 -1.89	  0.28	  1.21	 -1.89	 -0.46	 -1.84	  2.45	 -0.61	  0.46	 -1.84	  2.45	 -0.61	
 -0.28	  1.21	 -1.89	  0.28	  1.21	 -1.89	 -0.46	 -1.84	  2.45	 -0.61	  0.46	 -1.84	  2.45	 -0.61	
 -0.28	  1.21	 -1.89	  0.28	  1.21	 -1.89	 -0.46	 -1.84	  2.45	 -0.61	  0.46	 -1.84	  2.45	 -0.61	
 -0.28	  1.21	 -1.89	  0.28	  1.21	 -1.89	 -0.46	 -1.84	  2.45	 -0.61	  0.46	 -1.84	  2.45	 -0.61	
 -0.28	  1.21	 -1.89	  0.28	  1.21	 -1.89	 -0.46	 -1.84	  2.45	 -0.61	  0.46	 -1.84	  2.45	 -0.61	
 -0.28	  1.21	 -1.89	  0.28	  1.21	 -1.89	 -0.46	 -1.84	  2.44	 -0.61	  0.46	 -1.84	  2.44	 -0.61	
 -0.28	  1.21	 -1.89	  0.28	  1.21	 -1.89	 -0.46	 -1.84	  2.44	 -0.61	  0.46	 -1.84	  2.44	 -0.61	
 -0.28	  1.20	 -1.89	  0.28	  1.20	 -1.89	 -0.46	 -1.84	  2.44	 -0.61	  0.46	 -1.84	  2.44	 -0.61	
 -0.28	  1.20	 -1.89	  0.28	  1.20	 -1.89	 -0.46	 -1.83	  2.44	 -0.61	  0.46	 -1.83	  2.44	 -0.61	
 -0.28	  1.20	 -1.88	  0.28	  1.20	 -1.88	 -0.46	 -1.83	  2.44	 -0.61	  0.46	 -1.83	  2.44	 -0.61	
 -0.28	  1.20	 -1.88	  0.28	  1.20	 -1.88	 -0.46	 -1.83	  2.44	 -0.61	  0.46	 -1.83	  2.44	 -0.61	
 -0.28	  1.20	 -1.88	  0.28	  1.20	 -1.88	 -0.46	 -1.83	  2.44	 -0.61	  0.46	 -1.83	  2.44	 -0.61	
 -0.28	  1.20	 -1.88	  0.28	  1.20	 -1.88	 -0.46	 -1.83	  2.44	 -0.61	  0.46	 -1.83	  2.44	 -0.61	
 -0.28	  1.20	 -1.88	  0.28	  1.20	 -1.88	 -0.46	 -1.83	  2.44	 -0.61	  0.46	 -1.83	  2.44	 -0.61	
 -0.28	  1.20	 -1.88	  0.28	  1.20	 -1.88	 -0.46	 -1.83	  2.44	 -0.61	  0.46	 -1.83	  2.44	 -0.61	
 -0.28	  1.20	 -1.88	  0.28	  1.20	 -1.88	 -0.46	 -1.82	  2.44	 -0.61	  0.46	 -1.82	  2.44	 -0.61	
 -0.28	  1.20	 -1.88	  0.28	  1.20	 -1.88	 -0.46	 -1.82	  2.43	 -0.61	  0.46	 -1.82	  2.43	 -0.61	
 -0.28	  1.20	 -1.88	  0.28	  1.20	 -1.88	 -0.46	 -1.82	  2.43	 -0.61	  0.46	 -1.82	  2.43	 -0.61	
 -0.28	  1.20	 -1.87	  0.28	  1.20	 -1.87	 -0.46	 -1.82	  2.43	 -0.61	  0.46	 -1.82	  2.43	 -0.61	
 -0.27	  1.20	 -1.87	  0.27	  1.20	 -1.87	 -0.46	 -1.82	  2.43	 -0.61	  0.46	 -1.82	  2.43	 -0.61	
 -0.27	  1.19	 -1.87	  0.27	  1.19	 -1.87	 -0.46	 -1.82	  2.43	 -0.61	  0.46	 -1.82	  2.43	 -0.61	
 -0.27	  1.19	 -1.87	  0.27	  1.19	 -1.87	 -0.46	 -1.82	  2.43	 -0.61	  0.46	 -1.82	  2.43	 -0.61	
 -0.27	  1.19	 -1.87	  0.27	  1.19	 -1.87	 -0.46	 -1.82	  2.43	 -0.61	  0.46	 -1.82	  2.43	 -0.61	
 -0.27	  1.19	 -1.87	  0.27	  1.19	 -1.87	 -0.46	 -1.81	  2.43	 -0.61	  0.46	 -1.81	  2.43	 -0.61	
 -0.27	  1.19	 -1.87	  0.27	  1.19	 -1.87	 -0.46	 -1.81	  2.43	 -0.61	  0.46	 -1.81	  2.43	 -0.61	
 -0.27	  1.19	 -1.87	  0.27	  1.19	 -1.87	 -0.46	 -1.81	  2.43	 -0.61	  0.46	 -1.81	  2.43	 -0.61	
 -0.27	  1.19	 -1.87	  0.27	  1.19	 -1.87	 -0.45	 -1.81	  2.42	 -0.61	  0.45	 -1.81	  2.42	 -0.61	
 -0.27	  1.19	 -1.87	  0.27	  1.19	 -1.87	 -0.45	 -1.81	  2.42	 -0.61	  0.45	 -1.81	  2.42	 -0.61	
 -0.27	  1.19	 -1.86	  0.27	  1.19	 -1.86	 -0.45	 -1.81	  2.42	 -0.61	  0.45	 -1.81	  2.42	 -0.61	
 -0.27	  1.19	 -1.86	  0.27	  1.19	 -1.86	 -0.45	 -1.81	  2.42	 -0.61	  0.45	 -1.81	  2.42	 -0.61	
 -0.27	  1.19	 -1.86	  0.27	  1.19	 -1.86	 -0.45	 -1.81	  2.42	 -0.61	  0.45	 -1.81	  2.42	 -0.61	
 -0.27	  1.19	 -1.86	  0.27	  1.19	 -1.86	 -0.45	 -1.80	  2.42	 -0.62	  0.45	 -1.80	  2.42	 -0.62	
 -0.27	  1.19	 -1.86	  0.27	  1.19	 -1.86	 -0.45	 -1.80	  2.42	 -0.62	  0.45	 -1.80	  2.42	 -0.62	
 -0.27	  1.19	 -1.86	  0.27	  1.19	 -1.86	 -0.45	 -1.80	  2.42	 -0.62	  0.45	 -1.80	  2.42	 -0.62	
 -0.27	  1.18	 -1.86	  0.27	  1.18	 -1.86	 -0.45	 -1.80	  2.42	 -0.62	  0.45	 -1.80	  2.42	 -0.62	
 -0.27	  1.18	 -1.86	  0.27	  1.18	 -1.86	 -0.45	 -1.80	  2.42	 -0.62	  0.45	 -1.80	  2.42	 -0.62	
 -0.27	  1.18	 -1.86	  0.27	  1.18	 -1.86	 -0.45	 -1.80	  2.42	 -0.62	  0.45	 -1.80	  2.42	 -0.62	
 -0.27	  1.18	 -1.85	  0.27	  1.18	 -1.85	 -0.45	 -1.80	  2.41	 -0.62	  0.45	 -1.80	  2.41	 -0.62	
 -0.27	  1.18	 -1.85	  0.27	  1.18	 -1.85	 -0.45	 -1.80	  2.41	 -0.62	  0.45	 -1.80	  2.41	 -0.62	
 -0.27	  1.18	 -1.85	  0.27	  1.18	 -1.85	 -0.45	 -1.79	  2.41	 -0.62	  0.45	 -1.79	  2.41	 -0.62	
 -0.27	  1.18	 -1.85	  0.27	  1.18	 -1.85	 -0.45	 -1.79	  2.41	 -0.62	  0.45	 -1.79	  2.41	 -0.62	
 -0.27	  1.18	 -1.85	  0.27	  1.18	 -1.85	 -0.45	 -1.79	  2.41	 -0.62	  0.45	 -1.79	  2.41	 -0.62	
 -0.27	  1.18	 -1.85	  0.27	  1.18	 -1.85	 -0.45	 -1.79	  2.41	 -0.62	  0.45	 -1.79	  2.41	 -0.62	
 -0.27	  1.18	 -1.85	  0.27	  1.18	 -1.85	 -0.45	 -1.79	  2.41	 -0.62	  0.45	 -1.79	  2.41	 -0.62	
 -0.27	  1.18	 -1.85	  0.27	  1.18	 -1.85	 -0.45	 -1.79	  2.41	 -0.62	  0.45	 -1.79	  2.41	 -0.62	
 -0.27	  1.18	 -1.85	  0.27	  1.18	 -1.85	 -0.45	 -1.79	  2.41	 -0.62	  0.45	 -1.79	  2.41	 -0.62	
 -0.27	  1.18	 -1.84	  0.27	  1.18	 -1.84	 -0.45	 -1.79	  2.41	 -0.62	  0.45	 -1.79	  2.41	 -0.62	
 -0.27	  1.17	 -1.84	  0.27	  1.17	 -1.84	 -0.45	 -1.78	  2.40	 -0.62	  0.45	 -1.78	  2.40	 -0.62	
 -0.27	  1.17	 -1.84	  0.27	  1.17	 -1.84	 -0.45	 -1.78	  2.40	 -0.62	  0.45	 -1.78	  2.40	 -0.62	
 -0.27	  1.17	 -1.84	  0.27	  1.17	 -1.84	 -0.45	 -1.78	  2.40	 -0.62	  0.45	 -1.78	  2.40	 -0.62	
 -0.27	  1.17	 -1.84	  0.27	  1.17	 -1.84	 -0.45	 -1.78	  2.40	 -0.62	  0.45	 -1.78	  2.40	 -0.62	
 -0.27	  1.17	 -1.84	  0.27	  1.17	 -1.84	 -0.45	 -1.78	  2.40	 -0.62	  0.45	 -1.78	  2.40	 -0.62	
 -0.27	  1.17	 -1.84	  0.27	  1.17	 -1.84	 -0.45	 -1.78	  2.40	 -0.62	  0.45	 -1.78	  2.40	 -0.62	
 -0.27	  1.17	 -1.84	  0.27	  1.17	 -1.84	 -0.45	 -1.78	  2.40	 -0.62	  0.45	 -1.78	  2.40	 -0.62	
 -0.27	  1.17	 -1.84	  0.27	  1.17	 -1.84	 -0.45	 -1.78	  2.40	 -0.62	  0.45	 -1.78	  2.40	 -0.62	
 -0.27	  1.17	 -1.84	  0.27	  1.17	 -1.84	 -0.45	 -1.77	  2.40	 -0.62	  0.45	 -1.77	  2.40	 -0.62	
 -0.27	  1.17	 -1.83	  0.27	  1.17	 -1.83	 -0.45	 -1.77	  2.40	 -0.62	  0.45	 -1.77	  2.40	 -0.62	
 -0.27	  1.17	 -1.83	  0.27	  1.17	 -1.83	 -0.45	 -1.77	  2.39	 -0.62	  0.45	 -1.77	  2.39	 -0.62	
 -0.27	  1.17	 -1.83	  0.27	  1.17	 -1.83	 -0.44	 -1.77	  2.39	 -0.62	  0.44	 -1.77	  2.39	 -0.62	
 -0.27	  1.17	 -1.83	  0.27	  1.17	 -1.83	 -0.44	 -1.77	  2.39	 -0.62	  0.44	 -1.77	  2.39	 -0.62	
 -0.27	  1.16	 -1.83	  0.27	  1.16	 -1.83	 -0.44	 -1.77	  2.39	 -0.62	  0.44	 -1.77	  2.39	 -0.62	
 -0.27	  1.16	 -1.83	  0.27	  1.16	 -1.83	 -0.44	 -1.77	  2.39	 -0.62	  0.44	 -1.77	  2.39	 -0.62	
 -0.27	  1.16	 -1.83	  0.27	  1.16	 -1.83	 -0.44	 -1.77	  2.39	 -0.62	  0.44	 -1.77	  2.39	 -0.62	
 -0.27	  1.16	 -1.83	  0.27	  1.16	 -1.83	 -0.44	 -1.76	  2.39	 -0.62	  0.44	 -1.76	  2.39	 -0.62	
 -0.27	  1.16	 -1.83	  0.27	  1.16	 -1.83	 -0.44	 -1.76	  2.39	 -0.62	  0.44	 -1.76	  2.39	 -0.62	
 -0.27	  1.16	 -1.82	  0.27	  1.16	 -1.82	 -0.44	 -1.76	  2.39	 -0.62	  0.44	 -1.76	  2.39	 -0.62	
 -0.26	  1.16	 -1.82	  0.26	  1.16	 -1.82	 -0.44	 -1.76	  2.39	 -0.62	  0.44	 -1.76	  2.39	 -0.62	
 -0.26	  1.16	 -1.82	  0.26	  1.16	 -1.82	 -0.44	 -1.76	  2.38	 -0.62	  0.44	 -1.76	  2.38	 -0.62	
 -0.26	  1.16	 -1.82	  0.26	  1.16	 -1.82	 -0.44	 -1.76	  2.38	 -0.62	  0.44	 -1.76	  2.38	 -0.62	
 -0.26	  1.16	 -1.82	  0.26	  1.16	 -1.82	 -0.44	 -1.76	  2.38	 -0.63	  0.44	 -1.76	  2.38	 -0.63	
 -0.26	  1.16	 -1.82	  0.26	  1.16	 -1.82	 -0.44	 -1.76	  2.38	 -0.63	  0.44	 -1.76	  2.38	 -0.63	
 -0.26	  1.16	 -1.82	  0.26	  1.16	 -1.82	 -0.44	 -1.76	  2.38	 -0.63	  0.44	 -1.76	  2.38	 -0.63	
 -0.26	  1.16	 -1.82	  0.26	  1.16	 -1.82	 -0.44	 -1.75	  2.38	 -0.63	  0.44	 -1.75	  2.38	 -0.63	
 -0.26	  1.15	 -1.82	  0.26	  1.15	 -1.82	 -0.44	 -1.75	  2.38	 -0.63	  0.44	 -1.75	  2.38	 -0.63	
 -0.26	  1.15	 -1.81	  0.26	  1.15	 -1.81	 -0.44	 -1.75	  2.38	 -0.63	  0.44	 -1.75	  2.38	 -0.63	
 -0.26	  1.15	 -1.81	  0.26	  1.15	 -1.81	 -0.44	 -1.75	  2.38	 -0.63	  0.44	 -1.75	  2.38	 -0.63	
 -0.26	  1.15	 -1.81	  0.26	  1.15	 -1.81	 -0.44	 -1.75	  2.38	 -0.63	  0.44	 -1.75	  2.38	 -0.63	
 -0.26	  1.15	 -1.81	  0.26	  1.15	 -1.81	 -0.44	 -1.75	  2.37	 -0.63	  0.44	 -1.75	  2.37	 -0.63	
 -0.26	  1.15	 -1.81	  0.26	  1.15	 -1.81	 -0.44	 -1.75	  2.37	 -0.63	  0.44	 -1.75	  2.37	 -0.63	
 -0.26	  1.15	 -1.81	  0.26	  1.15	 -1.81	 -0.44	 -1.75	  2.37	 -0.63	  0.44	 -1.75	  2.37	 -0.63	
 -0.26	  1.15	 -1.81	  0.26	  1.15	 -1.81	 -0.44	 -1.74	  2.37	 -0.63	  0.44	 -1.74	  2.37	 -0.63	
 -0.26	  1.15	 -1.81	  0.26	  1.15	 -1.81	 -0.44	 -1.74	  2.37	 -0.63	  0.44	 -1.74	  2.37	 -0.63	
 -0.26	  1.15	 -1.81	  0.26	  1.15	 -1.81	 -0.44	 -1.74	  2.37	 -0.63	  0.44	 -1.74	  2.37	 -0.63	
 -0.26	  1.15	 -1.80	  0.26	  1.15	 -1.80	 -0.44	 -1.74	  2.37	 -0.63	  0.44	 -1.74	  2.37	 -0.63	
 -0.26	  1.15	 -1.80	  0.26	  1.15	 -1.80	 -0.44	 -1.74	  2.37	 -0.63	  0.44	 -1.74	  2.37	 -0.63	
 -0.26	  1.15	 -1.80	  0.26	  1.15	 -1.80	 -0.44	 -1.74	  2.37	 -0.63	  0.44	 -1.74	  2.37	 -0.63	
 -0.26	  1.15	 -1.80	  0.26	  1.15	 -1.80	 -0.44	 -1.74	  2.37	 -0.63	  0.44	 -1.74	  2.37	 -0.63	
 -0.26	  1.14	 -1.80	  0.26	  1.14	 -1.80	 -0.44	 -1.74	  2.36	 -0.63	  0.44	 -1.74	  2.36	 -0.63	
 -0.26	  1.14	 -1.80	  0.26	  1.14	 -1.80	 -0.44	 -1.73	  2.36	 -0.63	  0.44	 -1.73	  2.36	 -0.63	
 -0.26	  1.14	 -1.80	  0.26	  1.14	 -1.80	 -0.44	 -1.73	  2.36	 -0.63	  0.44	 -1.73	  2.36	 -0.63	
 -0.26	  1.14	 -1.80	  0.26	  1.14	 -1.80	 -0.44	 -1.73	  2.36	 -0.63	  0.44	 -1.73	  2.36	 -0.63	
 -0.26	  1.14	 -1.80	  0.26	  1.14	 -1.80	 -0.43	 -1.73	  2.36	 -0.63	  0.43	 -1.73	  2.36	 -0.63	
 -0.26	  1.14	 -1.79	  0.26	  1.14	 -1.79	 -0.43	 -1.73	  2.36	 -0.63	  0.43	 -1.73	  2.36	 -0.63	
 -0.26	  1.14	 -1.79	  0.26	  1.14	 -1.79	 -0.43	 -1.73	  2.36	 -0.63	  0.43	 -1.73	  2.36	 -0.63	
 -0.26	  1.14	 -1.79	  0.26	  1.14	 -1.79	 -0.43	 -1.73	  2.36	 -0.63	  0.43	 -1.73	  2.36	 -0.63	
 -0.26	  1.14	 -1.79	  0.26	  1.14	 -1.79	 -0.43	 -1.73	  2.36	 -0.63	  0.43	 -1.73	  2.36	 -0.63	
 -0.26	  1.14	 -1.79	  0.26	  1.14	 -1.79	 -0.43	 -1.73	  2.36	 -0.63	  0.43	 -1.73	  2.36	 -0.63	
 -0.26	  1.14	 -1.79	  0.26	  1.14	 -1.79	 -0.43	 -1.72	  2.35	 -0.63	  0.43	 -1.72	  2.35	 -0.63	
 -0.26	  1.14	 -1.79	  0.26	  1.14	 -1.79	 -0.43	 -1.72	  2.35	 -0.63	  0.43	 -1.72	  2.35	 -0.63	
 -0.26	  1.14	 -1.79	  0.26	  1.14	 -1.79	 -0.43	 -1.72	  2.35	 -0.63	  0.43	 -1.72	  2.35	 -0.63	
 -0.26	  1.13	 -1.79	  0.26	  1.13	 -1.79	 -0.43	 -1.72	  2.35	 -0.63	  0.43	 -1.72	  2.35	 -0.63	
 -0.26	  1.13	 -1.78	  0.26	  1.13	 -1.78	 -0.43	 -1.72	  2.35	 -0.63	  0.43	 -1.72	  2.35	 -0.63	
 -0.26	  1.13	 -1.78	  0.26	  1.13	 -1.78	 -0.43	 -1.72	  2.35	 -0.63	  0.43	 -1.72	  2.35	 -0.63	
 -0.26	  1.13	 -1.78	  0.26	  1.13	 -1.78	 -0.43	 -1.72	  2.35	 -0.63	  0.43	 -1.72	  2.35	 -0.63	
 -0.26	  1.13	 -1.78	  0.26	  1.13	 -1.78	 -0.43	 -1.72	  2.35	 -0.63	  0.43	 -1.72	  2.35	 -0.63	
 -0.26	  1.13	 -1.78	  0.26	  1.13	 -1.78	 -0.43	 -1.71	  2.35	 -0.63	  0.43	 -1.71	  2.35	 -0.63	
 -0.26	  1.13	 -1.78	  0.26	  1.13	 -1.78	 -0.43	 -1.71	  2.35	 -0.63	  0.43	 -1.71	  2.35	 -0.63	
 -0.26	  1.13	 -1.78	  0.26	  1.13	 -1.78	 -0.43	 -1.71	  2.34	 -0.63	  0.43	 -1.71	  2.34	 -0.63	
 -0.26	  1.13	 -1.78	  0.26	  1.13	 -1.78	 -0.43	 -1.71	  2.34	 -0.63	  0.43	 -1.71	  2.34	 -0.63	
 -0.26	  1.13	 -1.78	  0.26	  1.13	 -1.78	 -0.43	 -1.71	  2.34	 -0.63	  0.43	 -1.71	  2.34	 -0.63	
 -0.26	  1.13	 -1.77	  0.26	  1.13	 -1.77	 -0.43	 -1.71	  2.34	 -0.63	  0.43	 -1.71	  2.34	 -0.63	
 -0.26	  1.13	 -1.77	  0.26	  1.13	 -1.77	 -0.43	 -1.71	  2.34	 -0.63	  0.43	 -1.71	  2.34	 -0.63	
 -0.26	  1.13	 -1.77	  0.26	  1.13	 -1.77	 -0.43	 -1.71	  2.34	 -0.63	  0.43	 -1.71	  2.34	 -0.63	
 -0.26	  1.12	 -1.77	  0.26	  1.12	 -1.77	 -0.43	 -1.71	  2.34	 -0.63	  0.43	 -1.71	  2.34	 -0.63	
 -0.26	  1.12	 -1.77	  0.26	  1.12	 -1.77	 -0.43	 -1.70	  2.34	 -0.63	  0.43	 -1.70	  2.34	 -0.63	
 -0.26	  1.12	 -1.77	  0.26	  1.12	 -1.77	 -0.43	 -1.70	  2.34	 -0.63	  0.43	 -1.70	  2.34	 -0.63	
 -0.25	  1.12	 -1.77	  0.25	  1.12	 -1.77	 -0.43	 -1.70	  2.34	 -0.63	  0.43	 -1.70	  2.34	 -0.63	
 -0.25	  1.12	 -1.77	  0.25	  1.12	 -1.77	 -0.43	 -1.70	  2.33	 -0.63	  0.43	 -1.70	  2.33	 -0.63	
 -0.25	  1.12	 -1.77	  0.25	  1.12	 -1.77	 -0.43	 -1.70	  2.33	 -0.63	  0.43	 -1.70	  2.33	 -0.63	
 -0.25	  1.12	 -1.76	  0.25	  1.12	 -1.76	 -0.43	 -1.70	  2.33	 -0.63	  0.43	 -1.70	  2.33	 -0.63	
 -0.25	  1.12	 -1.76	  0.25	  1.12	 -1.76	 -0.43	 -1.70	  2.33	 -0.63	  0.43	 -1.70	  2.33	 -0.63	
 -0.25	  1.12	 -1.76	  0.25	  1.12	 -1.76	 -0.43	 -1.70	  2.33	 -0.63	  0.43	 -1.70	  2.33	 -0.63	
 -0.25	  1.12	 -1.76	  0.25	  1.12	 -1.76	 -0.43	 -1.69	  2.33	 -0.63	  0.43	 -1.69	  2.33	 -0.63	
 -0.25	  1.12	 -1.76	  0.25	  1.12	 -1.76	 -0.43	 -1.69	  2.33	 -0.64	  0.43	 -1.69	  2.33	 -0.64	
 -0.25	  1.12	 -1.76	  0.25	  1.12	 -1.76	 -0.43	 -1.69	  2.33	 -0.64	  0.43	 -1.69	  2.33	 -0.64	
 -0.25	  1.12	 -1.76	  0.25	  1.12	 -1.76	 -0.43	 -1.69	  2.33	 -0.64	  0.43	 -1.69	  2.33	 -0.64	
 -0.25	  1.11	 -1.76	  0.25	  1.11	 -1.76	 -0.42	 -1.69	  2.33	 -0.64	  0.42	 -1.69	  2.33	 -0.64	
 -0.25	  1.11	 -1.76	  0.25	  1.11	 -1.76	 -0.42	 -1.69	  2.32	 -0.64	  0.42	 -1.69	  2.32	 -0.64	
 -0.25	  1.11	 -1.75	  0.25	  1.11	 -1.75	 -0.42	 -1.69	  2.32	 -0.64	  0.42	 -1.69	  2.32	 -0.64	
 -0.25	  1.11	 -1.75	  0.25	  1.11	 -1.75	 -0.42	 -1.69	  2.32	 -0.64	  0.42	 -1.69	  2.32	 -0.64	
 -0.25	  1.11	 -1.75	  0.25	  1.11	 -1.75	 -0.42	 -1.69	  2.32	 -0.64	  0.42	 -1.69	  2.32	 -0.64	
 -0.25	  1.11	 -1.75	  0.25	  1.11	 -1.75	 -0.42	 -1.68	  2.32	 -0.64	  0.42	 -1.68	  2.32	 -0.64	
 -0.25	  1.11	 -1.75	  0.25	  1.11	 -1.75	 -0.42	 -1.68	  2.32	 -0.64	  0.42	 -1.68	  2.32	 -0.64	
 -0.25	  1.11	 -1.75	  0.25	  1.11	 -1.75	 -0.42	 -1.68	  2.32	 -0.64	  0.42	 -1.68	  2.32	 -0.64	
 -0.25	  1.11	 -1.75	  0.25	  1.11	 -1.75	 -0.42	 -1.68	  2.32	 -0.64	  0.42	 -1.68	  2.32	 -0.64	
 -0.25	  1.11	 -1.75	  0.25	  1.11	 -1.75	 -0.42	 -1.68	  2.32	 -0.64	  0.42	 -1.68	  2.32	 -0.64	
 -0.25	  1.11	 -1.75	  0.25	  1.11	 -1.75	 -0.42	 -1.68	  2.32	 -0.64	  0.42	 -1.68	  2.32	 -0.64	
 -0.25	  1.11	 -1.74	  0.25	  1.11	 -1.74	 -0.42	 -1.68	  2.31	 -0.64	  0.42	 -1.68	  2.31	 -0.64	
 -0.25	  1.11	 -1.74	  0.25	  1.11	 -1.74	 -0.42	 -1.68	  2.31	 -0.64	  0.42	 -1.68	  2.31	 -0.64	
 -0.25	  1.10	 -1.74	  0.25	  1.10	 -1.74	 -0.42	 -1.68	  2.31	 -0.64	  0.42	 -1.68	  2.31	 -0.64	
 -0.25	  1.10	 -1.74	  0.25	  1.10	 -1.74	 -0.42	 -1.67	  2.31	 -0.64	  0.42	 -1.67	  2.31	 -0.64	
 -0.25	  1.10	 -1.74	  0.25	  1.10	 -1.74	 -0.42	 -1.67	  2.31	 -0.64	  0.42	 -1.67	  2.31	 -0.64	
 -0.25	  1.10	 -1.74	  0.25	  1.10	 -1.74	 -0.42	 -1.67	  2.31	 -0.64	  0.42	 -1.67	  2.31	 -0.64	
 -0.25	  1.10	 -1.74	  0.25	  1.10	 -1.74	 -0.42	 -1.67	  2.31	 -0.64	  0.42	 -1.67	  2.31	 -0.64	
 -0.25	  1.10	 -1.74	  0.25	  1.10	 -1.74	 -0.42	 -1.67	  2.31	 -0.64	  0.42	 -1.67	  2.31	 -0.64	
 -0.25	  1.10	 -1.74	  0.25	  1.10	 -1.74	 -0.42	 -1.67	  2.31	 -0.64	  0.42	 -1.67	  2.31	 -0.64	
 -0.25	  1.10	 -1.73	  0.25	  1.10	 -1.73	 -0.42	 -1.67	  2.31	 -0.64	  0.42	 -1.67	  2.31	 -0.64	
 -0.25	  1.10	 -1.73	  0.25	  1.10	 -1.73	 -0.42	 -1.67	  2.30	 -0.64	  0.42	 -1.67	  2.30	 -0.64	
 -0.25	  1.10	 -1.73	  0.25	  1.10	 -1.73	 -0.42	 -1.66	  2.30	 -0.64	  0.42	 -1.66	  2.30	 -0.64	
 -0.25	  1.10	 -1.73	  0.25	  1.10	 -1.73	 -0.42	 -1.66	  2.30	 -0.64	  0.42	 -1.66	  2.30	 -0.64	
 -0.25	  1.10	 -1.73	  0.25	  1.10	 -1.73	 -0.42	 -1.66	  2.30	 -0.64	  0.42	 -1.66	  2.30	 -0.64	
 -0.25	  1.10	 -1.73	  0.25	  1.10	 -1.73	 -0.42	 -1.66	  2.30	 -0.64	  0.42	 -1.66	  2.30	 -0.64	
 -0.25	  1.09	 -1.73	  0.25	  1.09	 -1.73	 -0.42	 -1.66	  2.30	 -0.64	  0.42	 -1.66	  2.30	 -0.64	
 -0.25	  1.09	 -1.73	  0.25	  1.09	 -1.73	 -0.42	 -1.66	  2.30	 -0.64	  0.42	 -1.66	  2.30	 -0.64	
 -0.25	  1.09	 -1.72	  0.25	  1.09	 -1.72	 -0.42	 -1.66	  2.30	 -0.64	  0.42	 -1.66	  2.30	 -0.64	
 -0.25	  1.09	 -1.72	  0.25	  1.09	 -1.72	 -0.42	 -1.66	  2.30	 -0.64	  0.42	 -1.66	  2.30	 -0.64	
 -0.25	  1.09	 -1.72	  0.25	  1.09	 -1.72	 -0.42	 -1.66	  2.29	 -0.64	  0.42	 -1.66	  2.29	 -0.64	
 -0.25	  1.09	 -1.72	  0.25	  1.09	 -1.72	 -0.42	 -1.65	  2.29	 -0.64	  0.42	 -1.65	  2.29	 -0.64	
 -0.25	  1.09	 -1.72	  0.25	  1.09	 -1.72	 -0.42	 -1.65	  2.29	 -0.64	  0.42	 -1.65	  2.29	 -0.64	
 -0.25	  1.09	 -1.72	  0.25	  1.09	 -1.72	 -0.42	 -1.65	  2.29	 -0.64	  0.42	 -1.65	  2.29	 -0.64	
 -0.25	  1.09	 -1.72	  0.25	  1.09	 -1.72	 -0.42	 -1.65	  2.29	 -0.64	  0.42	 -1.65	  2.29	 -0.64	
 -0.25	  1.09	 -1.72	  0.25	  1.09	 -1.72	 -0.42	 -1.65	  2.29	 -0.64	  0.42	 -1.65	  2.29	 -0.64	
 -0.25	  1.09	 -1.72	  0.25	  1.09	 -1.72	 -0.41	 -1.65	  2.29	 -0.64	  0.41	 -1.65	  2.29	 -0.64	
 -0.25	  1.09	 -1.71	  0.25	  1.09	 -1.71	 -0.41	 -1.65	  2.29	 -0.64	  0.41	 -1.65	  2.29	 -0.64	
 -0.25	  1.09	 -1.71	  0.25	  1.09	 -1.71	 -0.41	 -1.65	  2.29	 -0.64	  0.41	 -1.65	  2.29	 -0.64	
 -0.25	  1.08	 -1.71	  0.25	  1.08	 -1.71	 -0.41	 -1.65	  2.29	 -0.64	  0.41	 -1.65	  2.29	 -0.64	
 -0.25	  1.08	 -1.71	  0.25	  1.08	 -1.71	 -0.41	 -1.64	  2.28	 -0.64	  0.41	 -1.64	  2.28	 -0.64	
 -0.25	  1.08	 -1.71	  0.25	  1.08	 -1.71	 -0.41	 -1.64	  2.28	 -0.64	  0.41	 -1.64	  2.28	 -0.64	
 -0.25	  1.08	 -1.71	  0.25	  1.08	 -1.71	 -0.41	 -1.64	  2.28	 -0.64	  0.41	 -1.64	  2.28	 -0.64	
 -0.25	  1.08	 -1.71	  0.25	  1.08	 -1.71	 -0.41	 -1.64	  2.28	 -0.64	  0.41	 -1.64	  2.28	 -0.64	
 -0.25	  1.08	 -1.71	  0.25	  1.08	 -1.71	 -0.41	 -1.64	  2.28	 -0.64	  0.41	 -1.64	  2.28	 -0.64	
 -0.24	  1.08	 -1.71	  0.24	  1.08	 -1.71	 -0.41	 -1.64	  2.28	 -0.64	  0.41	 -1.64	  2.28	 -0.64	
 -0.24	  1.08	 -1.70	  0.24	  1.08	 -1.70	 -0.41	 -1.64	  2.28	 -0.64	  0.41	 -1.64	  2.28	 -0.64	
 -0.24	  1.08	 -1.70	  0.24	  1.08	 -1.70	 -0.41	 -1.64	  2.28	 -0.64	  0.41	 -1.64	  2.28	 -0.64	
 -0.24	  1.08	 -1.70	  0.24	  1.08	 -1.70	 -0.41	 -1.64	  2.28	 -0.64	  0.41	 -1.64	  2.28	 -0.64	
 -0.24	  1.08	 -1.70	  0.24	  1.08	 -1.70	 -0.41	 -1.63	  2.28	 -0.64	  0.41	 -1.63	  2.28	 -0.64	
 -0.24	  1.08	 -1.70	  0.24	  1.08	 -1.70	 -0.41	 -1.63	  2.27	 -0.64	  0.41	 -1.63	  2.27	 -0.64	
 -0.24	  1.08	 -1.70	  0.24	  1.08	 -1.70	 -0.41	 -1.63	  2.27	 -0.64	  0.41	 -1.63	  2.27	 -0.64	
 -0.24	  1.07	 -1.70	  0.24	  1.07	 -1.70	 -0.41	 -1.63	  2.27	 -0.64	  0.41	 -1.63	  2.27	 -0.64	
 -0.24	  1.07	 -1.70	  0.24	  1.07	 -1.70	 -0.41	 -1.63	  2.27	 -0.64	  0.41	 -1.63	  2.27	 -0.64	
 -0.24	  1.07	 -1.69	  0.24	  1.07	 -1.69	 -0.41	 -1.63	  2.27	 -0.64	  0.41	 -1.63	  2.27	 -0.64	
 -0.24	  1.07	 -1.69	  0.24	  1.07	 -1.69	 -0.41	 -1.63	  2.27	 -0.64	  0.41	 -1.63	  2.27	 -0.64	
 -0.24	  1.07	 -1.69	  0.24	  1.07	 -1.69	 -0.41	 -1.63	  2.27	 -0.64	  0.41	 -1.63	  2.27	 -0.64	
 -0.24	  1.07	 -1.69	  0.24	  1.07	 -1.69	 -0.41	 -1.63	  2.27	 -0.64	  0.41	 -1.63	  2.27	 -0.64	
 -0.24	  1.07	 -1.69	  0.24	  1.07	 -1.69	 -0.41	 -1.62	  2.27	 -0.64	  0.41	 -1.62	  2.27	 -0.64	
 -0.24	  1.07	 -1.69	  0.24	  1.07	 -1.69	 -0.41	 -1.62	  2.26	 -0.64	  0.41	 -1.62	  2.26	 -0.64	
 -0.24	  1.07	 -1.69	  0.24	  1.07	 -1.69	 -0.41	 -1.62	  2.26	 -0.64	  0.41	 -1.62	  2.26	 -0.64	
 -0.24	  1.07	 -1.69	  0.24	  1.07	 -1.69	 -0.41	 -1.62	  2.26	 -0.64	  0.41	 -1.62	  2.26	 -0.64	
 -0.24	  1.07	 -1.69	  0.24	  1.07	 -1.69	 -0.41	 -1.62	  2.26	 -0.64	  0.41	 -1.62	  2.26	 -0.64	
 -0.24	  1.07	 -1.68	  0.24	  1.07	 -1.68	 -0.41	 -1.62	  2.26	 -0.64	  0.41	 -1.62	  2.26	 -0.64	
 -0.24	  1.07	 -1.68	  0.24	  1.07	 -1.68	 -0.41	 -1.62	  2.26	 -0.64	  0.41	 -1.62	  2.26	 -0.64	
 -0.24	  1.06	 -1.68	  0.24	  1.06	 -1.68	 -0.41	 -1.62	  2.26	 -0.64	  0.41	 -1.62	  2.26	 -0.64	
 -0.24	  1.06	 -1.68	  0.24	  1.06	 -1.68	 -0.41	 -1.62	  2.26	 -0.64	  0.41	 -1.62	  2.26	 -0.64	
 -0.24	  1.06	 -1.68	  0.24	  1.06	 -1.68	 -0.41	 -1.61	  2.26	 -0.64	  0.41	 -1.61	  2.26	 -0.64	
 -0.24	  1.06	 -1.68	  0.24	  1.06	 -1.68	 -0.41	 -1.61	  2.26	 -0.64	  0.41	 -1.61	  2.26	 -0.64	
 -0.24	  1.06	 -1.68	  0.24	  1.06	 -1.68	 -0.41	 -1.61	  2.25	 -0.64	  0.41	 -1.61	  2.25	 -0.64	
 -0.24	  1.06	 -1.68	  0.24	  1.06	 -1.68	 -0.41	 -1.61	  2.25	 -0.64	  0.41	 -1.61	  2.25	 -0.64	
 -0.24	  1.06	 -1.67	  0.24	  1.06	 -1.67	 -0.41	 -1.61	  2.25	 -0.64	  0.41	 -1.61	  2.25	 -0.64	
 -0.24	  1.06	 -1.67	  0.24	  1.06	 -1.67	 -0.41	 -1.61	  2.25	 -0.64	  0.41	 -1.61	  2.25	 -0.64	
 -0.24	  1.06	 -1.67	  0.24	  1.06	 -1.67	 -0.41	 -1.61	  2.25	 -0.64	  0.41	 -1.61	  2.25	 -0.64	
 -0.24	  1.06	 -1.67	  0.24	  1.06	 -1.67	 -0.40	 -1.61	  2.25	 -0.64	  0.40	 -1.61	  2.25	 -0.64	
 -0.24	  1.06	 -1.67	  0.24	  1.06	 -1.67	 -0.40	 -1.61	  2.25	 -0.64	  0.40	 -1.61	  2.25	 -0.64	
 -0.24	  1.06	 -1.67	  0.24	  1.06	 -1.67	 -0.40	 -1.60	  2.25	 -0.64	  0.40	 -1.60	  2.25	 -0.64	
 -0.24	  1.06	 -1.67	  0.24	  1.06	 -1.67	 -0.40	 -1.60	  2.25	 -0.64	  0.40	 -1.60	  2.25	 -0.64	
 -0.24	  1.05	 -1.67	  0.24	  1.05	 -1.67	 -0.40	 -1.60	  2.24	 -0.64	  0.40	 -1.60	  2.24	 -0.64	
 -0.24	  1.05	 -1.67	  0.24	  1.05	 -1.67	 -0.40	 -1.60	  2.24	 -0.64	  0.40	 -1.60	  2.24	 -0.64	
 -0.24	  1.05	 -1.66	  0.24	  1.05	 -1.66	 -0.40	 -1.60	  2.24	 -0.64	  0.40	 -1.60	  2.24	 -0.64	
 -0.24	  1.05	 -1.66	  0.24	  1.05	 -1.66	 -0.40	 -1.60	  2.24	 -0.64	  0.40	 -1.60	  2.24	 -0.64	
 -0.24	  1.05	 -1.66	  0.24	  1.05	 -1.66	 -0.40	 -1.60	  2.24	 -0.64	  0.40	 -1.60	  2.24	 -0.64	
 -0.24	  1.05	 -1.66	  0.24	  1.05	 -1.66	 -0.40	 -1.60	  2.24	 -0.64	  0.40	 -1.60	  2.24	 -0.64	
 -0.24	  1.05	 -1.66	  0.24	  1.05	 -1.66	 -0.40	 -1.60	  2.24	 -0.64	  0.40	 -1.60	  2.24	 -0.64	
 -0.24	  1.05	 -1.66	  0.24	  1.05	 -1.66	 -0.40	 -1.59	  2.24	 -0.64	  0.40	 -1.59	  2.24	 -0.64	
 -0.24	  1.05	 -1.66	  0.24	  1.05	 -1.66	 -0.40	 -1.59	  2.24	 -0.64	  0.40	 -1.59	  2.24	 -0.64	
 -0.24	  1.05	 -1.66	  0.24	  1.05	 -1.66	 -0.40	 -1.59	  2.24	 -0.64	  0.40	 -1.59	  2.24	 -0.64	
 -0.24	  1.05	 -1.65	  0.24	  1.05	 -1.65	 -0.40	 -1.59	  2.23	 -0.64	  0.40	 -1.59	  2.23	 -0.64	
 -0.24	  1.05	 -1.65	  0.24	  1.05	 -1.65	 -0.40	 -1.59	  2.23	 -0.64	  0.40	 -1.59	  2.23	 -0.64	
 -0.24	  1.05	 -1.65	  0.24	  1.05	 -1.65	 -0.40	 -1.59	  2.23	 -0.64	  0.40	 -1.59	  2.23	 -0.64	
 -0.24	  1.04	 -1.65	  0.24	  1.04	 -1.65	 -0.40	 -1.59	  2.23	 -0.64	  0.40	 -1.59	  2.23	 -0.64	
 -0.24	  1.04	 -1.65	  0.24	  1.04	 -1.65	 -0.40	 -1.59	  2.23	 -0.64	  0.40	 -1.59	  2.23	 -0.64	
 -0.24	  1.04	 -1.65	  0.24	  1.04	 -1.65	 -0.40	 -1.59	  2.23	 -0.64	  0.40	 -1.59	  2.23	 -0.64	
 -0.24	  1.04	 -1.65	  0.24	  1.04	 -1.65	 -0.40	 -1.59	  2.23	 -0.64	  0.40	 -1.59	  2.23	 -0.64	
 -0.24	  1.04	 -1.65	  0.24	  1.04	 -1.65	 -0.40	 -1.58	  2.23	 -0.64	  0.40	 -1.58	  2.23	 -0.64	
 -0.24	  1.04	 -1.64	  0.24	  1.04	 -1.64	 -0.40	 -1.58	  2.23	 -0.64	  0.40	 -1.58	  2.23	 -0.64	
 -0.24	  1.04	 -1.64	  0.24	  1.04	 -1.64	 -0.40	 -1.58	  2.22	 -0.64	  0.40	 -1.58	  2.22	 -0.64	
 -0.24	  1.04	 -1.64	  0.24	  1.04	 -1.64	 -0.40	 -1.58	  2.22	 -0.64	  0.40	 -1.58	  2.22	 -0.64	
 -0.24	  1.04	 -1.64	  0.24	  1.04	 -1.64	 -0.40	 -1.58	  2.22	 -0.64	  0.40	 -1.58	  2.22	 -0.64	
 -0.24	  1.04	 -1.64	  0.24	  1.04	 -1.64	 -0.40	 -1.58	  2.22	 -0.64	  0.40	 -1.58	  2.22	 -0.64	
 -0.24	  1.04	 -1.64	  0.24	  1.04	 -1.64	 -0.40	 -1.58	  2.22	 -0.64	  0.40	 -1.58	  2.22	 -0.64	
 -0.24	  1.04	 -1.64	  0.24	  1.04	 -1.64	 -0.40	 -1.58	  2.22	 -0.64	  0.40	 -1.58	  2.22	 -0.64	
 -0.24	  1.04	 -1.64	  0.24	  1.04	 -1.64	 -0.40	 -1.58	  2.22	 -0.64	  0.40	 -1.58	  2.22	 -0.64	
 -0.23	  1.03	 -1.64	  0.23	  1.03	 -1.64	 -0.40	 -1.57	  2.22	 -0.64	  0.40	 -1.57	  2.22	 -0.64	
 -0.23	  1.03	 -1.63	  0.23	  1.03	 -1.63	 -0.40	 -1.57	  2.22	 -0.64	  0.40	 -1.57	  2.22	 -0.64	
 -0.23	  1.03	 -1.63	  0.23	  1.03	 -1.63	 -0.40	 -1.57	  2.21	 -0.64	  0.40	 -1.57	  2.21	 -0.64	
 -0.23	  1.03	 -1.63	  0.23	  1.03	 -1.63	 -0.40	 -1.57	  2.21	 -0.64	  0.40	 -1.57	  2.21	 -0.64	
 -0.23	  1.03	 -1.63	  0.23	  1.03	 -1.63	 -0.40	 -1.57	  2.21	 -0.64	  0.40	 -1.57	  2.21	 -0.64	
 -0.23	  1.03	 -1.63	  0.23	  1.03	 -1.63	 -0.40	 -1.57	  2.21	 -0.64	  0.40	 -1.57	  2.21	 -0.64	
 -0.23	  1.03	 -1.63	  0.23	  1.03	 -1.63	 -0.40	 -1.57	  2.21	 -0.64	  0.40	 -1.57	  2.21	 -0.64	
 -0.23	  1.03	 -1.63	  0.23	  1.03	 -1.63	 -0.40	 -1.57	  2.21	 -0.64	  0.40	 -1.57	  2.21	 -0.64	
 -0.23	  1.03	 -1.63	  0.23	  1.03	 -1.63	 -0.40	 -1.57	  2.21	 -0.64	  0.40	 -1.57	  2.21	 -0.64	
 -0.23	  1.03	 -1.62	  0.23	  1.03	 -1.62	 -0.39	 -1.56	  2.21	 -0.64	  0.39	 -1.56	  2.21	 -0.64	
 -0.23	  1.03	 -1.62	  0.23	  1.03	 -1.62	 -0.39	 -1.56	  2.21	 -0.64	  0.39	 -1.56	  2.21	 -0.64	
 -0.23	  1.03	 -1.62	  0.23	  1.03	 -1.62	 -0.39	 -1.56	  2.21	 -0.64	  0.39	 -1.56	  2.21	 -0.64	
 -0.23	  1.03	 -1.62	  0.23	  1.03	 -1.62	 -0.39	 -1.56	  2.20	 -0.64	  0.39	 -1.56	  2.20	 -0.64	
 -0.23	  1.02	 -1.62	  0.23	  1.02	 -1.62	 -0.39	 -1.56	  2.20	 -0.64	  0.39	 -1.56	  2.20	 -0.64	
 -0.23	  1.02	 -1.62	  0.23	  1.02	 -1.62	 -0.39	 -1.56	  2.20	 -0.64	  0.39	 -1.56	  2.20	 -0.64	
 -0.23	  1.02	 -1.62	  0.23	  1.02	 -1.62	 -0.39	 -1.56	  2.20	 -0.64	  0.39	 -1.56	  2.20	 -0.64	
 -0.23	  1.02	 -1.62	  0.23	  1.02	 -1.62	 -0.39	 -1.56	  2.20	 -0.64	  0.39	 -1.56	  2.20	 -0.64	
 -0.23	  1.02	 -1.61	  0.23	  1.02	 -1.61	 -0.39	 -1.56	  2.20	 -0.64	  0.39	 -1.56	  2.20	 -0.64	
 -0.23	  1.02	 -1.61	  0.23	  1.02	 -1.61	 -0.39	 -1.56	  2.20	 -0.64	  0.39	 -1.56	  2.20	 -0.64	
 -0.23	  1.02	 -1.61	  0.23	  1.02	 -1.61	 -0.39	 -1.55	  2.20	 -0.64	  0.39	 -1.55	  2.20	 -0.64	
 -0.23	  1.02	 -1.61	  0.23	  1.02	 -1.61	 -0.39	 -1.55	  2.20	 -0.64	  0.39	 -1.55	  2.20	 -0.64	
 -0.23	  1.02	 -1.61	  0.23	  1.02	 -1.61	 -0.39	 -1.55	  2.19	 -0.64	  0.39	 -1.55	  2.19	 -0.64	
 -0.23	  1.02	 -1.61	  0.23	  1.02	 -1.61	 -0.39	 -1.55	  2.19	 -0.64	  0.39	 -1.55	  2.19	 -0.64	
 -0.23	  1.02	 -1.61	  0.23	  1.02	 -1.61	 -0.39	 -1.55	  2.19	 -0.64	  0.39	 -1.55	  2.19	 -0.64	
 -0.23	  1.02	 -1.61	  0.23	  1.02	 -1.61	 -0.39	 -1.55	  2.19	 -0.64	  0.39	 -1.55	  2.19	 -0.64	
 -0.23	  1.01	 -1.60	  0.23	  1.01	 -1.60	 -0.39	 -1.55	  2.19	 -0.64	  0.39	 -1.55	  2.19	 -0.64	
 -0.23	  1.01	 -1.60	  0.23	  1.01	 -1.60	 -0.39	 -1.55	  2.19	 -0.64	  0.39	 -1.55	  2.19	 -0.64	
 -0.23	  1.01	 -1.60	  0.23	  1.01	 -1.60	 -0.39	 -1.55	  2.19	 -0.64	  0.39	 -1.55	  2.19	 -0.64	
 -0.23	  1.01	 -1.60	  0.23	  1.01	 -1.60	 -0.39	 -1.54	  2.19	 -0.64	  0.39	 -1.54	  2.19	 -0.64	
 -0.23	  1.01	 -1.60	  0.23	  1.01	 -1.60	 -0.39	 -1.54	  2.19	 -0.64	  0.39	 -1.54	  2.19	 -0.64	
 -0.23	  1.01	 -1.60	  0.23	  1.01	 -1.60	 -0.39	 -1.54	  2.18	 -0.64	  0.39	 -1.54	  2.18	 -0.64	
 -0.23	  1.01	 -1.60	  0.23	  1.01	 -1.60	 -0.39	 -1.54	  2.18	 -0.64	  0.39	 -1.54	  2.18	 -0.64	
 -0.23	  1.01	 -1.60	  0.23	  1.01	 -1.60	 -0.39	 -1.54	  2.18	 -0.64	  0.39	 -1.54	  2.18	 -0.64	
 -0.23	  1.01	 -1.60	  0.23	  1.01	 -1.60	 -0.39	 -1.54	  2.18	 -0.64	  0.39	 -1.54	  2.18	 -0.64	
 -0.23	  1.01	 -1.59	  0.23	  1.01	 -1.59	 -0.39	 -1.54	  2.18	 -0.64	  0.39	 -1.54	  2.18	 -0.64	
 -0.23	  1.01	 -1.59	  0.23	  1.01	 -1.59	 -0.39	 -1.54	  2.18	 -0.64	  0.39	 -1.54	  2.18	 -0.64	
 -0.23	  1.01	 -1.59	  0.23	  1.01	 -1.59	 -0.39	 -1.54	  2.18	 -0.64	  0.39	 -1.54	  2.18	 -0.64	
 -0.23	  1.01	 -1.59	  0.23	  1.01	 -1.59	 -0.39	 -1.54	  2.18	 -0.64	  0.39	 -1.54	  2.18	 -0.64	
 -0.23	  1.00	 -1.59	  0.23	  1.00	 -1.59	 -0.39	 -1.53	  2.18	 -0.64	  0.39	 -1.53	  2.18	 -0.64	
 -0.23	  1.00	 -1.59	  0.23	  1.00	 -1.59	 -0.39	 -1.53	  2.17	 -0.64	  0.39	 -1.53	  2.17	 -0.64	
 -0.23	  1.00	 -1.59	  0.23	  1.00	 -1.59	 -0.39	 -1.53	  2.17	 -0.64	  0.39	 -1.53	  2.17	 -0.64	
 -0.23	  1.00	 -1.59	  0.23	  1.00	 -1.59	 -0.39	 -1.53	  2.17	 -0.64	  0.39	 -1.53	  2.17	 -0.64	
 -0.23	  1.00	 -1.58	  0.23	  1.00	 -1.58	 -0.39	 -1.53	  2.17	 -0.64	  0.39	 -1.53	  2.17	 -0.64	
 -0.23	  1.00	 -1.58	  0.23	  1.00	 -1.58	 -0.39	 -1.53	  2.17	 -0.64	  0.39	 -1.53	  2.17	 -0.64	
 -0.23	  1.00	 -1.58	  0.23	  1.00	 -1.58	 -0.39	 -1.53	  2.17	 -0.64	  0.39	 -1.53	  2.17	 -0.64	
 -0.23	  1.00	 -1.58	  0.23	  1.00	 -1.58	 -0.39	 -1.53	  2.17	 -0.64	  0.39	 -1.53	  2.17	 -0.64	
 -0.23	  1.00	 -1.58	  0.23	  1.00	 -1.58	 -0.39	 -1.53	  2.17	 -0.64	  0.39	 -1.53	  2.17	 -0.64	
 -0.23	  1.00	 -1.58	  0.23	  1.00	 -1.58	 -0.39	 -1.52	  2.17	 -0.64	  0.39	 -1.52	  2.17	 -0.64	
 -0.23	  1.00	 -1.58	  0.23	  1.00	 -1.58	 -0.39	 -1.52	  2.17	 -0.64	  0.39	 -1.52	  2.17	 -0.64	
 -0.23	  1.00	 -1.58	  0.23	  1.00	 -1.58	 -0.39	 -1.52	  2.16	 -0.64	  0.39	 -1.52	  2.16	 -0.64	
 -0.23	  1.00	 -1.57	  0.23	  1.00	 -1.57	 -0.39	 -1.52	  2.16	 -0.64	  0.39	 -1.52	  2.16	 -0.64	
 -0.23	  0.99	 -1.57	  0.23	  0.99	 -1.57	 -0.38	 -1.52	  2.16	 -0.64	  0.38	 -1.52	  2.16	 -0.64	
 -0.23	  0.99	 -1.57	  0.23	  0.99	 -1.57	 -0.38	 -1.52	  2.16	 -0.64	  0.38	 -1.52	  2.16	 -0.64	
 -0.23	  0.99	 -1.57	  0.23	  0.99	 -1.57	 -0.38	 -1.52	  2.16	 -0.64	  0.38	 -1.52	  2.16	 -0.64	
 -0.23	  0.99	 -1.57	  0.23	  0.99	 -1.57	 -0.38	 -1.52	  2.16	 -0.64	  0.38	 -1.52	  2.16	 -0.64	
 -0.23	  0.99	 -1.57	  0.23	  0.99	 -1.57	 -0.38	 -1.52	  2.16	 -0.64	  0.38	 -1.52	  2.16	 -0.64	
 -0.23	  0.99	 -1.57	  0.23	  0.99	 -1.57	 -0.38	 -1.52	  2.16	 -0.64	  0.38	 -1.52	  2.16	 -0.64	
 -0.23	  0.99	 -1.57	  0.23	  0.99	 -1.57	 -0.38	 -1.51	  2.16	 -0.64	  0.38	 -1.51	  2.16	 -0.64	
 -0.23	  0.99	 -1.56	  0.23	  0.99	 -1.56	 -0.38	 -1.51	  2.15	 -0.64	  0.38	 -1.51	  2.15	 -0.64	
 -0.23	  0.99	 -1.56	  0.23	  0.99	 -1.56	 -0.38	 -1.51	  2.15	 -0.64	  0.38	 -1.51	  2.15	 -0.64	
 -0.23	  0.99	 -1.56	  0.23	  0.99	 -1.56	 -0.38	 -1.51	  2.15	 -0.64	  0.38	 -1.51	  2.15	 -0.64	
 -0.23	  0.99	 -1.56	  0.23	  0.99	 -1.56	 -0.38	 -1.51	  2.15	 -0.64	  0.38	 -1.51	  2.15	 -0.64	
 -0.23	  0.99	 -1.56	  0.23	  0.99	 -1.56	 -0.38	 -1.51	  2.15	 -0.64	  0.38	 -1.51	  2.15	 -0.64	
 -0.23	  0.98	 -1.56	  0.23	  0.98	 -1.56	 -0.38	 -1.51	  2.15	 -0.64	  0.38	 -1.51	  2.15	 -0.64	
 -0.22	  0.98	 -1.56	  0.22	  0.98	 -1.56	 -0.38	 -1.51	  2.15	 -0.64	  0.38	 -1.51	  2.15	 -0.64	
 -0.22	  0.98	 -1.56	  0.22	  0.98	 -1.56	 -0.38	 -1.51	  2.15	 -0.64	  0.38	 -1.51	  2.15	 -0.64	
 -0.22	  0.98	 -1.55	  0.22	  0.98	 -1.55	 -0.38	 -1.50	  2.15	 -0.64	  0.38	 -1.50	  2.15	 -0.64	
 -0.22	  0.98	 -1.55	  0.22	  0.98	 -1.55	 -0.38	 -1.50	  2.14	 -0.64	  0.38	 -1.50	  2.14	 -0.64	
 -0.22	  0.98	 -1.55	  0.22	  0.98	 -1.55	 -0.38	 -1.50	  2.14	 -0.64	  0.38	 -1.50	  2.14	 -0.64	
 -0.22	  0.98	 -1.55	  0.22	  0.98	 -1.55	 -0.38	 -1.50	  2.14	 -0.64	  0.38	 -1.50	  2.14	 -0.64	
 -0.22	  0.98	 -1.55	  0.22	  0.98	 -1.55	 -0.38	 -1.50	  2.14	 -0.64	  0.38	 -1.50	  2.14	 -0.64	
 -0.22	  0.98	 -1.55	  0.22	  0.98	 -1.55	 -0.38	 -1.50	  2.14	 -0.64	  0.38	 -1.50	  2.14	 -0.64	
 -0.22	  0.98	 -1.55	  0.22	  0.98	 -1.55	 -0.38	 -1.50	  2.14	 -0.64	  0.38	 -1.50	  2.14	 -0.64	
 -0.22	  0.98	 -1.54	  0.22	  0.98	 -1.54	 -0.38	 -1.50	  2.14	 -0.64	  0.38	 -1.50	  2.14	 -0.64	
 -0.22	  0.98	 -1.54	  0.22	  0.98	 -1.54	 -0.38	 -1.50	  2.14	 -0.64	  0.38	 -1.50	  2.14	 -0.64	
 -0.22	  0.98	 -1.54	  0.22	  0.98	 -1.54	 -0.38	 -1.50	  2.14	 -0.64	  0.38	 -1.50	  2.14	 -0.64	
 -0.22	  0.97	 -1.54	  0.22	  0.97	 -1.54	 -0.38	 -1.49	  2.13	 -0.64	  0.38	 -1.49	  2.13	 -0.64	
 -0.22	  0.97	 -1.54	  0.22	  0.97	 -1.54	 -0.38	 -1.49	  2.13	 -0.64	  0.38	 -1.49	  2.13	 -0.64	
 -0.22	  0.97	 -1.54	  0.22	  0.97	 -1.54	 -0.38	 -1.49	  2.13	 -0.64	  0.38	 -1.49	  2.13	 -0.64	
 -0.22	  0.97	 -1.54	  0.22	  0.97	 -1.54	 -0.38	 -1.49	  2.13	 -0.64	  0.38	 -1.49	  2.13	 -0.64	
 -0.22	  0.97	 -1.54	  0.22	  0.97	 -1.54	 -0.38	 -1.49	  2.13	 -0.64	  0.38	 -1.49	  2.13	 -0.64	
 -0.22	  0.97	 -1.53	  0.22	  0.97	 -1.53	 -0.38	 -1.49	  2.13	 -0.64	  0.38	 -1.49	  2.13	 -0.64	
 -0.22	  0.97	 -1.53	  0.22	  0.97	 -1.53	 -0.38	 -1.49	  2.13	 -0.64	  0.38	 -1.49	  2.13	 -0.64	
 -0.22	  0.97	 -1.53	  0.22	  0.97	 -1.53	 -0.38	 -1.49	  2.13	 -0.64	  0.38	 -1.49	  2.13	 -0.64	
 -0.22	  0.97	 -1.53	  0.22	  0.97	 -1.53	 -0.38	 -1.49	  2.13	 -0.64	  0.38	 -1.49	  2.13	 -0.64	
 -0.22	  0.97	 -1.53	  0.22	  0.97	 -1.53	 -0.38	 -1.49	  2.12	 -0.64	  0.38	 -1.49	  2.12	 -0.64	
 -0.22	  0.97	 -1.53	  0.22	  0.97	 -1.53	 -0.38	 -1.48	  2.12	 -0.64	  0.38	 -1.48	  2.12	 -0.64	
 -0.22	  0.97	 -1.53	  0.22	  0.97	 -1.53	 -0.38	 -1.48	  2.12	 -0.64	  0.38	 -1.48	  2.12	 -0.64	
 -0.22	  0.96	 -1.53	  0.22	  0.96	 -1.53	 -0.38	 -1.48	  2.12	 -0.64	  0.38	 -1.48	  2.12	 -0.64	
 -0.22	  0.96	 -1.52	  0.22	  0.96	 -1.52	 -0.38	 -1.48	  2.12	 -0.64	  0.38	 -1.48	  2.12	 -0.64	
 -0.22	  0.96	 -1.52	  0.22	  0.96	 -1.52	 -0.38	 -1.48	  2.12	 -0.64	  0.38	 -1.48	  2.12	 -0.64	
 -0.22	  0.96	 -1.52	  0.22	  0.96	 -1.52	 -0.38	 -1.48	  2.12	 -0.64	  0.38	 -1.48	  2.12	 -0.64	
 -0.22	  0.96	 -1.52	  0.22	  0.96	 -1.52	 -0.38	 -1.48	  2.12	 -0.64	  0.38	 -1.48	  2.12	 -0.64	
 -0.22	  0.96	 -1.52	  0.22	  0.96	 -1.52	 -0.38	 -1.48	  2.12	 -0.64	  0.38	 -1.48	  2.12	 -0.64	
 -0.22	  0.96	 -1.52	  0.22	  0.96	 -1.52	 -0.37	 -1.48	  2.11	 -0.64	  0.37	 -1.48	  2.11	 -0.64	
 -0.22	  0.96	 -1.52	  0.22	  0.96	 -1.52	 -0.37	 -1.48	  2.11	 -0.64	  0.37	 -1.48	  2.11	 -0.64	
 -0.22	  0.96	 -1.52	  0.22	  0.96	 -1.52	 -0.37	 -1.47	  2.11	 -0.64	  0.37	 -1.47	  2.11	 -0.64	
 -0.22	  0.96	 -1.51	  0.22	  0.96	 -1.51	 -0.37	 -1.47	  2.11	 -0.64	  0.37	 -1.47	  2.11	 -0.64	
 -0.22	  0.96	 -1.51	  0.22	  0.96	 -1.51	 -0.37	 -1.47	  2.11	 -0.64	  0.37	 -1.47	  2.11	 -0.64	
 -0.22	  0.96	 -1.51	  0.22	  0.96	 -1.51	 -0.37	 -1.47	  2.11	 -0.64	  0.37	 -1.47	  2.11	 -0.64	
 -0.22	  0.96	 -1.51	  0.22	  0.96	 -1.51	 -0.37	 -1.47	  2.11	 -0.64	  0.37	 -1.47	  2.11	 -0.64	
 -0.22	  0.95	 -1.51	  0.22	  0.95	 -1.51	 -0.37	 -1.47	  2.11	 -0.64	  0.37	 -1.47	  2.11	 -0.64	
 -0.22	  0.95	 -1.51	  0.22	  0.95	 -1.51	 -0.37	 -1.47	  2.11	 -0.64	  0.37	 -1.47	  2.11	 -0.64	
 -0.22	  0.95	 -1.51	  0.22	  0.95	 -1.51	 -0.37	 -1.47	  2.10	 -0.64	  0.37	 -1.47	  2.10	 -0.64	
 -0.22	  0.95	 -1.51	  0.22	  0.95	 -1.51	 -0.37	 -1.47	  2.10	 -0.64	  0.37	 -1.47	  2.10	 -0.64	
 -0.22	  0.95	 -1.50	  0.22	  0.95	 -1.50	 -0.37	 -1.46	  2.10	 -0.64	  0.37	 -1.46	  2.10	 -0.64	
 -0.22	  0.95	 -1.50	  0.22	  0.95	 -1.50	 -0.37	 -1.46	  2.10	 -0.64	  0.37	 -1.46	  2.10	 -0.64	
 -0.22	  0.95	 -1.50	  0.22	  0.95	 -1.50	 -0.37	 -1.46	  2.10	 -0.64	  0.37	 -1.46	  2.10	 -0.64	
 -0.22	  0.95	 -1.50	  0.22	  0.95	 -1.50	 -0.37	 -1.46	  2.10	 -0.64	  0.37	 -1.46	  2.10	 -0.64	
 -0.22	  0.95	 -1.50	  0.22	  0.95	 -1.50	 -0.37	 -1.46	  2.10	 -0.64	  0.37	 -1.46	  2.10	 -0.64	
 -0.22	  0.95	 -1.50	  0.22	  0.95	 -1.50	 -0.37	 -1.46	  2.10	 -0.64	  0.37	 -1.46	  2.10	 -0.64	
 -0.22	  0.95	 -1.50	  0.22	  0.95	 -1.50	 -0.37	 -1.46	  2.10	 -0.64	  0.37	 -1.46	  2.10	 -0.64	
 -0.22	  0.95	 -1.49	  0.22	  0.95	 -1.49	 -0.37	 -1.46	  2.09	 -0.64	  0.37	 -1.46	  2.09	 -0.64	
 -0.22	  0.94	 -1.49	  0.22	  0.94	 -1.49	 -0.37	 -1.46	  2.09	 -0.64	  0.37	 -1.46	  2.09	 -0.64	
 -0.22	  0.94	 -1.49	  0.22	  0.94	 -1.49	 -0.37	 -1.46	  2.09	 -0.64	  0.37	 -1.46	  2.09	 -0.64	
 -0.22	  0.94	 -1.49	  0.22	  0.94	 -1.49	 -0.37	 -1.45	  2.09	 -0.64	  0.37	 -1.45	  2.09	 -0.64	
 -0.22	  0.94	 -1.49	  0.22	  0.94	 -1.49	 -0.37	 -1.45	  2.09	 -0.64	  0.37	 -1.45	  2.09	 -0.64	
 -0.22	  0.94	 -1.49	  0.22	  0.94	 -1.49	 -0.37	 -1.45	  2.09	 -0.64	  0.37	 -1.45	  2.09	 -0.64	
 -0.22	  0.94	 -1.49	  0.22	  0.94	 -1.49	 -0.37	 -1.45	  2.09	 -0.64	  0.37	 -1.45	  2.09	 -0.64	
 -0.22	  0.94	 -1.49	  0.22	  0.94	 -1.49	 -0.37	 -1.45	  2.09	 -0.64	  0.37	 -1.45	  2.09	 -0.64	
 -0.22	  0.94	 -1.48	  0.22	  0.94	 -1.48	 -0.37	 -1.45	  2.08	 -0.64	  0.37	 -1.45	  2.08	 -0.64	
 -0.22	  0.94	 -1.48	  0.22	  0.94	 -1.48	 -0.37	 -1.45	  2.08	 -0.64	  0.37	 -1.45	  2.08	 -0.64	
 -0.22	  0.94	 -1.48	  0.22	  0.94	 -1.48	 -0.37	 -1.45	  2.08	 -0.64	  0.37	 -1.45	  2.08	 -0.64	
 -0.22	  0.94	 -1.48	  0.22	  0.94	 -1.48	 -0.37	 -1.45	  2.08	 -0.63	  0.37	 -1.45	  2.08	 -0.63	
 -0.22	  0.94	 -1.48	  0.22	  0.94	 -1.48	 -0.37	 -1.45	  2.08	 -0.63	  0.37	 -1.45	  2.08	 -0.63	
 -0.22	  0.93	 -1.48	  0.22	  0.93	 -1.48	 -0.37	 -1.44	  2.08	 -0.63	  0.37	 -1.44	  2.08	 -0.63	
 -0.22	  0.93	 -1.48	  0.22	  0.93	 -1.48	 -0.37	 -1.44	  2.08	 -0.63	  0.37	 -1.44	  2.08	 -0.63	
 -0.22	  0.93	 -1.47	  0.22	  0.93	 -1.47	 -0.37	 -1.44	  2.08	 -0.63	  0.37	 -1.44	  2.08	 -0.63	
 -0.22	  0.93	 -1.47	  0.22	  0.93	 -1.47	 -0.37	 -1.44	  2.08	 -0.63	  0.37	 -1.44	  2.08	 -0.63	
 -0.22	  0.93	 -1.47	  0.22	  0.93	 -1.47	 -0.37	 -1.44	  2.07	 -0.63	  0.37	 -1.44	  2.07	 -0.63	
 -0.22	  0.93	 -1.47	  0.22	  0.93	 -1.47	 -0.37	 -1.44	  2.07	 -0.63	  0.37	 -1.44	  2.07	 -0.63	
 -0.22	  0.93	 -1.47	  0.22	  0.93	 -1.47	 -0.37	 -1.44	  2.07	 -0.63	  0.37	 -1.44	  2.07	 -0.63	
 -0.22	  0.93	 -1.47	  0.22	  0.93	 -1.47	 -0.37	 -1.44	  2.07	 -0.63	  0.37	 -1.44	  2.07	 -0.63	
 -0.22	  0.93	 -1.47	  0.22	  0.93	 -1.47	 -0.37	 -1.44	  2.07	 -0.63	  0.37	 -1.44	  2.07	 -0.63	
 -0.21	  0.93	 -1.47	  0.21	  0.93	 -1.47	 -0.37	 -1.44	  2.07	 -0.63	  0.37	 -1.44	  2.07	 -0.63	
 -0.21	  0.93	 -1.46	  0.21	  0.93	 -1.46	 -0.37	 -1.43	  2.07	 -0.63	  0.37	 -1.43	  2.07	 -0.63	
 -0.21	  0.93	 -1.46	  0.21	  0.93	 -1.46	 -0.37	 -1.43	  2.07	 -0.63	  0.37	 -1.43	  2.07	 -0.63	
 -0.21	  0.92	 -1.46	  0.21	  0.92	 -1.46	 -0.37	 -1.43	  2.07	 -0.63	  0.37	 -1.43	  2.07	 -0.63	
 -0.21	  0.92	 -1.46	  0.21	  0.92	 -1.46	 -0.37	 -1.43	  2.06	 -0.63	  0.37	 -1.43	  2.06	 -0.63	
 -0.21	  0.92	 -1.46	  0.21	  0.92	 -1.46	 -0.37	 -1.43	  2.06	 -0.63	  0.37	 -1.43	  2.06	 -0.63	
 -0.21	  0.92	 -1.46	  0.21	  0.92	 -1.46	 -0.36	 -1.43	  2.06	 -0.63	  0.36	 -1.43	  2.06	 -0.63	
 -0.21	  0.92	 -1.46	  0.21	  0.92	 -1.46	 -0.36	 -1.43	  2.06	 -0.63	  0.36	 -1.43	  2.06	 -0.63	
 -0.21	  0.92	 -1.45	  0.21	  0.92	 -1.45	 -0.36	 -1.43	  2.06	 -0.63	  0.36	 -1.43	  2.06	 -0.63	
 -0.21	  0.92	 -1.45	  0.21	  0.92	 -1.45	 -0.36	 -1.43	  2.06	 -0.63	  0.36	 -1.43	  2.06	 -0.63	
 -0.21	  0.92	 -1.45	  0.21	  0.92	 -1.45	 -0.36	 -1.43	  2.06	 -0.63	  0.36	 -1.43	  2.06	 -0.63	
 -0.21	  0.92	 -1.45	  0.21	  0.92	 -1.45	 -0.36	 -1.42	  2.06	 -0.63	  0.36	 -1.42	  2.06	 -0.63	
 -0.21	  0.92	 -1.45	  0.21	  0.92	 -1.45	 -0.36	 -1.42	  2.06	 -0.63	  0.36	 -1.42	  2.06	 -0.63	
 -0.21	  0.92	 -1.45	  0.21	  0.92	 -1.45	 -0.36	 -1.42	  2.05	 -0.63	  0.36	 -1.42	  2.05	 -0.63	
 -0.21	  0.92	 -1.45	  0.21	  0.92	 -1.45	 -0.36	 -1.42	  2.05	 -0.63	  0.36	 -1.42	  2.05	 -0.63	
 -0.21	  0.91	 -1.45	  0.21	  0.91	 -1.45	 -0.36	 -1.42	  2.05	 -0.63	  0.36	 -1.42	  2.05	 -0.63	
 -0.21	  0.91	 -1.44	  0.21	  0.91	 -1.44	 -0.36	 -1.42	  2.05	 -0.63	  0.36	 -1.42	  2.05	 -0.63	
 -0.21	  0.91	 -1.44	  0.21	  0.91	 -1.44	 -0.36	 -1.42	  2.05	 -0.63	  0.36	 -1.42	  2.05	 -0.63	
 -0.21	  0.91	 -1.44	  0.21	  0.91	 -1.44	 -0.36	 -1.42	  2.05	 -0.63	  0.36	 -1.42	  2.05	 -0.63	
 -0.21	  0.91	 -1.44	  0.21	  0.91	 -1.44	 -0.36	 -1.42	  2.05	 -0.63	  0.36	 -1.42	  2.05	 -0.63	
 -0.21	  0.91	 -1.44	  0.21	  0.91	 -1.44	 -0.36	 -1.42	  2.05	 -0.63	  0.36	 -1.42	  2.05	 -0.63	
 -0.21	  0.91	 -1.44	  0.21	  0.91	 -1.44	 -0.36	 -1.41	  2.04	 -0.63	  0.36	 -1.41	  2.04	 -0.63	
 -0.21	  0.91	 -1.44	  0.21	  0.91	 -1.44	 -0.36	 -1.41	  2.04	 -0.63	  0.36	 -1.41	  2.04	 -0.63	
 -0.21	  0.91	 -1.43	  0.21	  0.91	 -1.43	 -0.36	 -1.41	  2.04	 -0.63	  0.36	 -1.41	  2.04	 -0.63	
 -0.21	  0.91	 -1.43	  0.21	  0.91	 -1.43	 -0.36	 -1.41	  2.04	 -0.63	  0.36	 -1.41	  2.04	 -0.63	
 -0.21	  0.91	 -1.43	  0.21	  0.91	 -1.43	 -0.36	 -1.41	  2.04	 -0.63	  0.36	 -1.41	  2.04	 -0.63	
 -0.21	  0.91	 -1.43	  0.21	  0.91	 -1.43	 -0.36	 -1.41	  2.04	 -0.63	  0.36	 -1.41	  2.04	 -0.63	
 -0.21	  0.90	 -1.43	  0.21	  0.90	 -1.43	 -0.36	 -1.41	  2.04	 -0.63	  0.36	 -1.41	  2.04	 -0.63	
 -0.21	  0.90	 -1.43	  0.21	  0.90	 -1.43	 -0.36	 -1.41	  2.04	 -0.63	  0.36	 -1.41	  2.04	 -0.63	
 -0.21	  0.90	 -1.43	  0.21	  0.90	 -1.43	 -0.36	 -1.41	  2.04	 -0.63	  0.36	 -1.41	  2.04	 -0.63	
 -0.21	  0.90	 -1.43	  0.21	  0.90	 -1.43	 -0.36	 -1.41	  2.03	 -0.63	  0.36	 -1.41	  2.03	 -0.63	
 -0.21	  0.90	 -1.42	  0.21	  0.90	 -1.42	 -0.36	 -1.40	  2.03	 -0.63	  0.36	 -1.40	  2.03	 -0.63	
 -0.21	  0.90	 -1.42	  0.21	  0.90	 -1.42	 -0.36	 -1.40	  2.03	 -0.63	  0.36	 -1.40	  2.03	 -0.63	
 -0.21	  0.90	 -1.42	  0.21	  0.90	 -1.42	 -0.36	 -1.40	  2.03	 -0.63	  0.36	 -1.40	  2.03	 -0.63	
 -0.21	  0.90	 -1.42	  0.21	  0.90	 -1.42	 -0.36	 -1.40	  2.03	 -0.63	  0.36	 -1.40	  2.03	 -0.63	
 -0.21	  0.90	 -1.42	  0.21	  0.90	 -1.42	 -0.36	 -1.40	  2.03	 -0.63	  0.36	 -1.40	  2.03	 -0.63	
 -0.21	  0.90	 -1.42	  0.21	  0.90	 -1.42	 -0.36	 -1.40	  2.03	 -0.63	  0.36	 -1.40	  2.03	 -0.63	
 -0.21	  0.90	 -1.42	  0.21	  0.90	 -1.42	 -0.36	 -1.40	  2.03	 -0.63	  0.36	 -1.40	  2.03	 -0.63	
 -0.21	  0.90	 -1.41	  0.21	  0.90	 -1.41	 -0.36	 -1.40	  2.03	 -0.63	  0.36	 -1.40	  2.03	 -0.63	
 -0.21	  0.89	 -1.41	  0.21	  0.89	 -1.41	 -0.36	 -1.40	  2.02	 -0.63	  0.36	 -1.40	  2.02	 -0.63	
 -0.21	  0.89	 -1.41	  0.21	  0.89	 -1.41	 -0.36	 -1.40	  2.02	 -0.63	  0.36	 -1.40	  2.02	 -0.63	
 -0.21	  0.89	 -1.41	  0.21	  0.89	 -1.41	 -0.36	 -1.39	  2.02	 -0.63	  0.36	 -1.39	  2.02	 -0.63	
 -0.21	  0.89	 -1.41	  0.21	  0.89	 -1.41	 -0.36	 -1.39	  2.02	 -0.63	  0.36	 -1.39	  2.02	 -0.63	
 -0.21	  0.89	 -1.41	  0.21	  0.89	 -1.41	 -0.36	 -1.39	  2.02	 -0.63	  0.36	 -1.39	  2.02	 -0.63	
 -0.21	  0.89	 -1.41	  0.21	  0.89	 -1.41	 -0.36	 -1.39	  2.02	 -0.63	  0.36	 -1.39	  2.02	 -0.63	
 -0.21	  0.89	 -1.40	  0.21	  0.89	 -1.40	 -0.36	 -1.39	  2.02	 -0.63	  0.36	 -1.39	  2.02	 -0.63	
 -0.21	  0.89	 -1.40	  0.21	  0.89	 -1.40	 -0.36	 -1.39	  2.02	 -0.63	  0.36	 -1.39	  2.02	 -0.63	
 -0.21	  0.89	 -1.40	  0.21	  0.89	 -1.40	 -0.36	 -1.39	  2.01	 -0.63	  0.36	 -1.39	  2.01	 -0.63	
 -0.21	  0.89	 -1.40	  0.21	  0.89	 -1.40	 -0.36	 -1.39	  2.01	 -0.63	  0.36	 -1.39	  2.01	 -0.63	
 -0.21	  0.89	 -1.40	  0.21	  0.89	 -1.40	 -0.36	 -1.39	  2.01	 -0.63	  0.36	 -1.39	  2.01	 -0.63	
 -0.21	  0.89	 -1.40	  0.21	  0.89	 -1.40	 -0.36	 -1.39	  2.01	 -0.63	  0.36	 -1.39	  2.01	 -0.63	
 -0.21	  0.88	 -1.40	  0.21	  0.88	 -1.40	 -0.36	 -1.38	  2.01	 -0.63	  0.36	 -1.38	  2.01	 -0.63	
 -0.21	  0.88	 -1.39	  0.21	  0.88	 -1.39	 -0.36	 -1.38	  2.01	 -0.63	  0.36	 -1.38	  2.01	 -0.63	
 -0.21	  0.88	 -1.39	  0.21	  0.88	 -1.39	 -0.36	 -1.38	  2.01	 -0.62	  0.36	 -1.38	  2.01	 -0.62	
 -0.21	  0.88	 -1.39	  0.21	  0.88	 -1.39	 -0.35	 -1.38	  2.01	 -0.62	  0.35	 -1.38	  2.01	 -0.62	
 -0.21	  0.88	 -1.39	  0.21	  0.88	 -1.39	 -0.35	 -1.38	  2.01	 -0.62	  0.35	 -1.38	  2.01	 -0.62	
 -0.21	  0.88	 -1.39	  0.21	  0.88	 -1.39	 -0.35	 -1.38	  2.00	 -0.62	  0.35	 -1.38	  2.00	 -0.62	
 -0.21	  0.88	 -1.39	  0.21	  0.88	 -1.39	 -0.35	 -1.38	  2.00	 -0.62	  0.35	 -1.38	  2.00	 -0.62	
 -0.21	  0.88	 -1.39	  0.21	  0.88	 -1.39	 -0.35	 -1.38	  2.00	 -0.62	  0.35	 -1.38	  2.00	 -0.62	
 -0.21	  0.88	 -1.38	  0.21	  0.88	 -1.38	 -0.35	 -1.38	  2.00	 -0.62	  0.35	 -1.38	  2.00	 -0.62	
 -0.21	  0.88	 -1.38	  0.21	  0.88	 -1.38	 -0.35	 -1.38	  2.00	 -0.62	  0.35	 -1.38	  2.00	 -0.62	
 -0.21	  0.88	 -1.38	  0.21	  0.88	 -1.38	 -0.35	 -1.37	  2.00	 -0.62	  0.35	 -1.37	  2.00	 -0.62	
 -0.21	  0.88	 -1.38	  0.21	  0.88	 -1.38	 -0.35	 -1.37	  2.00	 -0.62	  0.35	 -1.37	  2.00	 -0.62	
 -0.21	  0.87	 -1.38	  0.21	  0.87	 -1.38	 -0.35	 -1.37	  2.00	 -0.62	  0.35	 -1.37	  2.00	 -0.62	
 -0.21	  0.87	 -1.38	  0.21	  0.87	 -1.38	 -0.35	 -1.37	  1.99	 -0.62	  0.35	 -1.37	  1.99	 -0.62	
 -0.21	  0.87	 -1.38	  0.21	  0.87	 -1.38	 -0.35	 -1.37	  1.99	 -0.62	  0.35	 -1.37	  1.99	 -0.62	
 -0.21	  0.87	 -1.38	  0.21	  0.87	 -1.38	 -0.35	 -1.37	  1.99	 -0.62	  0.35	 -1.37	  1.99	 -0.62	
 -0.21	  0.87	 -1.37	  0.21	  0.87	 -1.37	 -0.35	 -1.37	  1.99	 -0.62	  0.35	 -1.37	  1.99	 -0.62	
 -0.21	  0.87	 -1.37	  0.21	  0.87	 -1.37	 -0.35	 -1.37	  1.99	 -0.62	  0.35	 -1.37	  1.99	 -0.62	
 -0.21	  0.87	 -1.37	  0.21	  0.87	 -1.37	 -0.35	 -1.37	  1.99	 -0.62	  0.35	 -1.37	  1.99	 -0.62	
 -0.21	  0.87	 -1.37	  0.21	  0.87	 -1.37	 -0.35	 -1.37	  1.99	 -0.62	  0.35	 -1.37	  1.99	 -0.62	
 -0.21	  0.87	 -1.37	  0.21	  0.87	 -1.37	 -0.35	 -1.37	  1.99	 -0.62	  0.35	 -1.37	  1.99	 -0.62	
 -0.21	  0.87	 -1.37	  0.21	  0.87	 -1.37	 -0.35	 -1.36	  1.99	 -0.62	  0.35	 -1.36	  1.99	 -0.62	
 -0.21	  0.87	 -1.37	  0.21	  0.87	 -1.37	 -0.35	 -1.36	  1.98	 -0.62	  0.35	 -1.36	  1.98	 -0.62	
 -0.21	  0.86	 -1.36	  0.21	  0.86	 -1.36	 -0.35	 -1.36	  1.98	 -0.62	  0.35	 -1.36	  1.98	 -0.62	
 -0.21	  0.86	 -1.36	  0.21	  0.86	 -1.36	 -0.35	 -1.36	  1.98	 -0.62	  0.35	 -1.36	  1.98	 -0.62	
 -0.20	  0.86	 -1.36	  0.20	  0.86	 -1.36	 -0.35	 -1.36	  1.98	 -0.62	  0.35	 -1.36	  1.98	 -0.62	
 -0.20	  0.86	 -1.36	  0.20	  0.86	 -1.36	 -0.35	 -1.36	  1.98	 -0.62	  0.35	 -1.36	  1.98	 -0.62	
 -0.20	  0.86	 -1.36	  0.20	  0.86	 -1.36	 -0.35	 -1.36	  1.98	 -0.62	  0.35	 -1.36	  1.98	 -0.62	
 -0.20	  0.86	 -1.36	  0.20	  0.86	 -1.36	 -0.35	 -1.36	  1.98	 -0.62	  0.35	 -1.36	  1.98	 -0.62	
 -0.20	  0.86	 -1.36	  0.20	  0.86	 -1.36	 -0.35	 -1.36	  1.98	 -0.62	  0.35	 -1.36	  1.98	 -0.62	
 -0.20	  0.86	 -1.35	  0.20	  0.86	 -1.35	 -0.35	 -1.36	  1.97	 -0.62	  0.35	 -1.36	  1.97	 -0.62	
 -0.20	  0.86	 -1.35	  0.20	  0.86	 -1.35	 -0.35	 -1.35	  1.97	 -0.62	  0.35	 -1.35	  1.97	 -0.62	
 -0.20	  0.86	 -1.35	  0.20	  0.86	 -1.35	 -0.35	 -1.35	  1.97	 -0.62	  0.35	 -1.35	  1.97	 -0.62	
 -0.20	  0.86	 -1.35	  0.20	  0.86	 -1.35	 -0.35	 -1.35	  1.97	 -0.62	  0.35	 -1.35	  1.97	 -0.62	
 -0.20	  0.86	 -1.35	  0.20	  0.86	 -1.35	 -0.35	 -1.35	  1.97	 -0.62	  0.35	 -1.35	  1.97	 -0.62	
 -0.20	  0.85	 -1.35	  0.20	  0.85	 -1.35	 -0.35	 -1.35	  1.97	 -0.62	  0.35	 -1.35	  1.97	 -0.62	
 -0.20	  0.85	 -1.35	  0.20	  0.85	 -1.35	 -0.35	 -1.35	  1.97	 -0.62	  0.35	 -1.35	  1.97	 -0.62	
 -0.20	  0.85	 -1.34	  0.20	  0.85	 -1.34	 -0.35	 -1.35	  1.97	 -0.62	  0.35	 -1.35	  1.97	 -0.62	
 -0.20	  0.85	 -1.34	  0.20	  0.85	 -1.34	 -0.35	 -1.35	  1.97	 -0.62	  0.35	 -1.35	  1.97	 -0.62	
 -0.20	  0.85	 -1.34	  0.20	  0.85	 -1.34	 -0.35	 -1.35	  1.96	 -0.62	  0.35	 -1.35	  1.96	 -0.62	
 -0.20	  0.85	 -1.34	  0.20	  0.85	 -1.34	 -0.35	 -1.35	  1.96	 -0.62	  0.35	 -1.35	  1.96	 -0.62	
 -0.20	  0.85	 -1.34	  0.20	  0.85	 -1.34	 -0.35	 -1.34	  1.96	 -0.62	  0.35	 -1.34	  1.96	 -0.62	
 -0.20	  0.85	 -1.34	  0.20	  0.85	 -1.34	 -0.35	 -1.34	  1.96	 -0.62	  0.35	 -1.34	  1.96	 -0.62	
 -0.20	  0.85	 -1.34	  0.20	  0.85	 -1.34	 -0.35	 -1.34	  1.96	 -0.62	  0.35	 -1.34	  1.96	 -0.62	
 -0.20	  0.85	 -1.33	  0.20	  0.85	 -1.33	 -0.35	 -1.34	  1.96	 -0.62	  0.35	 -1.34	  1.96	 -0.62	
 -0.20	  0.85	 -1.33	  0.20	  0.85	 -1.33	 -0.35	 -1.34	  1.96	 -0.62	  0.35	 -1.34	  1.96	 -0.62	
 -0.20	  0.84	 -1.33	  0.20	  0.84	 -1.33	 -0.35	 -1.34	  1.96	 -0.62	  0.35	 -1.34	  1.96	 -0.62	
 -0.20	  0.84	 -1.33	  0.20	  0.84	 -1.33	 -0.35	 -1.34	  1.95	 -0.62	  0.35	 -1.34	  1.95	 -0.62	
 -0.20	  0.84	 -1.33	  0.20	  0.84	 -1.33	 -0.35	 -1.34	  1.95	 -0.62	  0.35	 -1.34	  1.95	 -0.62	
 -0.20	  0.84	 -1.33	  0.20	  0.84	 -1.33	 -0.35	 -1.34	  1.95	 -0.62	  0.35	 -1.34	  1.95	 -0.62	
 -0.20	  0.84	 -1.32	  0.20	  0.84	 -1.32	 -0.35	 -1.34	  1.95	 -0.61	  0.35	 -1.34	  1.95	 -0.61	
 -0.20	  0.84	 -1.32	  0.20	  0.84	 -1.32	 -0.35	 -1.33	  1.95	 -0.61	  0.35	 -1.33	  1.95	 -0.61	
 -0.20	  0.84	 -1.32	  0.20	  0.84	 -1.32	 -0.35	 -1.33	  1.95	 -0.61	  0.35	 -1.33	  1.95	 -0.61	
 -0.20	  0.84	 -1.32	  0.20	  0.84	 -1.32	 -0.34	 -1.33	  1.95	 -0.61	  0.34	 -1.33	  1.95	 -0.61	
 -0.20	  0.84	 -1.32	  0.20	  0.84	 -1.32	 -0.34	 -1.33	  1.95	 -0.61	  0.34	 -1.33	  1.95	 -0.61	
 -0.20	  0.84	 -1.32	  0.20	  0.84	 -1.32	 -0.34	 -1.33	  1.94	 -0.61	  0.34	 -1.33	  1.94	 -0.61	
 -0.20	  0.84	 -1.32	  0.20	  0.84	 -1.32	 -0.34	 -1.33	  1.94	 -0.61	  0.34	 -1.33	  1.94	 -0.61	
 -0.20	  0.84	 -1.31	  0.20	  0.84	 -1.31	 -0.34	 -1.33	  1.94	 -0.61	  0.34	 -1.33	  1.94	 -0.61	
 -0.20	  0.83	 -1.31	  0.20	  0.83	 -1.31	 -0.34	 -1.33	  1.94	 -0.61	  0.34	 -1.33	  1.94	 -0.61	
 -0.20	  0.83	 -1.31	  0.20	  0.83	 -1.31	 -0.34	 -1.33	  1.94	 -0.61	  0.34	 -1.33	  1.94	 -0.61	
 -0.20	  0.83	 -1.31	  0.20	  0.83	 -1.31	 -0.34	 -1.33	  1.94	 -0.61	  0.34	 -1.33	  1.94	 -0.61	
 -0.20	  0.83	 -1.31	  0.20	  0.83	 -1.31	 -0.34	 -1.32	  1.94	 -0.61	  0.34	 -1.32	  1.94	 -0.61	
 -0.20	  0.83	 -1.31	  0.20	  0.83	 -1.31	 -0.34	 -1.32	  1.94	 -0.61	  0.34	 -1.32	  1.94	 -0.61	
 -0.20	  0.83	 -1.31	  0.20	  0.83	 -1.31	 -0.34	 -1.32	  1.93	 -0.61	  0.34	 -1.32	  1.93	 -0.61	
 -0.20	  0.83	 -1.30	  0.20	  0.83	 -1.30	 -0.34	 -1.32	  1.93	 -0.61	  0.34	 -1.32	  1.93	 -0.61	
 -0.20	  0.83	 -1.30	  0.20	  0.83	 -1.30	 -0.34	 -1.32	  1.93	 -0.61	  0.34	 -1.32	  1.93	 -0.61	
 -0.20	  0.83	 -1.30	  0.20	  0.83	 -1.30	 -0.34	 -1.32	  1.93	 -0.61	  0.34	 -1.32	  1.93	 -0.61	
 -0.20	  0.83	 -1.30	  0.20	  0.83	 -1.30	 -0.34	 -1.32	  1.93	 -0.61	  0.34	 -1.32	  1.93	 -0.61	
 -0.20	  0.83	 -1.30	  0.20	  0.83	 -1.30	 -0.34	 -1.32	  1.93	 -0.61	  0.34	 -1.32	  1.93	 -0.61	
 -0.20	  0.82	 -1.30	  0.20	  0.82	 -1.30	 -0.34	 -1.32	  1.93	 -0.61	  0.34	 -1.32	  1.93	 -0.61	
 -0.20	  0.82	 -1.30	  0.20	  0.82	 -1.30	 -0.34	 -1.32	  1.93	 -0.61	  0.34	 -1.32	  1.93	 -0.61	
 -0.20	  0.82	 -1.29	  0.20	  0.82	 -1.29	 -0.34	 -1.32	  1.93	 -0.61	  0.34	 -1.32	  1.93	 -0.61	
 -0.20	  0.82	 -1.29	  0.20	  0.82	 -1.29	 -0.34	 -1.31	  1.92	 -0.61	  0.34	 -1.31	  1.92	 -0.61	
 -0.20	  0.82	 -1.29	  0.20	  0.82	 -1.29	 -0.34	 -1.31	  1.92	 -0.61	  0.34	 -1.31	  1.92	 -0.61	
 -0.20	  0.82	 -1.29	  0.20	  0.82	 -1.29	 -0.34	 -1.31	  1.92	 -0.61	  0.34	 -1.31	  1.92	 -0.61	
 -0.20	  0.82	 -1.29	  0.20	  0.82	 -1.29	 -0.34	 -1.31	  1.92	 -0.61	  0.34	 -1.31	  1.92	 -0.61	
 -0.20	  0.82	 -1.29	  0.20	  0.82	 -1.29	 -0.34	 -1.31	  1.92	 -0.61	  0.34	 -1.31	  1.92	 -0.61	
 -0.20	  0.82	 -1.28	  0.20	  0.82	 -1.28	 -0.34	 -1.31	  1.92	 -0.61	  0.34	 -1.31	  1.92	 -0.61	
 -0.20	  0.82	 -1.28	  0.20	  0.82	 -1.28	 -0.34	 -1.31	  1.92	 -0.61	  0.34	 -1.31	  1.92	 -0.61	
 -0.20	  0.82	 -1.28	  0.20	  0.82	 -1.28	 -0.34	 -1.31	  1.92	 -0.61	  0.34	 -1.31	  1.92	 -0.61	
 -0.20	  0.81	 -1.28	  0.20	  0.81	 -1.28	 -0.34	 -1.31	  1.91	 -0.61	  0.34	 -1.31	  1.91	 -0.61	
 -0.20	  0.81	 -1.28	  0.20	  0.81	 -1.28	 -0.34	 -1.31	  1.91	 -0.61	  0.34	 -1.31	  1.91	 -0.61	
 -0.20	  0.81	 -1.28	  0.20	  0.81	 -1.28	 -0.34	 -1.30	  1.91	 -0.61	  0.34	 -1.30	  1.91	 -0.61	
 -0.20	  0.81	 -1.28	  0.20	  0.81	 -1.28	 -0.34	 -1.30	  1.91	 -0.61	  0.34	 -1.30	  1.91	 -0.61	
 -0.20	  0.81	 -1.27	  0.20	  0.81	 -1.27	 -0.34	 -1.30	  1.91	 -0.61	  0.34	 -1.30	  1.91	 -0.61	
 -0.20	  0.81	 -1.27	  0.20	  0.81	 -1.27	 -0.34	 -1.30	  1.91	 -0.61	  0.34	 -1.30	  1.91	 -0.61	
 -0.20	  0.81	 -1.27	  0.20	  0.81	 -1.27	 -0.34	 -1.30	  1.91	 -0.61	  0.34	 -1.30	  1.91	 -0.61	
 -0.20	  0.81	 -1.27	  0.20	  0.81	 -1.27	 -0.34	 -1.30	  1.91	 -0.61	  0.34	 -1.30	  1.91	 -0.61	
 -0.20	  0.81	 -1.27	  0.20	  0.81	 -1.27	 -0.34	 -1.30	  1.90	 -0.61	  0.34	 -1.30	  1.90	 -0.61	
 -0.20	  0.81	 -1.27	  0.20	  0.81	 -1.27	 -0.34	 -1.30	  1.90	 -0.61	  0.34	 -1.30	  1.90	 -0.61	
 -0.20	  0.81	 -1.27	  0.20	  0.81	 -1.27	 -0.34	 -1.30	  1.90	 -0.61	  0.34	 -1.30	  1.90	 -0.61	
 -0.20	  0.80	 -1.26	  0.20	  0.80	 -1.26	 -0.34	 -1.30	  1.90	 -0.60	  0.34	 -1.30	  1.90	 -0.60	
 -0.20	  0.80	 -1.26	  0.20	  0.80	 -1.26	 -0.34	 -1.29	  1.90	 -0.60	  0.34	 -1.29	  1.90	 -0.60	
 -0.20	  0.80	 -1.26	  0.20	  0.80	 -1.26	 -0.34	 -1.29	  1.90	 -0.60	  0.34	 -1.29	  1.90	 -0.60	
 -0.20	  0.80	 -1.26	  0.20	  0.80	 -1.26	 -0.34	 -1.29	  1.90	 -0.60	  0.34	 -1.29	  1.90	 -0.60	
 -0.20	  0.80	 -1.26	  0.20	  0.80	 -1.26	 -0.34	 -1.29	  1.90	 -0.60	  0.34	 -1.29	  1.90	 -0.60	
 -0.20	  0.80	 -1.26	  0.20	  0.80	 -1.26	 -0.34	 -1.29	  1.89	 -0.60	  0.34	 -1.29	  1.89	 -0.60	
 -0.20	  0.80	 -1.25	  0.20	  0.80	 -1.25	 -0.34	 -1.29	  1.89	 -0.60	  0.34	 -1.29	  1.89	 -0.60	
 -0.20	  0.80	 -1.25	  0.20	  0.80	 -1.25	 -0.34	 -1.29	  1.89	 -0.60	  0.34	 -1.29	  1.89	 -0.60	
 -0.20	  0.80	 -1.25	  0.20	  0.80	 -1.25	 -0.34	 -1.29	  1.89	 -0.60	  0.34	 -1.29	  1.89	 -0.60	
 -0.20	  0.80	 -1.25	  0.20	  0.80	 -1.25	 -0.34	 -1.29	  1.89	 -0.60	  0.34	 -1.29	  1.89	 -0.60	
 -0.20	  0.80	 -1.25	  0.20	  0.80	 -1.25	 -0.34	 -1.29	  1.89	 -0.60	  0.34	 -1.29	  1.89	 -0.60	
 -0.20	  0.79	 -1.25	  0.20	  0.79	 -1.25	 -0.34	 -1.29	  1.89	 -0.60	  0.34	 -1.29	  1.89	 -0.60	
 -0.20	  0.79	 -1.25	  0.20	  0.79	 -1.25	 -0.34	 -1.28	  1.89	 -0.60	  0.34	 -1.28	  1.89	 -0.60	
 -0.20	  0.79	 -1.24	  0.20	  0.79	 -1.24	 -0.34	 -1.28	  1.88	 -0.60	  0.34	 -1.28	  1.88	 -0.60	
 -0.20	  0.79	 -1.24	  0.20	  0.79	 -1.24	 -0.34	 -1.28	  1.88	 -0.60	  0.34	 -1.28	  1.88	 -0.60	
 -0.20	  0.79	 -1.24	  0.20	  0.79	 -1.24	 -0.34	 -1.28	  1.88	 -0.60	  0.34	 -1.28	  1.88	 -0.60	
 -0.20	  0.79	 -1.24	  0.20	  0.79	 -1.24	 -0.33	 -1.28	  1.88	 -0.60	  0.33	 -1.28	  1.88	 -0.60	
 -0.20	  0.79	 -1.24	  0.20	  0.79	 -1.24	 -0.33	 -1.28	  1.88	 -0.60	  0.33	 -1.28	  1.88	 -0.60	
 -0.19	  0.79	 -1.24	  0.19	  0.79	 -1.24	 -0.33	 -1.28	  1.88	 -0.60	  0.33	 -1.28	  1.88	 -0.60	
 -0.19	  0.79	 -1.23	  0.19	  0.79	 -1.23	 -0.33	 -1.28	  1.88	 -0.60	  0.33	 -1.28	  1.88	 -0.60	
 -0.19	  0.79	 -1.23	  0.19	  0.79	 -1.23	 -0.33	 -1.28	  1.88	 -0.60	  0.33	 -1.28	  1.88	 -0.60	
 -0.19	  0.79	 -1.23	  0.19	  0.79	 -1.23	 -0.33	 -1.28	  1.87	 -0.60	  0.33	 -1.28	  1.87	 -0.60	
 -0.19	  0.78	 -1.23	  0.19	  0.78	 -1.23	 -0.33	 -1.27	  1.87	 -0.60	  0.33	 -1.27	  1.87	 -0.60	
 -0.19	  0.78	 -1.23	  0.19	  0.78	 -1.23	 -0.33	 -1.27	  1.87	 -0.60	  0.33	 -1.27	  1.87	 -0.60	
 -0.19	  0.78	 -1.23	  0.19	  0.78	 -1.23	 -0.33	 -1.27	  1.87	 -0.60	  0.33	 -1.27	  1.87	 -0.60	
 -0.19	  0.78	 -1.23	  0.19	  0.78	 -1.23	 -0.33	 -1.27	  1.87	 -0.60	  0.33	 -1.27	  1.87	 -0.60	
 -0.19	  0.78	 -1.22	  0.19	  0.78	 -1.22	 -0.33	 -1.27	  1.87	 -0.60	  0.33	 -1.27	  1.87	 -0.60	
 -0.19	  0.78	 -1.22	  0.19	  0.78	 -1.22	 -0.33	 -1.27	  1.87	 -0.60	  0.33	 -1.27	  1.87	 -0.60	
 -0.19	  0.78	 -1.22	  0.19	  0.78	 -1.22	 -0.33	 -1.27	  1.87	 -0.60	  0.33	 -1.27	  1.87	 -0.60	
 -0.19	  0.78	 -1.22	  0.19	  0.78	 -1.22	 -0.33	 -1.27	  1.86	 -0.60	  0.33	 -1.27	  1.86	 -0.60	
 -0.19	  0.78	 -1.22	  0.19	  0.78	 -1.22	 -0.33	 -1.27	  1.86	 -0.60	  0.33	 -1.27	  1.86	 -0.60	
 -0.19	  0.78	 -1.22	  0.19	  0.78	 -1.22	 -0.33	 -1.27	  1.86	 -0.60	  0.33	 -1.27	  1.86	 -0.60	
 -0.19	  0.78	 -1.21	  0.19	  0.78	 -1.21	 -0.33	 -1.26	  1.86	 -0.60	  0.33	 -1.26	  1.86	 -0.60	
 -0.19	  0.77	 -1.21	  0.19	  0.77	 -1.21	 -0.33	 -1.26	  1.86	 -0.60	  0.33	 -1.26	  1.86	 -0.60	
 -0.19	  0.77	 -1.21	  0.19	  0.77	 -1.21	 -0.33	 -1.26	  1.86	 -0.60	  0.33	 -1.26	  1.86	 -0.60	
 -0.19	  0.77	 -1.21	  0.19	  0.77	 -1.21	 -0.33	 -1.26	  1.86	 -0.60	  0.33	 -1.26	  1.86	 -0.60	
 -0.19	  0.77	 -1.21	  0.19	  0.77	 -1.21	 -0.33	 -1.26	  1.86	 -0.59	  0.33	 -1.26	  1.86	 -0.59	
 -0.19	  0.77	 -1.21	  0.19	  0.77	 -1.21	 -0.33	 -1.26	  1.85	 -0.59	  0.33	 -1.26	  1.85	 -0.59	
 -0.19	  0.77	 -1.20	  0.19	  0.77	 -1.20	 -0.33	 -1.26	  1.85	 -0.59	  0.33	 -1.26	  1.85	 -0.59	
 -0.19	  0.77	 -1.20	  0.19	  0.77	 -1.20	 -0.33	 -1.26	  1.85	 -0.59	  0.33	 -1.26	  1.85	 -0.59	
 -0.19	  0.77	 -1.20	  0.19	  0.77	 -1.20	 -0.33	 -1.26	  1.85	 -0.59	  0.33	 -1.26	  1.85	 -0.59	
 -0.19	  0.77	 -1.20	  0.19	  0.77	 -1.20	 -0.33	 -1.26	  1.85	 -0.59	  0.33	 -1.26	  1.85	 -0.59	
 -0.19	  0.77	 -1.20	  0.19	  0.77	 -1.20	 -0.33	 -1.26	  1.85	 -0.59	  0.33	 -1.26	  1.85	 -0.59	
 -0.19	  0.76	 -1.20	  0.19	  0.76	 -1.20	 -0.33	 -1.25	  1.85	 -0.59	  0.33	 -1.25	  1.85	 -0.59	
 -0.19	  0.76	 -1.19	  0.19	  0.76	 -1.19	 -0.33	 -1.25	  1.85	 -0.59	  0.33	 -1.25	  1.85	 -0.59	
 -0.19	  0.76	 -1.19	  0.19	  0.76	 -1.19	 -0.33	 -1.25	  1.84	 -0.59	  0.33	 -1.25	  1.84	 -0.59	
 -0.19	  0.76	 -1.19	  0.19	  0.76	 -1.19	 -0.33	 -1.25	  1.84	 -0.59	  0.33	 -1.25	  1.84	 -0.59	
 -0.19	  0.76	 -1.19	  0.19	  0.76	 -1.19	 -0.33	 -1.25	  1.84	 -0.59	  0.33	 -1.25	  1.84	 -0.59	
 -0.19	  0.76	 -1.19	  0.19	  0.76	 -1.19	 -0.33	 -1.25	  1.84	 -0.59	  0.33	 -1.25	  1.84	 -0.59	
 -0.19	  0.76	 -1.19	  0.19	  0.76	 -1.19	 -0.33	 -1.25	  1.84	 -0.59	  0.33	 -1.25	  1.84	 -0.59	
 -0.19	  0.76	 -1.19	  0.19	  0.76	 -1.19	 -0.33	 -1.25	  1.84	 -0.59	  0.33	 -1.25	  1.84	 -0.59	
 -0.19	  0.76	 -1.18	  0.19	  0.76	 -1.18	 -0.33	 -1.25	  1.84	 -0.59	  0.33	 -1.25	  1.84	 -0.59	
 -0.19	  0.76	 -1.18	  0.19	  0.76	 -1.18	 -0.33	 -1.25	  1.84	 -0.59	  0.33	 -1.25	  1.84	 -0.59	
 -0.19	  0.76	 -1.18	  0.19	  0.76	 -1.18	 -0.33	 -1.24	  1.83	 -0.59	  0.33	 -1.24	  1.83	 -0.59	
 -0.19	  0.75	 -1.18	  0.19	  0.75	 -1.18	 -0.33	 -1.24	  1.83	 -0.59	  0.33	 -1.24	  1.83	 -0.59	
 -0.19	  0.75	 -1.18	  0.19	  0.75	 -1.18	 -0.33	 -1.24	  1.83	 -0.59	  0.33	 -1.24	  1.83	 -0.59	
 -0.19	  0.75	 -1.18	  0.19	  0.75	 -1.18	 -0.33	 -1.24	  1.83	 -0.59	  0.33	 -1.24	  1.83	 -0.59	
 -0.19	  0.75	 -1.17	  0.19	  0.75	 -1.17	 -0.33	 -1.24	  1.83	 -0.59	  0.33	 -1.24	  1.83	 -0.59	
 -0.19	  0.75	 -1.17	  0.19	  0.75	 -1.17	 -0.33	 -1.24	  1.83	 -0.59	  0.33	 -1.24	  1.83	 -0.59	
 -0.19	  0.75	 -1.17	  0.19	  0.75	 -1.17	 -0.33	 -1.24	  1.83	 -0.59	  0.33	 -1.24	  1.83	 -0.59	
 -0.19	  0.75	 -1.17	  0.19	  0.75	 -1.17	 -0.33	 -1.24	  1.83	 -0.59	  0.33	 -1.24	  1.83	 -0.59	
 -0.19	  0.75	 -1.17	  0.19	  0.75	 -1.17	 -0.33	 -1.24	  1.82	 -0.59	  0.33	 -1.24	  1.82	 -0.59	
 -0.19	  0.75	 -1.17	  0.19	  0.75	 -1.17	 -0.33	 -1.24	  1.82	 -0.59	  0.33	 -1.24	  1.82	 -0.59	
 -0.19	  0.75	 -1.16	  0.19	  0.75	 -1.16	 -0.33	 -1.23	  1.82	 -0.59	  0.33	 -1.23	  1.82	 -0.59	
 -0.19	  0.74	 -1.16	  0.19	  0.74	 -1.16	 -0.33	 -1.23	  1.82	 -0.59	  0.33	 -1.23	  1.82	 -0.59	
 -0.19	  0.74	 -1.16	  0.19	  0.74	 -1.16	 -0.33	 -1.23	  1.82	 -0.59	  0.33	 -1.23	  1.82	 -0.59	
 -0.19	  0.74	 -1.16	  0.19	  0.74	 -1.16	 -0.33	 -1.23	  1.82	 -0.59	  0.33	 -1.23	  1.82	 -0.59	
 -0.19	  0.74	 -1.16	  0.19	  0.74	 -1.16	 -0.33	 -1.23	  1.82	 -0.59	  0.33	 -1.23	  1.82	 -0.59	
 -0.19	  0.74	 -1.16	  0.19	  0.74	 -1.16	 -0.33	 -1.23	  1.82	 -0.59	  0.33	 -1.23	  1.82	 -0.59	
 -0.19	  0.74	 -1.15	  0.19	  0.74	 -1.15	 -0.33	 -1.23	  1.81	 -0.58	  0.33	 -1.23	  1.81	 -0.58	
 -0.19	  0.74	 -1.15	  0.19	  0.74	 -1.15	 -0.33	 -1.23	  1.81	 -0.58	  0.33	 -1.23	  1.81	 -0.58	
 -0.19	  0.74	 -1.15	  0.19	  0.74	 -1.15	 -0.33	 -1.23	  1.81	 -0.58	  0.33	 -1.23	  1.81	 -0.58	
 -0.19	  0.74	 -1.15	  0.19	  0.74	 -1.15	 -0.32	 -1.23	  1.81	 -0.58	  0.32	 -1.23	  1.81	 -0.58	
 -0.19	  0.74	 -1.15	  0.19	  0.74	 -1.15	 -0.32	 -1.23	  1.81	 -0.58	  0.32	 -1.23	  1.81	 -0.58	
 -0.19	  0.74	 -1.15	  0.19	  0.74	 -1.15	 -0.32	 -1.22	  1.81	 -0.58	  0.32	 -1.22	  1.81	 -0.58	
 -0.19	  0.73	 -1.14	  0.19	  0.73	 -1.14	 -0.32	 -1.22	  1.81	 -0.58	  0.32	 -1.22	  1.81	 -0.58	
 -0.19	  0.73	 -1.14	  0.19	  0.73	 -1.14	 -0.32	 -1.22	  1.80	 -0.58	  0.32	 -1.22	  1.80	 -0.58	
 -0.19	  0.73	 -1.14	  0.19	  0.73	 -1.14	 -0.32	 -1.22	  1.80	 -0.58	  0.32	 -1.22	  1.80	 -0.58	
 -0.19	  0.73	 -1.14	  0.19	  0.73	 -1.14	 -0.32	 -1.22	  1.80	 -0.58	  0.32	 -1.22	  1.80	 -0.58	
 -0.19	  0.73	 -1.14	  0.19	  0.73	 -1.14	 -0.32	 -1.22	  1.80	 -0.58	  0.32	 -1.22	  1.80	 -0.58	
 -0.19	  0.73	 -1.14	  0.19	  0.73	 -1.14	 -0.32	 -1.22	  1.80	 -0.58	  0.32	 -1.22	  1.80	 -0.58	
 -0.19	  0.73	 -1.13	  0.19	  0.73	 -1.13	 -0.32	 -1.22	  1.80	 -0.58	  0.32	 -1.22	  1.80	 -0.58	
 -0.19	  0.73	 -1.13	  0.19	  0.73	 -1.13	 -0.32	 -1.22	  1.80	 -0.58	  0.32	 -1.22	  1.80	 -0.58	
 -0.19	  0.73	 -1.13	  0.19	  0.73	 -1.13	 -0.32	 -1.22	  1.80	 -0.58	  0.32	 -1.22	  1.80	 -0.58	
 -0.19	  0.73	 -1.13	  0.19	  0.73	 -1.13	 -0.32	 -1.21	  1.79	 -0.58	  0.32	 -1.21	  1.79	 -0.58	
 -0.19	  0.72	 -1.13	  0.19	  0.72	 -1.13	 -0.32	 -1.21	  1.79	 -0.58	  0.32	 -1.21	  1.79	 -0.58	
 -0.19	  0.72	 -1.13	  0.19	  0.72	 -1.13	 -0.32	 -1.21	  1.79	 -0.58	  0.32	 -1.21	  1.79	 -0.58	
 -0.19	  0.72	 -1.12	  0.19	  0.72	 -1.12	 -0.32	 -1.21	  1.79	 -0.58	  0.32	 -1.21	  1.79	 -0.58	
 -0.19	  0.72	 -1.12	  0.19	  0.72	 -1.12	 -0.32	 -1.21	  1.79	 -0.58	  0.32	 -1.21	  1.79	 -0.58	
 -0.19	  0.72	 -1.12	  0.19	  0.72	 -1.12	 -0.32	 -1.21	  1.79	 -0.58	  0.32	 -1.21	  1.79	 -0.58	
 -0.19	  0.72	 -1.12	  0.19	  0.72	 -1.12	 -0.32	 -1.21	  1.79	 -0.58	  0.32	 -1.21	  1.79	 -0.58	
 -0.19	  0.72	 -1.12	  0.19	  0.72	 -1.12	 -0.32	 -1.21	  1.79	 -0.58	  0.32	 -1.21	  1.79	 -0.58	
 -0.19	  0.72	 -1.12	  0.19	  0.72	 -1.12	 -0.32	 -1.21	  1.78	 -0.58	  0.32	 -1.21	  1.78	 -0.58	
 -0.19	  0.72	 -1.11	  0.19	  0.72	 -1.11	 -0.32	 -1.21	  1.78	 -0.58	  0.32	 -1.21	  1.78	 -0.58	
 -0.19	  0.72	 -1.11	  0.19	  0.72	 -1.11	 -0.32	 -1.20	  1.78	 -0.58	  0.32	 -1.20	  1.78	 -0.58	
 -0.19	  0.71	 -1.11	  0.19	  0.71	 -1.11	 -0.32	 -1.20	  1.78	 -0.58	  0.32	 -1.20	  1.78	 -0.58	
 -0.19	  0.71	 -1.11	  0.19	  0.71	 -1.11	 -0.32	 -1.20	  1.78	 -0.58	  0.32	 -1.20	  1.78	 -0.58	
 -0.19	  0.71	 -1.11	  0.19	  0.71	 -1.11	 -0.32	 -1.20	  1.78	 -0.58	  0.32	 -1.20	  1.78	 -0.58	
 -0.19	  0.71	 -1.11	  0.19	  0.71	 -1.11	 -0.32	 -1.20	  1.78	 -0.58	  0.32	 -1.20	  1.78	 -0.58	
 -0.19	  0.71	 -1.10	  0.19	  0.71	 -1.10	 -0.32	 -1.20	  1.78	 -0.58	  0.32	 -1.20	  1.78	 -0.58	
 -0.19	  0.71	 -1.10	  0.19	  0.71	 -1.10	 -0.32	 -1.20	  1.77	 -0.57	  0.32	 -1.20	  1.77	 -0.57	
 -0.19	  0.71	 -1.10	  0.19	  0.71	 -1.10	 -0.32	 -1.20	  1.77	 -0.57	  0.32	 -1.20	  1.77	 -0.57	
 -0.19	  0.71	 -1.10	  0.19	  0.71	 -1.10	 -0.32	 -1.20	  1.77	 -0.57	  0.32	 -1.20	  1.77	 -0.57	
 -0.19	  0.71	 -1.10	  0.19	  0.71	 -1.10	 -0.32	 -1.20	  1.77	 -0.57	  0.32	 -1.20	  1.77	 -0.57	
 -0.19	  0.71	 -1.09	  0.19	  0.71	 -1.09	 -0.32	 -1.20	  1.77	 -0.57	  0.32	 -1.20	  1.77	 -0.57	
 -0.19	  0.70	 -1.09	  0.19	  0.70	 -1.09	 -0.32	 -1.19	  1.77	 -0.57	  0.32	 -1.19	  1.77	 -0.57	
 -0.19	  0.70	 -1.09	  0.19	  0.70	 -1.09	 -0.32	 -1.19	  1.77	 -0.57	  0.32	 -1.19	  1.77	 -0.57	
 -0.19	  0.70	 -1.09	  0.19	  0.70	 -1.09	 -0.32	 -1.19	  1.76	 -0.57	  0.32	 -1.19	  1.76	 -0.57	
 -0.19	  0.70	 -1.09	  0.19	  0.70	 -1.09	 -0.32	 -1.19	  1.76	 -0.57	  0.32	 -1.19	  1.76	 -0.57	
 -0.19	  0.70	 -1.09	  0.19	  0.70	 -1.09	 -0.32	 -1.19	  1.76	 -0.57	  0.32	 -1.19	  1.76	 -0.57	
 -0.19	  0.70	 -1.08	  0.19	  0.70	 -1.08	 -0.32	 -1.19	  1.76	 -0.57	  0.32	 -1.19	  1.76	 -0.57	
 -0.18	  0.70	 -1.08	  0.18	  0.70	 -1.08	 -0.32	 -1.19	  1.76	 -0.57	  0.32	 -1.19	  1.76	 -0.57	
 -0.18	  0.70	 -1.08	  0.18	  0.70	 -1.08	 -0.32	 -1.19	  1.76	 -0.57	  0.32	 -1.19	  1.76	 -0.57	
 -0.18	  0.70	 -1.08	  0.18	  0.70	 -1.08	 -0.32	 -1.19	  1.76	 -0.57	  0.32	 -1.19	  1.76	 -0.57	
 -0.18	  0.70	 -1.08	  0.18	  0.70	 -1.08	 -0.32	 -1.19	  1.76	 -0.57	  0.32	 -1.19	  1.76	 -0.57	
 -0.18	  0.69	 -1.08	  0.18	  0.69	 -1.08	 -0.32	 -1.18	  1.75	 -0.57	  0.32	 -1.18	  1.75	 -0.57	
 -0.18	  0.69	 -1.07	  0.18	  0.69	 -1.07	 -0.32	 -1.18	  1.75	 -0.57	  0.32	 -1.18	  1.75	 -0.57	
 -0.18	  0.69	 -1.07	  0.18	  0.69	 -1.07	 -0.32	 -1.18	  1.75	 -0.57	  0.32	 -1.18	  1.75	 -0.57	
 -0.18	  0.69	 -1.07	  0.18	  0.69	 -1.07	 -0.32	 -1.18	  1.75	 -0.57	  0.32	 -1.18	  1.75	 -0.57	
 -0.18	  0.69	 -1.07	  0.18	  0.69	 -1.07	 -0.32	 -1.18	  1.75	 -0.57	  0.32	 -1.18	  1.75	 -0.57	
 -0.18	  0.69	 -1.07	  0.18	  0.69	 -1.07	 -0.32	 -1.18	  1.75	 -0.57	  0.32	 -1.18	  1.75	 -0.57	
 -0.18	  0.69	 -1.06	  0.18	  0.69	 -1.06	 -0.32	 -1.18	  1.75	 -0.57	  0.32	 -1.18	  1.75	 -0.57	
 -0.18	  0.69	 -1.06	  0.18	  0.69	 -1.06	 -0.32	 -1.18	  1.74	 -0.57	  0.32	 -1.18	  1.74	 -0.57	
 -0.18	  0.69	 -1.06	  0.18	  0.69	 -1.06	 -0.32	 -1.18	  1.74	 -0.57	  0.32	 -1.18	  1.74	 -0.57	
 -0.18	  0.68	 -1.06	  0.18	  0.68	 -1.06	 -0.32	 -1.18	  1.74	 -0.57	  0.32	 -1.18	  1.74	 -0.57	
 -0.18	  0.68	 -1.06	  0.18	  0.68	 -1.06	 -0.32	 -1.17	  1.74	 -0.57	  0.32	 -1.17	  1.74	 -0.57	
 -0.18	  0.68	 -1.06	  0.18	  0.68	 -1.06	 -0.32	 -1.17	  1.74	 -0.57	  0.32	 -1.17	  1.74	 -0.57	
 -0.18	  0.68	 -1.05	  0.18	  0.68	 -1.05	 -0.32	 -1.17	  1.74	 -0.57	  0.32	 -1.17	  1.74	 -0.57	
 -0.18	  0.68	 -1.05	  0.18	  0.68	 -1.05	 -0.32	 -1.17	  1.74	 -0.56	  0.32	 -1.17	  1.74	 -0.56	
 -0.18	  0.68	 -1.05	  0.18	  0.68	 -1.05	 -0.32	 -1.17	  1.74	 -0.56	  0.32	 -1.17	  1.74	 -0.56	
 -0.18	  0.68	 -1.05	  0.18	  0.68	 -1.05	 -0.32	 -1.17	  1.73	 -0.56	  0.32	 -1.17	  1.73	 -0.56	
 -0.18	  0.68	 -1.05	  0.18	  0.68	 -1.05	 -0.32	 -1.17	  1.73	 -0.56	  0.32	 -1.17	  1.73	 -0.56	
 -0.18	  0.68	 -1.04	  0.18	  0.68	 -1.04	 -0.31	 -1.17	  1.73	 -0.56	  0.31	 -1.17	  1.73	 -0.56	
 -0.18	  0.68	 -1.04	  0.18	  0.68	 -1.04	 -0.31	 -1.17	  1.73	 -0.56	  0.31	 -1.17	  1.73	 -0.56	
 -0.18	  0.67	 -1.04	  0.18	  0.67	 -1.04	 -0.31	 -1.17	  1.73	 -0.56	  0.31	 -1.17	  1.73	 -0.56	
 -0.18	  0.67	 -1.04	  0.18	  0.67	 -1.04	 -0.31	 -1.17	  1.73	 -0.56	  0.31	 -1.17	  1.73	 -0.56	
 -0.18	  0.67	 -1.04	  0.18	  0.67	 -1.04	 -0.31	 -1.16	  1.73	 -0.56	  0.31	 -1.16	  1.73	 -0.56	
 -0.18	  0.67	 -1.04	  0.18	  0.67	 -1.04	 -0.31	 -1.16	  1.72	 -0.56	  0.31	 -1.16	  1.72	 -0.56	
 -0.18	  0.67	 -1.03	  0.18	  0.67	 -1.03	 -0.31	 -1.16	  1.72	 -0.56	  0.31	 -1.16	  1.72	 -0.56	
 -0.18	  0.67	 -1.03	  0.18	  0.67	 -1.03	 -0.31	 -1.16	  1.72	 -0.56	  0.31	 -1.16	  1.72	 -0.56	
 -0.18	  0.67	 -1.03	  0.18	  0.67	 -1.03	 -0.31	 -1.16	  1.72	 -0.56	  0.31	 -1.16	  1.72	 -0.56	
 -0.18	  0.67	 -1.03	  0.18	  0.67	 -1.03	 -0.31	 -1.16	  1.72	 -0.56	  0.31	 -1.16	  1.72	 -0.56	
 -0.18	  0.67	 -1.03	  0.18	  0.67	 -1.03	 -0.31	 -1.16	  1.72	 -0.56	  0.31	 -1.16	  1.72	 -0.56	
 -0.18	  0.66	 -1.02	  0.18	  0.66	 -1.02	 -0.31	 -1.16	  1.72	 -0.56	  0.31	 -1.16	  1.72	 -0.56	
 -0.18	  0.66	 -1.02	  0.18	  0.66	 -1.02	 -0.31	 -1.16	  1.72	 -0.56	  0.31	 -1.16	  1.72	 -0.56	
 -0.18	  0.66	 -1.02	  0.18	  0.66	 -1.02	 -0.31	 -1.16	  1.71	 -0.56	  0.31	 -1.16	  1.71	 -0.56	
 -0.18	  0.66	 -1.02	  0.18	  0.66	 -1.02	 -0.31	 -1.15	  1.71	 -0.56	  0.31	 -1.15	  1.71	 -0.56	
 -0.18	  0.66	 -1.02	  0.18	  0.66	 -1.02	 -0.31	 -1.15	  1.71	 -0.56	  0.31	 -1.15	  1.71	 -0.56	
 -0.18	  0.66	 -1.02	  0.18	  0.66	 -1.02	 -0.31	 -1.15	  1.71	 -0.56	  0.31	 -1.15	  1.71	 -0.56	
 -0.18	  0.66	 -1.01	  0.18	  0.66	 -1.01	 -0.31	 -1.15	  1.71	 -0.56	  0.31	 -1.15	  1.71	 -0.56	
 -0.18	  0.66	 -1.01	  0.18	  0.66	 -1.01	 -0.31	 -1.15	  1.71	 -0.56	  0.31	 -1.15	  1.71	 -0.56	
 -0.18	  0.66	 -1.01	  0.18	  0.66	 -1.01	 -0.31	 -1.15	  1.71	 -0.56	  0.31	 -1.15	  1.71	 -0.56	
 -0.18	  0.66	 -1.01	  0.18	  0.66	 -1.01	 -0.31	 -1.15	  1.70	 -0.56	  0.31	 -1.15	  1.70	 -0.56	
 -0.18	  0.65	 -1.01	  0.18	  0.65	 -1.01	 -0.31	 -1.15	  1.70	 -0.56	  0.31	 -1.15	  1.70	 -0.56	
 -0.18	  0.65	 -1.00	  0.18	  0.65	 -1.00	 -0.31	 -1.15	  1.70	 -0.56	  0.31	 -1.15	  1.70	 -0.56	
 -0.18	  0.65	 -1.00	  0.18	  0.65	 -1.00	 -0.31	 -1.15	  1.70	 -0.55	  0.31	 -1.15	  1.70	 -0.55	
 -0.18	  0.65	 -1.00	  0.18	  0.65	 -1.00	 -0.31	 -1.14	  1.70	 -0.55	  0.31	 -1.14	  1.70	 -0.55	
 -0.18	  0.65	 -1.00	  0.18	  0.65	 -1.00	 -0.31	 -1.14	  1.70	 -0.55	  0.31	 -1.14	  1.70	 -0.55	
 -0.18	  0.65	 -1.00	  0.18	  0.65	 -1.00	 -0.31	 -1.14	  1.70	 -0.55	  0.31	 -1.14	  1.70	 -0.55	
 -0.18	  0.65	 -0.99	  0.18	  0.65	 -0.99	 -0.31	 -1.14	  1.69	 -0.55	  0.31	 -1.14	  1.69	 -0.55	
 -0.18	  0.65	 -0.99	  0.18	  0.65	 -0.99	 -0.31	 -1.14	  1.69	 -0.55	  0.31	 -1.14	  1.69	 -0.55	
 -0.18	  0.65	 -0.99	  0.18	  0.65	 -0.99	 -0.31	 -1.14	  1.69	 -0.55	  0.31	 -1.14	  1.69	 -0.55	
 -0.18	  0.64	 -0.99	  0.18	  0.64	 -0.99	 -0.31	 -1.14	  1.69	 -0.55	  0.31	 -1.14	  1.69	 -0.55	
 -0.18	  0.64	 -0.99	  0.18	  0.64	 -0.99	 -0.31	 -1.14	  1.69	 -0.55	  0.31	 -1.14	  1.69	 -0.55	
 -0.18	  0.64	 -0.99	  0.18	  0.64	 -0.99	 -0.31	 -1.14	  1.69	 -0.55	  0.31	 -1.14	  1.69	 -0.55	
 -0.18	  0.64	 -0.98	  0.18	  0.64	 -0.98	 -0.31	 -1.14	  1.69	 -0.55	  0.31	 -1.14	  1.69	 -0.55	
 -0.18	  0.64	 -0.98	  0.18	  0.64	 -0.98	 -0.31	 -1.13	  1.69	 -0.55	  0.31	 -1.13	  1.69	 -0.55	
 -0.18	  0.64	 -0.98	  0.18	  0.64	 -0.98	 -0.31	 -1.13	  1.68	 -0.55	  0.31	 -1.13	  1.68	 -0.55	
 -0.18	  0.64	 -0.98	  0.18	  0.64	 -0.98	 -0.31	 -1.13	  1.68	 -0.55	  0.31	 -1.13	  1.68	 -0.55	
 -0.18	  0.64	 -0.98	  0.18	  0.64	 -0.98	 -0.31	 -1.13	  1.68	 -0.55	  0.31	 -1.13	  1.68	 -0.55	
 -0.18	  0.64	 -0.97	  0.18	  0.64	 -0.97	 -0.31	 -1.13	  1.68	 -0.55	  0.31	 -1.13	  1.68	 -0.55	
 -0.18	  0.63	 -0.97	  0.18	  0.63	 -0.97	 -0.31	 -1.13	  1.68	 -0.55	  0.31	 -1.13	  1.68	 -0.55	
 -0.18	  0.63	 -0.97	  0.18	  0.63	 -0.97	 -0.31	 -1.13	  1.68	 -0.55	  0.31	 -1.13	  1.68	 -0.55	
 -0.18	  0.63	 -0.97	  0.18	  0.63	 -0.97	 -0.31	 -1.13	  1.68	 -0.55	  0.31	 -1.13	  1.68	 -0.55	
 -0.18	  0.63	 -0.97	  0.18	  0.63	 -0.97	 -0.31	 -1.13	  1.67	 -0.55	  0.31	 -1.13	  1.67	 -0.55	
 -0.18	  0.63	 -0.96	  0.18	  0.63	 -0.96	 -0.31	 -1.13	  1.67	 -0.55	  0.31	 -1.13	  1.67	 -0.55	
 -0.18	  0.63	 -0.96	  0.18	  0.63	 -0.96	 -0.31	 -1.13	  1.67	 -0.55	  0.31	 -1.13	  1.67	 -0.55	
 -0.18	  0.63	 -0.96	  0.18	  0.63	 -0.96	 -0.31	 -1.12	  1.67	 -0.55	  0.31	 -1.12	  1.67	 -0.55	
 -0.18	  0.63	 -0.96	  0.18	  0.63	 -0.96	 -0.31	 -1.12	  1.67	 -0.55	  0.31	 -1.12	  1.67	 -0.55	
 -0.18	  0.63	 -0.96	  0.18	  0.63	 -0.96	 -0.31	 -1.12	  1.67	 -0.55	  0.31	 -1.12	  1.67	 -0.55	
 -0.18	  0.62	 -0.95	  0.18	  0.62	 -0.95	 -0.31	 -1.12	  1.67	 -0.54	  0.31	 -1.12	  1.67	 -0.54	
 -0.18	  0.62	 -0.95	  0.18	  0.62	 -0.95	 -0.31	 -1.12	  1.66	 -0.54	  0.31	 -1.12	  1.66	 -0.54	
 -0.18	  0.62	 -0.95	  0.18	  0.62	 -0.95	 -0.31	 -1.12	  1.66	 -0.54	  0.31	 -1.12	  1.66	 -0.54	
 -0.18	  0.62	 -0.95	  0.18	  0.62	 -0.95	 -0.31	 -1.12	  1.66	 -0.54	  0.31	 -1.12	  1.66	 -0.54	
 -0.18	  0.62	 -0.95	  0.18	  0.62	 -0.95	 -0.31	 -1.12	  1.66	 -0.54	  0.31	 -1.12	  1.66	 -0.54	
 -0.18	  0.62	 -0.94	  0.18	  0.62	 -0.94	 -0.31	 -1.12	  1.66	 -0.54	  0.31	 -1.12	  1.66	 -0.54	
 -0.18	  0.62	 -0.94	  0.18	  0.62	 -0.94	 -0.31	 -1.12	  1.66	 -0.54	  0.31	 -1.12	  1.66	 -0.54	
 -0.18	  0.62	 -0.94	  0.18	  0.62	 -0.94	 -0.31	 -1.11	  1.66	 -0.54	  0.31	 -1.11	  1.66	 -0.54	
 -0.18	  0.62	 -0.94	  0.18	  0.62	 -0.94	 -0.31	 -1.11	  1.66	 -0.54	  0.31	 -1.11	  1.66	 -0.54	
 -0.18	  0.61	 -0.94	  0.18	  0.61	 -0.94	 -0.31	 -1.11	  1.65	 -0.54	  0.31	 -1.11	  1.65	 -0.54	
 -0.18	  0.61	 -0.93	  0.18	  0.61	 -0.93	 -0.31	 -1.11	  1.65	 -0.54	  0.31	 -1.11	  1.65	 -0.54	
 -0.18	  0.61	 -0.93	  0.18	  0.61	 -0.93	 -0.31	 -1.11	  1.65	 -0.54	  0.31	 -1.11	  1.65	 -0.54	
 -0.18	  0.61	 -0.93	  0.18	  0.61	 -0.93	 -0.31	 -1.11	  1.65	 -0.54	  0.31	 -1.11	  1.65	 -0.54	
 -0.18	  0.61	 -0.93	  0.18	  0.61	 -0.93	 -0.31	 -1.11	  1.65	 -0.54	  0.31	 -1.11	  1.65	 -0.54	
 -0.18	  0.61	 -0.93	  0.18	  0.61	 -0.93	 -0.31	 -1.11	  1.65	 -0.54	  0.31	 -1.11	  1.65	 -0.54	
 -0.18	  0.61	 -0.92	  0.18	  0.61	 -0.92	 -0.31	 -1.11	  1.65	 -0.54	  0.31	 -1.11	  1.65	 -0.54	
 -0.18	  0.61	 -0.92	  0.18	  0.61	 -0.92	 -0.30	 -1.11	  1.64	 -0.54	  0.30	 -1.11	  1.64	 -0.54	
 -0.18	  0.60	 -0.92	  0.18	  0.60	 -0.92	 -0.30	 -1.10	  1.64	 -0.54	  0.30	 -1.10	  1.64	 -0.54	
 -0.18	  0.60	 -0.92	  0.18	  0.60	 -0.92	 -0.30	 -1.10	  1.64	 -0.54	  0.30	 -1.10	  1.64	 -0.54	
 -0.18	  0.60	 -0.92	  0.18	  0.60	 -0.92	 -0.30	 -1.10	  1.64	 -0.54	  0.30	 -1.10	  1.64	 -0.54	
 -0.18	  0.60	 -0.91	  0.18	  0.60	 -0.91	 -0.30	 -1.10	  1.64	 -0.54	  0.30	 -1.10	  1.64	 -0.54	
 -0.18	  0.60	 -0.91	  0.18	  0.60	 -0.91	 -0.30	 -1.10	  1.64	 -0.54	  0.30	 -1.10	  1.64	 -0.54	
 -0.18	  0.60	 -0.91	  0.18	  0.60	 -0.91	 -0.30	 -1.10	  1.64	 -0.54	  0.30	 -1.10	  1.64	 -0.54	
 -0.18	  0.60	 -0.91	  0.18	  0.60	 -0.91	 -0.30	 -1.10	  1.63	 -0.54	  0.30	 -1.10	  1.63	 -0.54	
 -0.18	  0.60	 -0.91	  0.18	  0.60	 -0.91	 -0.30	 -1.10	  1.63	 -0.53	  0.30	 -1.10	  1.63	 -0.53	
 -0.18	  0.60	 -0.90	  0.18	  0.60	 -0.90	 -0.30	 -1.10	  1.63	 -0.53	  0.30	 -1.10	  1.63	 -0.53	
 -0.18	  0.59	 -0.90	  0.18	  0.59	 -0.90	 -0.30	 -1.10	  1.63	 -0.53	  0.30	 -1.10	  1.63	 -0.53	
 -0.18	  0.59	 -0.90	  0.18	  0.59	 -0.90	 -0.30	 -1.09	  1.63	 -0.53	  0.30	 -1.09	  1.63	 -0.53	
 -0.18	  0.59	 -0.90	  0.18	  0.59	 -0.90	 -0.30	 -1.09	  1.63	 -0.53	  0.30	 -1.09	  1.63	 -0.53	
 -0.18	  0.59	 -0.89	  0.18	  0.59	 -0.89	 -0.30	 -1.09	  1.63	 -0.53	  0.30	 -1.09	  1.63	 -0.53	
 -0.18	  0.59	 -0.89	  0.18	  0.59	 -0.89	 -0.30	 -1.09	  1.62	 -0.53	  0.30	 -1.09	  1.62	 -0.53	
 -0.18	  0.59	 -0.89	  0.18	  0.59	 -0.89	 -0.30	 -1.09	  1.62	 -0.53	  0.30	 -1.09	  1.62	 -0.53	
 -0.18	  0.59	 -0.89	  0.18	  0.59	 -0.89	 -0.30	 -1.09	  1.62	 -0.53	  0.30	 -1.09	  1.62	 -0.53	
 -0.18	  0.59	 -0.89	  0.18	  0.59	 -0.89	 -0.30	 -1.09	  1.62	 -0.53	  0.30	 -1.09	  1.62	 -0.53	
 -0.17	  0.58	 -0.88	  0.17	  0.58	 -0.88	 -0.30	 -1.09	  1.62	 -0.53	  0.30	 -1.09	  1.62	 -0.53	
 -0.17	  0.58	 -0.88	  0.17	  0.58	 -0.88	 -0.30	 -1.09	  1.62	 -0.53	  0.30	 -1.09	  1.62	 -0.53	
 -0.17	  0.58	 -0.88	  0.17	  0.58	 -0.88	 -0.30	 -1.09	  1.62	 -0.53	  0.30	 -1.09	  1.62	 -0.53	
 -0.17	  0.58	 -0.88	  0.17	  0.58	 -0.88	 -0.30	 -1.08	  1.61	 -0.53	  0.30	 -1.08	  1.61	 -0.53	
 -0.17	  0.58	 -0.88	  0.17	  0.58	 -0.88	 -0.30	 -1.08	  1.61	 -0.53	  0.30	 -1.08	  1.61	 -0.53	
 -0.17	  0.58	 -0.87	  0.17	  0.58	 -0.87	 -0.30	 -1.08	  1.61	 -0.53	  0.30	 -1.08	  1.61	 -0.53	
 -0.17	  0.58	 -0.87	  0.17	  0.58	 -0.87	 -0.30	 -1.08	  1.61	 -0.53	  0.30	 -1.08	  1.61	 -0.53	
 -0.17	  0.58	 -0.87	  0.17	  0.58	 -0.87	 -0.30	 -1.08	  1.61	 -0.53	  0.30	 -1.08	  1.61	 -0.53	
 -0.17	  0.57	 -0.87	  0.17	  0.57	 -0.87	 -0.30	 -1.08	  1.61	 -0.53	  0.30	 -1.08	  1.61	 -0.53	
 -0.17	  0.57	 -0.86	  0.17	  0.57	 -0.86	 -0.30	 -1.08	  1.61	 -0.53	  0.30	 -1.08	  1.61	 -0.53	
 -0.17	  0.57	 -0.86	  0.17	  0.57	 -0.86	 -0.30	 -1.08	  1.60	 -0.53	  0.30	 -1.08	  1.60	 -0.53	
 -0.17	  0.57	 -0.86	  0.17	  0.57	 -0.86	 -0.30	 -1.08	  1.60	 -0.53	  0.30	 -1.08	  1.60	 -0.53	
 -0.17	  0.57	 -0.86	  0.17	  0.57	 -0.86	 -0.30	 -1.08	  1.60	 -0.53	  0.30	 -1.08	  1.60	 -0.53	
 -0.17	  0.57	 -0.86	  0.17	  0.57	 -0.86	 -0.30	 -1.08	  1.60	 -0.52	  0.30	 -1.08	  1.60	 -0.52	
 -0.17	  0.57	 -0.85	  0.17	  0.57	 -0.85	 -0.30	 -1.07	  1.60	 -0.52	  0.30	 -1.07	  1.60	 -0.52	
 -0.17	  0.57	 -0.85	  0.17	  0.57	 -0.85	 -0.30	 -1.07	  1.60	 -0.52	  0.30	 -1.07	  1.60	 -0.52	
 -0.17	  0.57	 -0.85	  0.17	  0.57	 -0.85	 -0.30	 -1.07	  1.60	 -0.52	  0.30	 -1.07	  1.60	 -0.52	
 -0.17	  0.56	 -0.85	  0.17	  0.56	 -0.85	 -0.30	 -1.07	  1.59	 -0.52	  0.30	 -1.07	  1.59	 -0.52	
 -0.17	  0.56	 -0.84	  0.17	  0.56	 -0.84	 -0.30	 -1.07	  1.59	 -0.52	  0.30	 -1.07	  1.59	 -0.52	
 -0.17	  0.56	 -0.84	  0.17	  0.56	 -0.84	 -0.30	 -1.07	  1.59	 -0.52	  0.30	 -1.07	  1.59	 -0.52	
 -0.17	  0.56	 -0.84	  0.17	  0.56	 -0.84	 -0.30	 -1.07	  1.59	 -0.52	  0.30	 -1.07	  1.59	 -0.52	
 -0.17	  0.56	 -0.84	  0.17	  0.56	 -0.84	 -0.30	 -1.07	  1.59	 -0.52	  0.30	 -1.07	  1.59	 -0.52	
 -0.17	  0.56	 -0.84	  0.17	  0.56	 -0.84	 -0.30	 -1.07	  1.59	 -0.52	  0.30	 -1.07	  1.59	 -0.52	
 -0.17	  0.56	 -0.83	  0.17	  0.56	 -0.83	 -0.30	 -1.07	  1.59	 -0.52	  0.30	 -1.07	  1.59	 -0.52	
 -0.17	  0.55	 -0.83	  0.17	  0.55	 -0.83	 -0.30	 -1.06	  1.58	 -0.52	  0.30	 -1.06	  1.58	 -0.52	
 -0.17	  0.55	 -0.83	  0.17	  0.55	 -0.83	 -0.30	 -1.06	  1.58	 -0.52	  0.30	 -1.06	  1.58	 -0.52	
 -0.17	  0.55	 -0.83	  0.17	  0.55	 -0.83	 -0.30	 -1.06	  1.58	 -0.52	  0.30	 -1.06	  1.58	 -0.52	
 -0.17	  0.55	 -0.82	  0.17	  0.55	 -0.82	 -0.30	 -1.06	  1.58	 -0.52	  0.30	 -1.06	  1.58	 -0.52	
 -0.17	  0.55	 -0.82	  0.17	  0.55	 -0.82	 -0.30	 -1.06	  1.58	 -0.52	  0.30	 -1.06	  1.58	 -0.52	
 -0.17	  0.55	 -0.82	  0.17	  0.55	 -0.82	 -0.30	 -1.06	  1.58	 -0.52	  0.30	 -1.06	  1.58	 -0.52	
 -0.17	  0.55	 -0.82	  0.17	  0.55	 -0.82	 -0.30	 -1.06	  1.58	 -0.52	  0.30	 -1.06	  1.58	 -0.52	
 -0.17	  0.55	 -0.82	  0.17	  0.55	 -0.82	 -0.30	 -1.06	  1.57	 -0.52	  0.30	 -1.06	  1.57	 -0.52	
 -0.17	  0.54	 -0.81	  0.17	  0.54	 -0.81	 -0.30	 -1.06	  1.57	 -0.52	  0.30	 -1.06	  1.57	 -0.52	
 -0.17	  0.54	 -0.81	  0.17	  0.54	 -0.81	 -0.30	 -1.06	  1.57	 -0.52	  0.30	 -1.06	  1.57	 -0.52	
 -0.17	  0.54	 -0.81	  0.17	  0.54	 -0.81	 -0.30	 -1.05	  1.57	 -0.52	  0.30	 -1.05	  1.57	 -0.52	
 -0.17	  0.54	 -0.81	  0.17	  0.54	 -0.81	 -0.30	 -1.05	  1.57	 -0.52	  0.30	 -1.05	  1.57	 -0.52	
 -0.17	  0.54	 -0.80	  0.17	  0.54	 -0.80	 -0.30	 -1.05	  1.57	 -0.51	  0.30	 -1.05	  1.57	 -0.51	
 -0.17	  0.54	 -0.80	  0.17	  0.54	 -0.80	 -0.30	 -1.05	  1.57	 -0.51	  0.30	 -1.05	  1.57	 -0.51	
 -0.17	  0.54	 -0.80	  0.17	  0.54	 -0.80	 -0.30	 -1.05	  1.56	 -0.51	  0.30	 -1.05	  1.56	 -0.51	
 -0.17	  0.54	 -0.80	  0.17	  0.54	 -0.80	 -0.30	 -1.05	  1.56	 -0.51	  0.30	 -1.05	  1.56	 -0.51	
 -0.17	  0.53	 -0.79	  0.17	  0.53	 -0.79	 -0.30	 -1.05	  1.56	 -0.51	  0.30	 -1.05	  1.56	 -0.51	
 -0.17	  0.53	 -0.79	  0.17	  0.53	 -0.79	 -0.30	 -1.05	  1.56	 -0.51	  0.30	 -1.05	  1.56	 -0.51	
 -0.17	  0.53	 -0.79	  0.17	  0.53	 -0.79	 -0.30	 -1.05	  1.56	 -0.51	  0.30	 -1.05	  1.56	 -0.51	
 -0.17	  0.53	 -0.79	  0.17	  0.53	 -0.79	 -0.30	 -1.05	  1.56	 -0.51	  0.30	 -1.05	  1.56	 -0.51	
 -0.17	  0.53	 -0.79	  0.17	  0.53	 -0.79	 -0.30	 -1.04	  1.56	 -0.51	  0.30	 -1.04	  1.56	 -0.51	
 -0.17	  0.53	 -0.78	  0.17	  0.53	 -0.78	 -0.30	 -1.04	  1.55	 -0.51	  0.30	 -1.04	  1.55	 -0.51	
 -0.17	  0.53	 -0.78	  0.17	  0.53	 -0.78	 -0.30	 -1.04	  1.55	 -0.51	  0.30	 -1.04	  1.55	 -0.51	
 -0.17	  0.52	 -0.78	  0.17	  0.52	 -0.78	 -0.30	 -1.04	  1.55	 -0.51	  0.30	 -1.04	  1.55	 -0.51	
 -0.17	  0.52	 -0.78	  0.17	  0.52	 -0.78	 -0.30	 -1.04	  1.55	 -0.51	  0.30	 -1.04	  1.55	 -0.51	
 -0.17	  0.52	 -0.77	  0.17	  0.52	 -0.77	 -0.30	 -1.04	  1.55	 -0.51	  0.30	 -1.04	  1.55	 -0.51	
 -0.17	  0.52	 -0.77	  0.17	  0.52	 -0.77	 -0.29	 -1.04	  1.55	 -0.51	  0.29	 -1.04	  1.55	 -0.51	
 -0.17	  0.52	 -0.77	  0.17	  0.52	 -0.77	 -0.29	 -1.04	  1.54	 -0.51	  0.29	 -1.04	  1.54	 -0.51	
 -0.17	  0.52	 -0.77	  0.17	  0.52	 -0.77	 -0.29	 -1.04	  1.54	 -0.51	  0.29	 -1.04	  1.54	 -0.51	
 -0.17	  0.52	 -0.76	  0.17	  0.52	 -0.76	 -0.29	 -1.04	  1.54	 -0.51	  0.29	 -1.04	  1.54	 -0.51	
 -0.17	  0.52	 -0.76	  0.17	  0.52	 -0.76	 -0.29	 -1.03	  1.54	 -0.51	  0.29	 -1.03	  1.54	 -0.51	
 -0.17	  0.51	 -0.76	  0.17	  0.51	 -0.76	 -0.29	 -1.03	  1.54	 -0.51	  0.29	 -1.03	  1.54	 -0.51	
 -0.17	  0.51	 -0.76	  0.17	  0.51	 -0.76	 -0.29	 -1.03	  1.54	 -0.51	  0.29	 -1.03	  1.54	 -0.51	
 -0.17	  0.51	 -0.75	  0.17	  0.51	 -0.75	 -0.29	 -1.03	  1.54	 -0.50	  0.29	 -1.03	  1.54	 -0.50	
 -0.17	  0.51	 -0.75	  0.17	  0.51	 -0.75	 -0.29	 -1.03	  1.53	 -0.50	  0.29	 -1.03	  1.53	 -0.50	
 -0.17	  0.51	 -0.75	  0.17	  0.51	 -0.75	 -0.29	 -1.03	  1.53	 -0.50	  0.29	 -1.03	  1.53	 -0.50	
 -0.17	  0.51	 -0.75	  0.17	  0.51	 -0.75	 -0.29	 -1.03	  1.53	 -0.50	  0.29	 -1.03	  1.53	 -0.50	
 -0.17	  0.51	 -0.74	  0.17	  0.51	 -0.74	 -0.29	 -1.03	  1.53	 -0.50	  0.29	 -1.03	  1.53	 -0.50	
 -0.17	  0.50	 -0.74	  0.17	  0.50	 -0.74	 -0.29	 -1.03	  1.53	 -0.50	  0.29	 -1.03	  1.53	 -0.50	
 -0.17	  0.50	 -0.74	  0.17	  0.50	 -0.74	 -0.29	 -1.03	  1.53	 -0.50	  0.29	 -1.03	  1.53	 -0.50	
 -0.17	  0.50	 -0.74	  0.17	  0.50	 -0.74	 -0.29	 -1.02	  1.53	 -0.50	  0.29	 -1.02	  1.53	 -0.50	
 -0.17	  0.50	 -0.73	  0.17	  0.50	 -0.73	 -0.29	 -1.02	  1.52	 -0.50	  0.29	 -1.02	  1.52	 -0.50	
 -0.17	  0.50	 -0.73	  0.17	  0.50	 -0.73	 -0.29	 -1.02	  1.52	 -0.50	  0.29	 -1.02	  1.52	 -0.50	
 -0.17	  0.50	 -0.73	  0.17	  0.50	 -0.73	 -0.29	 -1.02	  1.52	 -0.50	  0.29	 -1.02	  1.52	 -0.50	
 -0.17	  0.50	 -0.73	  0.17	  0.50	 -0.73	 -0.29	 -1.02	  1.52	 -0.50	  0.29	 -1.02	  1.52	 -0.50	
 -0.17	  0.49	 -0.72	  0.17	  0.49	 -0.72	 -0.29	 -1.02	  1.52	 -0.50	  0.29	 -1.02	  1.52	 -0.50	
 -0.17	  0.49	 -0.72	  0.17	  0.49	 -0.72	 -0.29	 -1.02	  1.52	 -0.50	  0.29	 -1.02	  1.52	 -0.50	
 -0.17	  0.49	 -0.72	  0.17	  0.49	 -0.72	 -0.29	 -1.02	  1.51	 -0.50	  0.29	 -1.02	  1.51	 -0.50	
 -0.17	  0.49	 -0.72	  0.17	  0.49	 -0.72	 -0.29	 -1.02	  1.51	 -0.50	  0.29	 -1.02	  1.51	 -0.50	
 -0.17	  0.49	 -0.71	  0.17	  0.49	 -0.71	 -0.29	 -1.02	  1.51	 -0.50	  0.29	 -1.02	  1.51	 -0.50	
 -0.17	  0.49	 -0.71	  0.17	  0.49	 -0.71	 -0.29	 -1.01	  1.51	 -0.50	  0.29	 -1.01	  1.51	 -0.50	
 -0.17	  0.49	 -0.71	  0.17	  0.49	 -0.71	 -0.29	 -1.01	  1.51	 -0.50	  0.29	 -1.01	  1.51	 -0.50	
 -0.17	  0.48	 -0.70	  0.17	  0.48	 -0.70	 -0.29	 -1.01	  1.51	 -0.50	  0.29	 -1.01	  1.51	 -0.50	
 -0.17	  0.48	 -0.70	  0.17	  0.48	 -0.70	 -0.29	 -1.01	  1.51	 -0.49	  0.29	 -1.01	  1.51	 -0.49	
 -0.17	  0.48	 -0.70	  0.17	  0.48	 -0.70	 -0.29	 -1.01	  1.50	 -0.49	  0.29	 -1.01	  1.50	 -0.49	
 -0.17	  0.48	 -0.70	  0.17	  0.48	 -0.70	 -0.29	 -1.01	  1.50	 -0.49	  0.29	 -1.01	  1.50	 -0.49	
 -0.17	  0.48	 -0.69	  0.17	  0.48	 -0.69	 -0.29	 -1.01	  1.50	 -0.49	  0.29	 -1.01	  1.50	 -0.49	
 -0.17	  0.48	 -0.69	  0.17	  0.48	 -0.69	 -0.29	 -1.01	  1.50	 -0.49	  0.29	 -1.01	  1.50	 -0.49	
 -0.17	  0.48	 -0.69	  0.17	  0.48	 -0.69	 -0.29	 -1.01	  1.50	 -0.49	  0.29	 -1.01	  1.50	 -0.49	
 -0.17	  0.47	 -0.69	  0.17	  0.47	 -0.69	 -0.29	 -1.00	  1.50	 -0.49	  0.29	 -1.00	  1.50	 -0.49	
 -0.17	  0.47	 -0.68	  0.17	  0.47	 -0.68	 -0.29	 -1.00	  1.50	 -0.49	  0.29	 -1.00	  1.50	 -0.49	
 -0.17	  0.47	 -0.68	  0.17	  0.47	 -0.68	 -0.29	 -1.00	  1.49	 -0.49	  0.29	 -1.00	  1.49	 -0.49	
 -0.17	  0.47	 -0.68	  0.17	  0.47	 -0.68	 -0.29	 -1.00	  1.49	 -0.49	  0.29	 -1.00	  1.49	 -0.49	
 -0.17	  0.47	 -0.67	  0.17	  0.47	 -0.67	 -0.29	 -1.00	  1.49	 -0.49	  0.29	 -1.00	  1.49	 -0.49	
 -0.17	  0.47	 -0.67	  0.17	  0.47	 -0.67	 -0.29	 -1.00	  1.49	 -0.49	  0.29	 -1.00	  1.49	 -0.49	
 -0.17	  0.46	 -0.67	  0.17	  0.46	 -0.67	 -0.29	 -1.00	  1.49	 -0.49	  0.29	 -1.00	  1.49	 -0.49	
 -0.17	  0.46	 -0.67	  0.17	  0.46	 -0.67	 -0.29	 -1.00	  1.49	 -0.49	  0.29	 -1.00	  1.49	 -0.49	
 -0.17	  0.46	 -0.66	  0.17	  0.46	 -0.66	 -0.29	 -1.00	  1.48	 -0.49	  0.29	 -1.00	  1.48	 -0.49	
 -0.17	  0.46	 -0.66	  0.17	  0.46	 -0.66	 -0.29	 -1.00	  1.48	 -0.49	  0.29	 -1.00	  1.48	 -0.49	
 -0.17	  0.46	 -0.66	  0.17	  0.46	 -0.66	 -0.29	 -0.99	  1.48	 -0.49	  0.29	 -0.99	  1.48	 -0.49	
 -0.17	  0.46	 -0.66	  0.17	  0.46	 -0.66	 -0.29	 -0.99	  1.48	 -0.49	  0.29	 -0.99	  1.48	 -0.49	
 -0.17	  0.46	 -0.65	  0.17	  0.46	 -0.65	 -0.29	 -0.99	  1.48	 -0.49	  0.29	 -0.99	  1.48	 -0.49	
 -0.17	  0.45	 -0.65	  0.17	  0.45	 -0.65	 -0.29	 -0.99	  1.48	 -0.49	  0.29	 -0.99	  1.48	 -0.49	
 -0.17	  0.45	 -0.65	  0.17	  0.45	 -0.65	 -0.29	 -0.99	  1.48	 -0.48	  0.29	 -0.99	  1.48	 -0.48	
 -0.17	  0.45	 -0.64	  0.17	  0.45	 -0.64	 -0.29	 -0.99	  1.47	 -0.48	  0.29	 -0.99	  1.47	 -0.48	
 -0.17	  0.45	 -0.64	  0.17	  0.45	 -0.64	 -0.29	 -0.99	  1.47	 -0.48	  0.29	 -0.99	  1.47	 -0.48	
 -0.17	  0.45	 -0.64	  0.17	  0.45	 -0.64	 -0.29	 -0.99	  1.47	 -0.48	  0.29	 -0.99	  1.47	 -0.48	
 -0.17	  0.45	 -0.64	  0.17	  0.45	 -0.64	 -0.29	 -0.99	  1.47	 -0.48	  0.29	 -0.99	  1.47	 -0.48	
 -0.17	  0.44	 -0.63	  0.17	  0.44	 -0.63	 -0.29	 -0.99	  1.47	 -0.48	  0.29	 -0.99	  1.47	 -0.48	
 -0.17	  0.44	 -0.63	  0.17	  0.44	 -0.63	 -0.29	 -0.98	  1.47	 -0.48	  0.29	 -0.98	  1.47	 -0.48	
 -0.17	  0.44	 -0.63	  0.17	  0.44	 -0.63	 -0.29	 -0.98	  1.46	 -0.48	  0.29	 -0.98	  1.46	 -0.48	
 -0.17	  0.44	 -0.62	  0.17	  0.44	 -0.62	 -0.29	 -0.98	  1.46	 -0.48	  0.29	 -0.98	  1.46	 -0.48	
 -0.17	  0.44	 -0.62	  0.17	  0.44	 -0.62	 -0.29	 -0.98	  1.46	 -0.48	  0.29	 -0.98	  1.46	 -0.48	
 -0.17	  0.44	 -0.62	  0.17	  0.44	 -0.62	 -0.29	 -0.98	  1.46	 -0.48	  0.29	 -0.98	  1.46	 -0.48	
 -0.17	  0.43	 -0.61	  0.17	  0.43	 -0.61	 -0.29	 -0.98	  1.46	 -0.48	  0.29	 -0.98	  1.46	 -0.48	
 -0.17	  0.43	 -0.61	  0.17	  0.43	 -0.61	 -0.29	 -0.98	  1.46	 -0.48	  0.29	 -0.98	  1.46	 -0.48	
 -0.17	  0.43	 -0.61	  0.17	  0.43	 -0.61	 -0.29	 -0.98	  1.46	 -0.48	  0.29	 -0.98	  1.46	 -0.48	
 -0.17	  0.43	 -0.61	  0.17	  0.43	 -0.61	 -0.29	 -0.98	  1.45	 -0.48	  0.29	 -0.98	  1.45	 -0.48	
 -0.17	  0.43	 -0.60	  0.17	  0.43	 -0.60	 -0.29	 -0.98	  1.45	 -0.48	  0.29	 -0.98	  1.45	 -0.48	
 -0.17	  0.43	 -0.60	  0.17	  0.43	 -0.60	 -0.29	 -0.97	  1.45	 -0.48	  0.29	 -0.97	  1.45	 -0.48	
 -0.17	  0.42	 -0.60	  0.17	  0.42	 -0.60	 -0.29	 -0.97	  1.45	 -0.48	  0.29	 -0.97	  1.45	 -0.48	
 -0.16	  0.42	 -0.59	  0.16	  0.42	 -0.59	 -0.29	 -0.97	  1.45	 -0.48	  0.29	 -0.97	  1.45	 -0.48	
 -0.16	  0.42	 -0.59	  0.16	  0.42	 -0.59	 -0.29	 -0.97	  1.45	 -0.47	  0.29	 -0.97	  1.45	 -0.47	
 -0.16	  0.42	 -0.59	  0.16	  0.42	 -0.59	 -0.29	 -0.97	  1.44	 -0.47	  0.29	 -0.97	  1.44	 -0.47	
 -0.16	  0.42	 -0.58	  0.16	  0.42	 -0.58	 -0.29	 -0.97	  1.44	 -0.47	  0.29	 -0.97	  1.44	 -0.47	
 -0.16	  0.42	 -0.58	  0.16	  0.42	 -0.58	 -0.29	 -0.97	  1.44	 -0.47	  0.29	 -0.97	  1.44	 -0.47	
 -0.16	  0.41	 -0.58	  0.16	  0.41	 -0.58	 -0.29	 -0.97	  1.44	 -0.47	  0.29	 -0.97	  1.44	 -0.47	
 -0.16	  0.41	 -0.57	  0.16	  0.41	 -0.57	 -0.29	 -0.97	  1.44	 -0.47	  0.29	 -0.97	  1.44	 -0.47	
 -0.16	  0.41	 -0.57	  0.16	  0.41	 -0.57	 -0.28	 -0.96	  1.44	 -0.47	  0.28	 -0.96	  1.44	 -0.47	
 -0.16	  0.41	 -0.57	  0.16	  0.41	 -0.57	 -0.28	 -0.96	  1.43	 -0.47	  0.28	 -0.96	  1.43	 -0.47	
 -0.16	  0.41	 -0.56	  0.16	  0.41	 -0.56	 -0.28	 -0.96	  1.43	 -0.47	  0.28	 -0.96	  1.43	 -0.47	
 -0.16	  0.40	 -0.56	  0.16	  0.40	 -0.56	 -0.28	 -0.96	  1.43	 -0.47	  0.28	 -0.96	  1.43	 -0.47	
 -0.16	  0.40	 -0.56	  0.16	  0.40	 -0.56	 -0.28	 -0.96	  1.43	 -0.47	  0.28	 -0.96	  1.43	 -0.47	
 -0.16	  0.40	 -0.55	  0.16	  0.40	 -0.55	 -0.28	 -0.96	  1.43	 -0.47	  0.28	 -0.96	  1.43	 -0.47	
 -0.16	  0.40	 -0.55	  0.16	  0.40	 -0.55	 -0.28	 -0.96	  1.43	 -0.47	  0.28	 -0.96	  1.43	 -0.47	
 -0.16	  0.40	 -0.55	  0.16	  0.40	 -0.55	 -0.28	 -0.96	  1.43	 -0.47	  0.28	 -0.96	  1.43	 -0.47	
 -0.16	  0.40	 -0.54	  0.16	  0.40	 -0.54	 -0.28	 -0.96	  1.42	 -0.47	  0.28	 -0.96	  1.42	 -0.47	
 -0.16	  0.39	 -0.54	  0.16	  0.39	 -0.54	 -0.28	 -0.96	  1.42	 -0.47	  0.28	 -0.96	  1.42	 -0.47	
 -0.16	  0.39	 -0.54	  0.16	  0.39	 -0.54	 -0.28	 -0.95	  1.42	 -0.47	  0.28	 -0.95	  1.42	 -0.47	
 -0.16	  0.39	 -0.53	  0.16	  0.39	 -0.53	 -0.28	 -0.95	  1.42	 -0.47	  0.28	 -0.95	  1.42	 -0.47	
 -0.16	  0.39	 -0.53	  0.16	  0.39	 -0.53	 -0.28	 -0.95	  1.42	 -0.46	  0.28	 -0.95	  1.42	 -0.46	
 -0.16	  0.39	 -0.53	  0.16	  0.39	 -0.53	 -0.28	 -0.95	  1.42	 -0.46	  0.28	 -0.95	  1.42	 -0.46	
 -0.16	  0.38	 -0.52	  0.16	  0.38	 -0.52	 -0.28	 -0.95	  1.41	 -0.46	  0.28	 -0.95	  1.41	 -0.46	
 -0.16	  0.38	 -0.52	  0.16	  0.38	 -0.52	 -0.28	 -0.95	  1.41	 -0.46	  0.28	 -0.95	  1.41	 -0.46	
 -0.16	  0.38	 -0.52	  0.16	  0.38	 -0.52	 -0.28	 -0.95	  1.41	 -0.46	  0.28	 -0.95	  1.41	 -0.46	
 -0.16	  0.38	 -0.51	  0.16	  0.38	 -0.51	 -0.28	 -0.95	  1.41	 -0.46	  0.28	 -0.95	  1.41	 -0.46	
 -0.16	  0.38	 -0.51	  0.16	  0.38	 -0.51	 -0.28	 -0.95	  1.41	 -0.46	  0.28	 -0.95	  1.41	 -0.46	
 -0.16	  0.37	 -0.50	  0.16	  0.37	 -0.50	 -0.28	 -0.95	  1.41	 -0.46	  0.28	 -0.95	  1.41	 -0.46	
 -0.16	  0.37	 -0.50	  0.16	  0.37	 -0.50	 -0.28	 -0.94	  1.40	 -0.46	  0.28	 -0.94	  1.40	 -0.46	
 -0.16	  0.37	 -0.50	  0.16	  0.37	 -0.50	 -0.28	 -0.94	  1.40	 -0.46	  0.28	 -0.94	  1.40	 -0.46	
 -0.16	  0.37	 -0.49	  0.16	  0.37	 -0.49	 -0.28	 -0.94	  1.40	 -0.46	  0.28	 -0.94	  1.40	 -0.46	
 -0.16	  0.37	 -0.49	  0.16	  0.37	 -0.49	 -0.28	 -0.94	  1.40	 -0.46	  0.28	 -0.94	  1.40	 -0.46	
 -0.16	  0.36	 -0.49	  0.16	  0.36	 -0.49	 -0.28	 -0.94	  1.40	 -0.46	  0.28	 -0.94	  1.40	 -0.46	
 -0.16	  0.36	 -0.48	  0.16	  0.36	 -0.48	 -0.28	 -0.94	  1.40	 -0.46	  0.28	 -0.94	  1.40	 -0.46	
 -0.16	  0.36	 -0.48	  0.16	  0.36	 -0.48	 -0.28	 -0.94	  1.39	 -0.46	  0.28	 -0.94	  1.39	 -0.46	
 -0.16	  0.36	 -0.47	  0.16	  0.36	 -0.47	 -0.28	 -0.94	  1.39	 -0.46	  0.28	 -0.94	  1.39	 -0.46	
 -0.16	  0.36	 -0.47	  0.16	  0.36	 -0.47	 -0.28	 -0.94	  1.39	 -0.46	  0.28	 -0.94	  1.39	 -0.46	
 -0.16	  0.35	 -0.47	  0.16	  0.35	 -0.47	 -0.28	 -0.93	  1.39	 -0.46	  0.28	 -0.93	  1.39	 -0.46	
 -0.16	  0.35	 -0.46	  0.16	  0.35	 -0.46	 -0.28	 -0.93	  1.39	 -0.45	  0.28	 -0.93	  1.39	 -0.45	
 -0.16	  0.35	 -0.46	  0.16	  0.35	 -0.46	 -0.28	 -0.93	  1.39	 -0.45	  0.28	 -0.93	  1.39	 -0.45	
 -0.16	  0.35	 -0.45	  0.16	  0.35	 -0.45	 -0.28	 -0.93	  1.39	 -0.45	  0.28	 -0.93	  1.39	 -0.45	
 -0.16	  0.34	 -0.45	  0.16	  0.34	 -0.45	 -0.28	 -0.93	  1.38	 -0.45	  0.28	 -0.93	  1.38	 -0.45	
 -0.16	  0.34	 -0.45	  0.16	  0.34	 -0.45	 -0.28	 -0.93	  1.38	 -0.45	  0.28	 -0.93	  1.38	 -0.45	
 -0.16	  0.34	 -0.44	  0.16	  0.34	 -0.44	 -0.28	 -0.93	  1.38	 -0.45	  0.28	 -0.93	  1.38	 -0.45	
 -0.16	  0.34	 -0.44	  0.16	  0.34	 -0.44	 -0.28	 -0.93	  1.38	 -0.45	  0.28	 -0.93	  1.38	 -0.45	
 -0.16	  0.33	 -0.43	  0.16	  0.33	 -0.43	 -0.28	 -0.93	  1.38	 -0.45	  0.28	 -0.93	  1.38	 -0.45	
 -0.16	  0.33	 -0.43	  0.16	  0.33	 -0.43	 -0.28	 -0.93	  1.38	 -0.45	  0.28	 -0.93	  1.38	 -0.45	
 -0.16	  0.33	 -0.43	  0.16	  0.33	 -0.43	 -0.28	 -0.92	  1.37	 -0.45	  0.28	 -0.92	  1.37	 -0.45	
 -0.16	  0.33	 -0.42	  0.16	  0.33	 -0.42	 -0.28	 -0.92	  1.37	 -0.45	  0.28	 -0.92	  1.37	 -0.45	
 -0.16	  0.33	 -0.42	  0.16	  0.33	 -0.42	 -0.28	 -0.92	  1.37	 -0.45	  0.28	 -0.92	  1.37	 -0.45	
 -0.16	  0.32	 -0.41	  0.16	  0.32	 -0.41	 -0.28	 -0.92	  1.37	 -0.45	  0.28	 -0.92	  1.37	 -0.45	
 -0.16	  0.32	 -0.41	  0.16	  0.32	 -0.41	 -0.28	 -0.92	  1.37	 -0.45	  0.28	 -0.92	  1.37	 -0.45	
 -0.16	  0.32	 -0.40	  0.16	  0.32	 -0.40	 -0.28	 -0.92	  1.37	 -0.45	  0.28	 -0.92	  1.37	 -0.45	
 -0.16	  0.32	 -0.40	  0.16	  0.32	 -0.40	 -0.28	 -0.92	  1.36	 -0.45	  0.28	 -0.92	  1.36	 -0.45	
 -0.16	  0.31	 -0.39	  0.16	  0.31	 -0.39	 -0.28	 -0.92	  1.36	 -0.45	  0.28	 -0.92	  1.36	 -0.45	
 -0.16	  0.31	 -0.39	  0.16	  0.31	 -0.39	 -0.28	 -0.92	  1.36	 -0.45	  0.28	 -0.92	  1.36	 -0.45	
 -0.16	  0.31	 -0.38	  0.16	  0.31	 -0.38	 -0.28	 -0.91	  1.36	 -0.44	  0.28	 -0.91	  1.36	 -0.44	
 -0.16	  0.31	 -0.38	  0.16	  0.31	 -0.38	 -0.28	 -0.91	  1.36	 -0.44	  0.28	 -0.91	  1.36	 -0.44	
 -0.16	  0.30	 -0.37	  0.16	  0.30	 -0.37	 -0.28	 -0.91	  1.36	 -0.44	  0.28	 -0.91	  1.36	 -0.44	
 -0.16	  0.30	 -0.37	  0.16	  0.30	 -0.37	 -0.28	 -0.91	  1.35	 -0.44	  0.28	 -0.91	  1.35	 -0.44	
 -0.16	  0.30	 -0.36	  0.16	  0.30	 -0.36	 -0.28	 -0.91	  1.35	 -0.44	  0.28	 -0.91	  1.35	 -0.44	
 -0.16	  0.29	 -0.36	  0.16	  0.29	 -0.36	 -0.28	 -0.91	  1.35	 -0.44	  0.28	 -0.91	  1.35	 -0.44	
 -0.16	  0.29	 -0.35	  0.16	  0.29	 -0.35	 -0.28	 -0.91	  1.35	 -0.44	  0.28	 -0.91	  1.35	 -0.44	
 -0.16	  0.29	 -0.35	  0.16	  0.29	 -0.35	 -0.28	 -0.91	  1.35	 -0.44	  0.28	 -0.91	  1.35	 -0.44	
