  0.00	  0.00	  0.00	  0.00	  0.00	  0.00	  0.00	  0.00	  0.00	  0.00	  0.00	  0.00	  0.00	  0.00	
 -0.00	  0.15	 -0.02	 -0.00	  0.15	 -0.02	 -0.00	  0.49	 -0.07	 -0.43	 -0.00	  0.49	 -0.07	 -0.43	
 -0.00	  0.16	 -0.02	 -0.00	  0.16	 -0.02	 -0.00	  0.50	 -0.07	 -0.43	 -0.00	  0.50	 -0.07	 -0.43	
 -0.00	  0.16	 -0.02	 -0.00	  0.16	 -0.02	 -0.00	  0.51	 -0.07	 -0.44	 -0.00	  0.51	 -0.07	 -0.44	
 -0.00	  0.16	 -0.02	 -0.00	  0.16	 -0.02	 -0.00	  0.52	 -0.08	 -0.44	 -0.00	  0.52	 -0.08	 -0.44	
 -0.00	  0.16	 -0.02	 -0.00	  0.16	 -0.02	 -0.00	  0.53	 -0.08	 -0.45	 -0.00	  0.53	 -0.08	 -0.45	
 -0.00	  0.16	 -0.02	 -0.00	  0.16	 -0.02	 -0.00	  0.54	 -0.08	 -0.45	 -0.00	  0.54	 -0.08	 -0.45	
 -0.00	  0.17	 -0.02	 -0.00	  0.17	 -0.02	 -0.00	  0.54	 -0.09	 -0.46	 -0.00	  0.54	 -0.09	 -0.46	
 -0.00	  0.17	 -0.02	 -0.00	  0.17	 -0.02	 -0.00	  0.55	 -0.09	 -0.46	 -0.00	  0.55	 -0.09	 -0.46	
 -0.00	  0.17	 -0.02	 -0.00	  0.17	 -0.02	 -0.00	  0.56	 -0.09	 -0.47	 -0.00	  0.56	 -0.09	 -0.47	
 -0.00	  0.17	 -0.02	 -0.00	  0.17	 -0.02	 -0.00	  0.57	 -0.09	 -0.47	 -0.00	  0.57	 -0.09	 -0.47	
 -0.00	  0.17	 -0.02	 -0.00	  0.17	 -0.02	 -0.00	  0.57	 -0.10	 -0.48	 -0.00	  0.57	 -0.10	 -0.48	
 -0.00	  0.17	 -0.02	 -0.00	  0.17	 -0.02	 -0.00	  0.58	 -0.10	 -0.48	 -0.00	  0.58	 -0.10	 -0.48	
 -0.00	  0.18	 -0.02	 -0.00	  0.18	 -0.02	 -0.00	  0.59	 -0.10	 -0.49	 -0.00	  0.59	 -0.10	 -0.49	
 -0.00	  0.18	 -0.02	 -0.00	  0.18	 -0.02	 -0.00	  0.59	 -0.10	 -0.49	 -0.00	  0.59	 -0.10	 -0.49	
 -0.00	  0.18	 -0.01	 -0.00	  0.18	 -0.01	 -0.00	  0.60	 -0.11	 -0.49	 -0.00	  0.60	 -0.11	 -0.49	
 -0.00	  0.18	 -0.01	 -0.00	  0.18	 -0.01	 -0.00	  0.61	 -0.11	 -0.50	 -0.00	  0.61	 -0.11	 -0.50	
 -0.00	  0.18	 -0.01	 -0.00	  0.18	 -0.01	 -0.00	  0.61	 -0.11	 -0.50	 -0.00	  0.61	 -0.11	 -0.50	
 -0.00	  0.18	 -0.01	 -0.00	  0.18	 -0.01	 -0.00	  0.62	 -0.12	 -0.50	 -0.00	  0.62	 -0.12	 -0.50	
 -0.00	  0.18	 -0.01	 -0.00	  0.18	 -0.01	 -0.00	  0.62	 -0.12	 -0.51	 -0.00	  0.62	 -0.12	 -0.51	
 -0.00	  0.19	 -0.01	 -0.00	  0.19	 -0.01	 -0.00	  0.63	 -0.12	 -0.51	 -0.00	  0.63	 -0.12	 -0.51	
 -0.00	  0.19	 -0.01	 -0.00	  0.19	 -0.01	 -0.00	  0.63	 -0.12	 -0.51	 -0.00	  0.63	 -0.12	 -0.51	
 -0.00	  0.19	 -0.01	 -0.00	  0.19	 -0.01	 -0.00	  0.64	 -0.13	 -0.51	 -0.00	  0.64	 -0.13	 -0.51	
 -0.00	  0.19	 -0.01	 -0.00	  0.19	 -0.01	 -0.00	  0.64	 -0.13	 -0.51	 -0.00	  0.64	 -0.13	 -0.51	
 -0.00	  0.19	 -0.01	 -0.00	  0.19	 -0.01	 -0.00	  0.65	 -0.13	 -0.52	 -0.00	  0.65	 -0.13	 -0.52	
 -0.00	  0.19	 -0.01	 -0.00	  0.19	 -0.01	 -0.00	  0.65	 -0.13	 -0.52	 -0.00	  0.65	 -0.13	 -0.52	
 -0.00	  0.19	 -0.00	 -0.00	  0.19	 -0.00	 -0.00	  0.66	 -0.14	 -0.52	 -0.00	  0.66	 -0.14	 -0.52	
 -0.00	  0.19	 -0.00	 -0.00	  0.19	 -0.00	 -0.00	  0.66	 -0.14	 -0.52	 -0.00	  0.66	 -0.14	 -0.52	
 -0.00	  0.19	 -0.00	 -0.00	  0.19	 -0.00	 -0.00	  0.66	 -0.14	 -0.52	 -0.00	  0.66	 -0.14	 -0.52	
 -0.00	  0.19	 -0.00	 -0.00	  0.19	 -0.00	 -0.00	  0.67	 -0.14	 -0.52	 -0.00	  0.67	 -0.14	 -0.52	
 -0.00	  0.20	 -0.00	 -0.00	  0.20	 -0.00	 -0.00	  0.67	 -0.15	 -0.52	 -0.00	  0.67	 -0.15	 -0.52	
 -0.00	  0.20	  0.00	 -0.00	  0.20	  0.00	 -0.00	  0.67	 -0.15	 -0.52	 -0.00	  0.67	 -0.15	 -0.52	
 -0.00	  0.20	  0.00	 -0.00	  0.20	  0.00	 -0.00	  0.67	 -0.15	 -0.52	 -0.00	  0.67	 -0.15	 -0.52	
 -0.00	  0.20	  0.00	 -0.00	  0.20	  0.00	 -0.00	  0.68	 -0.15	 -0.52	 -0.00	  0.68	 -0.15	 -0.52	
 -0.00	  0.20	  0.00	 -0.00	  0.20	  0.00	 -0.00	  0.68	 -0.16	 -0.52	 -0.00	  0.68	 -0.16	 -0.52	
 -0.00	  0.20	  0.00	 -0.00	  0.20	  0.00	 -0.00	  0.68	 -0.16	 -0.52	 -0.00	  0.68	 -0.16	 -0.52	
 -0.00	  0.20	  0.01	 -0.00	  0.20	  0.01	 -0.00	  0.68	 -0.16	 -0.52	 -0.00	  0.68	 -0.16	 -0.52	
 -0.00	  0.20	  0.01	 -0.00	  0.20	  0.01	 -0.00	  0.68	 -0.16	 -0.52	 -0.00	  0.68	 -0.16	 -0.52	
 -0.00	  0.20	  0.01	 -0.00	  0.20	  0.01	 -0.00	  0.69	 -0.17	 -0.52	 -0.00	  0.69	 -0.17	 -0.52	
 -0.00	  0.20	  0.01	 -0.00	  0.20	  0.01	 -0.00	  0.69	 -0.17	 -0.52	 -0.00	  0.69	 -0.17	 -0.52	
 -0.00	  0.20	  0.01	 -0.00	  0.20	  0.01	 -0.00	  0.69	 -0.17	 -0.52	 -0.00	  0.69	 -0.17	 -0.52	
 -0.00	  0.20	  0.01	 -0.00	  0.20	  0.01	 -0.00	  0.69	 -0.17	 -0.51	 -0.00	  0.69	 -0.17	 -0.51	
 -0.00	  0.20	  0.01	 -0.00	  0.20	  0.01	 -0.00	  0.69	 -0.18	 -0.51	 -0.00	  0.69	 -0.18	 -0.51	
 -0.00	  0.20	  0.01	 -0.00	  0.20	  0.01	 -0.00	  0.69	 -0.18	 -0.51	 -0.00	  0.69	 -0.18	 -0.51	
 -0.00	  0.20	  0.02	 -0.00	  0.20	  0.02	 -0.00	  0.69	 -0.18	 -0.51	 -0.00	  0.69	 -0.18	 -0.51	
 -0.00	  0.20	  0.02	 -0.00	  0.20	  0.02	 -0.00	  0.69	 -0.18	 -0.51	 -0.00	  0.69	 -0.18	 -0.51	
 -0.00	  0.20	  0.02	 -0.00	  0.20	  0.02	 -0.00	  0.69	 -0.18	 -0.50	 -0.00	  0.69	 -0.18	 -0.50	
 -0.00	  0.20	  0.02	 -0.00	  0.20	  0.02	 -0.00	  0.69	 -0.19	 -0.50	 -0.00	  0.69	 -0.19	 -0.50	
 -0.00	  0.20	  0.02	 -0.00	  0.20	  0.02	 -0.00	  0.69	 -0.19	 -0.50	 -0.00	  0.69	 -0.19	 -0.50	
 -0.00	  0.20	  0.02	 -0.00	  0.20	  0.02	 -0.00	  0.69	 -0.19	 -0.50	 -0.00	  0.69	 -0.19	 -0.50	
 -0.00	  0.20	  0.02	 -0.00	  0.20	  0.02	 -0.00	  0.69	 -0.19	 -0.49	 -0.00	  0.69	 -0.19	 -0.49	
 -0.00	  0.20	  0.02	 -0.00	  0.20	  0.02	 -0.00	  0.69	 -0.20	 -0.49	 -0.00	  0.69	 -0.20	 -0.49	
 -0.00	  0.20	  0.03	 -0.00	  0.20	  0.03	 -0.00	  0.68	 -0.20	 -0.49	 -0.00	  0.68	 -0.20	 -0.49	
 -0.00	  0.20	  0.03	 -0.00	  0.20	  0.03	 -0.00	  0.68	 -0.20	 -0.48	 -0.00	  0.68	 -0.20	 -0.48	
 -0.00	  0.20	  0.03	 -0.00	  0.20	  0.03	 -0.00	  0.68	 -0.20	 -0.48	 -0.00	  0.68	 -0.20	 -0.48	
 -0.00	  0.20	  0.03	 -0.00	  0.20	  0.03	 -0.00	  0.68	 -0.20	 -0.48	 -0.00	  0.68	 -0.20	 -0.48	
 -0.00	  0.20	  0.03	 -0.00	  0.20	  0.03	 -0.00	  0.68	 -0.20	 -0.47	 -0.00	  0.68	 -0.20	 -0.47	
 -0.00	  0.20	  0.03	 -0.00	  0.20	  0.03	 -0.00	  0.68	 -0.21	 -0.47	 -0.00	  0.68	 -0.21	 -0.47	
 -0.00	  0.20	  0.03	 -0.00	  0.20	  0.03	 -0.00	  0.67	 -0.21	 -0.47	 -0.00	  0.67	 -0.21	 -0.47	
 -0.00	  0.20	  0.04	 -0.00	  0.20	  0.04	 -0.00	  0.67	 -0.21	 -0.46	 -0.00	  0.67	 -0.21	 -0.46	
 -0.00	  0.20	  0.04	 -0.00	  0.20	  0.04	 -0.00	  0.67	 -0.21	 -0.46	 -0.00	  0.67	 -0.21	 -0.46	
 -0.00	  0.20	  0.04	 -0.00	  0.20	  0.04	 -0.00	  0.67	 -0.21	 -0.45	 -0.00	  0.67	 -0.21	 -0.45	
 -0.00	  0.19	  0.04	 -0.00	  0.19	  0.04	 -0.00	  0.66	 -0.21	 -0.45	 -0.00	  0.66	 -0.21	 -0.45	
 -0.00	  0.19	  0.04	 -0.00	  0.19	  0.04	 -0.00	  0.66	 -0.22	 -0.45	 -0.00	  0.66	 -0.22	 -0.45	
 -0.00	  0.19	  0.04	 -0.00	  0.19	  0.04	 -0.00	  0.66	 -0.22	 -0.44	 -0.00	  0.66	 -0.22	 -0.44	
 -0.00	  0.19	  0.04	 -0.00	  0.19	  0.04	 -0.00	  0.66	 -0.22	 -0.44	 -0.00	  0.66	 -0.22	 -0.44	
 -0.00	  0.19	  0.04	 -0.00	  0.19	  0.04	 -0.00	  0.65	 -0.22	 -0.43	 -0.00	  0.65	 -0.22	 -0.43	
 -0.00	  0.19	  0.05	 -0.00	  0.19	  0.05	 -0.00	  0.65	 -0.22	 -0.43	 -0.00	  0.65	 -0.22	 -0.43	
 -0.00	  0.19	  0.05	 -0.00	  0.19	  0.05	 -0.00	  0.65	 -0.22	 -0.42	 -0.00	  0.65	 -0.22	 -0.42	
 -0.00	  0.19	  0.05	 -0.00	  0.19	  0.05	 -0.00	  0.64	 -0.22	 -0.42	 -0.00	  0.64	 -0.22	 -0.42	
 -0.00	  0.19	  0.05	 -0.00	  0.19	  0.05	 -0.00	  0.64	 -0.23	 -0.41	 -0.00	  0.64	 -0.23	 -0.41	
 -0.00	  0.19	  0.05	 -0.00	  0.19	  0.05	 -0.00	  0.64	 -0.23	 -0.41	 -0.00	  0.64	 -0.23	 -0.41	
 -0.00	  0.19	  0.05	 -0.00	  0.19	  0.05	 -0.00	  0.63	 -0.23	 -0.40	 -0.00	  0.63	 -0.23	 -0.40	
  0.00	  0.18	  0.05	  0.00	  0.18	  0.05	  0.00	  0.63	 -0.23	 -0.40	  0.00	  0.63	 -0.23	 -0.40	
  0.00	  0.18	  0.06	  0.00	  0.18	  0.06	  0.00	  0.62	 -0.23	 -0.39	  0.00	  0.62	 -0.23	 -0.39	
  0.00	  0.18	  0.06	  0.00	  0.18	  0.06	  0.00	  0.62	 -0.23	 -0.39	  0.00	  0.62	 -0.23	 -0.39	
  0.00	  0.18	  0.06	  0.00	  0.18	  0.06	  0.00	  0.62	 -0.23	 -0.38	  0.00	  0.62	 -0.23	 -0.38	
  0.00	  0.18	  0.06	  0.00	  0.18	  0.06	  0.00	  0.61	 -0.23	 -0.38	  0.00	  0.61	 -0.23	 -0.38	
  0.00	  0.18	  0.06	  0.00	  0.18	  0.06	  0.00	  0.61	 -0.23	 -0.37	  0.00	  0.61	 -0.23	 -0.37	
  0.00	  0.18	  0.06	  0.00	  0.18	  0.06	  0.00	  0.60	 -0.24	 -0.37	  0.00	  0.60	 -0.24	 -0.37	
  0.00	  0.17	  0.06	  0.00	  0.17	  0.06	  0.00	  0.60	 -0.24	 -0.36	  0.00	  0.60	 -0.24	 -0.36	
  0.00	  0.17	  0.06	  0.00	  0.17	  0.06	  0.00	  0.59	 -0.24	 -0.36	  0.00	  0.59	 -0.24	 -0.36	
  0.00	  0.17	  0.07	  0.00	  0.17	  0.07	  0.00	  0.59	 -0.24	 -0.35	  0.00	  0.59	 -0.24	 -0.35	
  0.00	  0.17	  0.07	  0.00	  0.17	  0.07	  0.00	  0.58	 -0.24	 -0.35	  0.00	  0.58	 -0.24	 -0.35	
  0.00	  0.17	  0.07	  0.00	  0.17	  0.07	  0.00	  0.58	 -0.24	 -0.34	  0.00	  0.58	 -0.24	 -0.34	
  0.00	  0.17	  0.07	  0.00	  0.17	  0.07	  0.00	  0.57	 -0.24	 -0.34	  0.00	  0.57	 -0.24	 -0.34	
  0.00	  0.17	  0.07	  0.00	  0.17	  0.07	  0.00	  0.57	 -0.24	 -0.33	  0.00	  0.57	 -0.24	 -0.33	
  0.00	  0.16	  0.07	  0.00	  0.16	  0.07	  0.00	  0.57	 -0.24	 -0.33	  0.00	  0.57	 -0.24	 -0.33	
  0.00	  0.16	  0.07	  0.00	  0.16	  0.07	  0.00	  0.56	 -0.24	 -0.32	  0.00	  0.56	 -0.24	 -0.32	
  0.00	  0.16	  0.07	  0.00	  0.16	  0.07	  0.00	  0.56	 -0.24	 -0.32	  0.00	  0.56	 -0.24	 -0.32	
  0.00	  0.16	  0.07	  0.00	  0.16	  0.07	  0.00	  0.55	 -0.24	 -0.31	  0.00	  0.55	 -0.24	 -0.31	
  0.00	  0.16	  0.08	  0.00	  0.16	  0.08	  0.00	  0.55	 -0.24	 -0.31	  0.00	  0.55	 -0.24	 -0.31	
  0.00	  0.16	  0.08	  0.00	  0.16	  0.08	  0.00	  0.54	 -0.24	 -0.30	  0.00	  0.54	 -0.24	 -0.30	
  0.00	  0.16	  0.08	  0.00	  0.16	  0.08	  0.00	  0.54	 -0.24	 -0.29	  0.00	  0.54	 -0.24	 -0.29	
  0.00	  0.15	  0.08	  0.00	  0.15	  0.08	  0.00	  0.53	 -0.24	 -0.29	  0.00	  0.53	 -0.24	 -0.29	
  0.00	  0.15	  0.08	  0.00	  0.15	  0.08	  0.00	  0.53	 -0.24	 -0.28	  0.00	  0.53	 -0.24	 -0.28	
  0.00	  0.15	  0.08	  0.00	  0.15	  0.08	  0.00	  0.52	 -0.24	 -0.28	  0.00	  0.52	 -0.24	 -0.28	
  0.00	  0.15	  0.08	  0.00	  0.15	  0.08	  0.00	  0.52	 -0.24	 -0.27	  0.00	  0.52	 -0.24	 -0.27	
  0.00	  0.15	  0.08	  0.00	  0.15	  0.08	  0.00	  0.51	 -0.24	 -0.27	  0.00	  0.51	 -0.24	 -0.27	
  0.00	  0.15	  0.08	  0.00	  0.15	  0.08	  0.00	  0.50	 -0.24	 -0.26	  0.00	  0.50	 -0.24	 -0.26	
  0.00	  0.14	  0.08	  0.00	  0.14	  0.08	  0.00	  0.50	 -0.24	 -0.26	  0.00	  0.50	 -0.24	 -0.26	
  0.00	  0.14	  0.08	  0.00	  0.14	  0.08	  0.00	  0.49	 -0.24	 -0.26	  0.00	  0.49	 -0.24	 -0.26	
  0.00	  0.14	  0.08	  0.00	  0.14	  0.08	  0.00	  0.49	 -0.24	 -0.25	  0.00	  0.49	 -0.24	 -0.25	
  0.00	  0.14	  0.09	  0.00	  0.14	  0.09	  0.00	  0.48	 -0.24	 -0.25	  0.00	  0.48	 -0.24	 -0.25	
  0.00	  0.14	  0.09	  0.00	  0.14	  0.09	  0.00	  0.48	 -0.24	 -0.24	  0.00	  0.48	 -0.24	 -0.24	
  0.00	  0.13	  0.09	  0.00	  0.13	  0.09	  0.00	  0.47	 -0.24	 -0.24	  0.00	  0.47	 -0.24	 -0.24	
  0.00	  0.13	  0.09	  0.00	  0.13	  0.09	  0.00	  0.47	 -0.24	 -0.23	  0.00	  0.47	 -0.24	 -0.23	
  0.00	  0.13	  0.09	  0.00	  0.13	  0.09	  0.00	  0.46	 -0.24	 -0.23	  0.00	  0.46	 -0.24	 -0.23	
  0.00	  0.13	  0.09	  0.00	  0.13	  0.09	  0.00	  0.46	 -0.23	 -0.22	  0.00	  0.46	 -0.23	 -0.22	
  0.00	  0.13	  0.09	  0.00	  0.13	  0.09	  0.00	  0.45	 -0.23	 -0.22	  0.00	  0.45	 -0.23	 -0.22	
  0.00	  0.13	  0.09	  0.00	  0.13	  0.09	  0.00	  0.45	 -0.23	 -0.21	  0.00	  0.45	 -0.23	 -0.21	
  0.00	  0.12	  0.09	  0.00	  0.12	  0.09	  0.00	  0.44	 -0.23	 -0.21	  0.00	  0.44	 -0.23	 -0.21	
  0.00	  0.12	  0.09	  0.00	  0.12	  0.09	  0.00	  0.43	 -0.23	 -0.20	  0.00	  0.43	 -0.23	 -0.20	
  0.00	  0.12	  0.09	  0.00	  0.12	  0.09	  0.00	  0.43	 -0.23	 -0.20	  0.00	  0.43	 -0.23	 -0.20	
  0.00	  0.12	  0.09	  0.00	  0.12	  0.09	  0.00	  0.42	 -0.23	 -0.19	  0.00	  0.42	 -0.23	 -0.19	
  0.00	  0.12	  0.09	  0.00	  0.12	  0.09	  0.00	  0.42	 -0.23	 -0.19	  0.00	  0.42	 -0.23	 -0.19	
  0.00	  0.11	  0.09	  0.00	  0.11	  0.09	  0.00	  0.41	 -0.23	 -0.19	  0.00	  0.41	 -0.23	 -0.19	
  0.00	  0.11	  0.09	  0.00	  0.11	  0.09	  0.00	  0.41	 -0.23	 -0.18	  0.00	  0.41	 -0.23	 -0.18	
  0.00	  0.11	  0.09	  0.00	  0.11	  0.09	  0.00	  0.40	 -0.22	 -0.18	  0.00	  0.40	 -0.22	 -0.18	
  0.00	  0.11	  0.09	  0.00	  0.11	  0.09	  0.00	  0.40	 -0.22	 -0.17	  0.00	  0.40	 -0.22	 -0.17	
  0.00	  0.11	  0.09	  0.00	  0.11	  0.09	  0.00	  0.39	 -0.22	 -0.17	  0.00	  0.39	 -0.22	 -0.17	
  0.00	  0.10	  0.09	  0.00	  0.10	  0.09	  0.00	  0.38	 -0.22	 -0.16	  0.00	  0.38	 -0.22	 -0.16	
  0.00	  0.10	  0.09	  0.00	  0.10	  0.09	  0.00	  0.38	 -0.22	 -0.16	  0.00	  0.38	 -0.22	 -0.16	
  0.00	  0.10	  0.09	  0.00	  0.10	  0.09	  0.00	  0.37	 -0.22	 -0.16	  0.00	  0.37	 -0.22	 -0.16	
  0.00	  0.10	  0.09	  0.00	  0.10	  0.09	  0.00	  0.37	 -0.22	 -0.15	  0.00	  0.37	 -0.22	 -0.15	
  0.00	  0.10	  0.09	  0.00	  0.10	  0.09	  0.00	  0.36	 -0.21	 -0.15	  0.00	  0.36	 -0.21	 -0.15	
  0.00	  0.09	  0.09	  0.00	  0.09	  0.09	  0.00	  0.36	 -0.21	 -0.14	  0.00	  0.36	 -0.21	 -0.14	
  0.00	  0.09	  0.09	  0.00	  0.09	  0.09	  0.00	  0.35	 -0.21	 -0.14	  0.00	  0.35	 -0.21	 -0.14	
  0.00	  0.09	  0.09	  0.00	  0.09	  0.09	  0.00	  0.35	 -0.21	 -0.14	  0.00	  0.35	 -0.21	 -0.14	
  0.00	  0.09	  0.09	  0.00	  0.09	  0.09	  0.00	  0.34	 -0.21	 -0.13	  0.00	  0.34	 -0.21	 -0.13	
  0.00	  0.09	  0.09	  0.00	  0.09	  0.09	  0.00	  0.33	 -0.20	 -0.13	  0.00	  0.33	 -0.20	 -0.13	
  0.00	  0.08	  0.09	  0.00	  0.08	  0.09	  0.00	  0.33	 -0.20	 -0.13	  0.00	  0.33	 -0.20	 -0.13	
  0.00	  0.08	  0.09	  0.00	  0.08	  0.09	  0.00	  0.32	 -0.20	 -0.12	  0.00	  0.32	 -0.20	 -0.12	
  0.00	  0.08	  0.09	  0.00	  0.08	  0.09	  0.00	  0.32	 -0.20	 -0.12	  0.00	  0.32	 -0.20	 -0.12	
  0.00	  0.08	  0.09	  0.00	  0.08	  0.09	  0.00	  0.31	 -0.20	 -0.11	  0.00	  0.31	 -0.20	 -0.11	
  0.00	  0.08	  0.09	  0.00	  0.08	  0.09	  0.00	  0.30	 -0.19	 -0.11	  0.00	  0.30	 -0.19	 -0.11	
  0.00	  0.07	  0.09	  0.00	  0.07	  0.09	  0.00	  0.30	 -0.19	 -0.11	  0.00	  0.30	 -0.19	 -0.11	
  0.00	  0.07	  0.09	  0.00	  0.07	  0.09	  0.00	  0.29	 -0.19	 -0.10	  0.00	  0.29	 -0.19	 -0.10	
  0.00	  0.07	  0.09	  0.00	  0.07	  0.09	  0.00	  0.29	 -0.19	 -0.10	  0.00	  0.29	 -0.19	 -0.10	
  0.00	  0.07	  0.09	  0.00	  0.07	  0.09	  0.00	  0.28	 -0.19	 -0.10	  0.00	  0.28	 -0.19	 -0.10	
  0.00	  0.07	  0.09	  0.00	  0.07	  0.09	  0.00	  0.28	 -0.18	 -0.09	  0.00	  0.28	 -0.18	 -0.09	
  0.00	  0.06	  0.09	  0.00	  0.06	  0.09	  0.00	  0.27	 -0.18	 -0.09	  0.00	  0.27	 -0.18	 -0.09	
  0.00	  0.06	  0.09	  0.00	  0.06	  0.09	  0.00	  0.26	 -0.18	 -0.09	  0.00	  0.26	 -0.18	 -0.09	
  0.00	  0.06	  0.09	  0.00	  0.06	  0.09	  0.00	  0.26	 -0.18	 -0.08	  0.00	  0.26	 -0.18	 -0.08	
  0.00	  0.06	  0.09	  0.00	  0.06	  0.09	  0.00	  0.25	 -0.17	 -0.08	  0.00	  0.25	 -0.17	 -0.08	
  0.00	  0.06	  0.09	  0.00	  0.06	  0.09	  0.00	  0.25	 -0.17	 -0.08	  0.00	  0.25	 -0.17	 -0.08	
  0.00	  0.06	  0.08	  0.00	  0.05	  0.09	  0.00	  0.24	 -0.17	 -0.07	  0.00	  0.24	 -0.17	 -0.07	
  0.00	  0.05	  0.08	  0.00	  0.05	  0.08	  0.00	  0.23	 -0.16	 -0.07	  0.00	  0.24	 -0.16	 -0.07	
  0.00	  0.05	  0.08	  0.00	  0.05	  0.08	  0.00	  0.23	 -0.16	 -0.07	  0.00	  0.23	 -0.16	 -0.07	
  0.00	  0.05	  0.08	  0.00	  0.05	  0.08	  0.00	  0.22	 -0.16	 -0.06	  0.00	  0.23	 -0.15	 -0.07	
  0.00	  0.06	  0.07	  0.00	  0.05	  0.08	  0.00	  0.22	 -0.16	 -0.06	  0.00	  0.22	 -0.15	 -0.07	
  0.00	  0.06	  0.07	  0.00	  0.05	  0.08	  0.00	  0.21	 -0.15	 -0.06	  0.00	  0.22	 -0.14	 -0.08	
  0.00	  0.06	  0.06	  0.00	  0.04	  0.08	  0.00	  0.21	 -0.15	 -0.06	  0.00	  0.21	 -0.13	 -0.08	
  0.00	  0.06	  0.05	  0.00	  0.04	  0.08	  0.00	  0.20	 -0.15	 -0.05	  0.00	  0.21	 -0.13	 -0.08	
  0.00	  0.06	  0.05	  0.00	  0.04	  0.08	  0.00	  0.20	 -0.15	 -0.05	  0.00	  0.20	 -0.12	 -0.08	
 -0.00	  0.06	  0.04	  0.00	  0.04	  0.08	  0.00	  0.19	 -0.14	 -0.05	 -0.00	  0.20	 -0.11	 -0.09	
 -0.00	  0.07	  0.03	  0.00	  0.04	  0.08	  0.00	  0.19	 -0.14	 -0.04	 -0.00	  0.20	 -0.10	 -0.09	
 -0.00	  0.07	  0.02	  0.00	  0.04	  0.08	  0.00	  0.18	 -0.14	 -0.04	 -0.00	  0.19	 -0.10	 -0.10	
 -0.00	  0.07	  0.02	  0.00	  0.03	  0.08	  0.00	  0.18	 -0.14	 -0.04	 -0.00	  0.19	 -0.09	 -0.10	
 -0.00	  0.08	  0.01	  0.00	  0.03	  0.08	  0.00	  0.17	 -0.14	 -0.04	 -0.00	  0.19	 -0.08	 -0.11	
 -0.00	  0.08	 -0.00	  0.00	  0.03	  0.08	  0.00	  0.17	 -0.13	 -0.04	 -0.00	  0.18	 -0.07	 -0.12	
 -0.00	  0.09	 -0.01	  0.00	  0.03	  0.07	  0.00	  0.16	 -0.13	 -0.03	 -0.00	  0.18	 -0.06	 -0.12	
 -0.00	  0.09	 -0.02	  0.00	  0.03	  0.07	  0.00	  0.16	 -0.13	 -0.03	 -0.00	  0.18	 -0.05	 -0.13	
 -0.00	  0.09	 -0.03	  0.00	  0.03	  0.07	  0.00	  0.15	 -0.13	 -0.03	 -0.00	  0.17	 -0.04	 -0.14	
 -0.00	  0.10	 -0.04	  0.00	  0.02	  0.07	  0.00	  0.15	 -0.12	 -0.03	 -0.00	  0.17	 -0.03	 -0.14	
 -0.00	  0.10	 -0.05	  0.00	  0.02	  0.07	  0.00	  0.15	 -0.12	 -0.03	 -0.00	  0.17	 -0.02	 -0.15	
 -0.00	  0.11	 -0.06	  0.00	  0.02	  0.07	  0.00	  0.14	 -0.12	 -0.02	 -0.00	  0.16	 -0.01	 -0.16	
 -0.00	  0.11	 -0.07	  0.00	  0.02	  0.07	  0.00	  0.14	 -0.12	 -0.02	 -0.00	  0.16	  0.00	 -0.17	
 -0.00	  0.12	 -0.09	  0.00	  0.02	  0.07	  0.00	  0.13	 -0.11	 -0.02	 -0.00	  0.16	  0.02	 -0.17	
 -0.00	  0.12	 -0.10	  0.00	  0.02	  0.07	  0.00	  0.13	 -0.11	 -0.02	 -0.00	  0.15	  0.03	 -0.18	
 -0.00	  0.13	 -0.11	  0.00	  0.02	  0.07	  0.00	  0.13	 -0.11	 -0.02	 -0.00	  0.15	  0.04	 -0.19	
 -0.00	  0.13	 -0.12	  0.00	  0.02	  0.07	  0.00	  0.12	 -0.11	 -0.01	 -0.00	  0.15	  0.05	 -0.20	
 -0.00	  0.13	 -0.13	  0.00	  0.01	  0.07	  0.00	  0.12	 -0.11	 -0.01	 -0.00	  0.14	  0.06	 -0.20	
 -0.00	  0.14	 -0.14	  0.00	  0.01	  0.07	  0.00	  0.12	 -0.10	 -0.01	 -0.00	  0.14	  0.07	 -0.21	
 -0.00	  0.14	 -0.15	  0.00	  0.01	  0.06	  0.00	  0.11	 -0.10	 -0.01	 -0.00	  0.14	  0.08	 -0.22	
 -0.00	  0.15	 -0.16	  0.00	  0.01	  0.06	  0.00	  0.11	 -0.10	 -0.01	 -0.00	  0.13	  0.10	 -0.23	
 -0.00	  0.15	 -0.17	  0.00	  0.01	  0.06	  0.00	  0.10	 -0.10	 -0.01	 -0.00	  0.13	  0.11	 -0.23	
 -0.00	  0.16	 -0.19	  0.00	  0.01	  0.06	  0.00	  0.10	 -0.10	 -0.01	 -0.00	  0.12	  0.12	 -0.24	
 -0.00	  0.16	 -0.20	  0.00	  0.01	  0.06	  0.00	  0.10	 -0.09	 -0.00	 -0.00	  0.12	  0.13	 -0.25	
 -0.00	  0.16	 -0.21	  0.00	  0.01	  0.06	  0.00	  0.09	 -0.09	 -0.00	 -0.00	  0.11	  0.14	 -0.26	
 -0.00	  0.17	 -0.22	  0.00	  0.01	  0.06	  0.00	  0.09	 -0.09	 -0.00	 -0.00	  0.11	  0.15	 -0.26	
 -0.00	  0.17	 -0.23	  0.00	  0.01	  0.06	  0.00	  0.09	 -0.09	 -0.00	 -0.00	  0.11	  0.16	 -0.27	
 -0.00	  0.17	 -0.24	  0.00	  0.00	  0.06	  0.00	  0.08	 -0.09	  0.00	 -0.00	  0.10	  0.18	 -0.28	
 -0.00	  0.18	 -0.25	  0.00	  0.00	  0.06	  0.00	  0.08	 -0.08	  0.00	 -0.00	  0.10	  0.19	 -0.28	
 -0.00	  0.18	 -0.26	  0.00	  0.00	  0.06	  0.00	  0.08	 -0.08	  0.00	 -0.00	  0.09	  0.20	 -0.29	
 -0.00	  0.18	 -0.27	  0.00	  0.00	  0.06	  0.00	  0.08	 -0.08	  0.00	 -0.00	  0.08	  0.21	 -0.29	
 -0.00	  0.18	 -0.28	  0.00	  0.00	  0.05	  0.00	  0.07	 -0.08	  0.00	 -0.00	  0.08	  0.22	 -0.30	
 -0.00	  0.18	 -0.29	  0.00	  0.00	  0.05	  0.00	  0.07	 -0.08	  0.01	 -0.00	  0.07	  0.23	 -0.30	
 -0.00	  0.18	 -0.29	  0.00	 -0.00	  0.05	  0.00	  0.07	 -0.07	  0.01	 -0.00	  0.07	  0.24	 -0.31	
 -0.00	  0.19	 -0.30	  0.00	 -0.00	  0.05	  0.00	  0.06	 -0.07	  0.01	 -0.00	  0.06	  0.25	 -0.31	
 -0.00	  0.19	 -0.31	  0.00	 -0.00	  0.05	  0.00	  0.06	 -0.07	  0.01	 -0.00	  0.05	  0.26	 -0.32	
 -0.00	  0.19	 -0.32	  0.00	 -0.00	  0.05	  0.00	  0.06	 -0.07	  0.01	 -0.00	  0.05	  0.27	 -0.32	
 -0.00	  0.19	 -0.33	  0.00	 -0.00	  0.05	  0.00	  0.06	 -0.07	  0.01	 -0.00	  0.04	  0.28	 -0.32	
 -0.00	  0.19	 -0.33	  0.00	 -0.00	  0.05	  0.00	  0.05	 -0.07	  0.01	 -0.00	  0.03	  0.29	 -0.33	
 -0.00	  0.18	 -0.34	  0.00	 -0.00	  0.05	  0.00	  0.05	 -0.06	  0.01	 -0.00	  0.02	  0.30	 -0.33	
 -0.00	  0.18	 -0.35	  0.00	 -0.00	  0.05	  0.00	  0.05	 -0.06	  0.01	 -0.00	  0.02	  0.31	 -0.33	
 -0.00	  0.18	 -0.35	  0.00	 -0.01	  0.05	  0.00	  0.05	 -0.06	  0.01	 -0.00	  0.01	  0.32	 -0.33	
 -0.00	  0.18	 -0.36	  0.00	 -0.01	  0.05	  0.00	  0.05	 -0.06	  0.01	 -0.00	 -0.00	  0.33	 -0.33	
 -0.00	  0.18	 -0.36	  0.00	 -0.01	  0.04	  0.00	  0.04	 -0.06	  0.01	 -0.00	 -0.01	  0.34	 -0.33	
 -0.00	  0.17	 -0.37	  0.00	 -0.01	  0.04	  0.00	  0.04	 -0.06	  0.01	 -0.00	 -0.02	  0.35	 -0.33	
 -0.00	  0.17	 -0.37	  0.00	 -0.01	  0.04	  0.00	  0.04	 -0.05	  0.01	 -0.00	 -0.03	  0.36	 -0.33	
 -0.00	  0.17	 -0.38	  0.00	 -0.01	  0.04	  0.00	  0.04	 -0.05	  0.02	 -0.00	 -0.04	  0.37	 -0.33	
 -0.00	  0.16	 -0.38	  0.00	 -0.01	  0.04	  0.00	  0.03	 -0.05	  0.02	 -0.00	 -0.05	  0.38	 -0.32	
 -0.00	  0.16	 -0.39	  0.00	 -0.01	  0.04	  0.00	  0.03	 -0.05	  0.02	 -0.00	 -0.07	  0.39	 -0.32	
 -0.00	  0.15	 -0.39	  0.00	 -0.01	  0.04	  0.00	  0.03	 -0.05	  0.02	 -0.00	 -0.08	  0.40	 -0.32	
 -0.00	  0.15	 -0.39	  0.00	 -0.01	  0.04	  0.00	  0.03	 -0.05	  0.02	 -0.00	 -0.09	  0.40	 -0.31	
 -0.00	  0.14	 -0.39	  0.00	 -0.01	  0.04	  0.00	  0.03	 -0.04	  0.02	 -0.00	 -0.11	  0.41	 -0.31	
 -0.00	  0.13	 -0.40	  0.00	 -0.01	  0.04	  0.00	  0.03	 -0.04	  0.02	 -0.00	 -0.12	  0.42	 -0.30	
 -0.00	  0.13	 -0.40	  0.00	 -0.01	  0.04	  0.00	  0.02	 -0.04	  0.02	 -0.00	 -0.14	  0.43	 -0.29	
 -0.00	  0.12	 -0.40	  0.00	 -0.01	  0.04	  0.00	  0.02	 -0.04	  0.02	 -0.00	 -0.15	  0.44	 -0.28	
 -0.00	  0.11	 -0.40	  0.00	 -0.01	  0.03	  0.00	  0.02	 -0.04	  0.02	 -0.00	 -0.17	  0.44	 -0.27	
 -0.00	  0.10	 -0.40	  0.00	 -0.01	  0.03	  0.00	  0.02	 -0.04	  0.02	 -0.00	 -0.19	  0.45	 -0.27	
 -0.00	  0.09	 -0.40	  0.00	 -0.01	  0.03	  0.00	  0.02	 -0.04	  0.02	 -0.00	 -0.20	  0.46	 -0.25	
 -0.00	  0.09	 -0.40	  0.00	 -0.01	  0.03	  0.00	  0.02	 -0.04	  0.02	 -0.00	 -0.22	  0.47	 -0.24	
 -0.00	  0.08	 -0.40	  0.00	 -0.01	  0.03	  0.00	  0.02	 -0.03	  0.02	 -0.00	 -0.24	  0.47	 -0.23	
 -0.00	  0.06	 -0.40	  0.00	 -0.01	  0.03	  0.00	  0.01	 -0.03	  0.02	 -0.00	 -0.26	  0.48	 -0.22	
 -0.00	  0.05	 -0.39	  0.00	 -0.01	  0.03	  0.00	  0.01	 -0.03	  0.02	 -0.00	 -0.29	  0.49	 -0.20	
 -0.00	  0.04	 -0.39	  0.00	 -0.01	  0.03	  0.00	  0.01	 -0.03	  0.02	 -0.00	 -0.31	  0.50	 -0.19	
 -0.00	  0.03	 -0.39	  0.00	 -0.01	  0.03	  0.00	  0.01	 -0.03	  0.02	 -0.00	 -0.33	  0.50	 -0.17	
 -0.00	  0.02	 -0.39	  0.00	 -0.01	  0.03	  0.00	  0.01	 -0.03	  0.02	 -0.00	 -0.36	  0.51	 -0.15	
 -0.00	  0.01	 -0.38	  0.00	 -0.01	  0.03	  0.00	  0.01	 -0.03	  0.02	 -0.00	 -0.38	  0.52	 -0.13	
 -0.00	 -0.01	 -0.38	  0.00	 -0.01	  0.03	  0.00	  0.01	 -0.03	  0.02	 -0.00	 -0.41	  0.52	 -0.11	
 -0.00	 -0.02	 -0.38	  0.00	 -0.01	  0.02	  0.00	  0.01	 -0.02	  0.02	 -0.00	 -0.44	  0.53	 -0.09	
 -0.00	 -0.04	 -0.37	  0.00	 -0.01	  0.02	  0.00	  0.01	 -0.02	  0.02	 -0.00	 -0.47	  0.54	 -0.07	
 -0.00	 -0.05	 -0.37	  0.00	 -0.01	  0.02	  0.00	  0.00	 -0.02	  0.02	 -0.00	 -0.50	  0.54	 -0.05	
 -0.00	 -0.06	 -0.36	  0.00	 -0.01	  0.02	  0.00	  0.00	 -0.02	  0.02	 -0.00	 -0.53	  0.55	 -0.02	
 -0.00	 -0.08	 -0.36	  0.00	 -0.01	  0.02	  0.00	  0.00	 -0.02	  0.02	 -0.00	 -0.56	  0.56	  0.01	
 -0.00	 -0.10	 -0.35	  0.00	 -0.01	  0.02	  0.00	  0.00	 -0.02	  0.02	 -0.00	 -0.60	  0.56	  0.04	
 -0.00	 -0.11	 -0.34	  0.00	 -0.01	  0.02	  0.00	  0.00	 -0.02	  0.02	 -0.00	 -0.64	  0.57	  0.07	
 -0.00	 -0.13	 -0.34	  0.00	 -0.01	  0.02	  0.00	  0.00	 -0.02	  0.02	 -0.00	 -0.67	  0.58	  0.10	
 -0.00	 -0.14	 -0.33	  0.00	 -0.01	  0.02	  0.00	  0.00	 -0.02	  0.02	 -0.00	 -0.71	  0.58	  0.13	
 -0.00	 -0.16	 -0.32	  0.00	 -0.01	  0.02	  0.00	 -0.00	 -0.02	  0.02	 -0.00	 -0.75	  0.59	  0.16	
 -0.00	 -0.18	 -0.32	  0.00	 -0.01	  0.02	  0.00	 -0.00	 -0.01	  0.02	 -0.00	 -0.80	  0.60	  0.20	
 -0.00	 -0.20	 -0.31	  0.00	 -0.01	  0.02	  0.00	 -0.00	 -0.01	  0.01	 -0.00	 -0.84	  0.60	  0.24	
 -0.00	 -0.21	 -0.30	  0.00	 -0.01	  0.01	  0.00	 -0.00	 -0.01	  0.01	 -0.00	 -0.89	  0.61	  0.28	
 -0.00	 -0.23	 -0.29	  0.00	 -0.01	  0.01	  0.00	 -0.00	 -0.01	  0.01	 -0.00	 -0.94	  0.61	  0.32	
 -0.00	 -0.25	 -0.28	  0.00	 -0.01	  0.01	  0.00	 -0.00	 -0.01	  0.01	 -0.00	 -0.99	  0.62	  0.37	
 -0.00	 -0.27	 -0.27	  0.00	 -0.01	  0.01	  0.00	 -0.00	 -0.01	  0.01	 -0.00	 -1.04	  0.63	  0.41	
 -0.00	 -0.29	 -0.26	  0.00	 -0.01	  0.01	  0.00	 -0.00	 -0.01	  0.01	 -0.00	 -1.09	  0.63	  0.46	
 -0.00	 -0.31	 -0.25	  0.00	 -0.01	  0.01	  0.00	 -0.00	 -0.01	  0.01	 -0.00	 -1.15	  0.64	  0.51	
 -0.00	 -0.33	 -0.24	  0.00	 -0.01	  0.01	  0.00	 -0.00	 -0.01	  0.01	 -0.00	 -1.21	  0.65	  0.57	
 -0.00	 -0.34	 -0.23	  0.00	 -0.01	  0.01	  0.00	 -0.00	 -0.01	  0.01	 -0.00	 -1.27	  0.65	  0.62	
 -0.00	 -0.36	 -0.22	  0.00	 -0.01	  0.01	  0.00	 -0.00	 -0.01	  0.01	 -0.00	 -1.34	  0.66	  0.68	
 -0.00	 -0.38	 -0.21	  0.00	 -0.01	  0.01	  0.00	 -0.00	 -0.01	  0.01	 -0.00	 -1.41	  0.66	  0.74	
 -0.00	 -0.40	 -0.20	  0.00	 -0.01	  0.01	  0.00	 -0.00	 -0.01	  0.01	 -0.00	 -1.48	  0.67	  0.80	
 -0.00	 -0.42	 -0.19	  0.00	 -0.00	  0.01	  0.00	 -0.00	 -0.00	  0.01	 -0.00	 -1.55	  0.68	  0.87	
 -0.00	 -0.44	 -0.18	  0.00	 -0.00	  0.01	  0.00	 -0.00	 -0.00	  0.01	 -0.00	 -1.62	  0.68	  0.94	
 -0.00	 -0.46	 -0.17	  0.00	 -0.00	  0.00	  0.00	 -0.00	 -0.00	  0.01	 -0.00	 -1.70	  0.69	  1.01	
 -0.00	 -0.48	 -0.16	  0.00	 -0.00	  0.00	  0.00	 -0.00	 -0.00	  0.00	 -0.00	 -1.79	  0.69	  1.09	
 -0.00	 -0.49	 -0.15	  0.00	 -0.00	  0.00	  0.00	 -0.00	 -0.00	  0.00	 -0.00	 -1.87	  0.70	  1.17	
 -0.00	 -0.51	 -0.14	  0.00	 -0.00	  0.00	  0.00	 -0.00	 -0.00	  0.00	 -0.00	 -1.96	  0.71	  1.25	
 -0.00	 -0.53	 -0.13	  0.00	 -0.00	  0.00	  0.00	 -0.00	 -0.00	  0.00	 -0.00	 -2.05	  0.71	  1.34	
 -0.00	 -0.55	 -0.12	  0.00	 -0.00	  0.00	  0.00	  0.00	 -0.00	  0.00	 -0.00	 -2.15	  0.72	  1.43	
  0.00	 -0.57	 -0.11	 -0.00	  0.00	 -0.00	 -0.00	  0.00	 -0.00	 -0.00	  0.00	 -2.25	  0.72	  1.53	
  0.00	 -0.58	 -0.09	 -0.00	  0.00	 -0.00	 -0.00	  0.00	  0.00	 -0.00	  0.00	 -2.36	  0.73	  1.63	
  0.00	 -0.60	 -0.08	 -0.00	  0.00	 -0.00	 -0.00	  0.00	  0.00	 -0.00	  0.00	 -2.48	  0.74	  1.74	
  0.00	 -0.62	 -0.07	 -0.00	  0.00	 -0.00	 -0.00	  0.00	  0.00	 -0.00	  0.00	 -2.60	  0.74	  1.86	
  0.00	 -0.64	 -0.06	 -0.00	  0.00	 -0.00	 -0.00	  0.00	  0.00	 -0.00	  0.00	 -2.73	  0.75	  1.98	
  0.00	 -0.66	 -0.05	 -0.00	  0.00	 -0.00	 -0.00	  0.00	  0.00	 -0.01	  0.00	 -2.87	  0.76	  2.11	
  0.00	 -0.68	 -0.03	 -0.00	  0.00	 -0.00	 -0.00	  0.00	  0.00	 -0.01	  0.00	 -3.01	  0.76	  2.25	
  0.00	 -0.69	 -0.02	 -0.00	  0.01	 -0.01	 -0.00	  0.01	  0.00	 -0.01	  0.00	 -3.16	  0.77	  2.40	
  0.00	 -0.71	 -0.01	 -0.00	  0.01	 -0.01	 -0.00	  0.01	  0.00	 -0.01	  0.00	 -3.32	  0.77	  2.55	
  0.00	 -0.73	  0.01	 -0.00	  0.01	 -0.01	 -0.00	  0.01	  0.00	 -0.01	  0.00	 -3.49	  0.78	  2.71	
  0.00	 -0.75	  0.02	 -0.00	  0.01	 -0.01	 -0.00	  0.01	  0.00	 -0.01	  0.00	 -3.67	  0.78	  2.88	
  0.00	 -0.77	  0.03	 -0.00	  0.01	 -0.01	 -0.00	  0.01	  0.00	 -0.01	  0.00	 -3.85	  0.79	  3.06	
  0.00	 -0.79	  0.05	 -0.00	  0.01	 -0.01	 -0.00	  0.01	  0.00	 -0.01	  0.00	 -4.04	  0.79	  3.25	
  0.00	 -0.80	  0.06	 -0.00	  0.01	 -0.01	 -0.00	  0.01	  0.00	 -0.01	  0.00	 -4.24	  0.80	  3.45	
  0.00	 -0.82	  0.08	 -0.00	  0.01	 -0.01	 -0.00	  0.01	  0.00	 -0.02	  0.00	 -4.45	  0.80	  3.65	
  0.00	 -0.84	  0.09	 -0.00	  0.01	 -0.01	 -0.00	  0.01	  0.00	 -0.02	  0.00	 -4.66	  0.80	  3.86	
  0.00	 -0.85	  0.10	 -0.00	  0.01	 -0.01	 -0.00	  0.01	  0.00	 -0.02	  0.00	 -4.87	  0.80	  4.07	
  0.00	 -0.87	  0.12	 -0.00	  0.01	 -0.01	 -0.00	  0.02	  0.00	 -0.02	  0.00	 -5.08	  0.80	  4.29	
  0.00	 -0.88	  0.13	 -0.00	  0.01	 -0.01	 -0.00	  0.02	  0.00	 -0.02	  0.00	 -5.30	  0.79	  4.50	
  0.00	 -0.90	  0.15	 -0.00	  0.02	 -0.01	 -0.00	  0.02	  0.00	 -0.02	  0.00	 -5.51	  0.79	  4.72	
  0.00	 -0.91	  0.16	 -0.00	  0.02	 -0.01	 -0.00	  0.02	  0.00	 -0.02	  0.00	 -5.72	  0.78	  4.93	
  0.00	 -0.92	  0.18	 -0.00	  0.02	 -0.01	 -0.00	  0.02	  0.00	 -0.02	  0.00	 -5.91	  0.77	  5.14	
  0.00	 -0.94	  0.19	 -0.00	  0.02	 -0.01	 -0.00	  0.02	  0.00	 -0.03	  0.00	 -6.09	  0.76	  5.33	
  0.00	 -0.95	  0.21	 -0.00	  0.02	 -0.01	 -0.00	  0.02	  0.00	 -0.03	  0.00	 -6.24	  0.74	  5.50	
  0.00	 -0.96	  0.22	 -0.00	  0.02	 -0.01	 -0.00	  0.03	  0.00	 -0.03	  0.00	 -6.36	  0.71	  5.64	
  0.00	 -0.97	  0.24	 -0.00	  0.02	 -0.01	 -0.00	  0.03	  0.00	 -0.03	  0.00	 -6.43	  0.68	  5.75	
  0.00	 -0.98	  0.25	 -0.00	  0.02	 -0.01	 -0.00	  0.03	  0.00	 -0.03	  0.00	 -6.46	  0.64	  5.81	
  0.00	 -0.98	  0.26	 -0.00	  0.02	 -0.01	 -0.00	  0.03	  0.00	 -0.03	  0.00	 -6.41	  0.59	  5.82	
  0.00	 -0.99	  0.28	 -0.00	  0.02	 -0.01	 -0.00	  0.03	  0.00	 -0.03	  0.00	 -6.29	  0.53	  5.76	
  0.00	 -1.00	  0.29	 -0.00	  0.02	 -0.02	 -0.00	  0.03	  0.00	 -0.03	  0.00	 -6.08	  0.46	  5.62	
  0.00	 -1.00	  0.30	 -0.00	  0.02	 -0.02	 -0.00	  0.03	 -0.00	 -0.03	  0.00	 -5.77	  0.37	  5.40	
  0.00	 -1.01	  0.32	 -0.00	  0.03	 -0.02	 -0.00	  0.04	 -0.00	 -0.04	  0.00	 -5.37	  0.27	  5.09	
  0.00	 -1.01	  0.33	 -0.00	  0.03	 -0.02	 -0.00	  0.04	 -0.00	 -0.04	  0.00	 -4.87	  0.16	  4.71	
  0.00	 -1.01	  0.34	 -0.00	  0.03	 -0.02	 -0.00	  0.04	 -0.00	 -0.04	  0.00	 -4.32	  0.04	  4.28	
  0.00	 -1.01	  0.35	 -0.00	  0.03	 -0.02	 -0.00	  0.04	 -0.00	 -0.04	  0.00	 -3.73	 -0.08	  3.81	
  0.00	 -1.01	  0.36	 -0.00	  0.03	 -0.02	 -0.00	  0.04	 -0.00	 -0.04	  0.00	 -3.14	 -0.20	  3.34	
  0.00	 -1.01	  0.37	 -0.00	  0.03	 -0.02	 -0.00	  0.05	 -0.00	 -0.04	  0.00	 -2.59	 -0.31	  2.90	
  0.00	 -1.01	  0.38	 -0.00	  0.03	 -0.02	 -0.00	  0.05	 -0.00	 -0.04	  0.00	 -2.10	 -0.41	  2.50	
  0.00	 -1.01	  0.39	 -0.00	  0.03	 -0.02	 -0.00	  0.05	 -0.01	 -0.04	  0.00	 -1.67	 -0.49	  2.16	
  0.00	 -1.00	  0.40	 -0.00	  0.03	 -0.02	 -0.00	  0.05	 -0.01	 -0.05	  0.00	 -1.31	 -0.56	  1.86	
  0.00	 -1.00	  0.41	 -0.00	  0.03	 -0.02	 -0.00	  0.05	 -0.01	 -0.05	  0.00	 -1.00	 -0.61	  1.62	
  0.00	 -0.99	  0.42	 -0.00	  0.03	 -0.02	 -0.00	  0.06	 -0.01	 -0.05	  0.00	 -0.75	 -0.66	  1.41	
  0.00	 -0.98	  0.42	 -0.00	  0.04	 -0.02	 -0.00	  0.06	 -0.01	 -0.05	  0.00	 -0.55	 -0.69	  1.24	
  0.00	 -0.98	  0.43	 -0.00	  0.04	 -0.02	 -0.00	  0.06	 -0.01	 -0.05	  0.00	 -0.38	 -0.72	  1.11	
  0.00	 -0.97	  0.43	 -0.00	  0.04	 -0.02	 -0.00	  0.06	 -0.01	 -0.05	  0.00	 -0.25	 -0.74	  0.99	
  0.00	 -0.96	  0.44	 -0.00	  0.04	 -0.02	 -0.00	  0.06	 -0.01	 -0.05	  0.00	 -0.13	 -0.76	  0.89	
  0.00	 -0.95	  0.44	 -0.00	  0.04	 -0.02	 -0.00	  0.07	 -0.01	 -0.05	  0.00	 -0.04	 -0.77	  0.81	
  0.00	 -0.94	  0.45	 -0.00	  0.04	 -0.02	 -0.00	  0.07	 -0.01	 -0.06	  0.00	  0.04	 -0.78	  0.74	
  0.00	 -0.93	  0.45	 -0.00	  0.04	 -0.02	 -0.00	  0.07	 -0.01	 -0.06	  0.00	  0.10	 -0.78	  0.69	
  0.00	 -0.91	  0.45	 -0.00	  0.04	 -0.02	 -0.00	  0.07	 -0.02	 -0.06	  0.00	  0.15	 -0.79	  0.64	
  0.00	 -0.90	  0.46	 -0.00	  0.04	 -0.02	 -0.00	  0.08	 -0.02	 -0.06	  0.00	  0.19	 -0.79	  0.59	
  0.00	 -0.89	  0.46	 -0.00	  0.04	 -0.02	 -0.00	  0.08	 -0.02	 -0.06	  0.00	  0.23	 -0.78	  0.55	
  0.00	 -0.87	  0.46	 -0.00	  0.05	 -0.02	 -0.00	  0.08	 -0.02	 -0.06	  0.00	  0.26	 -0.78	  0.52	
  0.00	 -0.86	  0.46	 -0.00	  0.05	 -0.01	 -0.00	  0.08	 -0.02	 -0.06	  0.00	  0.28	 -0.77	  0.49	
  0.00	 -0.84	  0.46	 -0.00	  0.05	 -0.01	 -0.00	  0.09	 -0.02	 -0.06	  0.00	  0.30	 -0.77	  0.46	
  0.00	 -0.83	  0.45	 -0.00	  0.05	 -0.01	 -0.00	  0.09	 -0.02	 -0.07	  0.00	  0.32	 -0.76	  0.44	
  0.00	 -0.81	  0.45	 -0.00	  0.05	 -0.01	 -0.00	  0.09	 -0.02	 -0.07	  0.00	  0.33	 -0.75	  0.42	
  0.00	 -0.79	  0.45	 -0.00	  0.05	 -0.01	 -0.00	  0.09	 -0.03	 -0.07	  0.00	  0.34	 -0.74	  0.40	
  0.00	 -0.77	  0.44	 -0.00	  0.05	 -0.01	 -0.00	  0.10	 -0.03	 -0.07	  0.00	  0.35	 -0.73	  0.38	
  0.00	 -0.75	  0.44	 -0.00	  0.05	 -0.01	 -0.00	  0.10	 -0.03	 -0.07	  0.00	  0.35	 -0.71	  0.36	
  0.00	 -0.73	  0.43	 -0.00	  0.05	 -0.01	 -0.00	  0.10	 -0.03	 -0.07	  0.00	  0.36	 -0.70	  0.34	
  0.00	 -0.71	  0.43	 -0.00	  0.05	 -0.01	 -0.00	  0.10	 -0.03	 -0.07	  0.00	  0.36	 -0.68	  0.33	
  0.00	 -0.69	  0.42	 -0.00	  0.06	 -0.01	 -0.00	  0.11	 -0.03	 -0.07	  0.00	  0.36	 -0.67	  0.31	
  0.00	 -0.67	  0.41	 -0.00	  0.06	 -0.01	 -0.00	  0.11	 -0.03	 -0.08	  0.00	  0.35	 -0.65	  0.30	
  0.00	 -0.65	  0.41	 -0.00	  0.06	 -0.01	 -0.00	  0.11	 -0.04	 -0.08	  0.00	  0.35	 -0.64	  0.28	
  0.00	 -0.63	  0.40	 -0.00	  0.06	 -0.01	 -0.00	  0.12	 -0.04	 -0.08	  0.00	  0.35	 -0.62	  0.27	
  0.00	 -0.61	  0.39	 -0.00	  0.06	 -0.01	 -0.00	  0.12	 -0.04	 -0.08	  0.00	  0.34	 -0.60	  0.26	
  0.00	 -0.59	  0.38	 -0.00	  0.06	 -0.01	 -0.00	  0.12	 -0.04	 -0.08	  0.00	  0.34	 -0.58	  0.24	
  0.00	 -0.57	  0.37	 -0.00	  0.06	 -0.01	 -0.00	  0.12	 -0.04	 -0.08	  0.00	  0.33	 -0.56	  0.23	
  0.00	 -0.54	  0.36	 -0.00	  0.06	 -0.01	 -0.00	  0.13	 -0.04	 -0.08	  0.00	  0.32	 -0.54	  0.22	
  0.00	 -0.52	  0.35	 -0.00	  0.06	 -0.01	 -0.00	  0.13	 -0.05	 -0.08	  0.00	  0.32	 -0.52	  0.21	
  0.00	 -0.50	  0.33	 -0.00	  0.07	 -0.01	 -0.00	  0.13	 -0.05	 -0.09	  0.00	  0.31	 -0.50	  0.19	
  0.00	 -0.47	  0.32	 -0.00	  0.07	 -0.01	 -0.00	  0.14	 -0.05	 -0.09	  0.00	  0.30	 -0.48	  0.18	
  0.00	 -0.45	  0.31	 -0.00	  0.07	 -0.01	 -0.00	  0.14	 -0.05	 -0.09	  0.00	  0.29	 -0.46	  0.17	
  0.00	 -0.43	  0.30	 -0.00	  0.07	 -0.00	 -0.00	  0.14	 -0.05	 -0.09	  0.00	  0.28	 -0.44	  0.16	
  0.00	 -0.40	  0.28	 -0.00	  0.07	 -0.00	 -0.00	  0.15	 -0.06	 -0.09	  0.00	  0.27	 -0.42	  0.15	
  0.00	 -0.38	  0.27	 -0.00	  0.07	 -0.00	 -0.00	  0.15	 -0.06	 -0.09	  0.00	  0.26	 -0.39	  0.13	
  0.00	 -0.36	  0.25	 -0.00	  0.07	 -0.00	 -0.00	  0.15	 -0.06	 -0.09	  0.00	  0.25	 -0.37	  0.12	
  0.00	 -0.33	  0.24	 -0.00	  0.07	 -0.00	 -0.00	  0.16	 -0.06	 -0.09	  0.00	  0.24	 -0.35	  0.11	
  0.00	 -0.31	  0.23	 -0.00	  0.07	 -0.00	 -0.00	  0.16	 -0.06	 -0.09	  0.00	  0.23	 -0.33	  0.10	
  0.00	 -0.29	  0.21	 -0.00	  0.07	 -0.00	 -0.00	  0.16	 -0.07	 -0.10	  0.00	  0.22	 -0.30	  0.09	
  0.00	 -0.26	  0.20	 -0.00	  0.08	  0.00	 -0.00	  0.17	 -0.07	 -0.10	  0.00	  0.21	 -0.28	  0.07	
  0.00	 -0.24	  0.18	 -0.00	  0.08	  0.00	 -0.00	  0.17	 -0.07	 -0.10	  0.00	  0.19	 -0.26	  0.06	
  0.00	 -0.22	  0.17	 -0.00	  0.08	  0.00	 -0.00	  0.17	 -0.07	 -0.10	  0.00	  0.18	 -0.23	  0.05	
  0.00	 -0.19	  0.15	 -0.00	  0.08	  0.00	 -0.00	  0.18	 -0.08	 -0.10	  0.00	  0.17	 -0.21	  0.04	
  0.00	 -0.17	  0.14	 -0.00	  0.08	  0.00	 -0.00	  0.18	 -0.08	 -0.10	  0.00	  0.16	 -0.19	  0.03	
  0.00	 -0.15	  0.12	 -0.00	  0.08	  0.01	 -0.00	  0.18	 -0.08	 -0.10	  0.00	  0.15	 -0.17	  0.02	
  0.00	 -0.13	  0.11	 -0.00	  0.08	  0.01	 -0.00	  0.19	 -0.08	 -0.10	  0.00	  0.14	 -0.15	  0.01	
  0.00	 -0.11	  0.09	 -0.00	  0.08	  0.01	 -0.00	  0.19	 -0.09	 -0.10	  0.00	  0.13	 -0.12	 -0.01	
  0.00	 -0.09	  0.08	 -0.00	  0.08	  0.01	 -0.00	  0.19	 -0.09	 -0.10	  0.00	  0.12	 -0.10	 -0.02	
  0.00	 -0.07	  0.07	 -0.00	  0.09	  0.01	 -0.00	  0.20	 -0.09	 -0.11	  0.00	  0.11	 -0.08	 -0.03	
  0.00	 -0.04	  0.05	 -0.00	  0.09	  0.01	 -0.00	  0.20	 -0.09	 -0.11	  0.00	  0.10	 -0.06	 -0.04	
  0.00	 -0.03	  0.04	 -0.00	  0.09	  0.01	 -0.00	  0.20	 -0.10	 -0.11	  0.00	  0.09	 -0.04	 -0.05	
  0.00	 -0.01	  0.03	 -0.00	  0.09	  0.01	 -0.00	  0.21	 -0.10	 -0.11	  0.00	  0.08	 -0.02	 -0.06	
  0.00	  0.01	  0.01	 -0.00	  0.09	  0.01	 -0.00	  0.21	 -0.10	 -0.11	  0.00	  0.08	 -0.01	 -0.07	
  0.00	  0.03	  0.00	 -0.00	  0.09	  0.02	 -0.00	  0.21	 -0.10	 -0.11	  0.00	  0.07	  0.01	 -0.08	
  0.00	  0.05	 -0.01	 -0.00	  0.09	  0.02	 -0.00	  0.22	 -0.11	 -0.11	  0.00	  0.06	  0.03	 -0.09	
 -0.00	  0.06	 -0.02	 -0.00	  0.09	  0.02	 -0.00	  0.22	 -0.11	 -0.11	 -0.00	  0.06	  0.04	 -0.10	
 -0.00	  0.08	 -0.03	 -0.00	  0.09	  0.02	 -0.00	  0.22	 -0.11	 -0.11	 -0.00	  0.05	  0.06	 -0.11	
 -0.00	  0.09	 -0.04	 -0.00	  0.10	  0.02	 -0.00	  0.23	 -0.12	 -0.11	 -0.00	  0.05	  0.07	 -0.12	
 -0.00	  0.10	 -0.05	 -0.00	  0.10	  0.02	 -0.00	  0.23	 -0.12	 -0.11	 -0.00	  0.04	  0.08	 -0.13	
 -0.00	  0.12	 -0.06	 -0.00	  0.10	  0.02	 -0.00	  0.24	 -0.12	 -0.11	 -0.00	  0.04	  0.10	 -0.14	
 -0.00	  0.13	 -0.06	 -0.00	  0.10	  0.02	 -0.00	  0.24	 -0.12	 -0.12	 -0.00	  0.04	  0.11	 -0.14	
 -0.00	  0.14	 -0.07	 -0.00	  0.10	  0.03	 -0.00	  0.24	 -0.13	 -0.12	 -0.00	  0.04	  0.11	 -0.15	
 -0.00	  0.15	 -0.07	 -0.00	  0.10	  0.03	 -0.00	  0.25	 -0.13	 -0.12	 -0.00	  0.04	  0.12	 -0.16	
 -0.00	  0.15	 -0.08	 -0.00	  0.10	  0.03	 -0.00	  0.25	 -0.13	 -0.12	 -0.00	  0.04	  0.13	 -0.17	
 -0.00	  0.16	 -0.08	 -0.00	  0.10	  0.03	 -0.00	  0.25	 -0.14	 -0.12	 -0.00	  0.04	  0.13	 -0.17	
 -0.00	  0.16	 -0.08	 -0.00	  0.10	  0.03	 -0.00	  0.26	 -0.14	 -0.12	 -0.00	  0.04	  0.14	 -0.18	
 -0.00	  0.17	 -0.08	 -0.00	  0.10	  0.03	 -0.00	  0.26	 -0.14	 -0.12	 -0.00	  0.05	  0.14	 -0.19	
 -0.00	  0.17	 -0.08	 -0.00	  0.11	  0.03	 -0.00	  0.27	 -0.15	 -0.12	 -0.00	  0.05	  0.14	 -0.19	
 -0.00	  0.17	 -0.08	 -0.00	  0.11	  0.04	 -0.00	  0.27	 -0.15	 -0.12	 -0.00	  0.06	  0.14	 -0.20	
 -0.00	  0.17	 -0.08	 -0.00	  0.11	  0.04	 -0.00	  0.27	 -0.15	 -0.12	 -0.00	  0.06	  0.14	 -0.20	
 -0.00	  0.18	 -0.08	 -0.00	  0.11	  0.04	 -0.00	  0.28	 -0.16	 -0.12	 -0.00	  0.07	  0.14	 -0.21	
 -0.00	  0.18	 -0.08	 -0.00	  0.11	  0.04	 -0.00	  0.28	 -0.16	 -0.12	 -0.00	  0.07	  0.14	 -0.21	
 -0.00	  0.18	 -0.09	 -0.00	  0.11	  0.04	 -0.00	  0.28	 -0.16	 -0.12	 -0.00	  0.08	  0.15	 -0.22	
 -0.00	  0.18	 -0.09	 -0.00	  0.11	  0.04	 -0.00	  0.29	 -0.16	 -0.12	 -0.00	  0.08	  0.15	 -0.23	
 -0.00	  0.19	 -0.09	 -0.00	  0.11	  0.05	 -0.00	  0.29	 -0.17	 -0.12	 -0.00	  0.09	  0.15	 -0.23	
 -0.00	  0.19	 -0.09	 -0.00	  0.11	  0.05	 -0.00	  0.29	 -0.17	 -0.12	 -0.00	  0.09	  0.15	 -0.24	
 -0.00	  0.19	 -0.09	 -0.00	  0.11	  0.05	 -0.00	  0.29	 -0.17	 -0.12	 -0.00	  0.10	  0.15	 -0.25	
 -0.00	  0.19	 -0.09	 -0.00	  0.11	  0.05	 -0.00	  0.30	 -0.18	 -0.12	 -0.00	  0.10	  0.15	 -0.25	
 -0.00	  0.20	 -0.09	 -0.00	  0.11	  0.05	 -0.00	  0.30	 -0.18	 -0.12	 -0.00	  0.11	  0.15	 -0.26	
 -0.00	  0.20	 -0.09	 -0.00	  0.11	  0.05	 -0.00	  0.30	 -0.18	 -0.12	 -0.00	  0.11	  0.15	 -0.26	
 -0.00	  0.20	 -0.09	 -0.00	  0.11	  0.06	 -0.00	  0.30	 -0.18	 -0.12	 -0.00	  0.12	  0.15	 -0.27	
 -0.00	  0.20	 -0.09	 -0.00	  0.12	  0.06	 -0.00	  0.31	 -0.19	 -0.12	 -0.00	  0.12	  0.15	 -0.28	
 -0.00	  0.21	 -0.09	 -0.00	  0.12	  0.06	 -0.00	  0.31	 -0.19	 -0.12	 -0.00	  0.13	  0.15	 -0.28	
 -0.00	  0.21	 -0.09	 -0.00	  0.12	  0.06	 -0.00	  0.31	 -0.19	 -0.12	 -0.00	  0.14	  0.15	 -0.29	
 -0.00	  0.21	 -0.09	 -0.00	  0.12	  0.06	 -0.00	  0.31	 -0.20	 -0.12	 -0.00	  0.14	  0.15	 -0.30	
 -0.00	  0.21	 -0.09	 -0.00	  0.12	  0.06	 -0.00	  0.32	 -0.20	 -0.12	 -0.00	  0.15	  0.15	 -0.30	
 -0.00	  0.21	 -0.09	 -0.00	  0.12	  0.07	 -0.00	  0.32	 -0.20	 -0.12	 -0.00	  0.16	  0.15	 -0.31	
 -0.00	  0.22	 -0.09	 -0.00	  0.12	  0.07	 -0.00	  0.32	 -0.20	 -0.12	 -0.00	  0.16	  0.15	 -0.32	
 -0.00	  0.22	 -0.09	 -0.00	  0.12	  0.07	 -0.00	  0.32	 -0.21	 -0.12	 -0.00	  0.17	  0.15	 -0.32	
 -0.00	  0.22	 -0.09	 -0.00	  0.12	  0.07	 -0.00	  0.32	 -0.21	 -0.11	 -0.00	  0.18	  0.15	 -0.33	
 -0.00	  0.22	 -0.09	 -0.00	  0.12	  0.07	 -0.00	  0.32	 -0.21	 -0.11	 -0.00	  0.18	  0.15	 -0.34	
 -0.00	  0.22	 -0.09	 -0.00	  0.12	  0.07	 -0.00	  0.33	 -0.21	 -0.11	 -0.00	  0.19	  0.15	 -0.34	
 -0.00	  0.22	 -0.09	 -0.00	  0.12	  0.07	 -0.00	  0.33	 -0.22	 -0.11	 -0.00	  0.20	  0.15	 -0.35	
 -0.00	  0.23	 -0.09	 -0.00	  0.12	  0.08	 -0.00	  0.33	 -0.22	 -0.11	 -0.00	  0.21	  0.15	 -0.36	
 -0.00	  0.23	 -0.09	 -0.00	  0.12	  0.08	 -0.00	  0.33	 -0.22	 -0.11	 -0.00	  0.21	  0.15	 -0.37	
 -0.00	  0.23	 -0.08	 -0.00	  0.12	  0.08	 -0.00	  0.33	 -0.22	 -0.11	 -0.00	  0.22	  0.15	 -0.37	
 -0.00	  0.23	 -0.08	 -0.00	  0.12	  0.08	 -0.00	  0.33	 -0.22	 -0.11	 -0.00	  0.23	  0.15	 -0.38	
 -0.00	  0.23	 -0.08	 -0.00	  0.12	  0.08	 -0.00	  0.33	 -0.23	 -0.11	 -0.00	  0.24	  0.15	 -0.39	
 -0.00	  0.23	 -0.08	 -0.00	  0.12	  0.08	 -0.00	  0.33	 -0.23	 -0.11	 -0.00	  0.24	  0.15	 -0.39	
 -0.00	  0.23	 -0.08	 -0.00	  0.12	  0.09	 -0.00	  0.33	 -0.23	 -0.10	 -0.00	  0.25	  0.15	 -0.40	
 -0.00	  0.24	 -0.08	 -0.00	  0.12	  0.09	 -0.00	  0.34	 -0.23	 -0.10	 -0.00	  0.26	  0.15	 -0.41	
 -0.00	  0.24	 -0.08	 -0.00	  0.12	  0.09	 -0.00	  0.34	 -0.23	 -0.10	 -0.00	  0.27	  0.15	 -0.42	
 -0.00	  0.24	 -0.08	 -0.00	  0.12	  0.09	 -0.00	  0.34	 -0.24	 -0.10	 -0.00	  0.28	  0.15	 -0.42	
 -0.00	  0.24	 -0.08	 -0.00	  0.12	  0.09	 -0.00	  0.34	 -0.24	 -0.10	 -0.00	  0.29	  0.14	 -0.43	
 -0.00	  0.24	 -0.08	 -0.00	  0.12	  0.09	 -0.00	  0.34	 -0.24	 -0.10	 -0.00	  0.30	  0.14	 -0.44	
 -0.00	  0.24	 -0.08	 -0.00	  0.11	  0.10	 -0.00	  0.34	 -0.24	 -0.10	 -0.00	  0.31	  0.14	 -0.45	
 -0.00	  0.24	 -0.08	 -0.00	  0.11	  0.10	 -0.00	  0.34	 -0.24	 -0.09	 -0.00	  0.31	  0.14	 -0.46	
 -0.00	  0.24	 -0.08	 -0.00	  0.11	  0.10	 -0.00	  0.34	 -0.25	 -0.09	 -0.00	  0.32	  0.14	 -0.46	
 -0.00	  0.24	 -0.08	 -0.00	  0.11	  0.10	 -0.00	  0.34	 -0.25	 -0.09	 -0.00	  0.33	  0.14	 -0.47	
 -0.00	  0.25	 -0.08	 -0.00	  0.11	  0.10	 -0.00	  0.34	 -0.25	 -0.09	 -0.00	  0.34	  0.14	 -0.48	
 -0.00	  0.25	 -0.08	 -0.00	  0.11	  0.10	 -0.00	  0.34	 -0.25	 -0.09	 -0.00	  0.35	  0.13	 -0.49	
 -0.00	  0.25	 -0.08	 -0.00	  0.11	  0.10	 -0.00	  0.34	 -0.25	 -0.09	 -0.00	  0.36	  0.13	 -0.50	
 -0.00	  0.25	 -0.07	 -0.00	  0.11	  0.11	 -0.00	  0.34	 -0.26	 -0.09	 -0.00	  0.37	  0.13	 -0.50	
 -0.00	  0.25	 -0.07	 -0.00	  0.11	  0.11	 -0.00	  0.34	 -0.26	 -0.08	 -0.00	  0.38	  0.13	 -0.51	
 -0.00	  0.25	 -0.07	 -0.00	  0.11	  0.11	 -0.00	  0.34	 -0.26	 -0.08	 -0.00	  0.39	  0.13	 -0.52	
 -0.00	  0.25	 -0.07	 -0.00	  0.11	  0.11	 -0.00	  0.34	 -0.26	 -0.08	 -0.00	  0.40	  0.12	 -0.53	
 -0.00	  0.25	 -0.07	 -0.00	  0.11	  0.11	 -0.00	  0.34	 -0.26	 -0.08	 -0.00	  0.41	  0.12	 -0.54	
 -0.00	  0.25	 -0.07	 -0.00	  0.11	  0.11	 -0.00	  0.34	 -0.26	 -0.08	 -0.00	  0.42	  0.12	 -0.54	
 -0.00	  0.25	 -0.07	 -0.00	  0.11	  0.11	 -0.00	  0.34	 -0.26	 -0.07	 -0.00	  0.44	  0.12	 -0.55	
 -0.00	  0.25	 -0.07	 -0.00	  0.11	  0.12	 -0.00	  0.34	 -0.27	 -0.07	 -0.00	  0.45	  0.12	 -0.56	
 -0.00	  0.25	 -0.07	 -0.00	  0.10	  0.12	 -0.00	  0.34	 -0.27	 -0.07	 -0.00	  0.46	  0.11	 -0.57	
 -0.00	  0.25	 -0.07	 -0.00	  0.10	  0.12	 -0.00	  0.34	 -0.27	 -0.07	 -0.00	  0.47	  0.11	 -0.58	
 -0.00	  0.25	 -0.06	 -0.00	  0.10	  0.12	 -0.00	  0.34	 -0.27	 -0.07	 -0.00	  0.48	  0.11	 -0.59	
 -0.00	  0.25	 -0.06	 -0.00	  0.10	  0.12	 -0.00	  0.34	 -0.27	 -0.07	 -0.00	  0.49	  0.10	 -0.59	
 -0.00	  0.25	 -0.06	 -0.00	  0.10	  0.12	 -0.00	  0.34	 -0.27	 -0.06	 -0.00	  0.50	  0.10	 -0.60	
 -0.00	  0.25	 -0.06	 -0.00	  0.10	  0.12	 -0.00	  0.34	 -0.27	 -0.06	 -0.00	  0.51	  0.10	 -0.61	
 -0.00	  0.25	 -0.06	 -0.00	  0.10	  0.13	 -0.00	  0.33	 -0.27	 -0.06	 -0.00	  0.52	  0.10	 -0.62	
 -0.00	  0.25	 -0.06	 -0.00	  0.10	  0.13	 -0.00	  0.33	 -0.28	 -0.06	 -0.00	  0.53	  0.09	 -0.63	
 -0.00	  0.25	 -0.06	 -0.00	  0.10	  0.13	 -0.00	  0.33	 -0.28	 -0.06	 -0.00	  0.54	  0.09	 -0.64	
 -0.00	  0.25	 -0.06	 -0.00	  0.10	  0.13	 -0.00	  0.33	 -0.28	 -0.05	 -0.00	  0.56	  0.09	 -0.64	
 -0.00	  0.25	 -0.06	 -0.00	  0.09	  0.13	 -0.00	  0.33	 -0.28	 -0.05	 -0.00	  0.57	  0.08	 -0.65	
 -0.00	  0.25	 -0.05	 -0.00	  0.09	  0.13	 -0.00	  0.33	 -0.28	 -0.05	 -0.00	  0.58	  0.08	 -0.66	
 -0.00	  0.25	 -0.05	 -0.00	  0.09	  0.13	 -0.00	  0.33	 -0.28	 -0.05	 -0.00	  0.59	  0.08	 -0.67	
 -0.00	  0.25	 -0.05	 -0.00	  0.09	  0.14	 -0.00	  0.33	 -0.28	 -0.05	 -0.00	  0.60	  0.07	 -0.67	
 -0.00	  0.25	 -0.05	 -0.00	  0.09	  0.14	 -0.00	  0.33	 -0.28	 -0.04	 -0.00	  0.61	  0.07	 -0.68	
 -0.00	  0.25	 -0.05	 -0.00	  0.09	  0.14	 -0.00	  0.33	 -0.28	 -0.04	 -0.00	  0.62	  0.07	 -0.69	
 -0.00	  0.25	 -0.05	 -0.00	  0.09	  0.14	 -0.00	  0.32	 -0.28	 -0.04	 -0.00	  0.63	  0.06	 -0.70	
 -0.00	  0.25	 -0.05	 -0.00	  0.09	  0.14	 -0.00	  0.32	 -0.28	 -0.04	 -0.00	  0.64	  0.06	 -0.70	
  0.00	  0.25	 -0.04	  0.00	  0.08	  0.14	  0.00	  0.32	 -0.28	 -0.04	  0.00	  0.66	  0.06	 -0.71	
  0.00	  0.25	 -0.04	  0.00	  0.08	  0.14	  0.00	  0.32	 -0.29	 -0.03	  0.00	  0.67	  0.05	 -0.72	
  0.00	  0.25	 -0.04	  0.00	  0.08	  0.14	  0.00	  0.32	 -0.29	 -0.03	  0.00	  0.68	  0.05	 -0.72	
  0.00	  0.25	 -0.04	  0.00	  0.08	  0.15	  0.00	  0.32	 -0.29	 -0.03	  0.00	  0.69	  0.05	 -0.73	
  0.00	  0.25	 -0.04	  0.00	  0.08	  0.15	  0.00	  0.32	 -0.29	 -0.03	  0.00	  0.70	  0.04	 -0.74	
  0.00	  0.25	 -0.04	  0.00	  0.08	  0.15	  0.00	  0.31	 -0.29	 -0.03	  0.00	  0.71	  0.04	 -0.74	
  0.00	  0.24	 -0.04	  0.00	  0.08	  0.15	  0.00	  0.31	 -0.29	 -0.02	  0.00	  0.72	  0.03	 -0.75	
  0.00	  0.24	 -0.04	  0.00	  0.07	  0.15	  0.00	  0.31	 -0.29	 -0.02	  0.00	  0.72	  0.03	 -0.75	
  0.00	  0.24	 -0.03	  0.00	  0.07	  0.15	  0.00	  0.31	 -0.29	 -0.02	  0.00	  0.73	  0.03	 -0.76	
  0.00	  0.24	 -0.03	  0.00	  0.07	  0.15	  0.00	  0.31	 -0.29	 -0.02	  0.00	  0.74	  0.02	 -0.77	
  0.00	  0.24	 -0.03	  0.00	  0.07	  0.15	  0.00	  0.31	 -0.29	 -0.02	  0.00	  0.75	  0.02	 -0.77	
  0.00	  0.24	 -0.03	  0.00	  0.07	  0.15	  0.00	  0.30	 -0.29	 -0.02	  0.00	  0.76	  0.02	 -0.77	
  0.00	  0.24	 -0.03	  0.00	  0.07	  0.15	  0.00	  0.30	 -0.29	 -0.01	  0.00	  0.77	  0.01	 -0.78	
  0.00	  0.24	 -0.03	  0.00	  0.07	  0.15	  0.00	  0.30	 -0.29	 -0.01	  0.00	  0.77	  0.01	 -0.78	
  0.00	  0.24	 -0.03	  0.00	  0.06	  0.16	  0.00	  0.30	 -0.29	 -0.01	  0.00	  0.78	  0.00	 -0.79	
  0.00	  0.24	 -0.02	  0.00	  0.06	  0.16	  0.00	  0.30	 -0.29	 -0.01	  0.00	  0.79	  0.00	 -0.79	
  0.00	  0.23	 -0.02	  0.00	  0.06	  0.16	  0.00	  0.29	 -0.29	 -0.01	  0.00	  0.79	 -0.00	 -0.79	
  0.00	  0.23	 -0.02	  0.00	  0.06	  0.16	  0.00	  0.29	 -0.29	 -0.01	  0.00	  0.80	 -0.01	 -0.79	
  0.00	  0.23	 -0.02	  0.00	  0.06	  0.16	  0.00	  0.29	 -0.29	 -0.00	  0.00	  0.81	 -0.01	 -0.80	
  0.00	  0.23	 -0.02	  0.00	  0.06	  0.16	  0.00	  0.29	 -0.29	 -0.00	  0.00	  0.81	 -0.01	 -0.80	
  0.00	  0.23	 -0.02	  0.00	  0.06	  0.16	  0.00	  0.29	 -0.29	 -0.00	  0.00	  0.82	 -0.02	 -0.80	
  0.00	  0.23	 -0.02	  0.00	  0.06	  0.16	  0.00	  0.29	 -0.29	  0.00	  0.00	  0.82	 -0.02	 -0.80	
  0.00	  0.23	 -0.02	  0.00	  0.05	  0.16	  0.00	  0.28	 -0.29	  0.00	  0.00	  0.83	 -0.02	 -0.80	
  0.00	  0.22	 -0.01	  0.00	  0.05	  0.16	  0.00	  0.28	 -0.29	  0.00	  0.00	  0.83	 -0.03	 -0.80	
  0.00	  0.22	 -0.01	  0.00	  0.05	  0.16	  0.00	  0.28	 -0.28	  0.01	  0.00	  0.83	 -0.03	 -0.80	
  0.00	  0.22	 -0.01	  0.00	  0.05	  0.16	  0.00	  0.28	 -0.28	  0.01	  0.00	  0.84	 -0.03	 -0.80	
  0.00	  0.22	 -0.01	  0.00	  0.05	  0.16	  0.00	  0.27	 -0.28	  0.01	  0.00	  0.84	 -0.04	 -0.80	
  0.00	  0.22	 -0.01	  0.00	  0.05	  0.16	  0.00	  0.27	 -0.28	  0.01	  0.00	  0.84	 -0.04	 -0.80	
  0.00	  0.22	 -0.01	  0.00	  0.05	  0.16	  0.00	  0.27	 -0.28	  0.01	  0.00	  0.84	 -0.04	 -0.80	
  0.00	  0.22	 -0.01	  0.00	  0.04	  0.16	  0.00	  0.27	 -0.28	  0.01	  0.00	  0.85	 -0.04	 -0.80	
  0.00	  0.21	 -0.01	  0.00	  0.04	  0.16	  0.00	  0.27	 -0.28	  0.01	  0.00	  0.85	 -0.05	 -0.80	
  0.00	  0.21	 -0.00	  0.00	  0.04	  0.16	  0.00	  0.26	 -0.28	  0.02	  0.00	  0.85	 -0.05	 -0.80	
  0.00	  0.21	 -0.00	  0.00	  0.04	  0.16	  0.00	  0.26	 -0.28	  0.02	  0.00	  0.85	 -0.05	 -0.79	
  0.00	  0.21	 -0.00	  0.00	  0.04	  0.16	  0.00	  0.26	 -0.28	  0.02	  0.00	  0.85	 -0.06	 -0.79	
  0.00	  0.21	 -0.00	  0.00	  0.04	  0.16	  0.00	  0.26	 -0.28	  0.02	  0.00	  0.85	 -0.06	 -0.79	
  0.00	  0.20	  0.00	  0.00	  0.04	  0.16	  0.00	  0.25	 -0.27	  0.02	  0.00	  0.85	 -0.06	 -0.79	
  0.00	  0.20	  0.00	  0.00	  0.04	  0.16	  0.00	  0.25	 -0.27	  0.02	  0.00	  0.85	 -0.06	 -0.78	
  0.00	  0.20	  0.00	  0.00	  0.03	  0.16	  0.00	  0.25	 -0.27	  0.02	  0.00	  0.84	 -0.07	 -0.78	
  0.00	  0.20	  0.00	  0.00	  0.03	  0.16	  0.00	  0.25	 -0.27	  0.02	  0.00	  0.84	 -0.07	 -0.77	
  0.00	  0.20	  0.00	  0.00	  0.03	  0.16	  0.00	  0.24	 -0.27	  0.02	  0.00	  0.84	 -0.07	 -0.77	
  0.00	  0.19	  0.01	  0.00	  0.03	  0.16	  0.00	  0.24	 -0.27	  0.03	  0.00	  0.84	 -0.07	 -0.76	
  0.00	  0.19	  0.01	  0.00	  0.03	  0.16	  0.00	  0.24	 -0.27	  0.03	  0.00	  0.83	 -0.08	 -0.76	
  0.00	  0.19	  0.01	  0.00	  0.03	  0.16	  0.00	  0.24	 -0.26	  0.03	  0.00	  0.83	 -0.08	 -0.75	
  0.00	  0.19	  0.01	  0.00	  0.03	  0.16	  0.00	  0.23	 -0.26	  0.03	  0.00	  0.83	 -0.08	 -0.75	
  0.00	  0.19	  0.01	  0.00	  0.03	  0.16	  0.00	  0.23	 -0.26	  0.03	  0.00	  0.82	 -0.08	 -0.74	
  0.00	  0.18	  0.01	  0.00	  0.02	  0.16	  0.00	  0.23	 -0.26	  0.03	  0.00	  0.82	 -0.08	 -0.74	
  0.00	  0.18	  0.01	  0.00	  0.02	  0.16	  0.00	  0.23	 -0.26	  0.03	  0.00	  0.81	 -0.08	 -0.73	
  0.00	  0.18	  0.01	  0.00	  0.02	  0.16	  0.00	  0.22	 -0.26	  0.03	  0.00	  0.81	 -0.09	 -0.72	
  0.00	  0.18	  0.01	  0.00	  0.02	  0.16	  0.00	  0.22	 -0.25	  0.03	  0.00	  0.80	 -0.09	 -0.71	
  0.00	  0.17	  0.01	  0.00	  0.02	  0.16	  0.00	  0.22	 -0.25	  0.03	  0.00	  0.80	 -0.09	 -0.71	
  0.00	  0.17	  0.02	  0.00	  0.02	  0.16	  0.00	  0.22	 -0.25	  0.03	  0.00	  0.79	 -0.09	 -0.70	
  0.00	  0.17	  0.02	  0.00	  0.02	  0.16	  0.00	  0.21	 -0.25	  0.04	  0.00	  0.78	 -0.09	 -0.69	
  0.00	  0.17	  0.02	  0.00	  0.02	  0.16	  0.00	  0.21	 -0.25	  0.04	  0.00	  0.78	 -0.09	 -0.68	
  0.00	  0.17	  0.02	  0.00	  0.01	  0.15	  0.00	  0.21	 -0.24	  0.04	  0.00	  0.77	 -0.09	 -0.68	
  0.00	  0.16	  0.02	  0.00	  0.01	  0.15	  0.00	  0.20	 -0.24	  0.04	  0.00	  0.76	 -0.10	 -0.67	
  0.00	  0.16	  0.02	  0.00	  0.01	  0.15	  0.00	  0.20	 -0.24	  0.04	  0.00	  0.76	 -0.10	 -0.66	
  0.00	  0.16	  0.02	  0.00	  0.01	  0.15	  0.00	  0.20	 -0.24	  0.04	  0.00	  0.75	 -0.10	 -0.65	
  0.00	  0.16	  0.02	  0.00	  0.01	  0.15	  0.00	  0.20	 -0.24	  0.04	  0.00	  0.74	 -0.10	 -0.64	
  0.00	  0.15	  0.02	  0.00	  0.01	  0.15	  0.00	  0.19	 -0.23	  0.04	  0.00	  0.73	 -0.10	 -0.63	
  0.00	  0.15	  0.02	  0.00	  0.01	  0.15	  0.00	  0.19	 -0.23	  0.04	  0.00	  0.72	 -0.10	 -0.62	
  0.00	  0.15	  0.02	  0.00	  0.01	  0.15	  0.00	  0.19	 -0.23	  0.04	  0.00	  0.71	 -0.10	 -0.61	
  0.00	  0.15	  0.02	  0.00	  0.01	  0.15	  0.00	  0.18	 -0.23	  0.04	  0.00	  0.70	 -0.10	 -0.60	
  0.00	  0.14	  0.02	  0.00	  0.01	  0.15	  0.00	  0.18	 -0.22	  0.04	  0.00	  0.70	 -0.10	 -0.60	
  0.00	  0.14	  0.03	  0.00	  0.00	  0.14	  0.00	  0.18	 -0.22	  0.04	  0.00	  0.69	 -0.10	 -0.59	
  0.00	  0.14	  0.03	  0.00	  0.00	  0.14	  0.00	  0.17	 -0.22	  0.04	  0.00	  0.68	 -0.10	 -0.58	
  0.00	  0.13	  0.03	  0.00	  0.00	  0.14	  0.00	  0.17	 -0.21	  0.04	  0.00	  0.67	 -0.10	 -0.57	
  0.00	  0.13	  0.03	  0.00	  0.00	  0.14	  0.00	  0.17	 -0.21	  0.04	  0.00	  0.66	 -0.10	 -0.56	
  0.00	  0.13	  0.03	  0.00	  0.00	  0.14	  0.00	  0.16	 -0.21	  0.04	  0.00	  0.65	 -0.10	 -0.54	
  0.00	  0.13	  0.03	  0.00	 -0.00	  0.14	  0.00	  0.16	 -0.21	  0.04	  0.00	  0.64	 -0.10	 -0.53	
  0.00	  0.12	  0.03	  0.00	 -0.00	  0.14	  0.00	  0.16	 -0.20	  0.04	  0.00	  0.63	 -0.10	 -0.52	
  0.00	  0.12	  0.03	  0.00	 -0.00	  0.14	  0.00	  0.15	 -0.20	  0.04	  0.00	  0.61	 -0.10	 -0.51	
  0.00	  0.12	  0.03	  0.00	 -0.00	  0.13	  0.00	  0.15	 -0.20	  0.05	  0.00	  0.60	 -0.10	 -0.50	
  0.00	  0.12	  0.03	  0.00	 -0.00	  0.13	  0.00	  0.15	 -0.19	  0.05	  0.00	  0.59	 -0.10	 -0.49	
  0.00	  0.11	  0.03	  0.00	 -0.00	  0.13	  0.00	  0.15	 -0.19	  0.04	  0.00	  0.58	 -0.10	 -0.48	
  0.00	  0.11	  0.03	  0.00	 -0.00	  0.13	  0.00	  0.14	 -0.19	  0.04	  0.00	  0.57	 -0.10	 -0.47	
  0.00	  0.11	  0.03	  0.00	 -0.00	  0.12	  0.00	  0.14	 -0.18	  0.04	  0.00	  0.56	 -0.10	 -0.46	
  0.00	  0.10	  0.03	  0.00	 -0.00	  0.12	  0.00	  0.14	 -0.18	  0.04	  0.00	  0.55	 -0.10	 -0.45	
  0.00	  0.10	  0.03	  0.00	  0.00	  0.11	  0.00	  0.14	 -0.17	  0.03	  0.00	  0.54	 -0.10	 -0.44	
  0.00	  0.10	  0.03	  0.00	  0.00	  0.11	  0.00	  0.13	 -0.16	  0.03	  0.00	  0.53	 -0.10	 -0.43	
  0.00	  0.10	  0.03	  0.00	  0.01	  0.10	  0.00	  0.13	 -0.16	  0.03	  0.00	  0.52	 -0.10	 -0.42	
  0.00	  0.09	  0.03	  0.00	  0.01	  0.09	  0.00	  0.13	 -0.15	  0.02	  0.00	  0.51	 -0.10	 -0.41	
  0.00	  0.09	  0.03	  0.00	  0.02	  0.08	  0.00	  0.13	 -0.14	  0.01	  0.00	  0.50	 -0.10	 -0.40	
  0.00	  0.09	  0.03	 -0.00	  0.02	  0.08	 -0.00	  0.13	 -0.14	  0.01	  0.00	  0.49	 -0.10	 -0.39	
  0.00	  0.09	  0.03	 -0.00	  0.03	  0.07	 -0.00	  0.13	 -0.13	  0.00	  0.00	  0.48	 -0.09	 -0.38	
  0.00	  0.08	  0.03	 -0.00	  0.03	  0.06	 -0.00	  0.13	 -0.12	 -0.01	  0.00	  0.47	 -0.09	 -0.37	
  0.00	  0.08	  0.03	 -0.00	  0.04	  0.05	 -0.00	  0.12	 -0.11	 -0.01	  0.00	  0.46	 -0.09	 -0.36	
  0.00	  0.08	  0.03	 -0.00	  0.04	  0.04	 -0.00	  0.12	 -0.10	 -0.02	  0.00	  0.45	 -0.09	 -0.36	
  0.00	  0.08	  0.04	 -0.00	  0.05	  0.03	 -0.00	  0.12	 -0.09	 -0.03	  0.00	  0.44	 -0.09	 -0.35	
  0.00	  0.07	  0.04	 -0.00	  0.06	  0.02	 -0.00	  0.12	 -0.08	 -0.04	  0.00	  0.43	 -0.09	 -0.34	
  0.00	  0.07	  0.04	 -0.00	  0.06	  0.01	 -0.00	  0.12	 -0.07	 -0.05	  0.00	  0.42	 -0.09	 -0.33	
  0.00	  0.07	  0.04	 -0.00	  0.07	 -0.00	 -0.00	  0.12	 -0.06	 -0.06	  0.00	  0.41	 -0.09	 -0.32	
  0.00	  0.07	  0.04	 -0.00	  0.08	 -0.02	 -0.00	  0.12	 -0.05	 -0.07	  0.00	  0.40	 -0.09	 -0.31	
  0.00	  0.07	  0.04	 -0.00	  0.08	 -0.03	 -0.00	  0.12	 -0.04	 -0.07	  0.00	  0.39	 -0.09	 -0.30	
  0.00	  0.06	  0.04	 -0.00	  0.09	 -0.04	 -0.00	  0.12	 -0.03	 -0.08	  0.00	  0.38	 -0.09	 -0.30	
  0.00	  0.06	  0.04	 -0.00	  0.10	 -0.05	 -0.00	  0.12	 -0.02	 -0.09	  0.00	  0.37	 -0.09	 -0.29	
  0.00	  0.06	  0.04	 -0.00	  0.11	 -0.06	 -0.00	  0.12	 -0.01	 -0.10	  0.00	  0.37	 -0.08	 -0.28	
  0.00	  0.06	  0.04	 -0.00	  0.11	 -0.08	 -0.00	  0.11	 -0.00	 -0.11	  0.00	  0.36	 -0.08	 -0.27	
  0.00	  0.06	  0.04	 -0.00	  0.12	 -0.09	 -0.00	  0.11	  0.01	 -0.12	  0.00	  0.35	 -0.08	 -0.27	
  0.00	  0.05	  0.04	 -0.00	  0.13	 -0.10	 -0.00	  0.11	  0.02	 -0.13	  0.00	  0.34	 -0.08	 -0.26	
  0.00	  0.05	  0.04	 -0.00	  0.14	 -0.11	 -0.00	  0.11	  0.03	 -0.14	  0.00	  0.33	 -0.08	 -0.25	
  0.00	  0.05	  0.04	 -0.00	  0.14	 -0.13	 -0.00	  0.11	  0.04	 -0.15	  0.00	  0.32	 -0.08	 -0.24	
  0.00	  0.05	  0.04	 -0.00	  0.15	 -0.14	 -0.00	  0.11	  0.05	 -0.16	  0.00	  0.32	 -0.08	 -0.24	
  0.00	  0.05	  0.04	 -0.00	  0.16	 -0.15	 -0.00	  0.11	  0.07	 -0.17	  0.00	  0.31	 -0.08	 -0.23	
  0.00	  0.04	  0.04	 -0.00	  0.17	 -0.16	 -0.00	  0.11	  0.08	 -0.18	  0.00	  0.30	 -0.08	 -0.22	
  0.00	  0.04	  0.04	 -0.00	  0.17	 -0.18	 -0.00	  0.10	  0.09	 -0.19	  0.00	  0.29	 -0.08	 -0.22	
  0.00	  0.04	  0.04	 -0.00	  0.18	 -0.19	 -0.00	  0.10	  0.10	 -0.20	  0.00	  0.29	 -0.07	 -0.21	
  0.00	  0.04	  0.04	 -0.00	  0.19	 -0.20	 -0.00	  0.10	  0.11	 -0.21	  0.00	  0.28	 -0.07	 -0.20	
  0.00	  0.04	  0.04	 -0.00	  0.19	 -0.21	 -0.00	  0.10	  0.12	 -0.22	  0.00	  0.27	 -0.07	 -0.20	
  0.00	  0.04	  0.04	 -0.00	  0.20	 -0.22	 -0.00	  0.10	  0.13	 -0.23	  0.00	  0.26	 -0.07	 -0.19	
  0.00	  0.03	  0.04	 -0.00	  0.21	 -0.24	 -0.00	  0.09	  0.14	 -0.24	  0.00	  0.26	 -0.07	 -0.19	
  0.00	  0.03	  0.04	 -0.00	  0.21	 -0.25	 -0.00	  0.09	  0.16	 -0.25	  0.00	  0.25	 -0.07	 -0.18	
  0.00	  0.03	  0.04	 -0.00	  0.22	 -0.26	 -0.00	  0.09	  0.17	 -0.26	  0.00	  0.24	 -0.07	 -0.17	
  0.00	  0.03	  0.03	 -0.00	  0.22	 -0.27	 -0.00	  0.09	  0.18	 -0.27	  0.00	  0.24	 -0.07	 -0.17	
  0.00	  0.03	  0.03	 -0.00	  0.23	 -0.28	 -0.00	  0.08	  0.19	 -0.27	  0.00	  0.23	 -0.07	 -0.16	
  0.00	  0.03	  0.03	 -0.00	  0.23	 -0.29	 -0.00	  0.08	  0.20	 -0.28	  0.00	  0.22	 -0.07	 -0.16	
  0.00	  0.03	  0.03	 -0.00	  0.24	 -0.30	 -0.00	  0.08	  0.21	 -0.29	  0.00	  0.22	 -0.06	 -0.15	
  0.00	  0.02	  0.03	 -0.00	  0.24	 -0.31	 -0.00	  0.08	  0.22	 -0.30	  0.00	  0.21	 -0.06	 -0.15	
  0.00	  0.02	  0.03	 -0.00	  0.25	 -0.32	 -0.00	  0.07	  0.23	 -0.30	  0.00	  0.20	 -0.06	 -0.14	
  0.00	  0.02	  0.03	 -0.00	  0.25	 -0.33	 -0.00	  0.07	  0.24	 -0.31	  0.00	  0.20	 -0.06	 -0.14	
  0.00	  0.02	  0.03	 -0.00	  0.25	 -0.34	 -0.00	  0.06	  0.25	 -0.32	  0.00	  0.19	 -0.06	 -0.13	
  0.00	  0.02	  0.03	 -0.00	  0.26	 -0.35	 -0.00	  0.06	  0.26	 -0.32	  0.00	  0.19	 -0.06	 -0.13	
  0.00	  0.02	  0.03	 -0.00	  0.26	 -0.36	 -0.00	  0.06	  0.27	 -0.33	  0.00	  0.18	 -0.06	 -0.12	
  0.00	  0.02	  0.03	 -0.00	  0.26	 -0.37	 -0.00	  0.05	  0.28	 -0.34	  0.00	  0.17	 -0.06	 -0.12	
  0.00	  0.02	  0.03	 -0.00	  0.27	 -0.38	 -0.00	  0.05	  0.29	 -0.34	  0.00	  0.17	 -0.06	 -0.11	
  0.00	  0.01	  0.03	 -0.00	  0.27	 -0.38	 -0.00	  0.04	  0.30	 -0.35	  0.00	  0.16	 -0.05	 -0.11	
  0.00	  0.01	  0.03	 -0.00	  0.27	 -0.39	 -0.00	  0.04	  0.31	 -0.35	  0.00	  0.16	 -0.05	 -0.10	
  0.00	  0.01	  0.03	 -0.00	  0.27	 -0.40	 -0.00	  0.03	  0.32	 -0.36	  0.00	  0.15	 -0.05	 -0.10	
  0.00	  0.01	  0.03	 -0.00	  0.27	 -0.41	 -0.00	  0.03	  0.33	 -0.36	  0.00	  0.15	 -0.05	 -0.10	
  0.00	  0.01	  0.03	 -0.00	  0.27	 -0.41	 -0.00	  0.02	  0.34	 -0.36	  0.00	  0.14	 -0.05	 -0.09	
  0.00	  0.01	  0.03	 -0.00	  0.27	 -0.42	 -0.00	  0.01	  0.35	 -0.37	  0.00	  0.14	 -0.05	 -0.09	
  0.00	  0.01	  0.03	 -0.00	  0.27	 -0.43	 -0.00	  0.01	  0.36	 -0.37	  0.00	  0.13	 -0.05	 -0.08	
  0.00	  0.01	  0.03	 -0.00	  0.27	 -0.43	 -0.00	  0.00	  0.37	 -0.37	  0.00	  0.13	 -0.05	 -0.08	
  0.00	  0.01	  0.03	 -0.00	  0.27	 -0.44	 -0.00	 -0.01	  0.38	 -0.37	  0.00	  0.12	 -0.05	 -0.08	
  0.00	  0.01	  0.03	 -0.00	  0.27	 -0.44	 -0.00	 -0.01	  0.39	 -0.38	  0.00	  0.12	 -0.05	 -0.07	
  0.00	  0.01	  0.03	 -0.00	  0.26	 -0.45	 -0.00	 -0.02	  0.40	 -0.38	  0.00	  0.11	 -0.04	 -0.07	
  0.00	  0.00	  0.03	 -0.00	  0.26	 -0.45	 -0.00	 -0.03	  0.41	 -0.38	  0.00	  0.11	 -0.04	 -0.07	
  0.00	  0.00	  0.03	 -0.00	  0.26	 -0.45	 -0.00	 -0.04	  0.42	 -0.38	  0.00	  0.11	 -0.04	 -0.06	
  0.00	  0.00	  0.03	 -0.00	  0.25	 -0.46	 -0.00	 -0.05	  0.42	 -0.38	  0.00	  0.10	 -0.04	 -0.06	
  0.00	  0.00	  0.03	 -0.00	  0.25	 -0.46	 -0.00	 -0.05	  0.43	 -0.38	  0.00	  0.10	 -0.04	 -0.06	
  0.00	  0.00	  0.03	 -0.00	  0.24	 -0.46	 -0.00	 -0.06	  0.44	 -0.38	  0.00	  0.09	 -0.04	 -0.05	
  0.00	  0.00	  0.03	 -0.00	  0.24	 -0.47	 -0.00	 -0.07	  0.45	 -0.38	  0.00	  0.09	 -0.04	 -0.05	
  0.00	  0.00	  0.03	 -0.00	  0.23	 -0.47	 -0.00	 -0.08	  0.46	 -0.37	  0.00	  0.09	 -0.04	 -0.05	
  0.00	  0.00	  0.02	 -0.00	  0.23	 -0.47	 -0.00	 -0.09	  0.47	 -0.37	  0.00	  0.08	 -0.04	 -0.05	
  0.00	 -0.00	  0.02	 -0.00	  0.22	 -0.47	 -0.00	 -0.10	  0.47	 -0.37	  0.00	  0.08	 -0.03	 -0.04	
  0.00	 -0.00	  0.02	 -0.00	  0.21	 -0.47	 -0.00	 -0.11	  0.48	 -0.37	  0.00	  0.07	 -0.03	 -0.04	
  0.00	 -0.00	  0.02	 -0.00	  0.21	 -0.47	 -0.00	 -0.13	  0.49	 -0.36	  0.00	  0.07	 -0.03	 -0.04	
  0.00	 -0.00	  0.02	 -0.00	  0.20	 -0.47	 -0.00	 -0.14	  0.50	 -0.36	  0.00	  0.07	 -0.03	 -0.04	
  0.00	 -0.00	  0.02	 -0.00	  0.19	 -0.47	 -0.00	 -0.15	  0.50	 -0.35	  0.00	  0.06	 -0.03	 -0.03	
  0.00	 -0.00	  0.02	 -0.00	  0.18	 -0.47	 -0.00	 -0.16	  0.51	 -0.35	  0.00	  0.06	 -0.03	 -0.03	
  0.00	 -0.00	  0.02	 -0.00	  0.17	 -0.47	 -0.00	 -0.18	  0.52	 -0.34	  0.00	  0.06	 -0.03	 -0.03	
  0.00	 -0.00	  0.02	 -0.00	  0.16	 -0.47	 -0.00	 -0.19	  0.53	 -0.34	  0.00	  0.06	 -0.03	 -0.03	
  0.00	 -0.00	  0.02	 -0.00	  0.15	 -0.47	 -0.00	 -0.20	  0.53	 -0.33	  0.00	  0.05	 -0.03	 -0.03	
  0.00	 -0.00	  0.02	 -0.00	  0.14	 -0.47	 -0.00	 -0.22	  0.54	 -0.33	  0.00	  0.05	 -0.03	 -0.02	
  0.00	 -0.00	  0.02	 -0.00	  0.13	 -0.47	 -0.00	 -0.23	  0.55	 -0.32	  0.00	  0.05	 -0.02	 -0.02	
  0.00	 -0.00	  0.02	 -0.00	  0.12	 -0.47	 -0.00	 -0.25	  0.56	 -0.31	  0.00	  0.04	 -0.02	 -0.02	
  0.00	 -0.00	  0.02	 -0.00	  0.11	 -0.46	 -0.00	 -0.26	  0.56	 -0.30	  0.00	  0.04	 -0.02	 -0.02	
  0.00	 -0.00	  0.02	 -0.00	  0.10	 -0.46	 -0.00	 -0.28	  0.57	 -0.29	  0.00	  0.04	 -0.02	 -0.02	
  0.00	 -0.00	  0.02	 -0.00	  0.09	 -0.46	 -0.00	 -0.29	  0.58	 -0.29	  0.00	  0.04	 -0.02	 -0.02	
  0.00	 -0.00	  0.02	 -0.00	  0.07	 -0.46	 -0.00	 -0.31	  0.58	 -0.28	  0.00	  0.03	 -0.02	 -0.01	
  0.00	 -0.00	  0.02	 -0.00	  0.06	 -0.45	 -0.00	 -0.33	  0.59	 -0.27	  0.00	  0.03	 -0.02	 -0.01	
  0.00	 -0.00	  0.01	 -0.00	  0.05	 -0.45	 -0.00	 -0.34	  0.60	 -0.26	  0.00	  0.03	 -0.02	 -0.01	
  0.00	 -0.00	  0.01	 -0.00	  0.04	 -0.45	 -0.00	 -0.36	  0.61	 -0.24	  0.00	  0.03	 -0.02	 -0.01	
  0.00	 -0.00	  0.01	 -0.00	  0.02	 -0.44	 -0.00	 -0.38	  0.61	 -0.23	  0.00	  0.02	 -0.02	 -0.01	
  0.00	 -0.00	  0.01	 -0.00	  0.01	 -0.44	 -0.00	 -0.40	  0.62	 -0.22	  0.00	  0.02	 -0.02	 -0.01	
  0.00	 -0.00	  0.01	 -0.00	 -0.01	 -0.43	 -0.00	 -0.42	  0.62	 -0.21	  0.00	  0.02	 -0.01	 -0.01	
  0.00	 -0.00	  0.01	 -0.00	 -0.02	 -0.43	 -0.00	 -0.43	  0.63	 -0.20	  0.00	  0.02	 -0.01	 -0.01	
  0.00	 -0.00	  0.01	 -0.00	 -0.04	 -0.42	 -0.00	 -0.45	  0.64	 -0.18	  0.00	  0.02	 -0.01	 -0.00	
  0.00	 -0.00	  0.01	 -0.00	 -0.05	 -0.42	 -0.00	 -0.47	  0.64	 -0.17	  0.00	  0.02	 -0.01	 -0.00	
  0.00	 -0.00	  0.01	 -0.00	 -0.07	 -0.41	 -0.00	 -0.49	  0.65	 -0.16	  0.00	  0.01	 -0.01	 -0.00	
  0.00	 -0.00	  0.01	 -0.00	 -0.08	 -0.41	 -0.00	 -0.51	  0.66	 -0.14	  0.00	  0.01	 -0.01	 -0.00	
  0.00	 -0.00	  0.01	 -0.00	 -0.10	 -0.40	 -0.00	 -0.53	  0.66	 -0.13	  0.00	  0.01	 -0.01	 -0.00	
  0.00	 -0.00	  0.01	 -0.00	 -0.11	 -0.40	 -0.00	 -0.56	  0.67	 -0.11	  0.00	  0.01	 -0.01	 -0.00	
  0.00	 -0.00	  0.01	 -0.00	 -0.13	 -0.39	 -0.00	 -0.58	  0.67	 -0.10	  0.00	  0.01	 -0.01	 -0.00	
  0.00	 -0.00	  0.01	 -0.00	 -0.15	 -0.38	 -0.00	 -0.60	  0.68	 -0.08	  0.00	  0.01	 -0.01	 -0.00	
  0.00	 -0.00	  0.00	 -0.00	 -0.16	 -0.38	 -0.00	 -0.62	  0.69	 -0.07	  0.00	  0.01	 -0.01	 -0.00	
  0.00	 -0.00	  0.00	 -0.00	 -0.18	 -0.37	 -0.00	 -0.64	  0.69	 -0.05	  0.00	  0.00	 -0.00	 -0.00	
  0.00	 -0.00	  0.00	 -0.00	 -0.19	 -0.36	 -0.00	 -0.66	  0.70	 -0.03	  0.00	  0.00	 -0.00	 -0.00	
  0.00	 -0.00	  0.00	 -0.00	 -0.21	 -0.36	 -0.00	 -0.69	  0.70	 -0.02	  0.00	  0.00	 -0.00	 -0.00	
  0.00	 -0.00	  0.00	 -0.00	 -0.23	 -0.35	 -0.00	 -0.71	  0.71	  0.00	  0.00	  0.00	 -0.00	 -0.00	
  0.00	  0.00	  0.00	 -0.00	 -0.24	 -0.35	 -0.00	 -0.73	  0.71	  0.02	  0.00	  0.00	 -0.00	 -0.00	
 -0.00	  0.00	 -0.00	  0.00	 -0.26	 -0.34	  0.00	 -0.76	  0.72	  0.04	 -0.00	  0.00	  0.00	 -0.00	
 -0.00	  0.00	 -0.00	  0.00	 -0.27	 -0.33	  0.00	 -0.78	  0.72	  0.06	 -0.00	 -0.00	  0.00	 -0.00	
 -0.00	  0.00	 -0.00	  0.00	 -0.29	 -0.33	  0.00	 -0.80	  0.73	  0.08	 -0.00	 -0.00	  0.00	 -0.00	
 -0.00	  0.00	 -0.00	  0.00	 -0.31	 -0.32	  0.00	 -0.83	  0.73	  0.10	 -0.00	 -0.00	  0.00	 -0.00	
 -0.00	  0.00	 -0.00	  0.00	 -0.32	 -0.31	  0.00	 -0.86	  0.74	  0.12	 -0.00	 -0.00	  0.00	 -0.00	
 -0.00	  0.00	 -0.00	  0.00	 -0.34	 -0.30	  0.00	 -0.89	  0.75	  0.14	 -0.00	 -0.00	  0.00	 -0.00	
 -0.00	  0.00	 -0.01	  0.00	 -0.36	 -0.30	  0.00	 -0.92	  0.75	  0.16	 -0.00	 -0.00	  0.01	 -0.00	
 -0.00	  0.00	 -0.01	  0.00	 -0.38	 -0.29	  0.00	 -0.95	  0.76	  0.19	 -0.00	 -0.00	  0.01	 -0.00	
 -0.00	  0.01	 -0.01	  0.00	 -0.40	 -0.28	  0.00	 -0.98	  0.76	  0.21	 -0.00	 -0.00	  0.01	 -0.00	
 -0.00	  0.01	 -0.01	  0.00	 -0.42	 -0.27	  0.00	 -1.01	  0.77	  0.24	 -0.00	 -0.00	  0.01	 -0.01	
 -0.00	  0.01	 -0.01	  0.00	 -0.43	 -0.26	  0.00	 -1.04	  0.77	  0.27	 -0.00	 -0.00	  0.01	 -0.01	
 -0.00	  0.01	 -0.01	  0.00	 -0.45	 -0.25	  0.00	 -1.07	  0.78	  0.30	 -0.00	 -0.00	  0.01	 -0.01	
 -0.00	  0.01	 -0.01	  0.00	 -0.47	 -0.24	  0.00	 -1.11	  0.78	  0.33	 -0.00	 -0.00	  0.01	 -0.01	
 -0.00	  0.01	 -0.01	  0.00	 -0.49	 -0.23	  0.00	 -1.14	  0.79	  0.36	 -0.00	 -0.00	  0.01	 -0.01	
 -0.00	  0.01	 -0.01	  0.00	 -0.51	 -0.22	  0.00	 -1.18	  0.79	  0.39	 -0.00	  0.00	  0.01	 -0.01	
 -0.00	  0.01	 -0.01	  0.00	 -0.53	 -0.21	  0.00	 -1.22	  0.79	  0.42	 -0.00	  0.00	  0.01	 -0.01	
 -0.00	  0.01	 -0.01	  0.00	 -0.55	 -0.20	  0.00	 -1.25	  0.80	  0.46	 -0.00	  0.00	  0.01	 -0.01	
 -0.00	  0.01	 -0.01	  0.00	 -0.57	 -0.19	  0.00	 -1.29	  0.80	  0.49	 -0.00	  0.00	  0.01	 -0.01	
 -0.00	  0.01	 -0.01	  0.00	 -0.59	 -0.18	  0.00	 -1.33	  0.80	  0.53	 -0.00	  0.00	  0.01	 -0.02	
 -0.00	  0.01	 -0.01	  0.00	 -0.60	 -0.17	  0.00	 -1.37	  0.80	  0.56	 -0.00	  0.00	  0.01	 -0.02	
 -0.00	  0.01	 -0.01	  0.00	 -0.62	 -0.16	  0.00	 -1.40	  0.80	  0.60	 -0.00	  0.01	  0.01	 -0.02	
 -0.00	  0.02	 -0.02	  0.00	 -0.64	 -0.15	  0.00	 -1.44	  0.81	  0.64	 -0.00	  0.01	  0.01	 -0.02	
 -0.00	  0.02	 -0.02	  0.00	 -0.66	 -0.14	  0.00	 -1.48	  0.81	  0.68	 -0.00	  0.01	  0.01	 -0.02	
 -0.00	  0.02	 -0.02	  0.00	 -0.67	 -0.13	  0.00	 -1.52	  0.80	  0.72	 -0.00	  0.01	  0.01	 -0.02	
 -0.00	  0.02	 -0.02	  0.00	 -0.69	 -0.11	  0.00	 -1.56	  0.80	  0.76	 -0.00	  0.01	  0.01	 -0.03	
 -0.00	  0.02	 -0.02	  0.00	 -0.70	 -0.10	  0.00	 -1.60	  0.80	  0.80	 -0.00	  0.01	  0.02	 -0.03	
 -0.00	  0.02	 -0.02	  0.00	 -0.72	 -0.09	  0.00	 -1.64	  0.80	  0.84	 -0.00	  0.01	  0.02	 -0.03	
 -0.00	  0.02	 -0.02	  0.00	 -0.73	 -0.08	  0.00	 -1.68	  0.80	  0.89	 -0.00	  0.02	  0.02	 -0.03	
 -0.00	  0.02	 -0.02	  0.00	 -0.75	 -0.07	  0.00	 -1.72	  0.79	  0.93	 -0.00	  0.02	  0.02	 -0.03	
 -0.00	  0.02	 -0.02	  0.00	 -0.76	 -0.05	  0.00	 -1.76	  0.79	  0.97	 -0.00	  0.02	  0.02	 -0.04	
 -0.00	  0.02	 -0.02	  0.00	 -0.77	 -0.04	  0.00	 -1.80	  0.78	  1.02	 -0.00	  0.02	  0.02	 -0.04	
 -0.00	  0.03	 -0.02	  0.00	 -0.78	 -0.03	  0.00	 -1.84	  0.77	  1.06	 -0.00	  0.02	  0.02	 -0.04	
 -0.00	  0.03	 -0.02	  0.00	 -0.79	 -0.02	  0.00	 -1.87	  0.77	  1.11	 -0.00	  0.03	  0.02	 -0.04	
 -0.00	  0.03	 -0.02	  0.00	 -0.80	 -0.01	  0.00	 -1.91	  0.76	  1.15	 -0.00	  0.03	  0.02	 -0.05	
 -0.00	  0.03	 -0.02	  0.00	 -0.81	  0.01	  0.00	 -1.95	  0.75	  1.20	 -0.00	  0.03	  0.02	 -0.05	
 -0.00	  0.03	 -0.02	  0.00	 -0.82	  0.02	  0.00	 -1.98	  0.74	  1.24	 -0.00	  0.03	  0.02	 -0.05	
 -0.00	  0.03	 -0.02	  0.00	 -0.83	  0.03	  0.00	 -2.01	  0.73	  1.28	 -0.00	  0.04	  0.02	 -0.05	
 -0.00	  0.03	 -0.02	  0.00	 -0.83	  0.04	  0.00	 -2.05	  0.72	  1.33	 -0.00	  0.04	  0.02	 -0.06	
 -0.00	  0.03	 -0.02	  0.00	 -0.84	  0.05	  0.00	 -2.08	  0.71	  1.37	 -0.00	  0.04	  0.02	 -0.06	
 -0.00	  0.03	 -0.03	  0.00	 -0.84	  0.06	  0.00	 -2.10	  0.69	  1.41	 -0.00	  0.05	  0.02	 -0.06	
 -0.00	  0.04	 -0.03	  0.00	 -0.85	  0.07	  0.00	 -2.13	  0.68	  1.45	 -0.00	  0.05	  0.02	 -0.07	
 -0.00	  0.04	 -0.03	  0.00	 -0.85	  0.08	  0.00	 -2.15	  0.66	  1.49	 -0.00	  0.05	  0.02	 -0.07	
 -0.00	  0.04	 -0.03	  0.00	 -0.85	  0.09	  0.00	 -2.18	  0.65	  1.53	 -0.00	  0.06	  0.02	 -0.07	
 -0.00	  0.04	 -0.03	  0.00	 -0.85	  0.10	  0.00	 -2.20	  0.63	  1.56	 -0.00	  0.06	  0.02	 -0.08	
 -0.00	  0.04	 -0.03	  0.00	 -0.85	  0.11	  0.00	 -2.21	  0.62	  1.59	 -0.00	  0.06	  0.02	 -0.08	
 -0.00	  0.04	 -0.03	  0.00	 -0.85	  0.12	  0.00	 -2.22	  0.60	  1.62	 -0.00	  0.07	  0.02	 -0.08	
 -0.00	  0.04	 -0.03	  0.00	 -0.84	  0.13	  0.00	 -2.24	  0.58	  1.65	 -0.00	  0.07	  0.02	 -0.09	
 -0.00	  0.04	 -0.03	  0.00	 -0.84	  0.14	  0.00	 -2.24	  0.56	  1.68	 -0.00	  0.07	  0.02	 -0.09	
 -0.00	  0.05	 -0.03	  0.00	 -0.84	  0.15	  0.00	 -2.25	  0.54	  1.70	 -0.00	  0.08	  0.02	 -0.09	
 -0.00	  0.05	 -0.03	  0.00	 -0.83	  0.15	  0.00	 -2.25	  0.53	  1.72	 -0.00	  0.08	  0.01	 -0.10	
 -0.00	  0.05	 -0.03	  0.00	 -0.82	  0.16	  0.00	 -2.24	  0.51	  1.74	 -0.00	  0.09	  0.01	 -0.10	
 -0.00	  0.05	 -0.03	  0.00	 -0.82	  0.17	  0.00	 -2.23	  0.49	  1.75	 -0.00	  0.09	  0.01	 -0.10	
 -0.00	  0.05	 -0.03	  0.00	 -0.81	  0.17	  0.00	 -2.22	  0.46	  1.76	 -0.00	  0.09	  0.01	 -0.11	
 -0.00	  0.05	 -0.03	  0.00	 -0.80	  0.18	  0.00	 -2.21	  0.44	  1.76	 -0.00	  0.10	  0.01	 -0.11	
 -0.00	  0.05	 -0.03	  0.00	 -0.79	  0.18	  0.00	 -2.19	  0.42	  1.76	 -0.00	  0.10	  0.01	 -0.12	
 -0.00	  0.06	 -0.03	  0.00	 -0.78	  0.19	  0.00	 -2.16	  0.40	  1.76	 -0.00	  0.11	  0.01	 -0.12	
 -0.00	  0.06	 -0.03	  0.00	 -0.76	  0.19	  0.00	 -2.14	  0.38	  1.75	 -0.00	  0.11	  0.01	 -0.12	
 -0.00	  0.06	 -0.03	  0.00	 -0.75	  0.19	  0.00	 -2.10	  0.36	  1.74	 -0.00	  0.12	  0.01	 -0.13	
 -0.00	  0.06	 -0.03	  0.00	 -0.74	  0.20	  0.00	 -2.07	  0.34	  1.73	 -0.00	  0.12	  0.01	 -0.13	
 -0.00	  0.06	 -0.03	  0.00	 -0.72	  0.20	  0.00	 -2.03	  0.32	  1.71	 -0.00	  0.13	  0.01	 -0.14	
 -0.00	  0.06	 -0.03	  0.00	 -0.71	  0.20	  0.00	 -1.99	  0.30	  1.69	 -0.00	  0.13	  0.01	 -0.14	
 -0.00	  0.06	 -0.03	  0.00	 -0.69	  0.20	  0.00	 -1.94	  0.28	  1.66	 -0.00	  0.14	  0.01	 -0.15	
 -0.00	  0.07	 -0.03	  0.00	 -0.68	  0.20	  0.00	 -1.89	  0.26	  1.63	 -0.00	  0.14	  0.01	 -0.15	
 -0.00	  0.07	 -0.03	  0.00	 -0.66	  0.20	  0.00	 -1.84	  0.24	  1.60	 -0.00	  0.15	  0.01	 -0.16	
 -0.00	  0.07	 -0.03	  0.00	 -0.64	  0.20	  0.00	 -1.79	  0.22	  1.57	 -0.00	  0.15	  0.01	 -0.16	
 -0.00	  0.07	 -0.03	  0.00	 -0.62	  0.20	  0.00	 -1.73	  0.20	  1.53	 -0.00	  0.16	  0.01	 -0.17	
 -0.00	  0.07	 -0.03	  0.00	 -0.60	  0.20	  0.00	 -1.67	  0.19	  1.49	 -0.00	  0.17	  0.00	 -0.17	
 -0.00	  0.07	 -0.03	  0.00	 -0.58	  0.19	  0.00	 -1.61	  0.17	  1.44	 -0.00	  0.17	  0.00	 -0.18	
 -0.00	  0.08	 -0.03	  0.00	 -0.56	  0.19	  0.00	 -1.55	  0.15	  1.39	 -0.00	  0.18	  0.00	 -0.18	
 -0.00	  0.08	 -0.03	  0.00	 -0.54	  0.19	  0.00	 -1.48	  0.14	  1.35	 -0.00	  0.18	  0.00	 -0.19	
 -0.00	  0.08	 -0.03	  0.00	 -0.52	  0.18	  0.00	 -1.42	  0.12	  1.29	 -0.00	  0.19	  0.00	 -0.19	
 -0.00	  0.08	 -0.03	  0.00	 -0.50	  0.18	  0.00	 -1.35	  0.11	  1.24	 -0.00	  0.20	 -0.00	 -0.20	
 -0.00	  0.08	 -0.03	  0.00	 -0.48	  0.18	  0.00	 -1.28	  0.10	  1.19	 -0.00	  0.20	 -0.00	 -0.20	
 -0.00	  0.08	 -0.03	  0.00	 -0.46	  0.17	  0.00	 -1.22	  0.09	  1.13	 -0.00	  0.21	 -0.00	 -0.21	
 -0.00	  0.09	 -0.03	  0.00	 -0.43	  0.16	  0.00	 -1.15	  0.07	  1.07	 -0.00	  0.22	 -0.00	 -0.21	
 -0.00	  0.09	 -0.03	  0.00	 -0.41	  0.16	  0.00	 -1.08	  0.06	  1.02	 -0.00	  0.22	 -0.00	 -0.22	
 -0.00	  0.09	 -0.03	  0.00	 -0.39	  0.15	  0.00	 -1.01	  0.05	  0.96	 -0.00	  0.23	 -0.01	 -0.22	
 -0.00	  0.09	 -0.03	  0.00	 -0.37	  0.15	  0.00	 -0.94	  0.04	  0.90	 -0.00	  0.24	 -0.01	 -0.23	
 -0.00	  0.09	 -0.03	  0.00	 -0.34	  0.14	  0.00	 -0.88	  0.04	  0.84	 -0.00	  0.24	 -0.01	 -0.23	
 -0.00	  0.09	 -0.03	  0.00	 -0.32	  0.13	  0.00	 -0.81	  0.03	  0.78	 -0.00	  0.25	 -0.01	 -0.24	
 -0.00	  0.10	 -0.03	  0.00	 -0.30	  0.13	  0.00	 -0.74	  0.02	  0.72	 -0.00	  0.26	 -0.01	 -0.25	
 -0.00	  0.10	 -0.03	  0.00	 -0.27	  0.12	  0.00	 -0.68	  0.02	  0.66	 -0.00	  0.27	 -0.01	 -0.25	
 -0.00	  0.10	 -0.03	  0.00	 -0.25	  0.11	  0.00	 -0.61	  0.01	  0.60	 -0.00	  0.27	 -0.01	 -0.26	
 -0.00	  0.10	 -0.03	  0.00	 -0.23	  0.10	  0.00	 -0.55	  0.00	  0.54	 -0.00	  0.28	 -0.02	 -0.26	
 -0.00	  0.10	 -0.03	  0.00	 -0.20	  0.10	  0.00	 -0.49	 -0.00	  0.49	 -0.00	  0.29	 -0.02	 -0.27	
 -0.00	  0.11	 -0.03	  0.00	 -0.18	  0.09	  0.00	 -0.42	 -0.01	  0.43	 -0.00	  0.30	 -0.02	 -0.28	
 -0.00	  0.11	 -0.03	  0.00	 -0.16	  0.08	  0.00	 -0.36	 -0.01	  0.37	 -0.00	  0.30	 -0.02	 -0.28	
 -0.00	  0.11	 -0.03	  0.00	 -0.14	  0.07	  0.00	 -0.30	 -0.01	  0.32	 -0.00	  0.31	 -0.02	 -0.29	
 -0.00	  0.11	 -0.03	  0.00	 -0.12	  0.06	  0.00	 -0.24	 -0.02	  0.26	 -0.00	  0.32	 -0.02	 -0.29	
 -0.00	  0.11	 -0.03	  0.00	 -0.10	  0.06	  0.00	 -0.19	 -0.02	  0.21	 -0.00	  0.33	 -0.03	 -0.30	
 -0.00	  0.12	 -0.03	  0.00	 -0.07	  0.05	  0.00	 -0.13	 -0.02	  0.16	 -0.00	  0.34	 -0.03	 -0.31	
 -0.00	  0.12	 -0.03	  0.00	 -0.05	  0.04	  0.00	 -0.08	 -0.02	  0.10	 -0.00	  0.34	 -0.03	 -0.31	
 -0.00	  0.12	 -0.03	  0.00	 -0.03	  0.03	  0.00	 -0.03	 -0.03	  0.05	 -0.00	  0.35	 -0.03	 -0.32	
 -0.00	  0.12	 -0.03	  0.00	 -0.02	  0.03	  0.00	  0.02	 -0.03	  0.01	 -0.00	  0.36	 -0.03	 -0.33	
 -0.00	  0.12	 -0.03	  0.00	  0.00	  0.02	  0.00	  0.07	 -0.03	 -0.04	 -0.00	  0.37	 -0.04	 -0.33	
 -0.00	  0.13	 -0.03	  0.00	  0.02	  0.01	  0.00	  0.12	 -0.03	 -0.08	 -0.00	  0.38	 -0.04	 -0.34	
 -0.00	  0.13	 -0.03	  0.00	  0.04	  0.01	  0.00	  0.16	 -0.04	 -0.13	 -0.00	  0.39	 -0.04	 -0.35	
 -0.00	  0.13	 -0.03	 -0.00	  0.05	  0.00	 -0.00	  0.21	 -0.04	 -0.17	 -0.00	  0.39	 -0.04	 -0.35	
 -0.00	  0.13	 -0.03	 -0.00	  0.07	 -0.00	 -0.00	  0.25	 -0.04	 -0.20	 -0.00	  0.40	 -0.04	 -0.36	
 -0.00	  0.13	 -0.03	 -0.00	  0.08	 -0.01	 -0.00	  0.28	 -0.04	 -0.24	 -0.00	  0.41	 -0.05	 -0.37	
 -0.00	  0.14	 -0.03	 -0.00	  0.09	 -0.01	 -0.00	  0.32	 -0.05	 -0.27	 -0.00	  0.42	 -0.05	 -0.37	
 -0.00	  0.14	 -0.03	 -0.00	  0.11	 -0.01	 -0.00	  0.35	 -0.05	 -0.30	 -0.00	  0.43	 -0.05	 -0.38	
 -0.00	  0.14	 -0.03	 -0.00	  0.12	 -0.02	 -0.00	  0.38	 -0.05	 -0.33	 -0.00	  0.44	 -0.05	 -0.38	
 -0.00	  0.14	 -0.03	 -0.00	  0.13	 -0.02	 -0.00	  0.41	 -0.05	 -0.35	 -0.00	  0.45	 -0.06	 -0.39	
 -0.00	  0.14	 -0.03	 -0.00	  0.13	 -0.02	 -0.00	  0.43	 -0.06	 -0.37	 -0.00	  0.46	 -0.06	 -0.40	
 -0.00	  0.15	 -0.03	 -0.00	  0.14	 -0.02	 -0.00	  0.45	 -0.06	 -0.39	 -0.00	  0.46	 -0.06	 -0.40	
 -0.00	  0.15	 -0.03	 -0.00	  0.15	 -0.03	 -0.00	  0.47	 -0.06	 -0.41	 -0.00	  0.47	 -0.06	 -0.41	
 -0.00	  0.15	 -0.03	 -0.00	  0.15	 -0.03	 -0.00	  0.48	 -0.07	 -0.42	 -0.00	  0.48	 -0.07	 -0.42	
 -0.00	  0.15	 -0.02	 -0.00	  0.15	 -0.02	 -0.00	  0.49	 -0.07	 -0.42	 -0.00	  0.49	 -0.07	 -0.42	
 -0.00	  0.16	 -0.02	 -0.00	  0.16	 -0.02	 -0.00	  0.50	 -0.07	 -0.43	 -0.00	  0.50	 -0.07	 -0.43	
 -0.00	  0.16	 -0.02	 -0.00	  0.16	 -0.02	 -0.00	  0.51	 -0.07	 -0.44	 -0.00	  0.51	 -0.07	 -0.44	
 -0.00	  0.16	 -0.02	 -0.00	  0.16	 -0.02	 -0.00	  0.52	 -0.08	 -0.44	 -0.00	  0.52	 -0.08	 -0.44	
 -0.00	  0.16	 -0.02	 -0.00	  0.16	 -0.02	 -0.00	  0.53	 -0.08	 -0.45	 -0.00	  0.53	 -0.08	 -0.45	
 -0.00	  0.16	 -0.02	 -0.00	  0.16	 -0.02	 -0.00	  0.54	 -0.08	 -0.45	 -0.00	  0.54	 -0.08	 -0.45	
 -0.00	  0.17	 -0.02	 -0.00	  0.17	 -0.02	 -0.00	  0.54	 -0.08	 -0.46	 -0.00	  0.54	 -0.08	 -0.46	
 -0.00	  0.17	 -0.02	 -0.00	  0.17	 -0.02	 -0.00	  0.55	 -0.09	 -0.46	 -0.00	  0.55	 -0.09	 -0.46	
 -0.00	  0.17	 -0.02	 -0.00	  0.17	 -0.02	 -0.00	  0.56	 -0.09	 -0.47	 -0.00	  0.56	 -0.09	 -0.47	
 -0.00	  0.17	 -0.02	 -0.00	  0.17	 -0.02	 -0.00	  0.57	 -0.09	 -0.47	 -0.00	  0.57	 -0.09	 -0.47	
 -0.00	  0.17	 -0.02	 -0.00	  0.17	 -0.02	 -0.00	  0.57	 -0.10	 -0.48	 -0.00	  0.57	 -0.10	 -0.48	
 -0.00	  0.17	 -0.02	 -0.00	  0.17	 -0.02	 -0.00	  0.58	 -0.10	 -0.48	 -0.00	  0.58	 -0.10	 -0.48	
 -0.00	  0.18	 -0.02	 -0.00	  0.18	 -0.02	 -0.00	  0.59	 -0.10	 -0.49	 -0.00	  0.59	 -0.10	 -0.49	
 -0.00	  0.18	 -0.02	 -0.00	  0.18	 -0.02	 -0.00	  0.59	 -0.10	 -0.49	 -0.00	  0.59	 -0.10	 -0.49	
 -0.00	  0.18	 -0.02	 -0.00	  0.18	 -0.02	 -0.00	  0.60	 -0.11	 -0.49	 -0.00	  0.60	 -0.11	 -0.49	
 -0.00	  0.18	 -0.01	 -0.00	  0.18	 -0.01	 -0.00	  0.61	 -0.11	 -0.50	 -0.00	  0.61	 -0.11	 -0.50	
 -0.00	  0.18	 -0.01	 -0.00	  0.18	 -0.01	 -0.00	  0.61	 -0.11	 -0.50	 -0.00	  0.61	 -0.11	 -0.50	
 -0.00	  0.18	 -0.01	 -0.00	  0.18	 -0.01	 -0.00	  0.62	 -0.11	 -0.50	 -0.00	  0.62	 -0.11	 -0.50	
 -0.00	  0.18	 -0.01	 -0.00	  0.18	 -0.01	 -0.00	  0.62	 -0.12	 -0.50	 -0.00	  0.62	 -0.12	 -0.50	
 -0.00	  0.19	 -0.01	 -0.00	  0.19	 -0.01	 -0.00	  0.63	 -0.12	 -0.51	 -0.00	  0.63	 -0.12	 -0.51	
 -0.00	  0.19	 -0.01	 -0.00	  0.19	 -0.01	 -0.00	  0.63	 -0.12	 -0.51	 -0.00	  0.63	 -0.12	 -0.51	
 -0.00	  0.19	 -0.01	 -0.00	  0.19	 -0.01	 -0.00	  0.64	 -0.13	 -0.51	 -0.00	  0.64	 -0.13	 -0.51	
 -0.00	  0.19	 -0.01	 -0.00	  0.19	 -0.01	 -0.00	  0.64	 -0.13	 -0.51	 -0.00	  0.64	 -0.13	 -0.51	
 -0.00	  0.19	 -0.01	 -0.00	  0.19	 -0.01	 -0.00	  0.65	 -0.13	 -0.52	 -0.00	  0.65	 -0.13	 -0.52	
 -0.00	  0.19	 -0.01	 -0.00	  0.19	 -0.01	 -0.00	  0.65	 -0.13	 -0.52	 -0.00	  0.65	 -0.13	 -0.52	
 -0.00	  0.19	 -0.00	 -0.00	  0.19	 -0.00	 -0.00	  0.65	 -0.14	 -0.52	 -0.00	  0.65	 -0.14	 -0.52	
 -0.00	  0.19	 -0.00	 -0.00	  0.19	 -0.00	 -0.00	  0.66	 -0.14	 -0.52	 -0.00	  0.66	 -0.14	 -0.52	
 -0.00	  0.19	 -0.00	 -0.00	  0.19	 -0.00	 -0.00	  0.66	 -0.14	 -0.52	 -0.00	  0.66	 -0.14	 -0.52	
 -0.00	  0.19	 -0.00	 -0.00	  0.19	 -0.00	 -0.00	  0.67	 -0.14	 -0.52	 -0.00	  0.67	 -0.14	 -0.52	
 -0.00	  0.20	 -0.00	 -0.00	  0.20	 -0.00	 -0.00	  0.67	 -0.15	 -0.52	 -0.00	  0.67	 -0.15	 -0.52	
 -0.00	  0.20	  0.00	 -0.00	  0.20	  0.00	 -0.00	  0.67	 -0.15	 -0.52	 -0.00	  0.67	 -0.15	 -0.52	
 -0.00	  0.20	  0.00	 -0.00	  0.20	  0.00	 -0.00	  0.67	 -0.15	 -0.52	 -0.00	  0.67	 -0.15	 -0.52	
 -0.00	  0.20	  0.00	 -0.00	  0.20	  0.00	 -0.00	  0.68	 -0.15	 -0.52	 -0.00	  0.68	 -0.15	 -0.52	
 -0.00	  0.20	  0.00	 -0.00	  0.20	  0.00	 -0.00	  0.68	 -0.16	 -0.52	 -0.00	  0.68	 -0.16	 -0.52	
 -0.00	  0.20	  0.00	 -0.00	  0.20	  0.00	 -0.00	  0.68	 -0.16	 -0.52	 -0.00	  0.68	 -0.16	 -0.52	
 -0.00	  0.20	  0.01	 -0.00	  0.20	  0.01	 -0.00	  0.68	 -0.16	 -0.52	 -0.00	  0.68	 -0.16	 -0.52	
 -0.00	  0.20	  0.01	 -0.00	  0.20	  0.01	 -0.00	  0.68	 -0.16	 -0.52	 -0.00	  0.68	 -0.16	 -0.52	
 -0.00	  0.20	  0.01	 -0.00	  0.20	  0.01	 -0.00	  0.69	 -0.17	 -0.52	 -0.00	  0.69	 -0.17	 -0.52	
 -0.00	  0.20	  0.01	 -0.00	  0.20	  0.01	 -0.00	  0.69	 -0.17	 -0.52	 -0.00	  0.69	 -0.17	 -0.52	
 -0.00	  0.20	  0.01	 -0.00	  0.20	  0.01	 -0.00	  0.69	 -0.17	 -0.52	 -0.00	  0.69	 -0.17	 -0.52	
 -0.00	  0.20	  0.01	 -0.00	  0.20	  0.01	 -0.00	  0.69	 -0.17	 -0.51	 -0.00	  0.69	 -0.17	 -0.51	
 -0.00	  0.20	  0.01	 -0.00	  0.20	  0.01	 -0.00	  0.69	 -0.18	 -0.51	 -0.00	  0.69	 -0.18	 -0.51	
 -0.00	  0.20	  0.01	 -0.00	  0.20	  0.01	 -0.00	  0.69	 -0.18	 -0.51	 -0.00	  0.69	 -0.18	 -0.51	
 -0.00	  0.20	  0.02	 -0.00	  0.20	  0.02	 -0.00	  0.69	 -0.18	 -0.51	 -0.00	  0.69	 -0.18	 -0.51	
 -0.00	  0.20	  0.02	 -0.00	  0.20	  0.02	 -0.00	  0.69	 -0.18	 -0.51	 -0.00	  0.69	 -0.18	 -0.51	
 -0.00	  0.20	  0.02	 -0.00	  0.20	  0.02	 -0.00	  0.69	 -0.18	 -0.50	 -0.00	  0.69	 -0.18	 -0.50	
 -0.00	  0.20	  0.02	 -0.00	  0.20	  0.02	 -0.00	  0.69	 -0.19	 -0.50	 -0.00	  0.69	 -0.19	 -0.50	
 -0.00	  0.20	  0.02	 -0.00	  0.20	  0.02	 -0.00	  0.69	 -0.19	 -0.50	 -0.00	  0.69	 -0.19	 -0.50	
 -0.00	  0.20	  0.02	 -0.00	  0.20	  0.02	 -0.00	  0.69	 -0.19	 -0.50	 -0.00	  0.69	 -0.19	 -0.50	
 -0.00	  0.20	  0.02	 -0.00	  0.20	  0.02	 -0.00	  0.69	 -0.19	 -0.49	 -0.00	  0.69	 -0.19	 -0.49	
 -0.00	  0.20	  0.02	 -0.00	  0.20	  0.02	 -0.00	  0.69	 -0.20	 -0.49	 -0.00	  0.69	 -0.20	 -0.49	
 -0.00	  0.20	  0.03	 -0.00	  0.20	  0.03	 -0.00	  0.68	 -0.20	 -0.49	 -0.00	  0.68	 -0.20	 -0.49	
 -0.00	  0.20	  0.03	 -0.00	  0.20	  0.03	 -0.00	  0.68	 -0.20	 -0.48	 -0.00	  0.68	 -0.20	 -0.48	
 -0.00	  0.20	  0.03	 -0.00	  0.20	  0.03	 -0.00	  0.68	 -0.20	 -0.48	 -0.00	  0.68	 -0.20	 -0.48	
 -0.00	  0.20	  0.03	 -0.00	  0.20	  0.03	 -0.00	  0.68	 -0.20	 -0.48	 -0.00	  0.68	 -0.20	 -0.48	
 -0.00	  0.20	  0.03	 -0.00	  0.20	  0.03	 -0.00	  0.68	 -0.20	 -0.47	 -0.00	  0.68	 -0.20	 -0.47	
 -0.00	  0.20	  0.03	 -0.00	  0.20	  0.03	 -0.00	  0.68	 -0.21	 -0.47	 -0.00	  0.68	 -0.21	 -0.47	
 -0.00	  0.20	  0.03	 -0.00	  0.20	  0.03	 -0.00	  0.67	 -0.21	 -0.47	 -0.00	  0.67	 -0.21	 -0.47	
 -0.00	  0.20	  0.04	 -0.00	  0.20	  0.04	 -0.00	  0.67	 -0.21	 -0.46	 -0.00	  0.67	 -0.21	 -0.46	
 -0.00	  0.20	  0.04	 -0.00	  0.20	  0.04	 -0.00	  0.67	 -0.21	 -0.46	 -0.00	  0.67	 -0.21	 -0.46	
 -0.00	  0.20	  0.04	 -0.00	  0.20	  0.04	 -0.00	  0.67	 -0.21	 -0.45	 -0.00	  0.67	 -0.21	 -0.45	
 -0.00	  0.19	  0.04	 -0.00	  0.19	  0.04	 -0.00	  0.66	 -0.21	 -0.45	 -0.00	  0.66	 -0.21	 -0.45	
 -0.00	  0.19	  0.04	 -0.00	  0.19	  0.04	 -0.00	  0.66	 -0.22	 -0.45	 -0.00	  0.66	 -0.22	 -0.45	
 -0.00	  0.19	  0.04	 -0.00	  0.19	  0.04	 -0.00	  0.66	 -0.22	 -0.44	 -0.00	  0.66	 -0.22	 -0.44	
 -0.00	  0.19	  0.04	 -0.00	  0.19	  0.04	 -0.00	  0.66	 -0.22	 -0.44	 -0.00	  0.66	 -0.22	 -0.44	
 -0.00	  0.19	  0.04	 -0.00	  0.19	  0.04	 -0.00	  0.65	 -0.22	 -0.43	 -0.00	  0.65	 -0.22	 -0.43	
 -0.00	  0.19	  0.05	 -0.00	  0.19	  0.05	 -0.00	  0.65	 -0.22	 -0.43	 -0.00	  0.65	 -0.22	 -0.43	
 -0.00	  0.19	  0.05	 -0.00	  0.19	  0.05	 -0.00	  0.65	 -0.22	 -0.42	 -0.00	  0.65	 -0.22	 -0.42	
 -0.00	  0.19	  0.05	 -0.00	  0.19	  0.05	 -0.00	  0.64	 -0.22	 -0.42	 -0.00	  0.64	 -0.22	 -0.42	
 -0.00	  0.19	  0.05	 -0.00	  0.19	  0.05	 -0.00	  0.64	 -0.23	 -0.41	 -0.00	  0.64	 -0.23	 -0.41	
 -0.00	  0.19	  0.05	 -0.00	  0.19	  0.05	 -0.00	  0.64	 -0.23	 -0.41	 -0.00	  0.64	 -0.23	 -0.41	
 -0.00	  0.19	  0.05	 -0.00	  0.19	  0.05	 -0.00	  0.63	 -0.23	 -0.40	 -0.00	  0.63	 -0.23	 -0.40	
  0.00	  0.18	  0.05	  0.00	  0.18	  0.05	  0.00	  0.63	 -0.23	 -0.40	  0.00	  0.63	 -0.23	 -0.40	
  0.00	  0.18	  0.06	  0.00	  0.18	  0.06	  0.00	  0.62	 -0.23	 -0.39	  0.00	  0.62	 -0.23	 -0.39	
  0.00	  0.18	  0.06	  0.00	  0.18	  0.06	  0.00	  0.62	 -0.23	 -0.39	  0.00	  0.62	 -0.23	 -0.39	
  0.00	  0.18	  0.06	  0.00	  0.18	  0.06	  0.00	  0.62	 -0.23	 -0.38	  0.00	  0.62	 -0.23	 -0.38	
  0.00	  0.18	  0.06	  0.00	  0.18	  0.06	  0.00	  0.61	 -0.23	 -0.38	  0.00	  0.61	 -0.23	 -0.38	
  0.00	  0.18	  0.06	  0.00	  0.18	  0.06	  0.00	  0.61	 -0.23	 -0.37	  0.00	  0.61	 -0.23	 -0.37	
  0.00	  0.18	  0.06	  0.00	  0.18	  0.06	  0.00	  0.60	 -0.24	 -0.37	  0.00	  0.60	 -0.24	 -0.37	
  0.00	  0.18	  0.06	  0.00	  0.18	  0.06	  0.00	  0.60	 -0.24	 -0.36	  0.00	  0.60	 -0.24	 -0.36	
  0.00	  0.17	  0.06	  0.00	  0.17	  0.06	  0.00	  0.59	 -0.24	 -0.36	  0.00	  0.59	 -0.24	 -0.36	
  0.00	  0.17	  0.07	  0.00	  0.17	  0.07	  0.00	  0.59	 -0.24	 -0.35	  0.00	  0.59	 -0.24	 -0.35	
  0.00	  0.17	  0.07	  0.00	  0.17	  0.07	  0.00	  0.58	 -0.24	 -0.35	  0.00	  0.58	 -0.24	 -0.35	
  0.00	  0.17	  0.07	  0.00	  0.17	  0.07	  0.00	  0.58	 -0.24	 -0.34	  0.00	  0.58	 -0.24	 -0.34	
  0.00	  0.17	  0.07	  0.00	  0.17	  0.07	  0.00	  0.58	 -0.24	 -0.34	  0.00	  0.58	 -0.24	 -0.34	
  0.00	  0.17	  0.07	  0.00	  0.17	  0.07	  0.00	  0.57	 -0.24	 -0.33	  0.00	  0.57	 -0.24	 -0.33	
  0.00	  0.16	  0.07	  0.00	  0.16	  0.07	  0.00	  0.57	 -0.24	 -0.33	  0.00	  0.57	 -0.24	 -0.33	
  0.00	  0.16	  0.07	  0.00	  0.16	  0.07	  0.00	  0.56	 -0.24	 -0.32	  0.00	  0.56	 -0.24	 -0.32	
  0.00	  0.16	  0.07	  0.00	  0.16	  0.07	  0.00	  0.56	 -0.24	 -0.32	  0.00	  0.56	 -0.24	 -0.32	
  0.00	  0.16	  0.07	  0.00	  0.16	  0.07	  0.00	  0.55	 -0.24	 -0.31	  0.00	  0.55	 -0.24	 -0.31	
  0.00	  0.16	  0.08	  0.00	  0.16	  0.08	  0.00	  0.55	 -0.24	 -0.31	  0.00	  0.55	 -0.24	 -0.31	
  0.00	  0.16	  0.08	  0.00	  0.16	  0.08	  0.00	  0.54	 -0.24	 -0.30	  0.00	  0.54	 -0.24	 -0.30	
  0.00	  0.16	  0.08	  0.00	  0.16	  0.08	  0.00	  0.54	 -0.24	 -0.30	  0.00	  0.54	 -0.24	 -0.30	
  0.00	  0.15	  0.08	  0.00	  0.15	  0.08	  0.00	  0.53	 -0.24	 -0.29	  0.00	  0.53	 -0.24	 -0.29	
  0.00	  0.15	  0.08	  0.00	  0.15	  0.08	  0.00	  0.53	 -0.24	 -0.29	  0.00	  0.53	 -0.24	 -0.29	
  0.00	  0.15	  0.08	  0.00	  0.15	  0.08	  0.00	  0.52	 -0.24	 -0.28	  0.00	  0.52	 -0.24	 -0.28	
  0.00	  0.15	  0.08	  0.00	  0.15	  0.08	  0.00	  0.52	 -0.24	 -0.28	  0.00	  0.52	 -0.24	 -0.28	
  0.00	  0.15	  0.08	  0.00	  0.15	  0.08	  0.00	  0.51	 -0.24	 -0.27	  0.00	  0.51	 -0.24	 -0.27	
  0.00	  0.15	  0.08	  0.00	  0.15	  0.08	  0.00	  0.51	 -0.24	 -0.27	  0.00	  0.51	 -0.24	 -0.27	
  0.00	  0.14	  0.08	  0.00	  0.14	  0.08	  0.00	  0.50	 -0.24	 -0.26	  0.00	  0.50	 -0.24	 -0.26	
  0.00	  0.14	  0.08	  0.00	  0.14	  0.08	  0.00	  0.49	 -0.24	 -0.26	  0.00	  0.49	 -0.24	 -0.26	
  0.00	  0.14	  0.08	  0.00	  0.14	  0.08	  0.00	  0.49	 -0.24	 -0.25	  0.00	  0.49	 -0.24	 -0.25	
  0.00	  0.14	  0.09	  0.00	  0.14	  0.09	  0.00	  0.48	 -0.24	 -0.25	  0.00	  0.48	 -0.24	 -0.25	
  0.00	  0.14	  0.09	  0.00	  0.14	  0.09	  0.00	  0.48	 -0.24	 -0.24	  0.00	  0.48	 -0.24	 -0.24	
  0.00	  0.13	  0.09	  0.00	  0.13	  0.09	  0.00	  0.47	 -0.24	 -0.24	  0.00	  0.47	 -0.24	 -0.24	
  0.00	  0.13	  0.09	  0.00	  0.13	  0.09	  0.00	  0.47	 -0.24	 -0.23	  0.00	  0.47	 -0.24	 -0.23	
  0.00	  0.13	  0.09	  0.00	  0.13	  0.09	  0.00	  0.46	 -0.24	 -0.23	  0.00	  0.46	 -0.24	 -0.23	
  0.00	  0.13	  0.09	  0.00	  0.13	  0.09	  0.00	  0.46	 -0.23	 -0.22	  0.00	  0.46	 -0.23	 -0.22	
  0.00	  0.13	  0.09	  0.00	  0.13	  0.09	  0.00	  0.45	 -0.23	 -0.22	  0.00	  0.45	 -0.23	 -0.22	
  0.00	  0.13	  0.09	  0.00	  0.13	  0.09	  0.00	  0.45	 -0.23	 -0.21	  0.00	  0.45	 -0.23	 -0.21	
  0.00	  0.12	  0.09	  0.00	  0.12	  0.09	  0.00	  0.44	 -0.23	 -0.21	  0.00	  0.44	 -0.23	 -0.21	
  0.00	  0.12	  0.09	  0.00	  0.12	  0.09	  0.00	  0.44	 -0.23	 -0.20	  0.00	  0.44	 -0.23	 -0.20	
  0.00	  0.12	  0.09	  0.00	  0.12	  0.09	  0.00	  0.43	 -0.23	 -0.20	  0.00	  0.43	 -0.23	 -0.20	
  0.00	  0.12	  0.09	  0.00	  0.12	  0.09	  0.00	  0.42	 -0.23	 -0.19	  0.00	  0.42	 -0.23	 -0.19	
  0.00	  0.12	  0.09	  0.00	  0.12	  0.09	  0.00	  0.42	 -0.23	 -0.19	  0.00	  0.42	 -0.23	 -0.19	
  0.00	  0.11	  0.09	  0.00	  0.11	  0.09	  0.00	  0.41	 -0.23	 -0.19	  0.00	  0.41	 -0.23	 -0.19	
  0.00	  0.11	  0.09	  0.00	  0.11	  0.09	  0.00	  0.41	 -0.23	 -0.18	  0.00	  0.41	 -0.23	 -0.18	
  0.00	  0.11	  0.09	  0.00	  0.11	  0.09	  0.00	  0.40	 -0.22	 -0.18	  0.00	  0.40	 -0.22	 -0.18	
  0.00	  0.11	  0.09	  0.00	  0.11	  0.09	  0.00	  0.40	 -0.22	 -0.17	  0.00	  0.40	 -0.22	 -0.17	
  0.00	  0.11	  0.09	  0.00	  0.11	  0.09	  0.00	  0.39	 -0.22	 -0.17	  0.00	  0.39	 -0.22	 -0.17	
  0.00	  0.10	  0.09	  0.00	  0.10	  0.09	  0.00	  0.39	 -0.22	 -0.16	  0.00	  0.39	 -0.22	 -0.16	
  0.00	  0.10	  0.09	  0.00	  0.10	  0.09	  0.00	  0.38	 -0.22	 -0.16	  0.00	  0.38	 -0.22	 -0.16	
  0.00	  0.10	  0.09	  0.00	  0.10	  0.09	  0.00	  0.37	 -0.22	 -0.16	  0.00	  0.37	 -0.22	 -0.16	
  0.00	  0.10	  0.09	  0.00	  0.10	  0.09	  0.00	  0.37	 -0.22	 -0.15	  0.00	  0.37	 -0.22	 -0.15	
  0.00	  0.10	  0.09	  0.00	  0.10	  0.09	  0.00	  0.36	 -0.21	 -0.15	  0.00	  0.36	 -0.21	 -0.15	
  0.00	  0.09	  0.09	  0.00	  0.09	  0.09	  0.00	  0.36	 -0.21	 -0.14	  0.00	  0.36	 -0.21	 -0.14	
  0.00	  0.09	  0.09	  0.00	  0.09	  0.09	  0.00	  0.35	 -0.21	 -0.14	  0.00	  0.35	 -0.21	 -0.14	
  0.00	  0.09	  0.09	  0.00	  0.09	  0.09	  0.00	  0.35	 -0.21	 -0.14	  0.00	  0.35	 -0.21	 -0.14	
  0.00	  0.09	  0.09	  0.00	  0.09	  0.09	  0.00	  0.34	 -0.21	 -0.13	  0.00	  0.34	 -0.21	 -0.13	
  0.00	  0.09	  0.09	  0.00	  0.09	  0.09	  0.00	  0.33	 -0.20	 -0.13	  0.00	  0.33	 -0.20	 -0.13	
  0.00	  0.08	  0.09	  0.00	  0.08	  0.09	  0.00	  0.33	 -0.20	 -0.13	  0.00	  0.33	 -0.20	 -0.13	
  0.00	  0.08	  0.09	  0.00	  0.08	  0.09	  0.00	  0.32	 -0.20	 -0.12	  0.00	  0.32	 -0.20	 -0.12	
  0.00	  0.08	  0.09	  0.00	  0.08	  0.09	  0.00	  0.32	 -0.20	 -0.12	  0.00	  0.32	 -0.20	 -0.12	
  0.00	  0.08	  0.09	  0.00	  0.08	  0.09	  0.00	  0.31	 -0.20	 -0.11	  0.00	  0.31	 -0.20	 -0.11	
  0.00	  0.08	  0.09	  0.00	  0.08	  0.09	  0.00	  0.31	 -0.19	 -0.11	  0.00	  0.31	 -0.19	 -0.11	
  0.00	  0.07	  0.09	  0.00	  0.07	  0.09	  0.00	  0.30	 -0.19	 -0.11	  0.00	  0.30	 -0.19	 -0.11	
  0.00	  0.07	  0.09	  0.00	  0.07	  0.09	  0.00	  0.29	 -0.19	 -0.10	  0.00	  0.29	 -0.19	 -0.10	
  0.00	  0.07	  0.09	  0.00	  0.07	  0.09	  0.00	  0.29	 -0.19	 -0.10	  0.00	  0.29	 -0.19	 -0.10	
  0.00	  0.07	  0.09	  0.00	  0.07	  0.09	  0.00	  0.28	 -0.19	 -0.10	  0.00	  0.28	 -0.19	 -0.10	
  0.00	  0.07	  0.09	  0.00	  0.07	  0.09	  0.00	  0.28	 -0.18	 -0.09	  0.00	  0.28	 -0.18	 -0.09	
  0.00	  0.06	  0.09	  0.00	  0.06	  0.09	  0.00	  0.27	 -0.18	 -0.09	  0.00	  0.27	 -0.18	 -0.09	
  0.00	  0.06	  0.09	  0.00	  0.06	  0.09	  0.00	  0.26	 -0.18	 -0.09	  0.00	  0.26	 -0.18	 -0.09	
  0.00	  0.06	  0.09	  0.00	  0.06	  0.09	  0.00	  0.26	 -0.18	 -0.08	  0.00	  0.26	 -0.18	 -0.08	
  0.00	  0.06	  0.09	  0.00	  0.06	  0.09	  0.00	  0.25	 -0.17	 -0.08	  0.00	  0.25	 -0.17	 -0.08	
  0.00	  0.06	  0.09	  0.00	  0.06	  0.09	  0.00	  0.25	 -0.17	 -0.08	  0.00	  0.25	 -0.17	 -0.08	
  0.00	  0.06	  0.08	  0.00	  0.05	  0.09	  0.00	  0.24	 -0.17	 -0.07	  0.00	  0.24	 -0.17	 -0.07	
  0.00	  0.05	  0.08	  0.00	  0.05	  0.08	  0.00	  0.23	 -0.17	 -0.07	  0.00	  0.24	 -0.16	 -0.07	
  0.00	  0.05	  0.08	  0.00	  0.05	  0.08	  0.00	  0.23	 -0.16	 -0.07	  0.00	  0.23	 -0.16	 -0.07	
  0.00	  0.05	  0.08	  0.00	  0.05	  0.08	  0.00	  0.22	 -0.16	 -0.06	  0.00	  0.23	 -0.15	 -0.07	
  0.00	  0.06	  0.07	  0.00	  0.05	  0.08	  0.00	  0.22	 -0.16	 -0.06	  0.00	  0.22	 -0.15	 -0.07	
  0.00	  0.06	  0.07	  0.00	  0.05	  0.08	  0.00	  0.21	 -0.15	 -0.06	  0.00	  0.22	 -0.14	 -0.08	
  0.00	  0.06	  0.06	  0.00	  0.04	  0.08	  0.00	  0.21	 -0.15	 -0.06	  0.00	  0.21	 -0.13	 -0.08	
  0.00	  0.06	  0.05	  0.00	  0.04	  0.08	  0.00	  0.20	 -0.15	 -0.05	  0.00	  0.21	 -0.13	 -0.08	
  0.00	  0.06	  0.05	  0.00	  0.04	  0.08	  0.00	  0.20	 -0.15	 -0.05	  0.00	  0.20	 -0.12	 -0.08	
 -0.00	  0.06	  0.04	  0.00	  0.04	  0.08	  0.00	  0.19	 -0.14	 -0.05	 -0.00	  0.20	 -0.11	 -0.09	
 -0.00	  0.07	  0.03	  0.00	  0.04	  0.08	  0.00	  0.19	 -0.14	 -0.04	 -0.00	  0.20	 -0.10	 -0.09	
 -0.00	  0.07	  0.02	  0.00	  0.04	  0.08	  0.00	  0.18	 -0.14	 -0.04	 -0.00	  0.19	 -0.10	 -0.10	
 -0.00	  0.07	  0.02	  0.00	  0.03	  0.08	  0.00	  0.18	 -0.14	 -0.04	 -0.00	  0.19	 -0.09	 -0.10	
 -0.00	  0.08	  0.01	  0.00	  0.03	  0.08	  0.00	  0.17	 -0.14	 -0.04	 -0.00	  0.19	 -0.08	 -0.11	
 -0.00	  0.08	 -0.00	  0.00	  0.03	  0.08	  0.00	  0.17	 -0.13	 -0.04	 -0.00	  0.18	 -0.07	 -0.12	
 -0.00	  0.09	 -0.01	  0.00	  0.03	  0.07	  0.00	  0.16	 -0.13	 -0.03	 -0.00	  0.18	 -0.06	 -0.12	
 -0.00	  0.09	 -0.02	  0.00	  0.03	  0.07	  0.00	  0.16	 -0.13	 -0.03	 -0.00	  0.18	 -0.05	 -0.13	
 -0.00	  0.09	 -0.03	  0.00	  0.03	  0.07	  0.00	  0.16	 -0.13	 -0.03	 -0.00	  0.17	 -0.04	 -0.14	
 -0.00	  0.10	 -0.04	  0.00	  0.02	  0.07	  0.00	  0.15	 -0.12	 -0.03	 -0.00	  0.17	 -0.03	 -0.14	
 -0.00	  0.10	 -0.05	  0.00	  0.02	  0.07	  0.00	  0.15	 -0.12	 -0.03	 -0.00	  0.17	 -0.02	 -0.15	
 -0.00	  0.11	 -0.06	  0.00	  0.02	  0.07	  0.00	  0.14	 -0.12	 -0.02	 -0.00	  0.16	 -0.01	 -0.16	
 -0.00	  0.11	 -0.07	  0.00	  0.02	  0.07	  0.00	  0.14	 -0.12	 -0.02	 -0.00	  0.16	  0.00	 -0.17	
 -0.00	  0.12	 -0.09	  0.00	  0.02	  0.07	  0.00	  0.13	 -0.11	 -0.02	 -0.00	  0.16	  0.02	 -0.17	
 -0.00	  0.12	 -0.10	  0.00	  0.02	  0.07	  0.00	  0.13	 -0.11	 -0.02	 -0.00	  0.15	  0.03	 -0.18	
 -0.00	  0.13	 -0.11	  0.00	  0.02	  0.07	  0.00	  0.13	 -0.11	 -0.02	 -0.00	  0.15	  0.04	 -0.19	
 -0.00	  0.13	 -0.12	  0.00	  0.02	  0.07	  0.00	  0.12	 -0.11	 -0.01	 -0.00	  0.15	  0.05	 -0.20	
 -0.00	  0.13	 -0.13	  0.00	  0.01	  0.07	  0.00	  0.12	 -0.11	 -0.01	 -0.00	  0.14	  0.06	 -0.20	
 -0.00	  0.14	 -0.14	  0.00	  0.01	  0.07	  0.00	  0.12	 -0.10	 -0.01	 -0.00	  0.14	  0.07	 -0.21	
 -0.00	  0.14	 -0.15	  0.00	  0.01	  0.06	  0.00	  0.11	 -0.10	 -0.01	 -0.00	  0.14	  0.08	 -0.22	
 -0.00	  0.15	 -0.16	  0.00	  0.01	  0.06	  0.00	  0.11	 -0.10	 -0.01	 -0.00	  0.13	  0.10	 -0.23	
 -0.00	  0.15	 -0.17	  0.00	  0.01	  0.06	  0.00	  0.10	 -0.10	 -0.01	 -0.00	  0.13	  0.11	 -0.23	
 -0.00	  0.16	 -0.19	  0.00	  0.01	  0.06	  0.00	  0.10	 -0.10	 -0.01	 -0.00	  0.12	  0.12	 -0.24	
 -0.00	  0.16	 -0.20	  0.00	  0.01	  0.06	  0.00	  0.10	 -0.09	 -0.00	 -0.00	  0.12	  0.13	 -0.25	
 -0.00	  0.16	 -0.21	  0.00	  0.01	  0.06	  0.00	  0.09	 -0.09	 -0.00	 -0.00	  0.11	  0.14	 -0.26	
 -0.00	  0.17	 -0.22	  0.00	  0.01	  0.06	  0.00	  0.09	 -0.09	 -0.00	 -0.00	  0.11	  0.15	 -0.26	
 -0.00	  0.17	 -0.23	  0.00	  0.01	  0.06	  0.00	  0.09	 -0.09	 -0.00	 -0.00	  0.11	  0.16	 -0.27	
 -0.00	  0.17	 -0.24	  0.00	  0.00	  0.06	  0.00	  0.09	 -0.09	  0.00	 -0.00	  0.10	  0.18	 -0.28	
 -0.00	  0.18	 -0.25	  0.00	  0.00	  0.06	  0.00	  0.08	 -0.08	  0.00	 -0.00	  0.10	  0.19	 -0.28	
 -0.00	  0.18	 -0.26	  0.00	  0.00	  0.06	  0.00	  0.08	 -0.08	  0.00	 -0.00	  0.09	  0.20	 -0.29	
 -0.00	  0.18	 -0.27	  0.00	  0.00	  0.06	  0.00	  0.08	 -0.08	  0.00	 -0.00	  0.08	  0.21	 -0.29	
 -0.00	  0.18	 -0.28	  0.00	  0.00	  0.05	  0.00	  0.07	 -0.08	  0.00	 -0.00	  0.08	  0.22	 -0.30	
 -0.00	  0.18	 -0.29	  0.00	  0.00	  0.05	  0.00	  0.07	 -0.08	  0.01	 -0.00	  0.07	  0.23	 -0.30	
 -0.00	  0.18	 -0.29	  0.00	 -0.00	  0.05	  0.00	  0.07	 -0.07	  0.01	 -0.00	  0.07	  0.24	 -0.31	
 -0.00	  0.19	 -0.30	  0.00	 -0.00	  0.05	  0.00	  0.06	 -0.07	  0.01	 -0.00	  0.06	  0.25	 -0.31	
 -0.00	  0.19	 -0.31	  0.00	 -0.00	  0.05	  0.00	  0.06	 -0.07	  0.01	 -0.00	  0.05	  0.26	 -0.32	
 -0.00	  0.19	 -0.32	  0.00	 -0.00	  0.05	  0.00	  0.06	 -0.07	  0.01	 -0.00	  0.05	  0.27	 -0.32	
 -0.00	  0.19	 -0.33	  0.00	 -0.00	  0.05	  0.00	  0.06	 -0.07	  0.01	 -0.00	  0.04	  0.28	 -0.32	
 -0.00	  0.19	 -0.33	  0.00	 -0.00	  0.05	  0.00	  0.05	 -0.07	  0.01	 -0.00	  0.03	  0.29	 -0.33	
 -0.00	  0.18	 -0.34	  0.00	 -0.00	  0.05	  0.00	  0.05	 -0.06	  0.01	 -0.00	  0.02	  0.30	 -0.33	
 -0.00	  0.18	 -0.35	  0.00	 -0.00	  0.05	  0.00	  0.05	 -0.06	  0.01	 -0.00	  0.02	  0.31	 -0.33	
 -0.00	  0.18	 -0.35	  0.00	 -0.01	  0.05	  0.00	  0.05	 -0.06	  0.01	 -0.00	  0.01	  0.32	 -0.33	
 -0.00	  0.18	 -0.36	  0.00	 -0.01	  0.05	  0.00	  0.05	 -0.06	  0.01	 -0.00	 -0.00	  0.33	 -0.33	
 -0.00	  0.18	 -0.36	  0.00	 -0.01	  0.04	  0.00	  0.04	 -0.06	  0.01	 -0.00	 -0.01	  0.34	 -0.33	
 -0.00	  0.17	 -0.37	  0.00	 -0.01	  0.04	  0.00	  0.04	 -0.06	  0.01	 -0.00	 -0.02	  0.35	 -0.33	
 -0.00	  0.17	 -0.37	  0.00	 -0.01	  0.04	  0.00	  0.04	 -0.05	  0.01	 -0.00	 -0.03	  0.36	 -0.33	
 -0.00	  0.17	 -0.38	  0.00	 -0.01	  0.04	  0.00	  0.04	 -0.05	  0.02	 -0.00	 -0.04	  0.37	 -0.33	
 -0.00	  0.16	 -0.38	  0.00	 -0.01	  0.04	  0.00	  0.04	 -0.05	  0.02	 -0.00	 -0.05	  0.38	 -0.32	
 -0.00	  0.16	 -0.39	  0.00	 -0.01	  0.04	  0.00	  0.03	 -0.05	  0.02	 -0.00	 -0.07	  0.39	 -0.32	
 -0.00	  0.15	 -0.39	  0.00	 -0.01	  0.04	  0.00	  0.03	 -0.05	  0.02	 -0.00	 -0.08	  0.40	 -0.32	
 -0.00	  0.15	 -0.39	  0.00	 -0.01	  0.04	  0.00	  0.03	 -0.05	  0.02	 -0.00	 -0.09	  0.40	 -0.31	
 -0.00	  0.14	 -0.39	  0.00	 -0.01	  0.04	  0.00	  0.03	 -0.04	  0.02	 -0.00	 -0.11	  0.41	 -0.31	
 -0.00	  0.13	 -0.40	  0.00	 -0.01	  0.04	  0.00	  0.03	 -0.04	  0.02	 -0.00	 -0.12	  0.42	 -0.30	
 -0.00	  0.13	 -0.40	  0.00	 -0.01	  0.04	  0.00	  0.02	 -0.04	  0.02	 -0.00	 -0.14	  0.43	 -0.29	
 -0.00	  0.12	 -0.40	  0.00	 -0.01	  0.04	  0.00	  0.02	 -0.04	  0.02	 -0.00	 -0.15	  0.44	 -0.28	
 -0.00	  0.11	 -0.40	  0.00	 -0.01	  0.03	  0.00	  0.02	 -0.04	  0.02	 -0.00	 -0.17	  0.44	 -0.27	
 -0.00	  0.10	 -0.40	  0.00	 -0.01	  0.03	  0.00	  0.02	 -0.04	  0.02	 -0.00	 -0.19	  0.45	 -0.27	
 -0.00	  0.09	 -0.40	  0.00	 -0.01	  0.03	  0.00	  0.02	 -0.04	  0.02	 -0.00	 -0.20	  0.46	 -0.25	
 -0.00	  0.09	 -0.40	  0.00	 -0.01	  0.03	  0.00	  0.02	 -0.04	  0.02	 -0.00	 -0.22	  0.47	 -0.24	
 -0.00	  0.08	 -0.40	  0.00	 -0.01	  0.03	  0.00	  0.02	 -0.03	  0.02	 -0.00	 -0.24	  0.47	 -0.23	
 -0.00	  0.06	 -0.40	  0.00	 -0.01	  0.03	  0.00	  0.01	 -0.03	  0.02	 -0.00	 -0.26	  0.48	 -0.22	
 -0.00	  0.05	 -0.39	  0.00	 -0.01	  0.03	  0.00	  0.01	 -0.03	  0.02	 -0.00	 -0.29	  0.49	 -0.20	
 -0.00	  0.04	 -0.39	  0.00	 -0.01	  0.03	  0.00	  0.01	 -0.03	  0.02	 -0.00	 -0.31	  0.50	 -0.19	
 -0.00	  0.03	 -0.39	  0.00	 -0.01	  0.03	  0.00	  0.01	 -0.03	  0.02	 -0.00	 -0.33	  0.50	 -0.17	
 -0.00	  0.02	 -0.39	  0.00	 -0.01	  0.03	  0.00	  0.01	 -0.03	  0.02	 -0.00	 -0.36	  0.51	 -0.15	
 -0.00	  0.01	 -0.38	  0.00	 -0.01	  0.03	  0.00	  0.01	 -0.03	  0.02	 -0.00	 -0.38	  0.52	 -0.13	
 -0.00	 -0.01	 -0.38	  0.00	 -0.01	  0.03	  0.00	  0.01	 -0.03	  0.02	 -0.00	 -0.41	  0.52	 -0.11	
 -0.00	 -0.02	 -0.38	  0.00	 -0.01	  0.02	  0.00	  0.01	 -0.02	  0.02	 -0.00	 -0.44	  0.53	 -0.09	
 -0.00	 -0.04	 -0.37	  0.00	 -0.01	  0.02	  0.00	  0.01	 -0.02	  0.02	 -0.00	 -0.47	  0.54	 -0.07	
 -0.00	 -0.05	 -0.37	  0.00	 -0.01	  0.02	  0.00	  0.00	 -0.02	  0.02	 -0.00	 -0.50	  0.54	 -0.05	
 -0.00	 -0.06	 -0.36	  0.00	 -0.01	  0.02	  0.00	  0.00	 -0.02	  0.02	 -0.00	 -0.53	  0.55	 -0.02	
 -0.00	 -0.08	 -0.36	  0.00	 -0.01	  0.02	  0.00	  0.00	 -0.02	  0.02	 -0.00	 -0.56	  0.56	  0.01	
 -0.00	 -0.10	 -0.35	  0.00	 -0.01	  0.02	  0.00	  0.00	 -0.02	  0.02	 -0.00	 -0.60	  0.56	  0.04	
 -0.00	 -0.11	 -0.34	  0.00	 -0.01	  0.02	  0.00	  0.00	 -0.02	  0.02	 -0.00	 -0.64	  0.57	  0.07	
 -0.00	 -0.13	 -0.34	  0.00	 -0.01	  0.02	  0.00	  0.00	 -0.02	  0.02	 -0.00	 -0.67	  0.58	  0.10	
 -0.00	 -0.14	 -0.33	  0.00	 -0.01	  0.02	  0.00	  0.00	 -0.02	  0.02	 -0.00	 -0.71	  0.58	  0.13	
 -0.00	 -0.16	 -0.32	  0.00	 -0.01	  0.02	  0.00	 -0.00	 -0.02	  0.02	 -0.00	 -0.75	  0.59	  0.16	
 -0.00	 -0.18	 -0.32	  0.00	 -0.01	  0.02	  0.00	 -0.00	 -0.01	  0.02	 -0.00	 -0.80	  0.60	  0.20	
 -0.00	 -0.20	 -0.31	  0.00	 -0.01	  0.02	  0.00	 -0.00	 -0.01	  0.01	 -0.00	 -0.84	  0.60	  0.24	
 -0.00	 -0.21	 -0.30	  0.00	 -0.01	  0.01	  0.00	 -0.00	 -0.01	  0.01	 -0.00	 -0.89	  0.61	  0.28	
 -0.00	 -0.23	 -0.29	  0.00	 -0.01	  0.01	  0.00	 -0.00	 -0.01	  0.01	 -0.00	 -0.94	  0.61	  0.32	
 -0.00	 -0.25	 -0.28	  0.00	 -0.01	  0.01	  0.00	 -0.00	 -0.01	  0.01	 -0.00	 -0.99	  0.62	  0.37	
 -0.00	 -0.27	 -0.27	  0.00	 -0.01	  0.01	  0.00	 -0.00	 -0.01	  0.01	 -0.00	 -1.04	  0.63	  0.41	
 -0.00	 -0.29	 -0.26	  0.00	 -0.01	  0.01	  0.00	 -0.00	 -0.01	  0.01	 -0.00	 -1.09	  0.63	  0.46	
 -0.00	 -0.31	 -0.25	  0.00	 -0.01	  0.01	  0.00	 -0.00	 -0.01	  0.01	 -0.00	 -1.15	  0.64	  0.51	
 -0.00	 -0.33	 -0.24	  0.00	 -0.01	  0.01	  0.00	 -0.00	 -0.01	  0.01	 -0.00	 -1.21	  0.65	  0.57	
 -0.00	 -0.34	 -0.23	  0.00	 -0.01	  0.01	  0.00	 -0.00	 -0.01	  0.01	 -0.00	 -1.27	  0.65	  0.62	
 -0.00	 -0.36	 -0.22	  0.00	 -0.01	  0.01	  0.00	 -0.00	 -0.01	  0.01	 -0.00	 -1.34	  0.66	  0.68	
 -0.00	 -0.38	 -0.21	  0.00	 -0.01	  0.01	  0.00	 -0.00	 -0.01	  0.01	 -0.00	 -1.40	  0.66	  0.74	
 -0.00	 -0.40	 -0.20	  0.00	 -0.01	  0.01	  0.00	 -0.00	 -0.01	  0.01	 -0.00	 -1.47	  0.67	  0.80	
 -0.00	 -0.42	 -0.19	  0.00	 -0.00	  0.01	  0.00	 -0.00	 -0.00	  0.01	 -0.00	 -1.55	  0.68	  0.87	
 -0.00	 -0.44	 -0.18	  0.00	 -0.00	  0.01	  0.00	 -0.00	 -0.00	  0.01	 -0.00	 -1.62	  0.68	  0.94	
 -0.00	 -0.46	 -0.17	  0.00	 -0.00	  0.00	  0.00	 -0.00	 -0.00	  0.01	 -0.00	 -1.70	  0.69	  1.01	
 -0.00	 -0.48	 -0.16	  0.00	 -0.00	  0.00	  0.00	 -0.00	 -0.00	  0.00	 -0.00	 -1.79	  0.69	  1.09	
 -0.00	 -0.49	 -0.15	  0.00	 -0.00	  0.00	  0.00	 -0.00	 -0.00	  0.00	 -0.00	 -1.87	  0.70	  1.17	
 -0.00	 -0.51	 -0.14	  0.00	 -0.00	  0.00	  0.00	 -0.00	 -0.00	  0.00	 -0.00	 -1.96	  0.71	  1.25	
 -0.00	 -0.53	 -0.13	  0.00	 -0.00	  0.00	  0.00	 -0.00	 -0.00	  0.00	 -0.00	 -2.05	  0.71	  1.34	
 -0.00	 -0.55	 -0.12	  0.00	 -0.00	  0.00	  0.00	  0.00	 -0.00	  0.00	 -0.00	 -2.15	  0.72	  1.43	
  0.00	 -0.56	 -0.11	 -0.00	  0.00	 -0.00	 -0.00	  0.00	  0.00	 -0.00	  0.00	 -2.25	  0.72	  1.53	
  0.00	 -0.58	 -0.09	 -0.00	  0.00	 -0.00	 -0.00	  0.00	  0.00	 -0.00	  0.00	 -2.36	  0.73	  1.63	
  0.00	 -0.60	 -0.08	 -0.00	  0.00	 -0.00	 -0.00	  0.00	  0.00	 -0.00	  0.00	 -2.48	  0.74	  1.74	
  0.00	 -0.62	 -0.07	 -0.00	  0.00	 -0.00	 -0.00	  0.00	  0.00	 -0.00	  0.00	 -2.60	  0.74	  1.86	
  0.00	 -0.64	 -0.06	 -0.00	  0.00	 -0.00	 -0.00	  0.00	  0.00	 -0.00	  0.00	 -2.73	  0.75	  1.98	
  0.00	 -0.66	 -0.05	 -0.00	  0.00	 -0.00	 -0.00	  0.00	  0.00	 -0.01	  0.00	 -2.87	  0.76	  2.11	
  0.00	 -0.68	 -0.03	 -0.00	  0.00	 -0.00	 -0.00	  0.00	  0.00	 -0.01	  0.00	 -3.01	  0.76	  2.25	
  0.00	 -0.69	 -0.02	 -0.00	  0.01	 -0.01	 -0.00	  0.01	  0.00	 -0.01	  0.00	 -3.16	  0.77	  2.39	
  0.00	 -0.71	 -0.01	 -0.00	  0.01	 -0.01	 -0.00	  0.01	  0.00	 -0.01	  0.00	 -3.32	  0.77	  2.55	
  0.00	 -0.73	  0.01	 -0.00	  0.01	 -0.01	 -0.00	  0.01	  0.00	 -0.01	  0.00	 -3.49	  0.78	  2.71	
  0.00	 -0.75	  0.02	 -0.00	  0.01	 -0.01	 -0.00	  0.01	  0.00	 -0.01	  0.00	 -3.67	  0.78	  2.88	
  0.00	 -0.77	  0.03	 -0.00	  0.01	 -0.01	 -0.00	  0.01	  0.00	 -0.01	  0.00	 -3.85	  0.79	  3.06	
  0.00	 -0.79	  0.05	 -0.00	  0.01	 -0.01	 -0.00	  0.01	  0.00	 -0.01	  0.00	 -4.04	  0.79	  3.25	
  0.00	 -0.80	  0.06	 -0.00	  0.01	 -0.01	 -0.00	  0.01	  0.00	 -0.01	  0.00	 -4.24	  0.80	  3.44	
  0.00	 -0.82	  0.08	 -0.00	  0.01	 -0.01	 -0.00	  0.01	  0.00	 -0.02	  0.00	 -4.44	  0.80	  3.65	
  0.00	 -0.84	  0.09	 -0.00	  0.01	 -0.01	 -0.00	  0.01	  0.00	 -0.02	  0.00	 -4.65	  0.80	  3.85	
  0.00	 -0.85	  0.10	 -0.00	  0.01	 -0.01	 -0.00	  0.01	  0.00	 -0.02	  0.00	 -4.87	  0.80	  4.07	
  0.00	 -0.87	  0.12	 -0.00	  0.01	 -0.01	 -0.00	  0.02	  0.00	 -0.02	  0.00	 -5.08	  0.80	  4.28	
  0.00	 -0.88	  0.13	 -0.00	  0.01	 -0.01	 -0.00	  0.02	  0.00	 -0.02	  0.00	 -5.30	  0.79	  4.50	
  0.00	 -0.90	  0.15	 -0.00	  0.02	 -0.01	 -0.00	  0.02	  0.00	 -0.02	  0.00	 -5.51	  0.79	  4.72	
  0.00	 -0.91	  0.16	 -0.00	  0.02	 -0.01	 -0.00	  0.02	  0.00	 -0.02	  0.00	 -5.71	  0.78	  4.93	
  0.00	 -0.92	  0.18	 -0.00	  0.02	 -0.01	 -0.00	  0.02	  0.00	 -0.02	  0.00	 -5.91	  0.77	  5.14	
  0.00	 -0.94	  0.19	 -0.00	  0.02	 -0.01	 -0.00	  0.02	  0.00	 -0.02	  0.00	 -6.08	  0.76	  5.33	
  0.00	 -0.95	  0.21	 -0.00	  0.02	 -0.01	 -0.00	  0.02	  0.00	 -0.03	  0.00	 -6.24	  0.74	  5.50	
  0.00	 -0.96	  0.22	 -0.00	  0.02	 -0.01	 -0.00	  0.03	  0.00	 -0.03	  0.00	 -6.35	  0.71	  5.64	
  0.00	 -0.97	  0.24	 -0.00	  0.02	 -0.01	 -0.00	  0.03	  0.00	 -0.03	  0.00	 -6.43	  0.68	  5.75	
  0.00	 -0.98	  0.25	 -0.00	  0.02	 -0.01	 -0.00	  0.03	  0.00	 -0.03	  0.00	 -6.45	  0.64	  5.81	
  0.00	 -0.98	  0.26	 -0.00	  0.02	 -0.01	 -0.00	  0.03	  0.00	 -0.03	  0.00	 -6.41	  0.59	  5.82	
  0.00	 -0.99	  0.28	 -0.00	  0.02	 -0.01	 -0.00	  0.03	  0.00	 -0.03	  0.00	 -6.29	  0.53	  5.76	
  0.00	 -1.00	  0.29	 -0.00	  0.02	 -0.02	 -0.00	  0.03	  0.00	 -0.03	  0.00	 -6.08	  0.46	  5.62	
  0.00	 -1.00	  0.30	 -0.00	  0.02	 -0.02	 -0.00	  0.03	 -0.00	 -0.03	  0.00	 -5.77	  0.37	  5.40	
  0.00	 -1.01	  0.32	 -0.00	  0.03	 -0.02	 -0.00	  0.04	 -0.00	 -0.04	  0.00	 -5.37	  0.27	  5.09	
  0.00	 -1.01	  0.33	 -0.00	  0.03	 -0.02	 -0.00	  0.04	 -0.00	 -0.04	  0.00	 -4.87	  0.16	  4.71	
  0.00	 -1.01	  0.34	 -0.00	  0.03	 -0.02	 -0.00	  0.04	 -0.00	 -0.04	  0.00	 -4.32	  0.04	  4.28	
  0.00	 -1.01	  0.35	 -0.00	  0.03	 -0.02	 -0.00	  0.04	 -0.00	 -0.04	  0.00	 -3.73	 -0.08	  3.81	
  0.00	 -1.01	  0.36	 -0.00	  0.03	 -0.02	 -0.00	  0.04	 -0.00	 -0.04	  0.00	 -3.15	 -0.20	  3.35	
  0.00	 -1.01	  0.37	 -0.00	  0.03	 -0.02	 -0.00	  0.05	 -0.00	 -0.04	  0.00	 -2.60	 -0.31	  2.91	
  0.00	 -1.01	  0.38	 -0.00	  0.03	 -0.02	 -0.00	  0.05	 -0.00	 -0.04	  0.00	 -2.10	 -0.41	  2.51	
  0.00	 -1.01	  0.39	 -0.00	  0.03	 -0.02	 -0.00	  0.05	 -0.01	 -0.04	  0.00	 -1.67	 -0.49	  2.16	
  0.00	 -1.00	  0.40	 -0.00	  0.03	 -0.02	 -0.00	  0.05	 -0.01	 -0.05	  0.00	 -1.31	 -0.56	  1.87	
  0.00	 -1.00	  0.41	 -0.00	  0.03	 -0.02	 -0.00	  0.05	 -0.01	 -0.05	  0.00	 -1.01	 -0.61	  1.62	
  0.00	 -0.99	  0.42	 -0.00	  0.03	 -0.02	 -0.00	  0.06	 -0.01	 -0.05	  0.00	 -0.76	 -0.66	  1.42	
  0.00	 -0.98	  0.42	 -0.00	  0.04	 -0.02	 -0.00	  0.06	 -0.01	 -0.05	  0.00	 -0.55	 -0.69	  1.25	
  0.00	 -0.98	  0.43	 -0.00	  0.04	 -0.02	 -0.00	  0.06	 -0.01	 -0.05	  0.00	 -0.38	 -0.72	  1.11	
  0.00	 -0.97	  0.43	 -0.00	  0.04	 -0.02	 -0.00	  0.06	 -0.01	 -0.05	  0.00	 -0.25	 -0.74	  0.99	
  0.00	 -0.96	  0.44	 -0.00	  0.04	 -0.02	 -0.00	  0.06	 -0.01	 -0.05	  0.00	 -0.13	 -0.76	  0.89	
  0.00	 -0.95	  0.44	 -0.00	  0.04	 -0.02	 -0.00	  0.07	 -0.01	 -0.05	  0.00	 -0.04	 -0.77	  0.81	
  0.00	 -0.94	  0.45	 -0.00	  0.04	 -0.02	 -0.00	  0.07	 -0.01	 -0.06	  0.00	  0.04	 -0.78	  0.74	
  0.00	 -0.93	  0.45	 -0.00	  0.04	 -0.02	 -0.00	  0.07	 -0.01	 -0.06	  0.00	  0.10	 -0.78	  0.69	
  0.00	 -0.91	  0.45	 -0.00	  0.04	 -0.02	 -0.00	  0.07	 -0.02	 -0.06	  0.00	  0.15	 -0.79	  0.64	
  0.00	 -0.90	  0.46	 -0.00	  0.04	 -0.02	 -0.00	  0.08	 -0.02	 -0.06	  0.00	  0.19	 -0.79	  0.59	
  0.00	 -0.89	  0.46	 -0.00	  0.04	 -0.02	 -0.00	  0.08	 -0.02	 -0.06	  0.00	  0.23	 -0.78	  0.55	
  0.00	 -0.87	  0.46	 -0.00	  0.05	 -0.02	 -0.00	  0.08	 -0.02	 -0.06	  0.00	  0.26	 -0.78	  0.52	
  0.00	 -0.86	  0.46	 -0.00	  0.05	 -0.01	 -0.00	  0.08	 -0.02	 -0.06	  0.00	  0.28	 -0.77	  0.49	
  0.00	 -0.84	  0.46	 -0.00	  0.05	 -0.01	 -0.00	  0.09	 -0.02	 -0.06	  0.00	  0.30	 -0.77	  0.46	
  0.00	 -0.83	  0.45	 -0.00	  0.05	 -0.01	 -0.00	  0.09	 -0.02	 -0.07	  0.00	  0.32	 -0.76	  0.44	
  0.00	 -0.81	  0.45	 -0.00	  0.05	 -0.01	 -0.00	  0.09	 -0.02	 -0.07	  0.00	  0.33	 -0.75	  0.42	
  0.00	 -0.79	  0.45	 -0.00	  0.05	 -0.01	 -0.00	  0.09	 -0.03	 -0.07	  0.00	  0.34	 -0.74	  0.40	
  0.00	 -0.77	  0.44	 -0.00	  0.05	 -0.01	 -0.00	  0.10	 -0.03	 -0.07	  0.00	  0.35	 -0.73	  0.38	
  0.00	 -0.75	  0.44	 -0.00	  0.05	 -0.01	 -0.00	  0.10	 -0.03	 -0.07	  0.00	  0.35	 -0.71	  0.36	
  0.00	 -0.73	  0.43	 -0.00	  0.05	 -0.01	 -0.00	  0.10	 -0.03	 -0.07	  0.00	  0.36	 -0.70	  0.34	
  0.00	 -0.71	  0.43	 -0.00	  0.05	 -0.01	 -0.00	  0.10	 -0.03	 -0.07	  0.00	  0.36	 -0.68	  0.33	
  0.00	 -0.69	  0.42	 -0.00	  0.06	 -0.01	 -0.00	  0.11	 -0.03	 -0.07	  0.00	  0.36	 -0.67	  0.31	
  0.00	 -0.67	  0.41	 -0.00	  0.06	 -0.01	 -0.00	  0.11	 -0.03	 -0.08	  0.00	  0.35	 -0.65	  0.30	
  0.00	 -0.65	  0.41	 -0.00	  0.06	 -0.01	 -0.00	  0.11	 -0.04	 -0.08	  0.00	  0.35	 -0.64	  0.28	
  0.00	 -0.63	  0.40	 -0.00	  0.06	 -0.01	 -0.00	  0.12	 -0.04	 -0.08	  0.00	  0.35	 -0.62	  0.27	
  0.00	 -0.61	  0.39	 -0.00	  0.06	 -0.01	 -0.00	  0.12	 -0.04	 -0.08	  0.00	  0.34	 -0.60	  0.26	
  0.00	 -0.59	  0.38	 -0.00	  0.06	 -0.01	 -0.00	  0.12	 -0.04	 -0.08	  0.00	  0.34	 -0.58	  0.24	
  0.00	 -0.57	  0.37	 -0.00	  0.06	 -0.01	 -0.00	  0.12	 -0.04	 -0.08	  0.00	  0.33	 -0.56	  0.23	
  0.00	 -0.54	  0.36	 -0.00	  0.06	 -0.01	 -0.00	  0.13	 -0.04	 -0.08	  0.00	  0.32	 -0.54	  0.22	
  0.00	 -0.52	  0.35	 -0.00	  0.06	 -0.01	 -0.00	  0.13	 -0.05	 -0.08	  0.00	  0.32	 -0.52	  0.21	
  0.00	 -0.50	  0.33	 -0.00	  0.07	 -0.01	 -0.00	  0.13	 -0.05	 -0.09	  0.00	  0.31	 -0.50	  0.19	
  0.00	 -0.47	  0.32	 -0.00	  0.07	 -0.01	 -0.00	  0.14	 -0.05	 -0.09	  0.00	  0.30	 -0.48	  0.18	
  0.00	 -0.45	  0.31	 -0.00	  0.07	 -0.01	 -0.00	  0.14	 -0.05	 -0.09	  0.00	  0.29	 -0.46	  0.17	
  0.00	 -0.43	  0.30	 -0.00	  0.07	 -0.01	 -0.00	  0.14	 -0.05	 -0.09	  0.00	  0.28	 -0.44	  0.16	
  0.00	 -0.40	  0.28	 -0.00	  0.07	 -0.00	 -0.00	  0.15	 -0.06	 -0.09	  0.00	  0.27	 -0.42	  0.15	
  0.00	 -0.38	  0.27	 -0.00	  0.07	 -0.00	 -0.00	  0.15	 -0.06	 -0.09	  0.00	  0.26	 -0.39	  0.13	
  0.00	 -0.36	  0.25	 -0.00	  0.07	 -0.00	 -0.00	  0.15	 -0.06	 -0.09	  0.00	  0.25	 -0.37	  0.12	
  0.00	 -0.33	  0.24	 -0.00	  0.07	 -0.00	 -0.00	  0.16	 -0.06	 -0.09	  0.00	  0.24	 -0.35	  0.11	
  0.00	 -0.31	  0.23	 -0.00	  0.07	 -0.00	 -0.00	  0.16	 -0.06	 -0.09	  0.00	  0.23	 -0.33	  0.10	
  0.00	 -0.29	  0.21	 -0.00	  0.07	 -0.00	 -0.00	  0.16	 -0.07	 -0.10	  0.00	  0.22	 -0.30	  0.09	
  0.00	 -0.26	  0.20	 -0.00	  0.08	  0.00	 -0.00	  0.17	 -0.07	 -0.10	  0.00	  0.21	 -0.28	  0.07	
  0.00	 -0.24	  0.18	 -0.00	  0.08	  0.00	 -0.00	  0.17	 -0.07	 -0.10	  0.00	  0.19	 -0.26	  0.06	
  0.00	 -0.22	  0.17	 -0.00	  0.08	  0.00	 -0.00	  0.17	 -0.07	 -0.10	  0.00	  0.18	 -0.23	  0.05	
  0.00	 -0.19	  0.15	 -0.00	  0.08	  0.00	 -0.00	  0.18	 -0.08	 -0.10	  0.00	  0.17	 -0.21	  0.04	
  0.00	 -0.17	  0.14	 -0.00	  0.08	  0.00	 -0.00	  0.18	 -0.08	 -0.10	  0.00	  0.16	 -0.19	  0.03	
  0.00	 -0.15	  0.12	 -0.00	  0.08	  0.01	 -0.00	  0.18	 -0.08	 -0.10	  0.00	  0.15	 -0.17	  0.02	
  0.00	 -0.13	  0.11	 -0.00	  0.08	  0.01	 -0.00	  0.19	 -0.08	 -0.10	  0.00	  0.14	 -0.15	  0.01	
  0.00	 -0.11	  0.09	 -0.00	  0.08	  0.01	 -0.00	  0.19	 -0.09	 -0.10	  0.00	  0.13	 -0.12	 -0.01	
  0.00	 -0.09	  0.08	 -0.00	  0.08	  0.01	 -0.00	  0.19	 -0.09	 -0.10	  0.00	  0.12	 -0.10	 -0.02	
  0.00	 -0.07	  0.07	 -0.00	  0.09	  0.01	 -0.00	  0.20	 -0.09	 -0.11	  0.00	  0.11	 -0.08	 -0.03	
  0.00	 -0.05	  0.05	 -0.00	  0.09	  0.01	 -0.00	  0.20	 -0.09	 -0.11	  0.00	  0.10	 -0.06	 -0.04	
  0.00	 -0.03	  0.04	 -0.00	  0.09	  0.01	 -0.00	  0.20	 -0.10	 -0.11	  0.00	  0.09	 -0.04	 -0.05	
  0.00	 -0.01	  0.03	 -0.00	  0.09	  0.01	 -0.00	  0.21	 -0.10	 -0.11	  0.00	  0.08	 -0.02	 -0.06	
  0.00	  0.01	  0.01	 -0.00	  0.09	  0.01	 -0.00	  0.21	 -0.10	 -0.11	  0.00	  0.08	 -0.01	 -0.07	
  0.00	  0.03	  0.00	 -0.00	  0.09	  0.02	 -0.00	  0.21	 -0.10	 -0.11	  0.00	  0.07	  0.01	 -0.08	
  0.00	  0.05	 -0.01	 -0.00	  0.09	  0.02	 -0.00	  0.22	 -0.11	 -0.11	  0.00	  0.06	  0.03	 -0.09	
 -0.00	  0.06	 -0.02	 -0.00	  0.09	  0.02	 -0.00	  0.22	 -0.11	 -0.11	 -0.00	  0.06	  0.04	 -0.10	
 -0.00	  0.08	 -0.03	 -0.00	  0.09	  0.02	 -0.00	  0.22	 -0.11	 -0.11	 -0.00	  0.05	  0.06	 -0.11	
 -0.00	  0.09	 -0.04	 -0.00	  0.10	  0.02	 -0.00	  0.23	 -0.12	 -0.11	 -0.00	  0.05	  0.07	 -0.12	
 -0.00	  0.10	 -0.05	 -0.00	  0.10	  0.02	 -0.00	  0.23	 -0.12	 -0.11	 -0.00	  0.04	  0.08	 -0.13	
 -0.00	  0.12	 -0.06	 -0.00	  0.10	  0.02	 -0.00	  0.24	 -0.12	 -0.11	 -0.00	  0.04	  0.10	 -0.14	
 -0.00	  0.13	 -0.06	 -0.00	  0.10	  0.02	 -0.00	  0.24	 -0.12	 -0.12	 -0.00	  0.04	  0.11	 -0.14	
 -0.00	  0.14	 -0.07	 -0.00	  0.10	  0.03	 -0.00	  0.24	 -0.13	 -0.12	 -0.00	  0.04	  0.11	 -0.15	
 -0.00	  0.15	 -0.07	 -0.00	  0.10	  0.03	 -0.00	  0.25	 -0.13	 -0.12	 -0.00	  0.04	  0.12	 -0.16	
 -0.00	  0.15	 -0.08	 -0.00	  0.10	  0.03	 -0.00	  0.25	 -0.13	 -0.12	 -0.00	  0.04	  0.13	 -0.17	
 -0.00	  0.16	 -0.08	 -0.00	  0.10	  0.03	 -0.00	  0.25	 -0.14	 -0.12	 -0.00	  0.04	  0.13	 -0.17	
 -0.00	  0.16	 -0.08	 -0.00	  0.10	  0.03	 -0.00	  0.26	 -0.14	 -0.12	 -0.00	  0.04	  0.14	 -0.18	
 -0.00	  0.17	 -0.08	 -0.00	  0.10	  0.03	 -0.00	  0.26	 -0.14	 -0.12	 -0.00	  0.05	  0.14	 -0.19	
 -0.00	  0.17	 -0.08	 -0.00	  0.11	  0.03	 -0.00	  0.27	 -0.15	 -0.12	 -0.00	  0.05	  0.14	 -0.19	
 -0.00	  0.17	 -0.08	 -0.00	  0.11	  0.04	 -0.00	  0.27	 -0.15	 -0.12	 -0.00	  0.06	  0.14	 -0.20	
 -0.00	  0.17	 -0.08	 -0.00	  0.11	  0.04	 -0.00	  0.27	 -0.15	 -0.12	 -0.00	  0.06	  0.14	 -0.20	
 -0.00	  0.18	 -0.08	 -0.00	  0.11	  0.04	 -0.00	  0.28	 -0.16	 -0.12	 -0.00	  0.07	  0.14	 -0.21	
 -0.00	  0.18	 -0.08	 -0.00	  0.11	  0.04	 -0.00	  0.28	 -0.16	 -0.12	 -0.00	  0.07	  0.14	 -0.21	
 -0.00	  0.18	 -0.09	 -0.00	  0.11	  0.04	 -0.00	  0.28	 -0.16	 -0.12	 -0.00	  0.08	  0.15	 -0.22	
 -0.00	  0.18	 -0.09	 -0.00	  0.11	  0.04	 -0.00	  0.29	 -0.16	 -0.12	 -0.00	  0.08	  0.15	 -0.23	
 -0.00	  0.19	 -0.09	 -0.00	  0.11	  0.05	 -0.00	  0.29	 -0.17	 -0.12	 -0.00	  0.09	  0.15	 -0.23	
 -0.00	  0.19	 -0.09	 -0.00	  0.11	  0.05	 -0.00	  0.29	 -0.17	 -0.12	 -0.00	  0.09	  0.15	 -0.24	
 -0.00	  0.19	 -0.09	 -0.00	  0.11	  0.05	 -0.00	  0.29	 -0.17	 -0.12	 -0.00	  0.10	  0.15	 -0.25	
 -0.00	  0.19	 -0.09	 -0.00	  0.11	  0.05	 -0.00	  0.30	 -0.18	 -0.12	 -0.00	  0.10	  0.15	 -0.25	
 -0.00	  0.20	 -0.09	 -0.00	  0.11	  0.05	 -0.00	  0.30	 -0.18	 -0.12	 -0.00	  0.11	  0.15	 -0.26	
 -0.00	  0.20	 -0.09	 -0.00	  0.11	  0.05	 -0.00	  0.30	 -0.18	 -0.12	 -0.00	  0.11	  0.15	 -0.26	
 -0.00	  0.20	 -0.09	 -0.00	  0.11	  0.06	 -0.00	  0.30	 -0.18	 -0.12	 -0.00	  0.12	  0.15	 -0.27	
 -0.00	  0.20	 -0.09	 -0.00	  0.12	  0.06	 -0.00	  0.31	 -0.19	 -0.12	 -0.00	  0.12	  0.15	 -0.28	
 -0.00	  0.21	 -0.09	 -0.00	  0.12	  0.06	 -0.00	  0.31	 -0.19	 -0.12	 -0.00	  0.13	  0.15	 -0.28	
 -0.00	  0.21	 -0.09	 -0.00	  0.12	  0.06	 -0.00	  0.31	 -0.19	 -0.12	 -0.00	  0.14	  0.15	 -0.29	
 -0.00	  0.21	 -0.09	 -0.00	  0.12	  0.06	 -0.00	  0.31	 -0.20	 -0.12	 -0.00	  0.14	  0.15	 -0.30	
 -0.00	  0.21	 -0.09	 -0.00	  0.12	  0.06	 -0.00	  0.31	 -0.20	 -0.12	 -0.00	  0.15	  0.15	 -0.30	
 -0.00	  0.21	 -0.09	 -0.00	  0.12	  0.07	 -0.00	  0.32	 -0.20	 -0.12	 -0.00	  0.16	  0.15	 -0.31	
 -0.00	  0.22	 -0.09	 -0.00	  0.12	  0.07	 -0.00	  0.32	 -0.20	 -0.12	 -0.00	  0.16	  0.15	 -0.32	
 -0.00	  0.22	 -0.09	 -0.00	  0.12	  0.07	 -0.00	  0.32	 -0.21	 -0.12	 -0.00	  0.17	  0.15	 -0.32	
 -0.00	  0.22	 -0.09	 -0.00	  0.12	  0.07	 -0.00	  0.32	 -0.21	 -0.11	 -0.00	  0.18	  0.15	 -0.33	
 -0.00	  0.22	 -0.09	 -0.00	  0.12	  0.07	 -0.00	  0.32	 -0.21	 -0.11	 -0.00	  0.18	  0.15	 -0.34	
 -0.00	  0.22	 -0.09	 -0.00	  0.12	  0.07	 -0.00	  0.33	 -0.21	 -0.11	 -0.00	  0.19	  0.15	 -0.34	
 -0.00	  0.22	 -0.09	 -0.00	  0.12	  0.07	 -0.00	  0.33	 -0.22	 -0.11	 -0.00	  0.20	  0.15	 -0.35	
 -0.00	  0.23	 -0.09	 -0.00	  0.12	  0.08	 -0.00	  0.33	 -0.22	 -0.11	 -0.00	  0.21	  0.15	 -0.36	
 -0.00	  0.23	 -0.09	 -0.00	  0.12	  0.08	 -0.00	  0.33	 -0.22	 -0.11	 -0.00	  0.21	  0.15	 -0.37	
 -0.00	  0.23	 -0.08	 -0.00	  0.12	  0.08	 -0.00	  0.33	 -0.22	 -0.11	 -0.00	  0.22	  0.15	 -0.37	
 -0.00	  0.23	 -0.08	 -0.00	  0.12	  0.08	 -0.00	  0.33	 -0.22	 -0.11	 -0.00	  0.23	  0.15	 -0.38	
 -0.00	  0.23	 -0.08	 -0.00	  0.12	  0.08	 -0.00	  0.33	 -0.23	 -0.11	 -0.00	  0.24	  0.15	 -0.39	
 -0.00	  0.23	 -0.08	 -0.00	  0.12	  0.08	 -0.00	  0.33	 -0.23	 -0.11	 -0.00	  0.24	  0.15	 -0.39	
 -0.00	  0.23	 -0.08	 -0.00	  0.12	  0.09	 -0.00	  0.33	 -0.23	 -0.10	 -0.00	  0.25	  0.15	 -0.40	
 -0.00	  0.24	 -0.08	 -0.00	  0.12	  0.09	 -0.00	  0.34	 -0.23	 -0.10	 -0.00	  0.26	  0.15	 -0.41	
 -0.00	  0.24	 -0.08	 -0.00	  0.12	  0.09	 -0.00	  0.34	 -0.23	 -0.10	 -0.00	  0.27	  0.15	 -0.42	
 -0.00	  0.24	 -0.08	 -0.00	  0.12	  0.09	 -0.00	  0.34	 -0.24	 -0.10	 -0.00	  0.28	  0.15	 -0.42	
 -0.00	  0.24	 -0.08	 -0.00	  0.12	  0.09	 -0.00	  0.34	 -0.24	 -0.10	 -0.00	  0.29	  0.14	 -0.43	
 -0.00	  0.24	 -0.08	 -0.00	  0.12	  0.09	 -0.00	  0.34	 -0.24	 -0.10	 -0.00	  0.30	  0.14	 -0.44	
 -0.00	  0.24	 -0.08	 -0.00	  0.11	  0.10	 -0.00	  0.34	 -0.24	 -0.10	 -0.00	  0.31	  0.14	 -0.45	
 -0.00	  0.24	 -0.08	 -0.00	  0.11	  0.10	 -0.00	  0.34	 -0.24	 -0.09	 -0.00	  0.31	  0.14	 -0.46	
 -0.00	  0.24	 -0.08	 -0.00	  0.11	  0.10	 -0.00	  0.34	 -0.25	 -0.09	 -0.00	  0.32	  0.14	 -0.46	
 -0.00	  0.24	 -0.08	 -0.00	  0.11	  0.10	 -0.00	  0.34	 -0.25	 -0.09	 -0.00	  0.33	  0.14	 -0.47	
 -0.00	  0.25	 -0.08	 -0.00	  0.11	  0.10	 -0.00	  0.34	 -0.25	 -0.09	 -0.00	  0.34	  0.14	 -0.48	
 -0.00	  0.25	 -0.08	 -0.00	  0.11	  0.10	 -0.00	  0.34	 -0.25	 -0.09	 -0.00	  0.35	  0.13	 -0.49	
 -0.00	  0.25	 -0.08	 -0.00	  0.11	  0.10	 -0.00	  0.34	 -0.25	 -0.09	 -0.00	  0.36	  0.13	 -0.50	
 -0.00	  0.25	 -0.07	 -0.00	  0.11	  0.11	 -0.00	  0.34	 -0.26	 -0.09	 -0.00	  0.37	  0.13	 -0.50	
 -0.00	  0.25	 -0.07	 -0.00	  0.11	  0.11	 -0.00	  0.34	 -0.26	 -0.08	 -0.00	  0.38	  0.13	 -0.51	
 -0.00	  0.25	 -0.07	 -0.00	  0.11	  0.11	 -0.00	  0.34	 -0.26	 -0.08	 -0.00	  0.39	  0.13	 -0.52	
 -0.00	  0.25	 -0.07	 -0.00	  0.11	  0.11	 -0.00	  0.34	 -0.26	 -0.08	 -0.00	  0.40	  0.12	 -0.53	
 -0.00	  0.25	 -0.07	 -0.00	  0.11	  0.11	 -0.00	  0.34	 -0.26	 -0.08	 -0.00	  0.41	  0.12	 -0.54	
 -0.00	  0.25	 -0.07	 -0.00	  0.11	  0.11	 -0.00	  0.34	 -0.26	 -0.08	 -0.00	  0.42	  0.12	 -0.54	
 -0.00	  0.25	 -0.07	 -0.00	  0.11	  0.11	 -0.00	  0.34	 -0.26	 -0.07	 -0.00	  0.44	  0.12	 -0.55	
 -0.00	  0.25	 -0.07	 -0.00	  0.11	  0.12	 -0.00	  0.34	 -0.27	 -0.07	 -0.00	  0.45	  0.12	 -0.56	
 -0.00	  0.25	 -0.07	 -0.00	  0.10	  0.12	 -0.00	  0.34	 -0.27	 -0.07	 -0.00	  0.46	  0.11	 -0.57	
 -0.00	  0.25	 -0.07	 -0.00	  0.10	  0.12	 -0.00	  0.34	 -0.27	 -0.07	 -0.00	  0.47	  0.11	 -0.58	
 -0.00	  0.25	 -0.06	 -0.00	  0.10	  0.12	 -0.00	  0.34	 -0.27	 -0.07	 -0.00	  0.48	  0.11	 -0.59	
 -0.00	  0.25	 -0.06	 -0.00	  0.10	  0.12	 -0.00	  0.34	 -0.27	 -0.07	 -0.00	  0.49	  0.10	 -0.59	
 -0.00	  0.25	 -0.06	 -0.00	  0.10	  0.12	 -0.00	  0.34	 -0.27	 -0.06	 -0.00	  0.50	  0.10	 -0.60	
 -0.00	  0.25	 -0.06	 -0.00	  0.10	  0.12	 -0.00	  0.34	 -0.27	 -0.06	 -0.00	  0.51	  0.10	 -0.61	
 -0.00	  0.25	 -0.06	 -0.00	  0.10	  0.13	 -0.00	  0.33	 -0.27	 -0.06	 -0.00	  0.52	  0.10	 -0.62	
 -0.00	  0.25	 -0.06	 -0.00	  0.10	  0.13	 -0.00	  0.33	 -0.28	 -0.06	 -0.00	  0.53	  0.09	 -0.63	
 -0.00	  0.25	 -0.06	 -0.00	  0.10	  0.13	 -0.00	  0.33	 -0.28	 -0.06	 -0.00	  0.54	  0.09	 -0.64	
 -0.00	  0.25	 -0.06	 -0.00	  0.10	  0.13	 -0.00	  0.33	 -0.28	 -0.05	 -0.00	  0.56	  0.09	 -0.64	
 -0.00	  0.25	 -0.06	 -0.00	  0.09	  0.13	 -0.00	  0.33	 -0.28	 -0.05	 -0.00	  0.57	  0.08	 -0.65	
 -0.00	  0.25	 -0.05	 -0.00	  0.09	  0.13	 -0.00	  0.33	 -0.28	 -0.05	 -0.00	  0.58	  0.08	 -0.66	
 -0.00	  0.25	 -0.05	 -0.00	  0.09	  0.13	 -0.00	  0.33	 -0.28	 -0.05	 -0.00	  0.59	  0.08	 -0.67	
 -0.00	  0.25	 -0.05	 -0.00	  0.09	  0.14	 -0.00	  0.33	 -0.28	 -0.05	 -0.00	  0.60	  0.07	 -0.67	
 -0.00	  0.25	 -0.05	 -0.00	  0.09	  0.14	 -0.00	  0.33	 -0.28	 -0.04	 -0.00	  0.61	  0.07	 -0.68	
 -0.00	  0.25	 -0.05	 -0.00	  0.09	  0.14	 -0.00	  0.33	 -0.28	 -0.04	 -0.00	  0.62	  0.07	 -0.69	
 -0.00	  0.25	 -0.05	 -0.00	  0.09	  0.14	 -0.00	  0.32	 -0.28	 -0.04	 -0.00	  0.63	  0.06	 -0.70	
 -0.00	  0.25	 -0.05	 -0.00	  0.09	  0.14	 -0.00	  0.32	 -0.28	 -0.04	 -0.00	  0.64	  0.06	 -0.70	
  0.00	  0.25	 -0.04	  0.00	  0.08	  0.14	  0.00	  0.32	 -0.28	 -0.04	  0.00	  0.66	  0.06	 -0.71	
  0.00	  0.25	 -0.04	  0.00	  0.08	  0.14	  0.00	  0.32	 -0.29	 -0.03	  0.00	  0.67	  0.05	 -0.72	
  0.00	  0.25	 -0.04	  0.00	  0.08	  0.14	  0.00	  0.32	 -0.29	 -0.03	  0.00	  0.68	  0.05	 -0.72	
  0.00	  0.25	 -0.04	  0.00	  0.08	  0.15	  0.00	  0.32	 -0.29	 -0.03	  0.00	  0.69	  0.05	 -0.73	
  0.00	  0.25	 -0.04	  0.00	  0.08	  0.15	  0.00	  0.32	 -0.29	 -0.03	  0.00	  0.70	  0.04	 -0.74	
  0.00	  0.25	 -0.04	  0.00	  0.08	  0.15	  0.00	  0.31	 -0.29	 -0.03	  0.00	  0.71	  0.04	 -0.74	
  0.00	  0.24	 -0.04	  0.00	  0.08	  0.15	  0.00	  0.31	 -0.29	 -0.02	  0.00	  0.72	  0.03	 -0.75	
  0.00	  0.24	 -0.04	  0.00	  0.07	  0.15	  0.00	  0.31	 -0.29	 -0.02	  0.00	  0.72	  0.03	 -0.75	
  0.00	  0.24	 -0.03	  0.00	  0.07	  0.15	  0.00	  0.31	 -0.29	 -0.02	  0.00	  0.73	  0.03	 -0.76	
  0.00	  0.24	 -0.03	  0.00	  0.07	  0.15	  0.00	  0.31	 -0.29	 -0.02	  0.00	  0.74	  0.02	 -0.77	
  0.00	  0.24	 -0.03	  0.00	  0.07	  0.15	  0.00	  0.31	 -0.29	 -0.02	  0.00	  0.75	  0.02	 -0.77	
  0.00	  0.24	 -0.03	  0.00	  0.07	  0.15	  0.00	  0.30	 -0.29	 -0.02	  0.00	  0.76	  0.02	 -0.77	
  0.00	  0.24	 -0.03	  0.00	  0.07	  0.15	  0.00	  0.30	 -0.29	 -0.01	  0.00	  0.77	  0.01	 -0.78	
  0.00	  0.24	 -0.03	  0.00	  0.07	  0.15	  0.00	  0.30	 -0.29	 -0.01	  0.00	  0.77	  0.01	 -0.78	
  0.00	  0.24	 -0.03	  0.00	  0.06	  0.16	  0.00	  0.30	 -0.29	 -0.01	  0.00	  0.78	  0.00	 -0.79	
  0.00	  0.24	 -0.02	  0.00	  0.06	  0.16	  0.00	  0.30	 -0.29	 -0.01	  0.00	  0.79	  0.00	 -0.79	
  0.00	  0.23	 -0.02	  0.00	  0.06	  0.16	  0.00	  0.29	 -0.29	 -0.01	  0.00	  0.79	 -0.00	 -0.79	
  0.00	  0.23	 -0.02	  0.00	  0.06	  0.16	  0.00	  0.29	 -0.29	 -0.01	  0.00	  0.80	 -0.01	 -0.79	
  0.00	  0.23	 -0.02	  0.00	  0.06	  0.16	  0.00	  0.29	 -0.29	 -0.00	  0.00	  0.81	 -0.01	 -0.80	
  0.00	  0.23	 -0.02	  0.00	  0.06	  0.16	  0.00	  0.29	 -0.29	 -0.00	  0.00	  0.81	 -0.01	 -0.80	
  0.00	  0.23	 -0.02	  0.00	  0.06	  0.16	  0.00	  0.29	 -0.29	 -0.00	  0.00	  0.82	 -0.02	 -0.80	
  0.00	  0.23	 -0.02	  0.00	  0.06	  0.16	  0.00	  0.29	 -0.29	  0.00	  0.00	  0.82	 -0.02	 -0.80	
  0.00	  0.23	 -0.02	  0.00	  0.05	  0.16	  0.00	  0.28	 -0.29	  0.00	  0.00	  0.83	 -0.02	 -0.80	
  0.00	  0.22	 -0.01	  0.00	  0.05	  0.16	  0.00	  0.28	 -0.29	  0.00	  0.00	  0.83	 -0.03	 -0.80	
  0.00	  0.22	 -0.01	  0.00	  0.05	  0.16	  0.00	  0.28	 -0.28	  0.01	  0.00	  0.83	 -0.03	 -0.80	
  0.00	  0.22	 -0.01	  0.00	  0.05	  0.16	  0.00	  0.28	 -0.28	  0.01	  0.00	  0.84	 -0.03	 -0.80	
  0.00	  0.22	 -0.01	  0.00	  0.05	  0.16	  0.00	  0.27	 -0.28	  0.01	  0.00	  0.84	 -0.04	 -0.80	
  0.00	  0.22	 -0.01	  0.00	  0.05	  0.16	  0.00	  0.27	 -0.28	  0.01	  0.00	  0.84	 -0.04	 -0.80	
  0.00	  0.22	 -0.01	  0.00	  0.05	  0.16	  0.00	  0.27	 -0.28	  0.01	  0.00	  0.84	 -0.04	 -0.80	
  0.00	  0.22	 -0.01	  0.00	  0.04	  0.16	  0.00	  0.27	 -0.28	  0.01	  0.00	  0.85	 -0.04	 -0.80	
  0.00	  0.21	 -0.01	  0.00	  0.04	  0.16	  0.00	  0.27	 -0.28	  0.01	  0.00	  0.85	 -0.05	 -0.80	
  0.00	  0.21	 -0.00	  0.00	  0.04	  0.16	  0.00	  0.26	 -0.28	  0.02	  0.00	  0.85	 -0.05	 -0.80	
  0.00	  0.21	 -0.00	  0.00	  0.04	  0.16	  0.00	  0.26	 -0.28	  0.02	  0.00	  0.85	 -0.05	 -0.79	
  0.00	  0.21	 -0.00	  0.00	  0.04	  0.16	  0.00	  0.26	 -0.28	  0.02	  0.00	  0.85	 -0.06	 -0.79	
  0.00	  0.21	 -0.00	  0.00	  0.04	  0.16	  0.00	  0.26	 -0.28	  0.02	  0.00	  0.85	 -0.06	 -0.79	
  0.00	  0.20	  0.00	  0.00	  0.04	  0.16	  0.00	  0.25	 -0.27	  0.02	  0.00	  0.85	 -0.06	 -0.79	
  0.00	  0.20	  0.00	  0.00	  0.04	  0.16	  0.00	  0.25	 -0.27	  0.02	  0.00	  0.85	 -0.06	 -0.78	
  0.00	  0.20	  0.00	  0.00	  0.03	  0.16	  0.00	  0.25	 -0.27	  0.02	  0.00	  0.84	 -0.07	 -0.78	
  0.00	  0.20	  0.00	  0.00	  0.03	  0.16	  0.00	  0.25	 -0.27	  0.02	  0.00	  0.84	 -0.07	 -0.77	
  0.00	  0.20	  0.00	  0.00	  0.03	  0.16	  0.00	  0.24	 -0.27	  0.02	  0.00	  0.84	 -0.07	 -0.77	
  0.00	  0.19	  0.01	  0.00	  0.03	  0.16	  0.00	  0.24	 -0.27	  0.03	  0.00	  0.84	 -0.07	 -0.76	
  0.00	  0.19	  0.01	  0.00	  0.03	  0.16	  0.00	  0.24	 -0.27	  0.03	  0.00	  0.83	 -0.08	 -0.76	
  0.00	  0.19	  0.01	  0.00	  0.03	  0.16	  0.00	  0.24	 -0.26	  0.03	  0.00	  0.83	 -0.08	 -0.75	
  0.00	  0.19	  0.01	  0.00	  0.03	  0.16	  0.00	  0.23	 -0.26	  0.03	  0.00	  0.83	 -0.08	 -0.75	
  0.00	  0.19	  0.01	  0.00	  0.03	  0.16	  0.00	  0.23	 -0.26	  0.03	  0.00	  0.82	 -0.08	 -0.74	
  0.00	  0.18	  0.01	  0.00	  0.02	  0.16	  0.00	  0.23	 -0.26	  0.03	  0.00	  0.82	 -0.08	 -0.74	
  0.00	  0.18	  0.01	  0.00	  0.02	  0.16	  0.00	  0.23	 -0.26	  0.03	  0.00	  0.81	 -0.08	 -0.73	
  0.00	  0.18	  0.01	  0.00	  0.02	  0.16	  0.00	  0.22	 -0.26	  0.03	  0.00	  0.81	 -0.09	 -0.72	
  0.00	  0.18	  0.01	  0.00	  0.02	  0.16	  0.00	  0.22	 -0.25	  0.03	  0.00	  0.80	 -0.09	 -0.71	
  0.00	  0.17	  0.01	  0.00	  0.02	  0.16	  0.00	  0.22	 -0.25	  0.03	  0.00	  0.80	 -0.09	 -0.71	
  0.00	  0.17	  0.02	  0.00	  0.02	  0.16	  0.00	  0.22	 -0.25	  0.03	  0.00	  0.79	 -0.09	 -0.70	
  0.00	  0.17	  0.02	  0.00	  0.02	  0.16	  0.00	  0.21	 -0.25	  0.04	  0.00	  0.78	 -0.09	 -0.69	
  0.00	  0.17	  0.02	  0.00	  0.02	  0.16	  0.00	  0.21	 -0.25	  0.04	  0.00	  0.78	 -0.09	 -0.68	
  0.00	  0.17	  0.02	  0.00	  0.01	  0.15	  0.00	  0.21	 -0.24	  0.04	  0.00	  0.77	 -0.09	 -0.68	
  0.00	  0.16	  0.02	  0.00	  0.01	  0.15	  0.00	  0.20	 -0.24	  0.04	  0.00	  0.76	 -0.10	 -0.67	
  0.00	  0.16	  0.02	  0.00	  0.01	  0.15	  0.00	  0.20	 -0.24	  0.04	  0.00	  0.76	 -0.10	 -0.66	
  0.00	  0.16	  0.02	  0.00	  0.01	  0.15	  0.00	  0.20	 -0.24	  0.04	  0.00	  0.75	 -0.10	 -0.65	
  0.00	  0.16	  0.02	  0.00	  0.01	  0.15	  0.00	  0.20	 -0.24	  0.04	  0.00	  0.74	 -0.10	 -0.64	
  0.00	  0.15	  0.02	  0.00	  0.01	  0.15	  0.00	  0.19	 -0.23	  0.04	  0.00	  0.73	 -0.10	 -0.63	
  0.00	  0.15	  0.02	  0.00	  0.01	  0.15	  0.00	  0.19	 -0.23	  0.04	  0.00	  0.72	 -0.10	 -0.62	
  0.00	  0.15	  0.02	  0.00	  0.01	  0.15	  0.00	  0.19	 -0.23	  0.04	  0.00	  0.71	 -0.10	 -0.61	
  0.00	  0.15	  0.02	  0.00	  0.01	  0.15	  0.00	  0.18	 -0.23	  0.04	  0.00	  0.71	 -0.10	 -0.60	
  0.00	  0.14	  0.02	  0.00	  0.01	  0.15	  0.00	  0.18	 -0.22	  0.04	  0.00	  0.70	 -0.10	 -0.60	
  0.00	  0.14	  0.03	  0.00	  0.00	  0.14	  0.00	  0.18	 -0.22	  0.04	  0.00	  0.69	 -0.10	 -0.59	
  0.00	  0.14	  0.03	  0.00	  0.00	  0.14	  0.00	  0.17	 -0.22	  0.04	  0.00	  0.68	 -0.10	 -0.58	
  0.00	  0.13	  0.03	  0.00	  0.00	  0.14	  0.00	  0.17	 -0.21	  0.04	  0.00	  0.67	 -0.10	 -0.57	
  0.00	  0.13	  0.03	  0.00	  0.00	  0.14	  0.00	  0.17	 -0.21	  0.04	  0.00	  0.66	 -0.10	 -0.56	
  0.00	  0.13	  0.03	  0.00	  0.00	  0.14	  0.00	  0.16	 -0.21	  0.04	  0.00	  0.65	 -0.10	 -0.54	
  0.00	  0.13	  0.03	  0.00	 -0.00	  0.14	  0.00	  0.16	 -0.21	  0.04	  0.00	  0.64	 -0.10	 -0.53	
  0.00	  0.12	  0.03	  0.00	 -0.00	  0.14	  0.00	  0.16	 -0.20	  0.04	  0.00	  0.63	 -0.10	 -0.52	
  0.00	  0.12	  0.03	  0.00	 -0.00	  0.14	  0.00	  0.15	 -0.20	  0.04	  0.00	  0.61	 -0.10	 -0.51	
  0.00	  0.12	  0.03	  0.00	 -0.00	  0.13	  0.00	  0.15	 -0.20	  0.05	  0.00	  0.60	 -0.10	 -0.50	
  0.00	  0.12	  0.03	  0.00	 -0.00	  0.13	  0.00	  0.15	 -0.19	  0.05	  0.00	  0.59	 -0.10	 -0.49	
  0.00	  0.11	  0.03	  0.00	 -0.00	  0.13	  0.00	  0.15	 -0.19	  0.04	  0.00	  0.58	 -0.10	 -0.48	
  0.00	  0.11	  0.03	  0.00	 -0.00	  0.13	  0.00	  0.14	 -0.19	  0.04	  0.00	  0.57	 -0.10	 -0.47	
  0.00	  0.11	  0.03	  0.00	 -0.00	  0.12	  0.00	  0.14	 -0.18	  0.04	  0.00	  0.56	 -0.10	 -0.46	
  0.00	  0.10	  0.03	  0.00	 -0.00	  0.12	  0.00	  0.14	 -0.18	  0.04	  0.00	  0.55	 -0.10	 -0.45	
  0.00	  0.10	  0.03	  0.00	  0.00	  0.11	  0.00	  0.14	 -0.17	  0.03	  0.00	  0.54	 -0.10	 -0.44	
  0.00	  0.10	  0.03	  0.00	  0.00	  0.11	  0.00	  0.13	 -0.16	  0.03	  0.00	  0.53	 -0.10	 -0.43	
  0.00	  0.10	  0.03	  0.00	  0.01	  0.10	  0.00	  0.13	 -0.16	  0.03	  0.00	  0.52	 -0.10	 -0.42	
  0.00	  0.09	  0.03	  0.00	  0.01	  0.09	  0.00	  0.13	 -0.15	  0.02	  0.00	  0.51	 -0.10	 -0.41	
  0.00	  0.09	  0.03	  0.00	  0.02	  0.08	  0.00	  0.13	 -0.14	  0.01	  0.00	  0.50	 -0.10	 -0.40	
  0.00	  0.09	  0.03	 -0.00	  0.02	  0.08	 -0.00	  0.13	 -0.14	  0.01	  0.00	  0.49	 -0.10	 -0.39	
  0.00	  0.09	  0.03	 -0.00	  0.03	  0.07	 -0.00	  0.13	 -0.13	  0.00	  0.00	  0.48	 -0.09	 -0.38	
  0.00	  0.08	  0.03	 -0.00	  0.03	  0.06	 -0.00	  0.13	 -0.12	 -0.01	  0.00	  0.47	 -0.09	 -0.37	
  0.00	  0.08	  0.03	 -0.00	  0.04	  0.05	 -0.00	  0.12	 -0.11	 -0.01	  0.00	  0.46	 -0.09	 -0.36	
  0.00	  0.08	  0.03	 -0.00	  0.04	  0.04	 -0.00	  0.12	 -0.10	 -0.02	  0.00	  0.45	 -0.09	 -0.36	
  0.00	  0.08	  0.04	 -0.00	  0.05	  0.03	 -0.00	  0.12	 -0.09	 -0.03	  0.00	  0.44	 -0.09	 -0.35	
  0.00	  0.07	  0.04	 -0.00	  0.06	  0.02	 -0.00	  0.12	 -0.08	 -0.04	  0.00	  0.43	 -0.09	 -0.34	
  0.00	  0.07	  0.04	 -0.00	  0.06	  0.01	 -0.00	  0.12	 -0.07	 -0.05	  0.00	  0.42	 -0.09	 -0.33	
  0.00	  0.07	  0.04	 -0.00	  0.07	 -0.00	 -0.00	  0.12	 -0.06	 -0.06	  0.00	  0.41	 -0.09	 -0.32	
  0.00	  0.07	  0.04	 -0.00	  0.08	 -0.02	 -0.00	  0.12	 -0.05	 -0.07	  0.00	  0.40	 -0.09	 -0.31	
  0.00	  0.07	  0.04	 -0.00	  0.08	 -0.03	 -0.00	  0.12	 -0.04	 -0.07	  0.00	  0.39	 -0.09	 -0.30	
  0.00	  0.06	  0.04	 -0.00	  0.09	 -0.04	 -0.00	  0.12	 -0.03	 -0.08	  0.00	  0.38	 -0.09	 -0.30	
  0.00	  0.06	  0.04	 -0.00	  0.10	 -0.05	 -0.00	  0.12	 -0.02	 -0.09	  0.00	  0.37	 -0.09	 -0.29	
  0.00	  0.06	  0.04	 -0.00	  0.11	 -0.06	 -0.00	  0.12	 -0.01	 -0.10	  0.00	  0.37	 -0.08	 -0.28	
  0.00	  0.06	  0.04	 -0.00	  0.11	 -0.08	 -0.00	  0.11	 -0.00	 -0.11	  0.00	  0.36	 -0.08	 -0.27	
  0.00	  0.06	  0.04	 -0.00	  0.12	 -0.09	 -0.00	  0.11	  0.01	 -0.12	  0.00	  0.35	 -0.08	 -0.27	
  0.00	  0.05	  0.04	 -0.00	  0.13	 -0.10	 -0.00	  0.11	  0.02	 -0.13	  0.00	  0.34	 -0.08	 -0.26	
  0.00	  0.05	  0.04	 -0.00	  0.14	 -0.11	 -0.00	  0.11	  0.03	 -0.14	  0.00	  0.33	 -0.08	 -0.25	
  0.00	  0.05	  0.04	 -0.00	  0.14	 -0.13	 -0.00	  0.11	  0.04	 -0.15	  0.00	  0.32	 -0.08	 -0.24	
  0.00	  0.05	  0.04	 -0.00	  0.15	 -0.14	 -0.00	  0.11	  0.05	 -0.16	  0.00	  0.32	 -0.08	 -0.24	
  0.00	  0.05	  0.04	 -0.00	  0.16	 -0.15	 -0.00	  0.11	  0.07	 -0.17	  0.00	  0.31	 -0.08	 -0.23	
  0.00	  0.04	  0.04	 -0.00	  0.17	 -0.16	 -0.00	  0.11	  0.08	 -0.18	  0.00	  0.30	 -0.08	 -0.22	
  0.00	  0.04	  0.04	 -0.00	  0.17	 -0.18	 -0.00	  0.10	  0.09	 -0.19	  0.00	  0.29	 -0.08	 -0.22	
  0.00	  0.04	  0.04	 -0.00	  0.18	 -0.19	 -0.00	  0.10	  0.10	 -0.20	  0.00	  0.29	 -0.07	 -0.21	
  0.00	  0.04	  0.04	 -0.00	  0.19	 -0.20	 -0.00	  0.10	  0.11	 -0.21	  0.00	  0.28	 -0.07	 -0.20	
  0.00	  0.04	  0.04	 -0.00	  0.19	 -0.21	 -0.00	  0.10	  0.12	 -0.22	  0.00	  0.27	 -0.07	 -0.20	
  0.00	  0.04	  0.04	 -0.00	  0.20	 -0.22	 -0.00	  0.10	  0.13	 -0.23	  0.00	  0.26	 -0.07	 -0.19	
  0.00	  0.03	  0.04	 -0.00	  0.21	 -0.24	 -0.00	  0.09	  0.14	 -0.24	  0.00	  0.26	 -0.07	 -0.19	
  0.00	  0.03	  0.04	 -0.00	  0.21	 -0.25	 -0.00	  0.09	  0.16	 -0.25	  0.00	  0.25	 -0.07	 -0.18	
  0.00	  0.03	  0.04	 -0.00	  0.22	 -0.26	 -0.00	  0.09	  0.17	 -0.26	  0.00	  0.24	 -0.07	 -0.17	
  0.00	  0.03	  0.03	 -0.00	  0.22	 -0.27	 -0.00	  0.09	  0.18	 -0.27	  0.00	  0.24	 -0.07	 -0.17	
  0.00	  0.03	  0.03	 -0.00	  0.23	 -0.28	 -0.00	  0.08	  0.19	 -0.27	  0.00	  0.23	 -0.07	 -0.16	
  0.00	  0.03	  0.03	 -0.00	  0.23	 -0.29	 -0.00	  0.08	  0.20	 -0.28	  0.00	  0.22	 -0.07	 -0.16	
  0.00	  0.03	  0.03	 -0.00	  0.24	 -0.30	 -0.00	  0.08	  0.21	 -0.29	  0.00	  0.22	 -0.06	 -0.15	
  0.00	  0.02	  0.03	 -0.00	  0.24	 -0.31	 -0.00	  0.08	  0.22	 -0.30	  0.00	  0.21	 -0.06	 -0.15	
  0.00	  0.02	  0.03	 -0.00	  0.25	 -0.32	 -0.00	  0.07	  0.23	 -0.30	  0.00	  0.20	 -0.06	 -0.14	
  0.00	  0.02	  0.03	 -0.00	  0.25	 -0.33	 -0.00	  0.07	  0.24	 -0.31	  0.00	  0.20	 -0.06	 -0.14	
  0.00	  0.02	  0.03	 -0.00	  0.25	 -0.34	 -0.00	  0.06	  0.25	 -0.32	  0.00	  0.19	 -0.06	 -0.13	
  0.00	  0.02	  0.03	 -0.00	  0.26	 -0.35	 -0.00	  0.06	  0.26	 -0.32	  0.00	  0.19	 -0.06	 -0.13	
  0.00	  0.02	  0.03	 -0.00	  0.26	 -0.36	 -0.00	  0.06	  0.27	 -0.33	  0.00	  0.18	 -0.06	 -0.12	
  0.00	  0.02	  0.03	 -0.00	  0.26	 -0.37	 -0.00	  0.05	  0.28	 -0.34	  0.00	  0.17	 -0.06	 -0.12	
  0.00	  0.02	  0.03	 -0.00	  0.27	 -0.38	 -0.00	  0.05	  0.29	 -0.34	  0.00	  0.17	 -0.06	 -0.11	
  0.00	  0.01	  0.03	 -0.00	  0.27	 -0.38	 -0.00	  0.04	  0.30	 -0.35	  0.00	  0.16	 -0.05	 -0.11	
  0.00	  0.01	  0.03	 -0.00	  0.27	 -0.39	 -0.00	  0.04	  0.31	 -0.35	  0.00	  0.16	 -0.05	 -0.10	
  0.00	  0.01	  0.03	 -0.00	  0.27	 -0.40	 -0.00	  0.03	  0.32	 -0.36	  0.00	  0.15	 -0.05	 -0.10	
  0.00	  0.01	  0.03	 -0.00	  0.27	 -0.41	 -0.00	  0.03	  0.33	 -0.36	  0.00	  0.15	 -0.05	 -0.10	
  0.00	  0.01	  0.03	 -0.00	  0.27	 -0.41	 -0.00	  0.02	  0.34	 -0.36	  0.00	  0.14	 -0.05	 -0.09	
  0.00	  0.01	  0.03	 -0.00	  0.27	 -0.42	 -0.00	  0.01	  0.35	 -0.37	  0.00	  0.14	 -0.05	 -0.09	
  0.00	  0.01	  0.03	 -0.00	  0.27	 -0.43	 -0.00	  0.01	  0.36	 -0.37	  0.00	  0.13	 -0.05	 -0.08	
  0.00	  0.01	  0.03	 -0.00	  0.27	 -0.43	 -0.00	  0.00	  0.37	 -0.37	  0.00	  0.13	 -0.05	 -0.08	
  0.00	  0.01	  0.03	 -0.00	  0.27	 -0.44	 -0.00	 -0.01	  0.38	 -0.37	  0.00	  0.12	 -0.05	 -0.08	
  0.00	  0.01	  0.03	 -0.00	  0.27	 -0.44	 -0.00	 -0.01	  0.39	 -0.38	  0.00	  0.12	 -0.05	 -0.07	
  0.00	  0.01	  0.03	 -0.00	  0.26	 -0.45	 -0.00	 -0.02	  0.40	 -0.38	  0.00	  0.11	 -0.04	 -0.07	
  0.00	  0.00	  0.03	 -0.00	  0.26	 -0.45	 -0.00	 -0.03	  0.41	 -0.38	  0.00	  0.11	 -0.04	 -0.07	
  0.00	  0.00	  0.03	 -0.00	  0.26	 -0.45	 -0.00	 -0.04	  0.42	 -0.38	  0.00	  0.11	 -0.04	 -0.06	
  0.00	  0.00	  0.03	 -0.00	  0.25	 -0.46	 -0.00	 -0.05	  0.42	 -0.38	  0.00	  0.10	 -0.04	 -0.06	
  0.00	  0.00	  0.03	 -0.00	  0.25	 -0.46	 -0.00	 -0.05	  0.43	 -0.38	  0.00	  0.10	 -0.04	 -0.06	
  0.00	  0.00	  0.03	 -0.00	  0.24	 -0.46	 -0.00	 -0.06	  0.44	 -0.38	  0.00	  0.09	 -0.04	 -0.05	
  0.00	  0.00	  0.03	 -0.00	  0.24	 -0.47	 -0.00	 -0.07	  0.45	 -0.38	  0.00	  0.09	 -0.04	 -0.05	
  0.00	  0.00	  0.03	 -0.00	  0.23	 -0.47	 -0.00	 -0.08	  0.46	 -0.37	  0.00	  0.09	 -0.04	 -0.05	
  0.00	  0.00	  0.02	 -0.00	  0.23	 -0.47	 -0.00	 -0.09	  0.47	 -0.37	  0.00	  0.08	 -0.04	 -0.05	
  0.00	 -0.00	  0.02	 -0.00	  0.22	 -0.47	 -0.00	 -0.10	  0.47	 -0.37	  0.00	  0.08	 -0.03	 -0.04	
  0.00	 -0.00	  0.02	 -0.00	  0.21	 -0.47	 -0.00	 -0.11	  0.48	 -0.37	  0.00	  0.07	 -0.03	 -0.04	
  0.00	 -0.00	  0.02	 -0.00	  0.21	 -0.47	 -0.00	 -0.13	  0.49	 -0.36	  0.00	  0.07	 -0.03	 -0.04	
  0.00	 -0.00	  0.02	 -0.00	  0.20	 -0.47	 -0.00	 -0.14	  0.50	 -0.36	  0.00	  0.07	 -0.03	 -0.04	
  0.00	 -0.00	  0.02	 -0.00	  0.19	 -0.47	 -0.00	 -0.15	  0.50	 -0.35	  0.00	  0.06	 -0.03	 -0.03	
  0.00	 -0.00	  0.02	 -0.00	  0.18	 -0.47	 -0.00	 -0.16	  0.51	 -0.35	  0.00	  0.06	 -0.03	 -0.03	
  0.00	 -0.00	  0.02	 -0.00	  0.17	 -0.47	 -0.00	 -0.18	  0.52	 -0.34	  0.00	  0.06	 -0.03	 -0.03	
  0.00	 -0.00	  0.02	 -0.00	  0.16	 -0.47	 -0.00	 -0.19	  0.53	 -0.34	  0.00	  0.06	 -0.03	 -0.03	
  0.00	 -0.00	  0.02	 -0.00	  0.15	 -0.47	 -0.00	 -0.20	  0.53	 -0.33	  0.00	  0.05	 -0.03	 -0.03	
  0.00	 -0.00	  0.02	 -0.00	  0.14	 -0.47	 -0.00	 -0.22	  0.54	 -0.33	  0.00	  0.05	 -0.03	 -0.02	
  0.00	 -0.00	  0.02	 -0.00	  0.13	 -0.47	 -0.00	 -0.23	  0.55	 -0.32	  0.00	  0.05	 -0.02	 -0.02	
  0.00	 -0.00	  0.02	 -0.00	  0.12	 -0.47	 -0.00	 -0.25	  0.56	 -0.31	  0.00	  0.04	 -0.02	 -0.02	
  0.00	 -0.00	  0.02	 -0.00	  0.11	 -0.46	 -0.00	 -0.26	  0.56	 -0.30	  0.00	  0.04	 -0.02	 -0.02	
  0.00	 -0.00	  0.02	 -0.00	  0.10	 -0.46	 -0.00	 -0.28	  0.57	 -0.29	  0.00	  0.04	 -0.02	 -0.02	
  0.00	 -0.00	  0.02	 -0.00	  0.09	 -0.46	 -0.00	 -0.29	  0.58	 -0.29	  0.00	  0.04	 -0.02	 -0.02	
  0.00	 -0.00	  0.02	 -0.00	  0.07	 -0.46	 -0.00	 -0.31	  0.58	 -0.28	  0.00	  0.03	 -0.02	 -0.01	
  0.00	 -0.00	  0.02	 -0.00	  0.06	 -0.45	 -0.00	 -0.33	  0.59	 -0.27	  0.00	  0.03	 -0.02	 -0.01	
  0.00	 -0.00	  0.01	 -0.00	  0.05	 -0.45	 -0.00	 -0.34	  0.60	 -0.26	  0.00	  0.03	 -0.02	 -0.01	
  0.00	 -0.00	  0.01	 -0.00	  0.04	 -0.45	 -0.00	 -0.36	  0.61	 -0.24	  0.00	  0.03	 -0.02	 -0.01	
  0.00	 -0.00	  0.01	 -0.00	  0.02	 -0.44	 -0.00	 -0.38	  0.61	 -0.23	  0.00	  0.02	 -0.02	 -0.01	
  0.00	 -0.00	  0.01	 -0.00	  0.01	 -0.44	 -0.00	 -0.40	  0.62	 -0.22	  0.00	  0.02	 -0.02	 -0.01	
  0.00	 -0.00	  0.01	 -0.00	 -0.01	 -0.43	 -0.00	 -0.42	  0.62	 -0.21	  0.00	  0.02	 -0.01	 -0.01	
  0.00	 -0.00	  0.01	 -0.00	 -0.02	 -0.43	 -0.00	 -0.43	  0.63	 -0.20	  0.00	  0.02	 -0.01	 -0.01	
  0.00	 -0.00	  0.01	 -0.00	 -0.04	 -0.42	 -0.00	 -0.45	  0.64	 -0.18	  0.00	  0.02	 -0.01	 -0.00	
  0.00	 -0.00	  0.01	 -0.00	 -0.05	 -0.42	 -0.00	 -0.47	  0.64	 -0.17	  0.00	  0.02	 -0.01	 -0.00	
  0.00	 -0.00	  0.01	 -0.00	 -0.07	 -0.41	 -0.00	 -0.49	  0.65	 -0.16	  0.00	  0.01	 -0.01	 -0.00	
  0.00	 -0.00	  0.01	 -0.00	 -0.08	 -0.41	 -0.00	 -0.51	  0.66	 -0.14	  0.00	  0.01	 -0.01	 -0.00	
  0.00	 -0.00	  0.01	 -0.00	 -0.10	 -0.40	 -0.00	 -0.53	  0.66	 -0.13	  0.00	  0.01	 -0.01	 -0.00	
  0.00	 -0.00	  0.01	 -0.00	 -0.11	 -0.40	 -0.00	 -0.56	  0.67	 -0.11	  0.00	  0.01	 -0.01	 -0.00	
  0.00	 -0.00	  0.01	 -0.00	 -0.13	 -0.39	 -0.00	 -0.58	  0.67	 -0.10	  0.00	  0.01	 -0.01	 -0.00	
  0.00	 -0.00	  0.01	 -0.00	 -0.15	 -0.38	 -0.00	 -0.60	  0.68	 -0.08	  0.00	  0.01	 -0.01	 -0.00	
  0.00	 -0.00	  0.00	 -0.00	 -0.16	 -0.38	 -0.00	 -0.62	  0.69	 -0.07	  0.00	  0.01	 -0.01	 -0.00	
  0.00	 -0.00	  0.00	 -0.00	 -0.18	 -0.37	 -0.00	 -0.64	  0.69	 -0.05	  0.00	  0.00	 -0.00	 -0.00	
  0.00	 -0.00	  0.00	 -0.00	 -0.19	 -0.36	 -0.00	 -0.66	  0.70	 -0.03	  0.00	  0.00	 -0.00	 -0.00	
  0.00	 -0.00	  0.00	 -0.00	 -0.21	 -0.36	 -0.00	 -0.69	  0.70	 -0.02	  0.00	  0.00	 -0.00	 -0.00	
  0.00	 -0.00	  0.00	 -0.00	 -0.23	 -0.35	 -0.00	 -0.71	  0.71	  0.00	  0.00	  0.00	 -0.00	 -0.00	
  0.00	 -0.00	  0.00	 -0.00	 -0.24	 -0.35	 -0.00	 -0.73	  0.71	  0.02	  0.00	  0.00	 -0.00	 -0.00	
 -0.00	  0.00	 -0.00	  0.00	 -0.26	 -0.34	  0.00	 -0.76	  0.72	  0.04	 -0.00	  0.00	  0.00	 -0.00	
 -0.00	  0.00	 -0.00	  0.00	 -0.27	 -0.33	  0.00	 -0.78	  0.72	  0.06	 -0.00	 -0.00	  0.00	 -0.00	
 -0.00	  0.00	 -0.00	  0.00	 -0.29	 -0.33	  0.00	 -0.80	  0.73	  0.08	 -0.00	 -0.00	  0.00	 -0.00	
 -0.00	  0.00	 -0.00	  0.00	 -0.31	 -0.32	  0.00	 -0.83	  0.73	  0.10	 -0.00	 -0.00	  0.00	 -0.00	
 -0.00	  0.00	 -0.00	  0.00	 -0.32	 -0.31	  0.00	 -0.86	  0.74	  0.12	 -0.00	 -0.00	  0.00	 -0.00	
 -0.00	  0.00	 -0.00	  0.00	 -0.34	 -0.30	  0.00	 -0.89	  0.75	  0.14	 -0.00	 -0.00	  0.00	 -0.00	
 -0.00	  0.00	 -0.01	  0.00	 -0.36	 -0.30	  0.00	 -0.92	  0.75	  0.16	 -0.00	 -0.00	  0.01	 -0.00	
 -0.00	  0.00	 -0.01	  0.00	 -0.38	 -0.29	  0.00	 -0.95	  0.76	  0.19	 -0.00	 -0.00	  0.01	 -0.00	
 -0.00	  0.01	 -0.01	  0.00	 -0.40	 -0.28	  0.00	 -0.98	  0.76	  0.21	 -0.00	 -0.00	  0.01	 -0.00	
 -0.00	  0.01	 -0.01	  0.00	 -0.42	 -0.27	  0.00	 -1.01	  0.77	  0.24	 -0.00	 -0.00	  0.01	 -0.01	
 -0.00	  0.01	 -0.01	  0.00	 -0.43	 -0.26	  0.00	 -1.04	  0.77	  0.27	 -0.00	 -0.00	  0.01	 -0.01	
 -0.00	  0.01	 -0.01	  0.00	 -0.45	 -0.25	  0.00	 -1.07	  0.78	  0.30	 -0.00	 -0.00	  0.01	 -0.01	
 -0.00	  0.01	 -0.01	  0.00	 -0.47	 -0.24	  0.00	 -1.11	  0.78	  0.33	 -0.00	 -0.00	  0.01	 -0.01	
 -0.00	  0.01	 -0.01	  0.00	 -0.49	 -0.23	  0.00	 -1.14	  0.79	  0.36	 -0.00	 -0.00	  0.01	 -0.01	
 -0.00	  0.01	 -0.01	  0.00	 -0.51	 -0.22	  0.00	 -1.18	  0.79	  0.39	 -0.00	  0.00	  0.01	 -0.01	
 -0.00	  0.01	 -0.01	  0.00	 -0.53	 -0.21	  0.00	 -1.22	  0.79	  0.42	 -0.00	  0.00	  0.01	 -0.01	
 -0.00	  0.01	 -0.01	  0.00	 -0.55	 -0.20	  0.00	 -1.25	  0.80	  0.46	 -0.00	  0.00	  0.01	 -0.01	
 -0.00	  0.01	 -0.01	  0.00	 -0.57	 -0.19	  0.00	 -1.29	  0.80	  0.49	 -0.00	  0.00	  0.01	 -0.01	
 -0.00	  0.01	 -0.01	  0.00	 -0.59	 -0.18	  0.00	 -1.33	  0.80	  0.53	 -0.00	  0.00	  0.01	 -0.02	
 -0.00	  0.01	 -0.01	  0.00	 -0.60	 -0.17	  0.00	 -1.37	  0.80	  0.56	 -0.00	  0.00	  0.01	 -0.02	
 -0.00	  0.01	 -0.01	  0.00	 -0.62	 -0.16	  0.00	 -1.40	  0.80	  0.60	 -0.00	  0.01	  0.01	 -0.02	
 -0.00	  0.02	 -0.02	  0.00	 -0.64	 -0.15	  0.00	 -1.44	  0.81	  0.64	 -0.00	  0.01	  0.01	 -0.02	
 -0.00	  0.02	 -0.02	  0.00	 -0.66	 -0.14	  0.00	 -1.48	  0.81	  0.68	 -0.00	  0.01	  0.01	 -0.02	
 -0.00	  0.02	 -0.02	  0.00	 -0.67	 -0.13	  0.00	 -1.52	  0.80	  0.72	 -0.00	  0.01	  0.01	 -0.02	
 -0.00	  0.02	 -0.02	  0.00	 -0.69	 -0.11	  0.00	 -1.56	  0.80	  0.76	 -0.00	  0.01	  0.01	 -0.03	
 -0.00	  0.02	 -0.02	  0.00	 -0.70	 -0.10	  0.00	 -1.60	  0.80	  0.80	 -0.00	  0.01	  0.02	 -0.03	
 -0.00	  0.02	 -0.02	  0.00	 -0.72	 -0.09	  0.00	 -1.64	  0.80	  0.84	 -0.00	  0.01	  0.02	 -0.03	
 -0.00	  0.02	 -0.02	  0.00	 -0.73	 -0.08	  0.00	 -1.68	  0.80	  0.89	 -0.00	  0.02	  0.02	 -0.03	
 -0.00	  0.02	 -0.02	  0.00	 -0.75	 -0.07	  0.00	 -1.72	  0.79	  0.93	 -0.00	  0.02	  0.02	 -0.03	
 -0.00	  0.02	 -0.02	  0.00	 -0.76	 -0.05	  0.00	 -1.76	  0.79	  0.97	 -0.00	  0.02	  0.02	 -0.04	
 -0.00	  0.02	 -0.02	  0.00	 -0.77	 -0.04	  0.00	 -1.80	  0.78	  1.02	 -0.00	  0.02	  0.02	 -0.04	
 -0.00	  0.03	 -0.02	  0.00	 -0.78	 -0.03	  0.00	 -1.84	  0.77	  1.06	 -0.00	  0.02	  0.02	 -0.04	
 -0.00	  0.03	 -0.02	  0.00	 -0.79	 -0.02	  0.00	 -1.87	  0.77	  1.11	 -0.00	  0.03	  0.02	 -0.04	
 -0.00	  0.03	 -0.02	  0.00	 -0.80	 -0.01	  0.00	 -1.91	  0.76	  1.15	 -0.00	  0.03	  0.02	 -0.05	
 -0.00	  0.03	 -0.02	  0.00	 -0.81	  0.01	  0.00	 -1.95	  0.75	  1.20	 -0.00	  0.03	  0.02	 -0.05	
 -0.00	  0.03	 -0.02	  0.00	 -0.82	  0.02	  0.00	 -1.98	  0.74	  1.24	 -0.00	  0.03	  0.02	 -0.05	
 -0.00	  0.03	 -0.02	  0.00	 -0.83	  0.03	  0.00	 -2.01	  0.73	  1.28	 -0.00	  0.04	  0.02	 -0.05	
 -0.00	  0.03	 -0.02	  0.00	 -0.83	  0.04	  0.00	 -2.05	  0.72	  1.33	 -0.00	  0.04	  0.02	 -0.06	
 -0.00	  0.03	 -0.02	  0.00	 -0.84	  0.05	  0.00	 -2.08	  0.71	  1.37	 -0.00	  0.04	  0.02	 -0.06	
 -0.00	  0.03	 -0.03	  0.00	 -0.84	  0.06	  0.00	 -2.10	  0.69	  1.41	 -0.00	  0.05	  0.02	 -0.06	
 -0.00	  0.04	 -0.03	  0.00	 -0.85	  0.07	  0.00	 -2.13	  0.68	  1.45	 -0.00	  0.05	  0.02	 -0.07	
 -0.00	  0.04	 -0.03	  0.00	 -0.85	  0.08	  0.00	 -2.15	  0.66	  1.49	 -0.00	  0.05	  0.02	 -0.07	
 -0.00	  0.04	 -0.03	  0.00	 -0.85	  0.09	  0.00	 -2.18	  0.65	  1.53	 -0.00	  0.06	  0.02	 -0.07	
 -0.00	  0.04	 -0.03	  0.00	 -0.85	  0.10	  0.00	 -2.20	  0.63	  1.56	 -0.00	  0.06	  0.02	 -0.08	
 -0.00	  0.04	 -0.03	  0.00	 -0.85	  0.11	  0.00	 -2.21	  0.62	  1.59	 -0.00	  0.06	  0.02	 -0.08	
 -0.00	  0.04	 -0.03	  0.00	 -0.85	  0.12	  0.00	 -2.22	  0.60	  1.62	 -0.00	  0.07	  0.02	 -0.08	
 -0.00	  0.04	 -0.03	  0.00	 -0.84	  0.13	  0.00	 -2.24	  0.58	  1.65	 -0.00	  0.07	  0.02	 -0.09	
 -0.00	  0.04	 -0.03	  0.00	 -0.84	  0.14	  0.00	 -2.24	  0.56	  1.68	 -0.00	  0.07	  0.02	 -0.09	
 -0.00	  0.05	 -0.03	  0.00	 -0.84	  0.15	  0.00	 -2.25	  0.54	  1.70	 -0.00	  0.08	  0.02	 -0.09	
 -0.00	  0.05	 -0.03	  0.00	 -0.83	  0.15	  0.00	 -2.25	  0.53	  1.72	 -0.00	  0.08	  0.01	 -0.10	
 -0.00	  0.05	 -0.03	  0.00	 -0.82	  0.16	  0.00	 -2.24	  0.51	  1.74	 -0.00	  0.09	  0.01	 -0.10	
 -0.00	  0.05	 -0.03	  0.00	 -0.82	  0.17	  0.00	 -2.23	  0.49	  1.75	 -0.00	  0.09	  0.01	 -0.10	
 -0.00	  0.05	 -0.03	  0.00	 -0.81	  0.17	  0.00	 -2.22	  0.46	  1.76	 -0.00	  0.09	  0.01	 -0.11	
 -0.00	  0.05	 -0.03	  0.00	 -0.80	  0.18	  0.00	 -2.21	  0.44	  1.76	 -0.00	  0.10	  0.01	 -0.11	
 -0.00	  0.05	 -0.03	  0.00	 -0.79	  0.18	  0.00	 -2.19	  0.42	  1.76	 -0.00	  0.10	  0.01	 -0.12	
 -0.00	  0.06	 -0.03	  0.00	 -0.78	  0.19	  0.00	 -2.16	  0.40	  1.76	 -0.00	  0.11	  0.01	 -0.12	
 -0.00	  0.06	 -0.03	  0.00	 -0.76	  0.19	  0.00	 -2.14	  0.38	  1.75	 -0.00	  0.11	  0.01	 -0.12	
 -0.00	  0.06	 -0.03	  0.00	 -0.75	  0.19	  0.00	 -2.10	  0.36	  1.74	 -0.00	  0.12	  0.01	 -0.13	
 -0.00	  0.06	 -0.03	  0.00	 -0.74	  0.20	  0.00	 -2.07	  0.34	  1.73	 -0.00	  0.12	  0.01	 -0.13	
 -0.00	  0.06	 -0.03	  0.00	 -0.72	  0.20	  0.00	 -2.03	  0.32	  1.71	 -0.00	  0.13	  0.01	 -0.14	
 -0.00	  0.06	 -0.03	  0.00	 -0.71	  0.20	  0.00	 -1.99	  0.30	  1.69	 -0.00	  0.13	  0.01	 -0.14	
 -0.00	  0.06	 -0.03	  0.00	 -0.69	  0.20	  0.00	 -1.94	  0.28	  1.66	 -0.00	  0.14	  0.01	 -0.15	
 -0.00	  0.07	 -0.03	  0.00	 -0.68	  0.20	  0.00	 -1.89	  0.26	  1.63	 -0.00	  0.14	  0.01	 -0.15	
 -0.00	  0.07	 -0.03	  0.00	 -0.66	  0.20	  0.00	 -1.84	  0.24	  1.60	 -0.00	  0.15	  0.01	 -0.16	
 -0.00	  0.07	 -0.03	  0.00	 -0.64	  0.20	  0.00	 -1.79	  0.22	  1.57	 -0.00	  0.15	  0.01	 -0.16	
 -0.00	  0.07	 -0.03	  0.00	 -0.62	  0.20	  0.00	 -1.73	  0.20	  1.53	 -0.00	  0.16	  0.01	 -0.17	
 -0.00	  0.07	 -0.03	  0.00	 -0.60	  0.20	  0.00	 -1.67	  0.19	  1.49	 -0.00	  0.17	  0.00	 -0.17	
 -0.00	  0.07	 -0.03	  0.00	 -0.58	  0.19	  0.00	 -1.61	  0.17	  1.44	 -0.00	  0.17	  0.00	 -0.18	
 -0.00	  0.08	 -0.03	  0.00	 -0.56	  0.19	  0.00	 -1.55	  0.15	  1.39	 -0.00	  0.18	  0.00	 -0.18	
 -0.00	  0.08	 -0.03	  0.00	 -0.54	  0.19	  0.00	 -1.48	  0.14	  1.35	 -0.00	  0.18	  0.00	 -0.19	
 -0.00	  0.08	 -0.03	  0.00	 -0.52	  0.18	  0.00	 -1.42	  0.12	  1.29	 -0.00	  0.19	  0.00	 -0.19	
 -0.00	  0.08	 -0.03	  0.00	 -0.50	  0.18	  0.00	 -1.35	  0.11	  1.24	 -0.00	  0.20	 -0.00	 -0.20	
 -0.00	  0.08	 -0.03	  0.00	 -0.48	  0.18	  0.00	 -1.28	  0.10	  1.19	 -0.00	  0.20	 -0.00	 -0.20	
 -0.00	  0.08	 -0.03	  0.00	 -0.46	  0.17	  0.00	 -1.22	  0.09	  1.13	 -0.00	  0.21	 -0.00	 -0.21	
 -0.00	  0.09	 -0.03	  0.00	 -0.43	  0.16	  0.00	 -1.15	  0.07	  1.07	 -0.00	  0.22	 -0.00	 -0.21	
 -0.00	  0.09	 -0.03	  0.00	 -0.41	  0.16	  0.00	 -1.08	  0.06	  1.02	 -0.00	  0.22	 -0.00	 -0.22	
 -0.00	  0.09	 -0.03	  0.00	 -0.39	  0.15	  0.00	 -1.01	  0.05	  0.96	 -0.00	  0.23	 -0.01	 -0.22	
 -0.00	  0.09	 -0.03	  0.00	 -0.37	  0.15	  0.00	 -0.94	  0.04	  0.90	 -0.00	  0.24	 -0.01	 -0.23	
 -0.00	  0.09	 -0.03	  0.00	 -0.34	  0.14	  0.00	 -0.88	  0.04	  0.84	 -0.00	  0.24	 -0.01	 -0.23	
 -0.00	  0.09	 -0.03	  0.00	 -0.32	  0.13	  0.00	 -0.81	  0.03	  0.78	 -0.00	  0.25	 -0.01	 -0.24	
 -0.00	  0.10	 -0.03	  0.00	 -0.30	  0.13	  0.00	 -0.74	  0.02	  0.72	 -0.00	  0.26	 -0.01	 -0.25	
 -0.00	  0.10	 -0.03	  0.00	 -0.27	  0.12	  0.00	 -0.68	  0.02	  0.66	 -0.00	  0.27	 -0.01	 -0.25	
 -0.00	  0.10	 -0.03	  0.00	 -0.25	  0.11	  0.00	 -0.61	  0.01	  0.60	 -0.00	  0.27	 -0.01	 -0.26	
 -0.00	  0.10	 -0.03	  0.00	 -0.23	  0.10	  0.00	 -0.55	  0.00	  0.54	 -0.00	  0.28	 -0.02	 -0.26	
 -0.00	  0.10	 -0.03	  0.00	 -0.20	  0.10	  0.00	 -0.49	 -0.00	  0.49	 -0.00	  0.29	 -0.02	 -0.27	
 -0.00	  0.11	 -0.03	  0.00	 -0.18	  0.09	  0.00	 -0.42	 -0.01	  0.43	 -0.00	  0.30	 -0.02	 -0.28	
 -0.00	  0.11	 -0.03	  0.00	 -0.16	  0.08	  0.00	 -0.36	 -0.01	  0.37	 -0.00	  0.30	 -0.02	 -0.28	
 -0.00	  0.11	 -0.03	  0.00	 -0.14	  0.07	  0.00	 -0.30	 -0.01	  0.32	 -0.00	  0.31	 -0.02	 -0.29	
 -0.00	  0.11	 -0.03	  0.00	 -0.12	  0.06	  0.00	 -0.24	 -0.02	  0.26	 -0.00	  0.32	 -0.02	 -0.29	
 -0.00	  0.11	 -0.03	  0.00	 -0.10	  0.06	  0.00	 -0.19	 -0.02	  0.21	 -0.00	  0.33	 -0.03	 -0.30	
 -0.00	  0.12	 -0.03	  0.00	 -0.07	  0.05	  0.00	 -0.13	 -0.02	  0.16	 -0.00	  0.34	 -0.03	 -0.31	
 -0.00	  0.12	 -0.03	  0.00	 -0.05	  0.04	  0.00	 -0.08	 -0.02	  0.10	 -0.00	  0.34	 -0.03	 -0.31	
 -0.00	  0.12	 -0.03	  0.00	 -0.03	  0.03	  0.00	 -0.03	 -0.03	  0.05	 -0.00	  0.35	 -0.03	 -0.32	
 -0.00	  0.12	 -0.03	  0.00	 -0.02	  0.03	  0.00	  0.02	 -0.03	  0.01	 -0.00	  0.36	 -0.03	 -0.33	
 -0.00	  0.12	 -0.03	  0.00	  0.00	  0.02	  0.00	  0.07	 -0.03	 -0.04	 -0.00	  0.37	 -0.04	 -0.33	
 -0.00	  0.13	 -0.03	  0.00	  0.02	  0.01	  0.00	  0.12	 -0.03	 -0.08	 -0.00	  0.38	 -0.04	 -0.34	
 -0.00	  0.13	 -0.03	  0.00	  0.04	  0.01	  0.00	  0.16	 -0.04	 -0.13	 -0.00	  0.39	 -0.04	 -0.35	
 -0.00	  0.13	 -0.03	 -0.00	  0.05	  0.00	 -0.00	  0.21	 -0.04	 -0.17	 -0.00	  0.39	 -0.04	 -0.35	
 -0.00	  0.13	 -0.03	 -0.00	  0.07	 -0.00	 -0.00	  0.25	 -0.04	 -0.20	 -0.00	  0.40	 -0.04	 -0.36	
 -0.00	  0.13	 -0.03	 -0.00	  0.08	 -0.01	 -0.00	  0.28	 -0.04	 -0.24	 -0.00	  0.41	 -0.05	 -0.37	
 -0.00	  0.14	 -0.03	 -0.00	  0.09	 -0.01	 -0.00	  0.32	 -0.05	 -0.27	 -0.00	  0.42	 -0.05	 -0.37	
 -0.00	  0.14	 -0.03	 -0.00	  0.11	 -0.01	 -0.00	  0.35	 -0.05	 -0.30	 -0.00	  0.43	 -0.05	 -0.38	
 -0.00	  0.14	 -0.03	 -0.00	  0.12	 -0.02	 -0.00	  0.38	 -0.05	 -0.33	 -0.00	  0.44	 -0.05	 -0.38	
 -0.00	  0.14	 -0.03	 -0.00	  0.13	 -0.02	 -0.00	  0.41	 -0.05	 -0.35	 -0.00	  0.45	 -0.06	 -0.39	
 -0.00	  0.14	 -0.03	 -0.00	  0.13	 -0.02	 -0.00	  0.43	 -0.06	 -0.37	 -0.00	  0.46	 -0.06	 -0.40	
 -0.00	  0.15	 -0.03	 -0.00	  0.14	 -0.02	 -0.00	  0.45	 -0.06	 -0.39	 -0.00	  0.46	 -0.06	 -0.40	
 -0.00	  0.15	 -0.03	 -0.00	  0.15	 -0.03	 -0.00	  0.47	 -0.06	 -0.41	 -0.00	  0.47	 -0.06	 -0.41	
 -0.00	  0.15	 -0.03	 -0.00	  0.15	 -0.03	 -0.00	  0.48	 -0.07	 -0.42	 -0.00	  0.48	 -0.07	 -0.42	
 -0.00	  0.15	 -0.02	 -0.00	  0.15	 -0.02	 -0.00	  0.49	 -0.07	 -0.42	 -0.00	  0.49	 -0.07	 -0.42	
 -0.00	  0.16	 -0.02	 -0.00	  0.16	 -0.02	 -0.00	  0.50	 -0.07	 -0.43	 -0.00	  0.50	 -0.07	 -0.43	
 -0.00	  0.16	 -0.02	 -0.00	  0.16	 -0.02	 -0.00	  0.51	 -0.07	 -0.44	 -0.00	  0.51	 -0.07	 -0.44	
 -0.00	  0.16	 -0.02	 -0.00	  0.16	 -0.02	 -0.00	  0.52	 -0.08	 -0.44	 -0.00	  0.52	 -0.08	 -0.44	
 -0.00	  0.16	 -0.02	 -0.00	  0.16	 -0.02	 -0.00	  0.53	 -0.08	 -0.45	 -0.00	  0.53	 -0.08	 -0.45	
 -0.00	  0.16	 -0.02	 -0.00	  0.16	 -0.02	 -0.00	  0.54	 -0.08	 -0.45	 -0.00	  0.54	 -0.08	 -0.45	
 -0.00	  0.17	 -0.02	 -0.00	  0.17	 -0.02	 -0.00	  0.54	 -0.08	 -0.46	 -0.00	  0.54	 -0.08	 -0.46	
 -0.00	  0.17	 -0.02	 -0.00	  0.17	 -0.02	 -0.00	  0.55	 -0.09	 -0.46	 -0.00	  0.55	 -0.09	 -0.46	
 -0.00	  0.17	 -0.02	 -0.00	  0.17	 -0.02	 -0.00	  0.56	 -0.09	 -0.47	 -0.00	  0.56	 -0.09	 -0.47	
 -0.00	  0.17	 -0.02	 -0.00	  0.17	 -0.02	 -0.00	  0.57	 -0.09	 -0.47	 -0.00	  0.57	 -0.09	 -0.47	
 -0.00	  0.17	 -0.02	 -0.00	  0.17	 -0.02	 -0.00	  0.57	 -0.10	 -0.48	 -0.00	  0.57	 -0.10	 -0.48	
 -0.00	  0.17	 -0.02	 -0.00	  0.17	 -0.02	 -0.00	  0.58	 -0.10	 -0.48	 -0.00	  0.58	 -0.10	 -0.48	
 -0.00	  0.18	 -0.02	 -0.00	  0.18	 -0.02	 -0.00	  0.59	 -0.10	 -0.49	 -0.00	  0.59	 -0.10	 -0.49	
 -0.00	  0.18	 -0.02	 -0.00	  0.18	 -0.02	 -0.00	  0.59	 -0.10	 -0.49	 -0.00	  0.59	 -0.10	 -0.49	
 -0.00	  0.18	 -0.02	 -0.00	  0.18	 -0.02	 -0.00	  0.60	 -0.11	 -0.49	 -0.00	  0.60	 -0.11	 -0.49	
 -0.00	  0.18	 -0.01	 -0.00	  0.18	 -0.01	 -0.00	  0.61	 -0.11	 -0.50	 -0.00	  0.61	 -0.11	 -0.50	
 -0.00	  0.18	 -0.01	 -0.00	  0.18	 -0.01	 -0.00	  0.61	 -0.11	 -0.50	 -0.00	  0.61	 -0.11	 -0.50	
 -0.00	  0.18	 -0.01	 -0.00	  0.18	 -0.01	 -0.00	  0.62	 -0.11	 -0.50	 -0.00	  0.62	 -0.11	 -0.50	
 -0.00	  0.18	 -0.01	 -0.00	  0.18	 -0.01	 -0.00	  0.62	 -0.12	 -0.50	 -0.00	  0.62	 -0.12	 -0.50	
 -0.00	  0.19	 -0.01	 -0.00	  0.19	 -0.01	 -0.00	  0.63	 -0.12	 -0.51	 -0.00	  0.63	 -0.12	 -0.51	
 -0.00	  0.19	 -0.01	 -0.00	  0.19	 -0.01	 -0.00	  0.63	 -0.12	 -0.51	 -0.00	  0.63	 -0.12	 -0.51	
 -0.00	  0.19	 -0.01	 -0.00	  0.19	 -0.01	 -0.00	  0.64	 -0.13	 -0.51	 -0.00	  0.64	 -0.13	 -0.51	
 -0.00	  0.19	 -0.01	 -0.00	  0.19	 -0.01	 -0.00	  0.64	 -0.13	 -0.51	 -0.00	  0.64	 -0.13	 -0.51	
 -0.00	  0.19	 -0.01	 -0.00	  0.19	 -0.01	 -0.00	  0.65	 -0.13	 -0.52	 -0.00	  0.65	 -0.13	 -0.52	
 -0.00	  0.19	 -0.01	 -0.00	  0.19	 -0.01	 -0.00	  0.65	 -0.13	 -0.52	 -0.00	  0.65	 -0.13	 -0.52	
 -0.00	  0.19	 -0.00	 -0.00	  0.19	 -0.00	 -0.00	  0.65	 -0.14	 -0.52	 -0.00	  0.65	 -0.14	 -0.52	
 -0.00	  0.19	 -0.00	 -0.00	  0.19	 -0.00	 -0.00	  0.66	 -0.14	 -0.52	 -0.00	  0.66	 -0.14	 -0.52	
 -0.00	  0.19	 -0.00	 -0.00	  0.19	 -0.00	 -0.00	  0.66	 -0.14	 -0.52	 -0.00	  0.66	 -0.14	 -0.52	
 -0.00	  0.19	 -0.00	 -0.00	  0.19	 -0.00	 -0.00	  0.67	 -0.14	 -0.52	 -0.00	  0.67	 -0.14	 -0.52	
 -0.00	  0.20	 -0.00	 -0.00	  0.20	 -0.00	 -0.00	  0.67	 -0.15	 -0.52	 -0.00	  0.67	 -0.15	 -0.52	
 -0.00	  0.20	  0.00	 -0.00	  0.20	  0.00	 -0.00	  0.67	 -0.15	 -0.52	 -0.00	  0.67	 -0.15	 -0.52	
 -0.00	  0.20	  0.00	 -0.00	  0.20	  0.00	 -0.00	  0.67	 -0.15	 -0.52	 -0.00	  0.67	 -0.15	 -0.52	
 -0.00	  0.20	  0.00	 -0.00	  0.20	  0.00	 -0.00	  0.68	 -0.15	 -0.52	 -0.00	  0.68	 -0.15	 -0.52	
 -0.00	  0.20	  0.00	 -0.00	  0.20	  0.00	 -0.00	  0.68	 -0.16	 -0.52	 -0.00	  0.68	 -0.16	 -0.52	
 -0.00	  0.20	  0.00	 -0.00	  0.20	  0.00	 -0.00	  0.68	 -0.16	 -0.52	 -0.00	  0.68	 -0.16	 -0.52	
 -0.00	  0.20	  0.01	 -0.00	  0.20	  0.01	 -0.00	  0.68	 -0.16	 -0.52	 -0.00	  0.68	 -0.16	 -0.52	
 -0.00	  0.20	  0.01	 -0.00	  0.20	  0.01	 -0.00	  0.68	 -0.16	 -0.52	 -0.00	  0.68	 -0.16	 -0.52	
 -0.00	  0.20	  0.01	 -0.00	  0.20	  0.01	 -0.00	  0.69	 -0.17	 -0.52	 -0.00	  0.69	 -0.17	 -0.52	
 -0.00	  0.20	  0.01	 -0.00	  0.20	  0.01	 -0.00	  0.69	 -0.17	 -0.52	 -0.00	  0.69	 -0.17	 -0.52	
 -0.00	  0.20	  0.01	 -0.00	  0.20	  0.01	 -0.00	  0.69	 -0.17	 -0.52	 -0.00	  0.69	 -0.17	 -0.52	
 -0.00	  0.20	  0.01	 -0.00	  0.20	  0.01	 -0.00	  0.69	 -0.17	 -0.51	 -0.00	  0.69	 -0.17	 -0.51	
 -0.00	  0.20	  0.01	 -0.00	  0.20	  0.01	 -0.00	  0.69	 -0.18	 -0.51	 -0.00	  0.69	 -0.18	 -0.51	
 -0.00	  0.20	  0.01	 -0.00	  0.20	  0.01	 -0.00	  0.69	 -0.18	 -0.51	 -0.00	  0.69	 -0.18	 -0.51	
 -0.00	  0.20	  0.02	 -0.00	  0.20	  0.02	 -0.00	  0.69	 -0.18	 -0.51	 -0.00	  0.69	 -0.18	 -0.51	
 -0.00	  0.20	  0.02	 -0.00	  0.20	  0.02	 -0.00	  0.69	 -0.18	 -0.51	 -0.00	  0.69	 -0.18	 -0.51	
 -0.00	  0.20	  0.02	 -0.00	  0.20	  0.02	 -0.00	  0.69	 -0.18	 -0.50	 -0.00	  0.69	 -0.18	 -0.50	
 -0.00	  0.20	  0.02	 -0.00	  0.20	  0.02	 -0.00	  0.69	 -0.19	 -0.50	 -0.00	  0.69	 -0.19	 -0.50	
 -0.00	  0.20	  0.02	 -0.00	  0.20	  0.02	 -0.00	  0.69	 -0.19	 -0.50	 -0.00	  0.69	 -0.19	 -0.50	
 -0.00	  0.20	  0.02	 -0.00	  0.20	  0.02	 -0.00	  0.69	 -0.19	 -0.50	 -0.00	  0.69	 -0.19	 -0.50	
 -0.00	  0.20	  0.02	 -0.00	  0.20	  0.02	 -0.00	  0.69	 -0.19	 -0.49	 -0.00	  0.69	 -0.19	 -0.49	
 -0.00	  0.20	  0.02	 -0.00	  0.20	  0.02	 -0.00	  0.69	 -0.20	 -0.49	 -0.00	  0.69	 -0.20	 -0.49	
 -0.00	  0.20	  0.03	 -0.00	  0.20	  0.03	 -0.00	  0.68	 -0.20	 -0.49	 -0.00	  0.68	 -0.20	 -0.49	
 -0.00	  0.20	  0.03	 -0.00	  0.20	  0.03	 -0.00	  0.68	 -0.20	 -0.48	 -0.00	  0.68	 -0.20	 -0.48	
 -0.00	  0.20	  0.03	 -0.00	  0.20	  0.03	 -0.00	  0.68	 -0.20	 -0.48	 -0.00	  0.68	 -0.20	 -0.48	
 -0.00	  0.20	  0.03	 -0.00	  0.20	  0.03	 -0.00	  0.68	 -0.20	 -0.48	 -0.00	  0.68	 -0.20	 -0.48	
 -0.00	  0.20	  0.03	 -0.00	  0.20	  0.03	 -0.00	  0.68	 -0.20	 -0.47	 -0.00	  0.68	 -0.20	 -0.47	
 -0.00	  0.20	  0.03	 -0.00	  0.20	  0.03	 -0.00	  0.68	 -0.21	 -0.47	 -0.00	  0.68	 -0.21	 -0.47	
 -0.00	  0.20	  0.03	 -0.00	  0.20	  0.03	 -0.00	  0.67	 -0.21	 -0.47	 -0.00	  0.67	 -0.21	 -0.47	
 -0.00	  0.20	  0.04	 -0.00	  0.20	  0.04	 -0.00	  0.67	 -0.21	 -0.46	 -0.00	  0.67	 -0.21	 -0.46	
 -0.00	  0.20	  0.04	 -0.00	  0.20	  0.04	 -0.00	  0.67	 -0.21	 -0.46	 -0.00	  0.67	 -0.21	 -0.46	
 -0.00	  0.20	  0.04	 -0.00	  0.20	  0.04	 -0.00	  0.67	 -0.21	 -0.45	 -0.00	  0.67	 -0.21	 -0.45	
 -0.00	  0.19	  0.04	 -0.00	  0.19	  0.04	 -0.00	  0.66	 -0.21	 -0.45	 -0.00	  0.66	 -0.21	 -0.45	
 -0.00	  0.19	  0.04	 -0.00	  0.19	  0.04	 -0.00	  0.66	 -0.22	 -0.45	 -0.00	  0.66	 -0.22	 -0.45	
 -0.00	  0.19	  0.04	 -0.00	  0.19	  0.04	 -0.00	  0.66	 -0.22	 -0.44	 -0.00	  0.66	 -0.22	 -0.44	
 -0.00	  0.19	  0.04	 -0.00	  0.19	  0.04	 -0.00	  0.66	 -0.22	 -0.44	 -0.00	  0.66	 -0.22	 -0.44	
 -0.00	  0.19	  0.04	 -0.00	  0.19	  0.04	 -0.00	  0.65	 -0.22	 -0.43	 -0.00	  0.65	 -0.22	 -0.43	
 -0.00	  0.19	  0.05	 -0.00	  0.19	  0.05	 -0.00	  0.65	 -0.22	 -0.43	 -0.00	  0.65	 -0.22	 -0.43	
 -0.00	  0.19	  0.05	 -0.00	  0.19	  0.05	 -0.00	  0.65	 -0.22	 -0.42	 -0.00	  0.65	 -0.22	 -0.42	
 -0.00	  0.19	  0.05	 -0.00	  0.19	  0.05	 -0.00	  0.64	 -0.22	 -0.42	 -0.00	  0.64	 -0.22	 -0.42	
 -0.00	  0.19	  0.05	 -0.00	  0.19	  0.05	 -0.00	  0.64	 -0.23	 -0.41	 -0.00	  0.64	 -0.23	 -0.41	
 -0.00	  0.19	  0.05	 -0.00	  0.19	  0.05	 -0.00	  0.64	 -0.23	 -0.41	 -0.00	  0.64	 -0.23	 -0.41	
 -0.00	  0.19	  0.05	 -0.00	  0.19	  0.05	 -0.00	  0.63	 -0.23	 -0.40	 -0.00	  0.63	 -0.23	 -0.40	
  0.00	  0.18	  0.05	  0.00	  0.18	  0.05	  0.00	  0.63	 -0.23	 -0.40	  0.00	  0.63	 -0.23	 -0.40	
  0.00	  0.18	  0.06	  0.00	  0.18	  0.06	  0.00	  0.62	 -0.23	 -0.39	  0.00	  0.62	 -0.23	 -0.39	
  0.00	  0.18	  0.06	  0.00	  0.18	  0.06	  0.00	  0.62	 -0.23	 -0.39	  0.00	  0.62	 -0.23	 -0.39	
  0.00	  0.18	  0.06	  0.00	  0.18	  0.06	  0.00	  0.62	 -0.23	 -0.38	  0.00	  0.62	 -0.23	 -0.38	
  0.00	  0.18	  0.06	  0.00	  0.18	  0.06	  0.00	  0.61	 -0.23	 -0.38	  0.00	  0.61	 -0.23	 -0.38	
  0.00	  0.18	  0.06	  0.00	  0.18	  0.06	  0.00	  0.61	 -0.23	 -0.37	  0.00	  0.61	 -0.23	 -0.37	
  0.00	  0.18	  0.06	  0.00	  0.18	  0.06	  0.00	  0.60	 -0.24	 -0.37	  0.00	  0.60	 -0.24	 -0.37	
  0.00	  0.18	  0.06	  0.00	  0.18	  0.06	  0.00	  0.60	 -0.24	 -0.36	  0.00	  0.60	 -0.24	 -0.36	
  0.00	  0.17	  0.06	  0.00	  0.17	  0.06	  0.00	  0.59	 -0.24	 -0.36	  0.00	  0.59	 -0.24	 -0.36	
  0.00	  0.17	  0.07	  0.00	  0.17	  0.07	  0.00	  0.59	 -0.24	 -0.35	  0.00	  0.59	 -0.24	 -0.35	
  0.00	  0.17	  0.07	  0.00	  0.17	  0.07	  0.00	  0.58	 -0.24	 -0.35	  0.00	  0.58	 -0.24	 -0.35	
  0.00	  0.17	  0.07	  0.00	  0.17	  0.07	  0.00	  0.58	 -0.24	 -0.34	  0.00	  0.58	 -0.24	 -0.34	
  0.00	  0.17	  0.07	  0.00	  0.17	  0.07	  0.00	  0.58	 -0.24	 -0.34	  0.00	  0.58	 -0.24	 -0.34	
  0.00	  0.17	  0.07	  0.00	  0.17	  0.07	  0.00	  0.57	 -0.24	 -0.33	  0.00	  0.57	 -0.24	 -0.33	
  0.00	  0.16	  0.07	  0.00	  0.16	  0.07	  0.00	  0.57	 -0.24	 -0.33	  0.00	  0.57	 -0.24	 -0.33	
  0.00	  0.16	  0.07	  0.00	  0.16	  0.07	  0.00	  0.56	 -0.24	 -0.32	  0.00	  0.56	 -0.24	 -0.32	
  0.00	  0.16	  0.07	  0.00	  0.16	  0.07	  0.00	  0.56	 -0.24	 -0.32	  0.00	  0.56	 -0.24	 -0.32	
  0.00	  0.16	  0.07	  0.00	  0.16	  0.07	  0.00	  0.55	 -0.24	 -0.31	  0.00	  0.55	 -0.24	 -0.31	
  0.00	  0.16	  0.08	  0.00	  0.16	  0.08	  0.00	  0.55	 -0.24	 -0.31	  0.00	  0.55	 -0.24	 -0.31	
  0.00	  0.16	  0.08	  0.00	  0.16	  0.08	  0.00	  0.54	 -0.24	 -0.30	  0.00	  0.54	 -0.24	 -0.30	
  0.00	  0.16	  0.08	  0.00	  0.16	  0.08	  0.00	  0.54	 -0.24	 -0.30	  0.00	  0.54	 -0.24	 -0.30	
  0.00	  0.15	  0.08	  0.00	  0.15	  0.08	  0.00	  0.53	 -0.24	 -0.29	  0.00	  0.53	 -0.24	 -0.29	
  0.00	  0.15	  0.08	  0.00	  0.15	  0.08	  0.00	  0.53	 -0.24	 -0.29	  0.00	  0.53	 -0.24	 -0.29	
  0.00	  0.15	  0.08	  0.00	  0.15	  0.08	  0.00	  0.52	 -0.24	 -0.28	  0.00	  0.52	 -0.24	 -0.28	
  0.00	  0.15	  0.08	  0.00	  0.15	  0.08	  0.00	  0.52	 -0.24	 -0.28	  0.00	  0.52	 -0.24	 -0.28	
  0.00	  0.15	  0.08	  0.00	  0.15	  0.08	  0.00	  0.51	 -0.24	 -0.27	  0.00	  0.51	 -0.24	 -0.27	
  0.00	  0.15	  0.08	  0.00	  0.15	  0.08	  0.00	  0.51	 -0.24	 -0.27	  0.00	  0.51	 -0.24	 -0.27	
  0.00	  0.14	  0.08	  0.00	  0.14	  0.08	  0.00	  0.50	 -0.24	 -0.26	  0.00	  0.50	 -0.24	 -0.26	
  0.00	  0.14	  0.08	  0.00	  0.14	  0.08	  0.00	  0.49	 -0.24	 -0.26	  0.00	  0.49	 -0.24	 -0.26	
  0.00	  0.14	  0.08	  0.00	  0.14	  0.08	  0.00	  0.49	 -0.24	 -0.25	  0.00	  0.49	 -0.24	 -0.25	
  0.00	  0.14	  0.09	  0.00	  0.14	  0.09	  0.00	  0.48	 -0.24	 -0.25	  0.00	  0.48	 -0.24	 -0.25	
  0.00	  0.14	  0.09	  0.00	  0.14	  0.09	  0.00	  0.48	 -0.24	 -0.24	  0.00	  0.48	 -0.24	 -0.24	
  0.00	  0.13	  0.09	  0.00	  0.13	  0.09	  0.00	  0.47	 -0.24	 -0.24	  0.00	  0.47	 -0.24	 -0.24	
  0.00	  0.13	  0.09	  0.00	  0.13	  0.09	  0.00	  0.47	 -0.24	 -0.23	  0.00	  0.47	 -0.24	 -0.23	
  0.00	  0.13	  0.09	  0.00	  0.13	  0.09	  0.00	  0.46	 -0.24	 -0.23	  0.00	  0.46	 -0.24	 -0.23	
  0.00	  0.13	  0.09	  0.00	  0.13	  0.09	  0.00	  0.46	 -0.23	 -0.22	  0.00	  0.46	 -0.23	 -0.22	
  0.00	  0.13	  0.09	  0.00	  0.13	  0.09	  0.00	  0.45	 -0.23	 -0.22	  0.00	  0.45	 -0.23	 -0.22	
  0.00	  0.13	  0.09	  0.00	  0.13	  0.09	  0.00	  0.45	 -0.23	 -0.21	  0.00	  0.45	 -0.23	 -0.21	
  0.00	  0.12	  0.09	  0.00	  0.12	  0.09	  0.00	  0.44	 -0.23	 -0.21	  0.00	  0.44	 -0.23	 -0.21	
  0.00	  0.12	  0.09	  0.00	  0.12	  0.09	  0.00	  0.44	 -0.23	 -0.20	  0.00	  0.44	 -0.23	 -0.20	
  0.00	  0.12	  0.09	  0.00	  0.12	  0.09	  0.00	  0.43	 -0.23	 -0.20	  0.00	  0.43	 -0.23	 -0.20	
  0.00	  0.12	  0.09	  0.00	  0.12	  0.09	  0.00	  0.42	 -0.23	 -0.19	  0.00	  0.42	 -0.23	 -0.19	
  0.00	  0.12	  0.09	  0.00	  0.12	  0.09	  0.00	  0.42	 -0.23	 -0.19	  0.00	  0.42	 -0.23	 -0.19	
  0.00	  0.11	  0.09	  0.00	  0.11	  0.09	  0.00	  0.41	 -0.23	 -0.19	  0.00	  0.41	 -0.23	 -0.19	
  0.00	  0.11	  0.09	  0.00	  0.11	  0.09	  0.00	  0.41	 -0.23	 -0.18	  0.00	  0.41	 -0.23	 -0.18	
  0.00	  0.11	  0.09	  0.00	  0.11	  0.09	  0.00	  0.40	 -0.22	 -0.18	  0.00	  0.40	 -0.22	 -0.18	
  0.00	  0.11	  0.09	  0.00	  0.11	  0.09	  0.00	  0.40	 -0.22	 -0.17	  0.00	  0.40	 -0.22	 -0.17	
  0.00	  0.11	  0.09	  0.00	  0.11	  0.09	  0.00	  0.39	 -0.22	 -0.17	  0.00	  0.39	 -0.22	 -0.17	
  0.00	  0.10	  0.09	  0.00	  0.10	  0.09	  0.00	  0.39	 -0.22	 -0.16	  0.00	  0.39	 -0.22	 -0.16	
  0.00	  0.10	  0.09	  0.00	  0.10	  0.09	  0.00	  0.38	 -0.22	 -0.16	  0.00	  0.38	 -0.22	 -0.16	
  0.00	  0.10	  0.09	  0.00	  0.10	  0.09	  0.00	  0.37	 -0.22	 -0.16	  0.00	  0.37	 -0.22	 -0.16	
  0.00	  0.10	  0.09	  0.00	  0.10	  0.09	  0.00	  0.37	 -0.22	 -0.15	  0.00	  0.37	 -0.22	 -0.15	
  0.00	  0.10	  0.09	  0.00	  0.10	  0.09	  0.00	  0.36	 -0.21	 -0.15	  0.00	  0.36	 -0.21	 -0.15	
  0.00	  0.09	  0.09	  0.00	  0.09	  0.09	  0.00	  0.36	 -0.21	 -0.14	  0.00	  0.36	 -0.21	 -0.14	
  0.00	  0.09	  0.09	  0.00	  0.09	  0.09	  0.00	  0.35	 -0.21	 -0.14	  0.00	  0.35	 -0.21	 -0.14	
  0.00	  0.09	  0.09	  0.00	  0.09	  0.09	  0.00	  0.35	 -0.21	 -0.14	  0.00	  0.35	 -0.21	 -0.14	
  0.00	  0.09	  0.09	  0.00	  0.09	  0.09	  0.00	  0.34	 -0.21	 -0.13	  0.00	  0.34	 -0.21	 -0.13	
  0.00	  0.09	  0.09	  0.00	  0.09	  0.09	  0.00	  0.33	 -0.20	 -0.13	  0.00	  0.33	 -0.20	 -0.13	
  0.00	  0.08	  0.09	  0.00	  0.08	  0.09	  0.00	  0.33	 -0.20	 -0.13	  0.00	  0.33	 -0.20	 -0.13	
  0.00	  0.08	  0.09	  0.00	  0.08	  0.09	  0.00	  0.32	 -0.20	 -0.12	  0.00	  0.32	 -0.20	 -0.12	
  0.00	  0.08	  0.09	  0.00	  0.08	  0.09	  0.00	  0.32	 -0.20	 -0.12	  0.00	  0.32	 -0.20	 -0.12	
  0.00	  0.08	  0.09	  0.00	  0.08	  0.09	  0.00	  0.31	 -0.20	 -0.11	  0.00	  0.31	 -0.20	 -0.11	
  0.00	  0.08	  0.09	  0.00	  0.08	  0.09	  0.00	  0.31	 -0.19	 -0.11	  0.00	  0.31	 -0.19	 -0.11	
  0.00	  0.07	  0.09	  0.00	  0.07	  0.09	  0.00	  0.30	 -0.19	 -0.11	  0.00	  0.30	 -0.19	 -0.11	
  0.00	  0.07	  0.09	  0.00	  0.07	  0.09	  0.00	  0.29	 -0.19	 -0.10	  0.00	  0.29	 -0.19	 -0.10	
  0.00	  0.07	  0.09	  0.00	  0.07	  0.09	  0.00	  0.29	 -0.19	 -0.10	  0.00	  0.29	 -0.19	 -0.10	
  0.00	  0.07	  0.09	  0.00	  0.07	  0.09	  0.00	  0.28	 -0.19	 -0.10	  0.00	  0.28	 -0.19	 -0.10	
  0.00	  0.07	  0.09	  0.00	  0.07	  0.09	  0.00	  0.28	 -0.18	 -0.09	  0.00	  0.28	 -0.18	 -0.09	
  0.00	  0.06	  0.09	  0.00	  0.06	  0.09	  0.00	  0.27	 -0.18	 -0.09	  0.00	  0.27	 -0.18	 -0.09	
  0.00	  0.06	  0.09	  0.00	  0.06	  0.09	  0.00	  0.26	 -0.18	 -0.09	  0.00	  0.26	 -0.18	 -0.09	
  0.00	  0.06	  0.09	  0.00	  0.06	  0.09	  0.00	  0.26	 -0.18	 -0.08	  0.00	  0.26	 -0.18	 -0.08	
  0.00	  0.06	  0.09	  0.00	  0.06	  0.09	  0.00	  0.25	 -0.17	 -0.08	  0.00	  0.25	 -0.17	 -0.08	
  0.00	  0.06	  0.09	  0.00	  0.06	  0.09	  0.00	  0.25	 -0.17	 -0.08	  0.00	  0.25	 -0.17	 -0.08	
  0.00	  0.06	  0.08	  0.00	  0.05	  0.09	  0.00	  0.24	 -0.17	 -0.07	  0.00	  0.24	 -0.17	 -0.07	
  0.00	  0.05	  0.08	  0.00	  0.05	  0.08	  0.00	  0.23	 -0.17	 -0.07	  0.00	  0.24	 -0.16	 -0.07	
  0.00	  0.05	  0.08	  0.00	  0.05	  0.08	  0.00	  0.23	 -0.16	 -0.07	  0.00	  0.23	 -0.16	 -0.07	
  0.00	  0.05	  0.08	  0.00	  0.05	  0.08	  0.00	  0.22	 -0.16	 -0.06	  0.00	  0.23	 -0.15	 -0.07	
  0.00	  0.06	  0.07	  0.00	  0.05	  0.08	  0.00	  0.22	 -0.16	 -0.06	  0.00	  0.22	 -0.15	 -0.07	
  0.00	  0.06	  0.07	  0.00	  0.05	  0.08	  0.00	  0.21	 -0.15	 -0.06	  0.00	  0.22	 -0.14	 -0.08	
  0.00	  0.06	  0.06	  0.00	  0.04	  0.08	  0.00	  0.21	 -0.15	 -0.06	  0.00	  0.21	 -0.13	 -0.08	
  0.00	  0.06	  0.05	  0.00	  0.04	  0.08	  0.00	  0.20	 -0.15	 -0.05	  0.00	  0.21	 -0.13	 -0.08	
  0.00	  0.06	  0.05	  0.00	  0.04	  0.08	  0.00	  0.20	 -0.15	 -0.05	  0.00	  0.20	 -0.12	 -0.08	
 -0.00	  0.06	  0.04	  0.00	  0.04	  0.08	  0.00	  0.19	 -0.14	 -0.05	 -0.00	  0.20	 -0.11	 -0.09	
 -0.00	  0.07	  0.03	  0.00	  0.04	  0.08	  0.00	  0.19	 -0.14	 -0.04	 -0.00	  0.20	 -0.10	 -0.09	
 -0.00	  0.07	  0.02	  0.00	  0.04	  0.08	  0.00	  0.18	 -0.14	 -0.04	 -0.00	  0.19	 -0.10	 -0.10	
 -0.00	  0.07	  0.02	  0.00	  0.03	  0.08	  0.00	  0.18	 -0.14	 -0.04	 -0.00	  0.19	 -0.09	 -0.10	
 -0.00	  0.08	  0.01	  0.00	  0.03	  0.08	  0.00	  0.17	 -0.14	 -0.04	 -0.00	  0.19	 -0.08	 -0.11	
 -0.00	  0.08	 -0.00	  0.00	  0.03	  0.08	  0.00	  0.17	 -0.13	 -0.04	 -0.00	  0.18	 -0.07	 -0.12	
 -0.00	  0.09	 -0.01	  0.00	  0.03	  0.07	  0.00	  0.16	 -0.13	 -0.03	 -0.00	  0.18	 -0.06	 -0.12	
 -0.00	  0.09	 -0.02	  0.00	  0.03	  0.07	  0.00	  0.16	 -0.13	 -0.03	 -0.00	  0.18	 -0.05	 -0.13	
 -0.00	  0.09	 -0.03	  0.00	  0.03	  0.07	  0.00	  0.16	 -0.13	 -0.03	 -0.00	  0.17	 -0.04	 -0.14	
 -0.00	  0.10	 -0.04	  0.00	  0.02	  0.07	  0.00	  0.15	 -0.12	 -0.03	 -0.00	  0.17	 -0.03	 -0.14	
 -0.00	  0.10	 -0.05	  0.00	  0.02	  0.07	  0.00	  0.15	 -0.12	 -0.03	 -0.00	  0.17	 -0.02	 -0.15	
 -0.00	  0.11	 -0.06	  0.00	  0.02	  0.07	  0.00	  0.14	 -0.12	 -0.02	 -0.00	  0.16	 -0.01	 -0.16	
 -0.00	  0.11	 -0.07	  0.00	  0.02	  0.07	  0.00	  0.14	 -0.12	 -0.02	 -0.00	  0.16	  0.00	 -0.17	
 -0.00	  0.12	 -0.09	  0.00	  0.02	  0.07	  0.00	  0.13	 -0.11	 -0.02	 -0.00	  0.16	  0.02	 -0.17	
 -0.00	  0.12	 -0.10	  0.00	  0.02	  0.07	  0.00	  0.13	 -0.11	 -0.02	 -0.00	  0.15	  0.03	 -0.18	
 -0.00	  0.13	 -0.11	  0.00	  0.02	  0.07	  0.00	  0.13	 -0.11	 -0.02	 -0.00	  0.15	  0.04	 -0.19	
 -0.00	  0.13	 -0.12	  0.00	  0.02	  0.07	  0.00	  0.12	 -0.11	 -0.01	 -0.00	  0.15	  0.05	 -0.20	
 -0.00	  0.13	 -0.13	  0.00	  0.01	  0.07	  0.00	  0.12	 -0.11	 -0.01	 -0.00	  0.14	  0.06	 -0.20	
 -0.00	  0.14	 -0.14	  0.00	  0.01	  0.07	  0.00	  0.12	 -0.10	 -0.01	 -0.00	  0.14	  0.07	 -0.21	
 -0.00	  0.14	 -0.15	  0.00	  0.01	  0.06	  0.00	  0.11	 -0.10	 -0.01	 -0.00	  0.14	  0.08	 -0.22	
 -0.00	  0.15	 -0.16	  0.00	  0.01	  0.06	  0.00	  0.11	 -0.10	 -0.01	 -0.00	  0.13	  0.10	 -0.23	
 -0.00	  0.15	 -0.17	  0.00	  0.01	  0.06	  0.00	  0.10	 -0.10	 -0.01	 -0.00	  0.13	  0.11	 -0.23	
 -0.00	  0.16	 -0.19	  0.00	  0.01	  0.06	  0.00	  0.10	 -0.10	 -0.01	 -0.00	  0.12	  0.12	 -0.24	
 -0.00	  0.16	 -0.20	  0.00	  0.01	  0.06	  0.00	  0.10	 -0.09	 -0.00	 -0.00	  0.12	  0.13	 -0.25	
 -0.00	  0.16	 -0.21	  0.00	  0.01	  0.06	  0.00	  0.09	 -0.09	 -0.00	 -0.00	  0.11	  0.14	 -0.26	
 -0.00	  0.17	 -0.22	  0.00	  0.01	  0.06	  0.00	  0.09	 -0.09	 -0.00	 -0.00	  0.11	  0.15	 -0.26	
 -0.00	  0.17	 -0.23	  0.00	  0.01	  0.06	  0.00	  0.09	 -0.09	 -0.00	 -0.00	  0.11	  0.16	 -0.27	
 -0.00	  0.17	 -0.24	  0.00	  0.00	  0.06	  0.00	  0.09	 -0.09	  0.00	 -0.00	  0.10	  0.18	 -0.28	
 -0.00	  0.18	 -0.25	  0.00	  0.00	  0.06	  0.00	  0.08	 -0.08	  0.00	 -0.00	  0.10	  0.19	 -0.28	
 -0.00	  0.18	 -0.26	  0.00	  0.00	  0.06	  0.00	  0.08	 -0.08	  0.00	 -0.00	  0.09	  0.20	 -0.29	
 -0.00	  0.18	 -0.27	  0.00	  0.00	  0.06	  0.00	  0.08	 -0.08	  0.00	 -0.00	  0.08	  0.21	 -0.29	
 -0.00	  0.18	 -0.28	  0.00	  0.00	  0.05	  0.00	  0.07	 -0.08	  0.00	 -0.00	  0.08	  0.22	 -0.30	
 -0.00	  0.18	 -0.29	  0.00	  0.00	  0.05	  0.00	  0.07	 -0.08	  0.01	 -0.00	  0.07	  0.23	 -0.30	
 -0.00	  0.18	 -0.29	  0.00	 -0.00	  0.05	  0.00	  0.07	 -0.07	  0.01	 -0.00	  0.07	  0.24	 -0.31	
 -0.00	  0.19	 -0.30	  0.00	 -0.00	  0.05	  0.00	  0.06	 -0.07	  0.01	 -0.00	  0.06	  0.25	 -0.31	
 -0.00	  0.19	 -0.31	  0.00	 -0.00	  0.05	  0.00	  0.06	 -0.07	  0.01	 -0.00	  0.05	  0.26	 -0.32	
 -0.00	  0.19	 -0.32	  0.00	 -0.00	  0.05	  0.00	  0.06	 -0.07	  0.01	 -0.00	  0.05	  0.27	 -0.32	
 -0.00	  0.19	 -0.33	  0.00	 -0.00	  0.05	  0.00	  0.06	 -0.07	  0.01	 -0.00	  0.04	  0.28	 -0.32	
 -0.00	  0.19	 -0.33	  0.00	 -0.00	  0.05	  0.00	  0.05	 -0.07	  0.01	 -0.00	  0.03	  0.29	 -0.33	
 -0.00	  0.18	 -0.34	  0.00	 -0.00	  0.05	  0.00	  0.05	 -0.06	  0.01	 -0.00	  0.02	  0.30	 -0.33	
 -0.00	  0.18	 -0.35	  0.00	 -0.00	  0.05	  0.00	  0.05	 -0.06	  0.01	 -0.00	  0.02	  0.31	 -0.33	
 -0.00	  0.18	 -0.35	  0.00	 -0.01	  0.05	  0.00	  0.05	 -0.06	  0.01	 -0.00	  0.01	  0.32	 -0.33	
 -0.00	  0.18	 -0.36	  0.00	 -0.01	  0.05	  0.00	  0.05	 -0.06	  0.01	 -0.00	 -0.00	  0.33	 -0.33	
 -0.00	  0.18	 -0.36	  0.00	 -0.01	  0.04	  0.00	  0.04	 -0.06	  0.01	 -0.00	 -0.01	  0.34	 -0.33	
 -0.00	  0.17	 -0.37	  0.00	 -0.01	  0.04	  0.00	  0.04	 -0.06	  0.01	 -0.00	 -0.02	  0.35	 -0.33	
 -0.00	  0.17	 -0.37	  0.00	 -0.01	  0.04	  0.00	  0.04	 -0.05	  0.01	 -0.00	 -0.03	  0.36	 -0.33	
 -0.00	  0.17	 -0.38	  0.00	 -0.01	  0.04	  0.00	  0.04	 -0.05	  0.02	 -0.00	 -0.04	  0.37	 -0.33	
 -0.00	  0.16	 -0.38	  0.00	 -0.01	  0.04	  0.00	  0.04	 -0.05	  0.02	 -0.00	 -0.05	  0.38	 -0.32	
 -0.00	  0.16	 -0.39	  0.00	 -0.01	  0.04	  0.00	  0.03	 -0.05	  0.02	 -0.00	 -0.07	  0.39	 -0.32	
 -0.00	  0.15	 -0.39	  0.00	 -0.01	  0.04	  0.00	  0.03	 -0.05	  0.02	 -0.00	 -0.08	  0.40	 -0.32	
 -0.00	  0.15	 -0.39	  0.00	 -0.01	  0.04	  0.00	  0.03	 -0.05	  0.02	 -0.00	 -0.09	  0.40	 -0.31	
 -0.00	  0.14	 -0.39	  0.00	 -0.01	  0.04	  0.00	  0.03	 -0.04	  0.02	 -0.00	 -0.11	  0.41	 -0.31	
 -0.00	  0.13	 -0.40	  0.00	 -0.01	  0.04	  0.00	  0.03	 -0.04	  0.02	 -0.00	 -0.12	  0.42	 -0.30	
 -0.00	  0.13	 -0.40	  0.00	 -0.01	  0.04	  0.00	  0.02	 -0.04	  0.02	 -0.00	 -0.14	  0.43	 -0.29	
 -0.00	  0.12	 -0.40	  0.00	 -0.01	  0.04	  0.00	  0.02	 -0.04	  0.02	 -0.00	 -0.15	  0.44	 -0.28	
 -0.00	  0.11	 -0.40	  0.00	 -0.01	  0.03	  0.00	  0.02	 -0.04	  0.02	 -0.00	 -0.17	  0.44	 -0.27	
 -0.00	  0.10	 -0.40	  0.00	 -0.01	  0.03	  0.00	  0.02	 -0.04	  0.02	 -0.00	 -0.19	  0.45	 -0.27	
 -0.00	  0.09	 -0.40	  0.00	 -0.01	  0.03	  0.00	  0.02	 -0.04	  0.02	 -0.00	 -0.20	  0.46	 -0.25	
 -0.00	  0.09	 -0.40	  0.00	 -0.01	  0.03	  0.00	  0.02	 -0.04	  0.02	 -0.00	 -0.22	  0.47	 -0.24	
 -0.00	  0.08	 -0.40	  0.00	 -0.01	  0.03	  0.00	  0.02	 -0.03	  0.02	 -0.00	 -0.24	  0.47	 -0.23	
 -0.00	  0.06	 -0.40	  0.00	 -0.01	  0.03	  0.00	  0.01	 -0.03	  0.02	 -0.00	 -0.26	  0.48	 -0.22	
 -0.00	  0.05	 -0.39	  0.00	 -0.01	  0.03	  0.00	  0.01	 -0.03	  0.02	 -0.00	 -0.29	  0.49	 -0.20	
 -0.00	  0.04	 -0.39	  0.00	 -0.01	  0.03	  0.00	  0.01	 -0.03	  0.02	 -0.00	 -0.31	  0.50	 -0.19	
 -0.00	  0.03	 -0.39	  0.00	 -0.01	  0.03	  0.00	  0.01	 -0.03	  0.02	 -0.00	 -0.33	  0.50	 -0.17	
 -0.00	  0.02	 -0.39	  0.00	 -0.01	  0.03	  0.00	  0.01	 -0.03	  0.02	 -0.00	 -0.36	  0.51	 -0.15	
 -0.00	  0.01	 -0.38	  0.00	 -0.01	  0.03	  0.00	  0.01	 -0.03	  0.02	 -0.00	 -0.38	  0.52	 -0.13	
 -0.00	 -0.01	 -0.38	  0.00	 -0.01	  0.03	  0.00	  0.01	 -0.03	  0.02	 -0.00	 -0.41	  0.52	 -0.11	
 -0.00	 -0.02	 -0.38	  0.00	 -0.01	  0.02	  0.00	  0.01	 -0.02	  0.02	 -0.00	 -0.44	  0.53	 -0.09	
 -0.00	 -0.04	 -0.37	  0.00	 -0.01	  0.02	  0.00	  0.01	 -0.02	  0.02	 -0.00	 -0.47	  0.54	 -0.07	
 -0.00	 -0.05	 -0.37	  0.00	 -0.01	  0.02	  0.00	  0.00	 -0.02	  0.02	 -0.00	 -0.50	  0.54	 -0.05	
 -0.00	 -0.06	 -0.36	  0.00	 -0.01	  0.02	  0.00	  0.00	 -0.02	  0.02	 -0.00	 -0.53	  0.55	 -0.02	
 -0.00	 -0.08	 -0.36	  0.00	 -0.01	  0.02	  0.00	  0.00	 -0.02	  0.02	 -0.00	 -0.56	  0.56	  0.01	
 -0.00	 -0.10	 -0.35	  0.00	 -0.01	  0.02	  0.00	  0.00	 -0.02	  0.02	 -0.00	 -0.60	  0.56	  0.04	
 -0.00	 -0.11	 -0.34	  0.00	 -0.01	  0.02	  0.00	  0.00	 -0.02	  0.02	 -0.00	 -0.64	  0.57	  0.07	
 -0.00	 -0.13	 -0.34	  0.00	 -0.01	  0.02	  0.00	  0.00	 -0.02	  0.02	 -0.00	 -0.67	  0.58	  0.10	
 -0.00	 -0.14	 -0.33	  0.00	 -0.01	  0.02	  0.00	  0.00	 -0.02	  0.02	 -0.00	 -0.71	  0.58	  0.13	
 -0.00	 -0.16	 -0.32	  0.00	 -0.01	  0.02	  0.00	 -0.00	 -0.02	  0.02	 -0.00	 -0.75	  0.59	  0.16	
 -0.00	 -0.18	 -0.32	  0.00	 -0.01	  0.02	  0.00	 -0.00	 -0.01	  0.02	 -0.00	 -0.80	  0.60	  0.20	
 -0.00	 -0.20	 -0.31	  0.00	 -0.01	  0.02	  0.00	 -0.00	 -0.01	  0.01	 -0.00	 -0.84	  0.60	  0.24	
 -0.00	 -0.21	 -0.30	  0.00	 -0.01	  0.01	  0.00	 -0.00	 -0.01	  0.01	 -0.00	 -0.89	  0.61	  0.28	
 -0.00	 -0.23	 -0.29	  0.00	 -0.01	  0.01	  0.00	 -0.00	 -0.01	  0.01	 -0.00	 -0.94	  0.61	  0.32	
 -0.00	 -0.25	 -0.28	  0.00	 -0.01	  0.01	  0.00	 -0.00	 -0.01	  0.01	 -0.00	 -0.99	  0.62	  0.37	
 -0.00	 -0.27	 -0.27	  0.00	 -0.01	  0.01	  0.00	 -0.00	 -0.01	  0.01	 -0.00	 -1.04	  0.63	  0.41	
 -0.00	 -0.29	 -0.26	  0.00	 -0.01	  0.01	  0.00	 -0.00	 -0.01	  0.01	 -0.00	 -1.09	  0.63	  0.46	
 -0.00	 -0.31	 -0.25	  0.00	 -0.01	  0.01	  0.00	 -0.00	 -0.01	  0.01	 -0.00	 -1.15	  0.64	  0.51	
 -0.00	 -0.33	 -0.24	  0.00	 -0.01	  0.01	  0.00	 -0.00	 -0.01	  0.01	 -0.00	 -1.21	  0.65	  0.57	
 -0.00	 -0.34	 -0.23	  0.00	 -0.01	  0.01	  0.00	 -0.00	 -0.01	  0.01	 -0.00	 -1.27	  0.65	  0.62	
 -0.00	 -0.36	 -0.22	  0.00	 -0.01	  0.01	  0.00	 -0.00	 -0.01	  0.01	 -0.00	 -1.34	  0.66	  0.68	
 -0.00	 -0.38	 -0.21	  0.00	 -0.01	  0.01	  0.00	 -0.00	 -0.01	  0.01	 -0.00	 -1.40	  0.66	  0.74	
 -0.00	 -0.40	 -0.20	  0.00	 -0.01	  0.01	  0.00	 -0.00	 -0.01	  0.01	 -0.00	 -1.47	  0.67	  0.80	
 -0.00	 -0.42	 -0.19	  0.00	 -0.00	  0.01	  0.00	 -0.00	 -0.00	  0.01	 -0.00	 -1.55	  0.68	  0.87	
 -0.00	 -0.44	 -0.18	  0.00	 -0.00	  0.01	  0.00	 -0.00	 -0.00	  0.01	 -0.00	 -1.62	  0.68	  0.94	
 -0.00	 -0.46	 -0.17	  0.00	 -0.00	  0.00	  0.00	 -0.00	 -0.00	  0.01	 -0.00	 -1.70	  0.69	  1.01	
 -0.00	 -0.48	 -0.16	  0.00	 -0.00	  0.00	  0.00	 -0.00	 -0.00	  0.00	 -0.00	 -1.79	  0.69	  1.09	
 -0.00	 -0.49	 -0.15	  0.00	 -0.00	  0.00	  0.00	 -0.00	 -0.00	  0.00	 -0.00	 -1.87	  0.70	  1.17	
 -0.00	 -0.51	 -0.14	  0.00	 -0.00	  0.00	  0.00	 -0.00	 -0.00	  0.00	 -0.00	 -1.96	  0.71	  1.25	
 -0.00	 -0.53	 -0.13	  0.00	 -0.00	  0.00	  0.00	 -0.00	 -0.00	  0.00	 -0.00	 -2.05	  0.71	  1.34	
 -0.00	 -0.55	 -0.12	  0.00	 -0.00	  0.00	  0.00	  0.00	 -0.00	  0.00	 -0.00	 -2.15	  0.72	  1.43	
  0.00	 -0.56	 -0.11	 -0.00	  0.00	 -0.00	 -0.00	  0.00	  0.00	 -0.00	  0.00	 -2.25	  0.72	  1.53	
  0.00	 -0.58	 -0.09	 -0.00	  0.00	 -0.00	 -0.00	  0.00	  0.00	 -0.00	  0.00	 -2.36	  0.73	  1.63	
  0.00	 -0.60	 -0.08	 -0.00	  0.00	 -0.00	 -0.00	  0.00	  0.00	 -0.00	  0.00	 -2.48	  0.74	  1.74	
  0.00	 -0.62	 -0.07	 -0.00	  0.00	 -0.00	 -0.00	  0.00	  0.00	 -0.00	  0.00	 -2.60	  0.74	  1.86	
  0.00	 -0.64	 -0.06	 -0.00	  0.00	 -0.00	 -0.00	  0.00	  0.00	 -0.00	  0.00	 -2.73	  0.75	  1.98	
  0.00	 -0.66	 -0.05	 -0.00	  0.00	 -0.00	 -0.00	  0.00	  0.00	 -0.01	  0.00	 -2.87	  0.76	  2.11	
  0.00	 -0.68	 -0.03	 -0.00	  0.00	 -0.00	 -0.00	  0.00	  0.00	 -0.01	  0.00	 -3.01	  0.76	  2.25	
  0.00	 -0.69	 -0.02	 -0.00	  0.01	 -0.01	 -0.00	  0.01	  0.00	 -0.01	  0.00	 -3.16	  0.77	  2.39	
  0.00	 -0.71	 -0.01	 -0.00	  0.01	 -0.01	 -0.00	  0.01	  0.00	 -0.01	  0.00	 -3.32	  0.77	  2.55	
  0.00	 -0.73	  0.01	 -0.00	  0.01	 -0.01	 -0.00	  0.01	  0.00	 -0.01	  0.00	 -3.49	  0.78	  2.71	
  0.00	 -0.75	  0.02	 -0.00	  0.01	 -0.01	 -0.00	  0.01	  0.00	 -0.01	  0.00	 -3.67	  0.78	  2.88	
  0.00	 -0.77	  0.03	 -0.00	  0.01	 -0.01	 -0.00	  0.01	  0.00	 -0.01	  0.00	 -3.85	  0.79	  3.06	
  0.00	 -0.79	  0.05	 -0.00	  0.01	 -0.01	 -0.00	  0.01	  0.00	 -0.01	  0.00	 -4.04	  0.79	  3.25	
  0.00	 -0.80	  0.06	 -0.00	  0.01	 -0.01	 -0.00	  0.01	  0.00	 -0.01	  0.00	 -4.24	  0.80	  3.44	
  0.00	 -0.82	  0.08	 -0.00	  0.01	 -0.01	 -0.00	  0.01	  0.00	 -0.02	  0.00	 -4.44	  0.80	  3.65	
  0.00	 -0.84	  0.09	 -0.00	  0.01	 -0.01	 -0.00	  0.01	  0.00	 -0.02	  0.00	 -4.65	  0.80	  3.85	
  0.00	 -0.85	  0.10	 -0.00	  0.01	 -0.01	 -0.00	  0.01	  0.00	 -0.02	  0.00	 -4.87	  0.80	  4.07	
  0.00	 -0.87	  0.12	 -0.00	  0.01	 -0.01	 -0.00	  0.02	  0.00	 -0.02	  0.00	 -5.08	  0.80	  4.28	
  0.00	 -0.88	  0.13	 -0.00	  0.01	 -0.01	 -0.00	  0.02	  0.00	 -0.02	  0.00	 -5.30	  0.79	  4.50	
  0.00	 -0.90	  0.15	 -0.00	  0.02	 -0.01	 -0.00	  0.02	  0.00	 -0.02	  0.00	 -5.51	  0.79	  4.72	
  0.00	 -0.91	  0.16	 -0.00	  0.02	 -0.01	 -0.00	  0.02	  0.00	 -0.02	  0.00	 -5.71	  0.78	  4.93	
  0.00	 -0.92	  0.18	 -0.00	  0.02	 -0.01	 -0.00	  0.02	  0.00	 -0.02	  0.00	 -5.91	  0.77	  5.14	
  0.00	 -0.94	  0.19	 -0.00	  0.02	 -0.01	 -0.00	  0.02	  0.00	 -0.02	  0.00	 -6.08	  0.76	  5.33	
  0.00	 -0.95	  0.21	 -0.00	  0.02	 -0.01	 -0.00	  0.02	  0.00	 -0.03	  0.00	 -6.24	  0.74	  5.50	
  0.00	 -0.96	  0.22	 -0.00	  0.02	 -0.01	 -0.00	  0.03	  0.00	 -0.03	  0.00	 -6.35	  0.71	  5.64	
  0.00	 -0.97	  0.24	 -0.00	  0.02	 -0.01	 -0.00	  0.03	  0.00	 -0.03	  0.00	 -6.43	  0.68	  5.75	
  0.00	 -0.98	  0.25	 -0.00	  0.02	 -0.01	 -0.00	  0.03	  0.00	 -0.03	  0.00	 -6.45	  0.64	  5.81	
  0.00	 -0.98	  0.26	 -0.00	  0.02	 -0.01	 -0.00	  0.03	  0.00	 -0.03	  0.00	 -6.41	  0.59	  5.82	
  0.00	 -0.99	  0.28	 -0.00	  0.02	 -0.01	 -0.00	  0.03	  0.00	 -0.03	  0.00	 -6.29	  0.53	  5.76	
  0.00	 -1.00	  0.29	 -0.00	  0.02	 -0.02	 -0.00	  0.03	  0.00	 -0.03	  0.00	 -6.08	  0.46	  5.62	
  0.00	 -1.00	  0.30	 -0.00	  0.02	 -0.02	 -0.00	  0.03	 -0.00	 -0.03	  0.00	 -5.77	  0.37	  5.40	
  0.00	 -1.01	  0.32	 -0.00	  0.03	 -0.02	 -0.00	  0.04	 -0.00	 -0.04	  0.00	 -5.37	  0.27	  5.09	
  0.00	 -1.01	  0.33	 -0.00	  0.03	 -0.02	 -0.00	  0.04	 -0.00	 -0.04	  0.00	 -4.87	  0.16	  4.71	
  0.00	 -1.01	  0.34	 -0.00	  0.03	 -0.02	 -0.00	  0.04	 -0.00	 -0.04	  0.00	 -4.32	  0.04	  4.28	
  0.00	 -1.01	  0.35	 -0.00	  0.03	 -0.02	 -0.00	  0.04	 -0.00	 -0.04	  0.00	 -3.73	 -0.08	  3.81	
  0.00	 -1.01	  0.36	 -0.00	  0.03	 -0.02	 -0.00	  0.04	 -0.00	 -0.04	  0.00	 -3.15	 -0.20	  3.35	
  0.00	 -1.01	  0.37	 -0.00	  0.03	 -0.02	 -0.00	  0.05	 -0.00	 -0.04	  0.00	 -2.60	 -0.31	  2.91	
  0.00	 -1.01	  0.38	 -0.00	  0.03	 -0.02	 -0.00	  0.05	 -0.00	 -0.04	  0.00	 -2.10	 -0.41	  2.51	
  0.00	 -1.01	  0.39	 -0.00	  0.03	 -0.02	 -0.00	  0.05	 -0.01	 -0.04	  0.00	 -1.67	 -0.49	  2.16	
  0.00	 -1.00	  0.40	 -0.00	  0.03	 -0.02	 -0.00	  0.05	 -0.01	 -0.05	  0.00	 -1.31	 -0.56	  1.87	
  0.00	 -1.00	  0.41	 -0.00	  0.03	 -0.02	 -0.00	  0.05	 -0.01	 -0.05	  0.00	 -1.01	 -0.61	  1.62	
  0.00	 -0.99	  0.42	 -0.00	  0.03	 -0.02	 -0.00	  0.06	 -0.01	 -0.05	  0.00	 -0.76	 -0.66	  1.42	
  0.00	 -0.98	  0.42	 -0.00	  0.04	 -0.02	 -0.00	  0.06	 -0.01	 -0.05	  0.00	 -0.55	 -0.69	  1.25	
  0.00	 -0.98	  0.43	 -0.00	  0.04	 -0.02	 -0.00	  0.06	 -0.01	 -0.05	  0.00	 -0.38	 -0.72	  1.11	
  0.00	 -0.97	  0.43	 -0.00	  0.04	 -0.02	 -0.00	  0.06	 -0.01	 -0.05	  0.00	 -0.25	 -0.74	  0.99	
  0.00	 -0.96	  0.44	 -0.00	  0.04	 -0.02	 -0.00	  0.06	 -0.01	 -0.05	  0.00	 -0.13	 -0.76	  0.89	
  0.00	 -0.95	  0.44	 -0.00	  0.04	 -0.02	 -0.00	  0.07	 -0.01	 -0.05	  0.00	 -0.04	 -0.77	  0.81	
  0.00	 -0.94	  0.45	 -0.00	  0.04	 -0.02	 -0.00	  0.07	 -0.01	 -0.06	  0.00	  0.04	 -0.78	  0.74	
  0.00	 -0.93	  0.45	 -0.00	  0.04	 -0.02	 -0.00	  0.07	 -0.01	 -0.06	  0.00	  0.10	 -0.78	  0.69	
  0.00	 -0.91	  0.45	 -0.00	  0.04	 -0.02	 -0.00	  0.07	 -0.02	 -0.06	  0.00	  0.15	 -0.79	  0.64	
  0.00	 -0.90	  0.46	 -0.00	  0.04	 -0.02	 -0.00	  0.08	 -0.02	 -0.06	  0.00	  0.19	 -0.79	  0.59	
  0.00	 -0.89	  0.46	 -0.00	  0.04	 -0.02	 -0.00	  0.08	 -0.02	 -0.06	  0.00	  0.23	 -0.78	  0.55	
  0.00	 -0.87	  0.46	 -0.00	  0.05	 -0.02	 -0.00	  0.08	 -0.02	 -0.06	  0.00	  0.26	 -0.78	  0.52	
  0.00	 -0.86	  0.46	 -0.00	  0.05	 -0.01	 -0.00	  0.08	 -0.02	 -0.06	  0.00	  0.28	 -0.77	  0.49	
  0.00	 -0.84	  0.46	 -0.00	  0.05	 -0.01	 -0.00	  0.09	 -0.02	 -0.06	  0.00	  0.30	 -0.77	  0.46	
  0.00	 -0.83	  0.45	 -0.00	  0.05	 -0.01	 -0.00	  0.09	 -0.02	 -0.07	  0.00	  0.32	 -0.76	  0.44	
  0.00	 -0.81	  0.45	 -0.00	  0.05	 -0.01	 -0.00	  0.09	 -0.02	 -0.07	  0.00	  0.33	 -0.75	  0.42	
  0.00	 -0.79	  0.45	 -0.00	  0.05	 -0.01	 -0.00	  0.09	 -0.03	 -0.07	  0.00	  0.34	 -0.74	  0.40	
  0.00	 -0.77	  0.44	 -0.00	  0.05	 -0.01	 -0.00	  0.10	 -0.03	 -0.07	  0.00	  0.35	 -0.73	  0.38	
  0.00	 -0.75	  0.44	 -0.00	  0.05	 -0.01	 -0.00	  0.10	 -0.03	 -0.07	  0.00	  0.35	 -0.71	  0.36	
  0.00	 -0.73	  0.43	 -0.00	  0.05	 -0.01	 -0.00	  0.10	 -0.03	 -0.07	  0.00	  0.36	 -0.70	  0.34	
  0.00	 -0.71	  0.43	 -0.00	  0.05	 -0.01	 -0.00	  0.10	 -0.03	 -0.07	  0.00	  0.36	 -0.68	  0.33	
  0.00	 -0.69	  0.42	 -0.00	  0.06	 -0.01	 -0.00	  0.11	 -0.03	 -0.07	  0.00	  0.36	 -0.67	  0.31	
  0.00	 -0.67	  0.41	 -0.00	  0.06	 -0.01	 -0.00	  0.11	 -0.03	 -0.08	  0.00	  0.35	 -0.65	  0.30	
  0.00	 -0.65	  0.41	 -0.00	  0.06	 -0.01	 -0.00	  0.11	 -0.04	 -0.08	  0.00	  0.35	 -0.64	  0.28	
  0.00	 -0.63	  0.40	 -0.00	  0.06	 -0.01	 -0.00	  0.12	 -0.04	 -0.08	  0.00	  0.35	 -0.62	  0.27	
  0.00	 -0.61	  0.39	 -0.00	  0.06	 -0.01	 -0.00	  0.12	 -0.04	 -0.08	  0.00	  0.34	 -0.60	  0.26	
  0.00	 -0.59	  0.38	 -0.00	  0.06	 -0.01	 -0.00	  0.12	 -0.04	 -0.08	  0.00	  0.34	 -0.58	  0.24	
  0.00	 -0.57	  0.37	 -0.00	  0.06	 -0.01	 -0.00	  0.12	 -0.04	 -0.08	  0.00	  0.33	 -0.56	  0.23	
  0.00	 -0.54	  0.36	 -0.00	  0.06	 -0.01	 -0.00	  0.13	 -0.04	 -0.08	  0.00	  0.32	 -0.54	  0.22	
  0.00	 -0.52	  0.35	 -0.00	  0.06	 -0.01	 -0.00	  0.13	 -0.05	 -0.08	  0.00	  0.32	 -0.52	  0.21	
  0.00	 -0.50	  0.33	 -0.00	  0.07	 -0.01	 -0.00	  0.13	 -0.05	 -0.09	  0.00	  0.31	 -0.50	  0.19	
  0.00	 -0.47	  0.32	 -0.00	  0.07	 -0.01	 -0.00	  0.14	 -0.05	 -0.09	  0.00	  0.30	 -0.48	  0.18	
  0.00	 -0.45	  0.31	 -0.00	  0.07	 -0.01	 -0.00	  0.14	 -0.05	 -0.09	  0.00	  0.29	 -0.46	  0.17	
  0.00	 -0.43	  0.30	 -0.00	  0.07	 -0.01	 -0.00	  0.14	 -0.05	 -0.09	  0.00	  0.28	 -0.44	  0.16	
  0.00	 -0.40	  0.28	 -0.00	  0.07	 -0.00	 -0.00	  0.15	 -0.06	 -0.09	  0.00	  0.27	 -0.42	  0.15	
  0.00	 -0.38	  0.27	 -0.00	  0.07	 -0.00	 -0.00	  0.15	 -0.06	 -0.09	  0.00	  0.26	 -0.39	  0.13	
  0.00	 -0.36	  0.25	 -0.00	  0.07	 -0.00	 -0.00	  0.15	 -0.06	 -0.09	  0.00	  0.25	 -0.37	  0.12	
  0.00	 -0.33	  0.24	 -0.00	  0.07	 -0.00	 -0.00	  0.16	 -0.06	 -0.09	  0.00	  0.24	 -0.35	  0.11	
  0.00	 -0.31	  0.23	 -0.00	  0.07	 -0.00	 -0.00	  0.16	 -0.06	 -0.09	  0.00	  0.23	 -0.33	  0.10	
  0.00	 -0.29	  0.21	 -0.00	  0.07	 -0.00	 -0.00	  0.16	 -0.07	 -0.10	  0.00	  0.22	 -0.30	  0.09	
  0.00	 -0.26	  0.20	 -0.00	  0.08	  0.00	 -0.00	  0.17	 -0.07	 -0.10	  0.00	  0.21	 -0.28	  0.07	
  0.00	 -0.24	  0.18	 -0.00	  0.08	  0.00	 -0.00	  0.17	 -0.07	 -0.10	  0.00	  0.19	 -0.26	  0.06	
  0.00	 -0.22	  0.17	 -0.00	  0.08	  0.00	 -0.00	  0.17	 -0.07	 -0.10	  0.00	  0.18	 -0.23	  0.05	
  0.00	 -0.19	  0.15	 -0.00	  0.08	  0.00	 -0.00	  0.18	 -0.08	 -0.10	  0.00	  0.17	 -0.21	  0.04	
  0.00	 -0.17	  0.14	 -0.00	  0.08	  0.00	 -0.00	  0.18	 -0.08	 -0.10	  0.00	  0.16	 -0.19	  0.03	
  0.00	 -0.15	  0.12	 -0.00	  0.08	  0.01	 -0.00	  0.18	 -0.08	 -0.10	  0.00	  0.15	 -0.17	  0.02	
  0.00	 -0.13	  0.11	 -0.00	  0.08	  0.01	 -0.00	  0.19	 -0.08	 -0.10	  0.00	  0.14	 -0.15	  0.01	
  0.00	 -0.11	  0.09	 -0.00	  0.08	  0.01	 -0.00	  0.19	 -0.09	 -0.10	  0.00	  0.13	 -0.12	 -0.01	
  0.00	 -0.09	  0.08	 -0.00	  0.08	  0.01	 -0.00	  0.19	 -0.09	 -0.10	  0.00	  0.12	 -0.10	 -0.02	
  0.00	 -0.07	  0.07	 -0.00	  0.09	  0.01	 -0.00	  0.20	 -0.09	 -0.11	  0.00	  0.11	 -0.08	 -0.03	
  0.00	 -0.05	  0.05	 -0.00	  0.09	  0.01	 -0.00	  0.20	 -0.09	 -0.11	  0.00	  0.10	 -0.06	 -0.04	
  0.00	 -0.03	  0.04	 -0.00	  0.09	  0.01	 -0.00	  0.20	 -0.10	 -0.11	  0.00	  0.09	 -0.04	 -0.05	
  0.00	 -0.01	  0.03	 -0.00	  0.09	  0.01	 -0.00	  0.21	 -0.10	 -0.11	  0.00	  0.08	 -0.02	 -0.06	
  0.00	  0.01	  0.01	 -0.00	  0.09	  0.01	 -0.00	  0.21	 -0.10	 -0.11	  0.00	  0.08	 -0.01	 -0.07	
  0.00	  0.03	  0.00	 -0.00	  0.09	  0.02	 -0.00	  0.21	 -0.10	 -0.11	  0.00	  0.07	  0.01	 -0.08	
  0.00	  0.05	 -0.01	 -0.00	  0.09	  0.02	 -0.00	  0.22	 -0.11	 -0.11	  0.00	  0.06	  0.03	 -0.09	
 -0.00	  0.06	 -0.02	 -0.00	  0.09	  0.02	 -0.00	  0.22	 -0.11	 -0.11	 -0.00	  0.06	  0.04	 -0.10	
 -0.00	  0.08	 -0.03	 -0.00	  0.09	  0.02	 -0.00	  0.22	 -0.11	 -0.11	 -0.00	  0.05	  0.06	 -0.11	
 -0.00	  0.09	 -0.04	 -0.00	  0.10	  0.02	 -0.00	  0.23	 -0.12	 -0.11	 -0.00	  0.05	  0.07	 -0.12	
 -0.00	  0.10	 -0.05	 -0.00	  0.10	  0.02	 -0.00	  0.23	 -0.12	 -0.11	 -0.00	  0.04	  0.08	 -0.13	
 -0.00	  0.12	 -0.06	 -0.00	  0.10	  0.02	 -0.00	  0.24	 -0.12	 -0.11	 -0.00	  0.04	  0.10	 -0.14	
 -0.00	  0.13	 -0.06	 -0.00	  0.10	  0.02	 -0.00	  0.24	 -0.12	 -0.12	 -0.00	  0.04	  0.11	 -0.14	
 -0.00	  0.14	 -0.07	 -0.00	  0.10	  0.03	 -0.00	  0.24	 -0.13	 -0.12	 -0.00	  0.04	  0.11	 -0.15	
 -0.00	  0.15	 -0.07	 -0.00	  0.10	  0.03	 -0.00	  0.25	 -0.13	 -0.12	 -0.00	  0.04	  0.12	 -0.16	
 -0.00	  0.15	 -0.08	 -0.00	  0.10	  0.03	 -0.00	  0.25	 -0.13	 -0.12	 -0.00	  0.04	  0.13	 -0.17	
 -0.00	  0.16	 -0.08	 -0.00	  0.10	  0.03	 -0.00	  0.25	 -0.14	 -0.12	 -0.00	  0.04	  0.13	 -0.17	
 -0.00	  0.16	 -0.08	 -0.00	  0.10	  0.03	 -0.00	  0.26	 -0.14	 -0.12	 -0.00	  0.04	  0.14	 -0.18	
 -0.00	  0.17	 -0.08	 -0.00	  0.10	  0.03	 -0.00	  0.26	 -0.14	 -0.12	 -0.00	  0.05	  0.14	 -0.19	
 -0.00	  0.17	 -0.08	 -0.00	  0.11	  0.03	 -0.00	  0.27	 -0.15	 -0.12	 -0.00	  0.05	  0.14	 -0.19	
 -0.00	  0.17	 -0.08	 -0.00	  0.11	  0.04	 -0.00	  0.27	 -0.15	 -0.12	 -0.00	  0.06	  0.14	 -0.20	
 -0.00	  0.17	 -0.08	 -0.00	  0.11	  0.04	 -0.00	  0.27	 -0.15	 -0.12	 -0.00	  0.06	  0.14	 -0.20	
 -0.00	  0.18	 -0.08	 -0.00	  0.11	  0.04	 -0.00	  0.28	 -0.16	 -0.12	 -0.00	  0.07	  0.14	 -0.21	
 -0.00	  0.18	 -0.08	 -0.00	  0.11	  0.04	 -0.00	  0.28	 -0.16	 -0.12	 -0.00	  0.07	  0.14	 -0.21	
 -0.00	  0.18	 -0.09	 -0.00	  0.11	  0.04	 -0.00	  0.28	 -0.16	 -0.12	 -0.00	  0.08	  0.15	 -0.22	
 -0.00	  0.18	 -0.09	 -0.00	  0.11	  0.04	 -0.00	  0.29	 -0.16	 -0.12	 -0.00	  0.08	  0.15	 -0.23	
 -0.00	  0.19	 -0.09	 -0.00	  0.11	  0.05	 -0.00	  0.29	 -0.17	 -0.12	 -0.00	  0.09	  0.15	 -0.23	
 -0.00	  0.19	 -0.09	 -0.00	  0.11	  0.05	 -0.00	  0.29	 -0.17	 -0.12	 -0.00	  0.09	  0.15	 -0.24	
 -0.00	  0.19	 -0.09	 -0.00	  0.11	  0.05	 -0.00	  0.29	 -0.17	 -0.12	 -0.00	  0.10	  0.15	 -0.25	
 -0.00	  0.19	 -0.09	 -0.00	  0.11	  0.05	 -0.00	  0.30	 -0.18	 -0.12	 -0.00	  0.10	  0.15	 -0.25	
 -0.00	  0.20	 -0.09	 -0.00	  0.11	  0.05	 -0.00	  0.30	 -0.18	 -0.12	 -0.00	  0.11	  0.15	 -0.26	
 -0.00	  0.20	 -0.09	 -0.00	  0.11	  0.05	 -0.00	  0.30	 -0.18	 -0.12	 -0.00	  0.11	  0.15	 -0.26	
 -0.00	  0.20	 -0.09	 -0.00	  0.11	  0.06	 -0.00	  0.30	 -0.18	 -0.12	 -0.00	  0.12	  0.15	 -0.27	
 -0.00	  0.20	 -0.09	 -0.00	  0.12	  0.06	 -0.00	  0.31	 -0.19	 -0.12	 -0.00	  0.12	  0.15	 -0.28	
 -0.00	  0.21	 -0.09	 -0.00	  0.12	  0.06	 -0.00	  0.31	 -0.19	 -0.12	 -0.00	  0.13	  0.15	 -0.28	
 -0.00	  0.21	 -0.09	 -0.00	  0.12	  0.06	 -0.00	  0.31	 -0.19	 -0.12	 -0.00	  0.14	  0.15	 -0.29	
 -0.00	  0.21	 -0.09	 -0.00	  0.12	  0.06	 -0.00	  0.31	 -0.20	 -0.12	 -0.00	  0.14	  0.15	 -0.30	
 -0.00	  0.21	 -0.09	 -0.00	  0.12	  0.06	 -0.00	  0.31	 -0.20	 -0.12	 -0.00	  0.15	  0.15	 -0.30	
 -0.00	  0.21	 -0.09	 -0.00	  0.12	  0.07	 -0.00	  0.32	 -0.20	 -0.12	 -0.00	  0.16	  0.15	 -0.31	
 -0.00	  0.22	 -0.09	 -0.00	  0.12	  0.07	 -0.00	  0.32	 -0.20	 -0.12	 -0.00	  0.16	  0.15	 -0.32	
 -0.00	  0.22	 -0.09	 -0.00	  0.12	  0.07	 -0.00	  0.32	 -0.21	 -0.12	 -0.00	  0.17	  0.15	 -0.32	
 -0.00	  0.22	 -0.09	 -0.00	  0.12	  0.07	 -0.00	  0.32	 -0.21	 -0.11	 -0.00	  0.18	  0.15	 -0.33	
 -0.00	  0.22	 -0.09	 -0.00	  0.12	  0.07	 -0.00	  0.32	 -0.21	 -0.11	 -0.00	  0.18	  0.15	 -0.34	
 -0.00	  0.22	 -0.09	 -0.00	  0.12	  0.07	 -0.00	  0.33	 -0.21	 -0.11	 -0.00	  0.19	  0.15	 -0.34	
 -0.00	  0.22	 -0.09	 -0.00	  0.12	  0.07	 -0.00	  0.33	 -0.22	 -0.11	 -0.00	  0.20	  0.15	 -0.35	
 -0.00	  0.23	 -0.09	 -0.00	  0.12	  0.08	 -0.00	  0.33	 -0.22	 -0.11	 -0.00	  0.21	  0.15	 -0.36	
 -0.00	  0.23	 -0.09	 -0.00	  0.12	  0.08	 -0.00	  0.33	 -0.22	 -0.11	 -0.00	  0.21	  0.15	 -0.37	
 -0.00	  0.23	 -0.08	 -0.00	  0.12	  0.08	 -0.00	  0.33	 -0.22	 -0.11	 -0.00	  0.22	  0.15	 -0.37	
 -0.00	  0.23	 -0.08	 -0.00	  0.12	  0.08	 -0.00	  0.33	 -0.22	 -0.11	 -0.00	  0.23	  0.15	 -0.38	
 -0.00	  0.23	 -0.08	 -0.00	  0.12	  0.08	 -0.00	  0.33	 -0.23	 -0.11	 -0.00	  0.24	  0.15	 -0.39	
 -0.00	  0.23	 -0.08	 -0.00	  0.12	  0.08	 -0.00	  0.33	 -0.23	 -0.11	 -0.00	  0.24	  0.15	 -0.39	
 -0.00	  0.23	 -0.08	 -0.00	  0.12	  0.09	 -0.00	  0.33	 -0.23	 -0.10	 -0.00	  0.25	  0.15	 -0.40	
 -0.00	  0.24	 -0.08	 -0.00	  0.12	  0.09	 -0.00	  0.34	 -0.23	 -0.10	 -0.00	  0.26	  0.15	 -0.41	
 -0.00	  0.24	 -0.08	 -0.00	  0.12	  0.09	 -0.00	  0.34	 -0.23	 -0.10	 -0.00	  0.27	  0.15	 -0.42	
 -0.00	  0.24	 -0.08	 -0.00	  0.12	  0.09	 -0.00	  0.34	 -0.24	 -0.10	 -0.00	  0.28	  0.15	 -0.42	
 -0.00	  0.24	 -0.08	 -0.00	  0.12	  0.09	 -0.00	  0.34	 -0.24	 -0.10	 -0.00	  0.29	  0.14	 -0.43	
 -0.00	  0.24	 -0.08	 -0.00	  0.12	  0.09	 -0.00	  0.34	 -0.24	 -0.10	 -0.00	  0.30	  0.14	 -0.44	
 -0.00	  0.24	 -0.08	 -0.00	  0.11	  0.10	 -0.00	  0.34	 -0.24	 -0.10	 -0.00	  0.31	  0.14	 -0.45	
 -0.00	  0.24	 -0.08	 -0.00	  0.11	  0.10	 -0.00	  0.34	 -0.24	 -0.09	 -0.00	  0.31	  0.14	 -0.46	
 -0.00	  0.24	 -0.08	 -0.00	  0.11	  0.10	 -0.00	  0.34	 -0.25	 -0.09	 -0.00	  0.32	  0.14	 -0.46	
 -0.00	  0.24	 -0.08	 -0.00	  0.11	  0.10	 -0.00	  0.34	 -0.25	 -0.09	 -0.00	  0.33	  0.14	 -0.47	
 -0.00	  0.25	 -0.08	 -0.00	  0.11	  0.10	 -0.00	  0.34	 -0.25	 -0.09	 -0.00	  0.34	  0.14	 -0.48	
 -0.00	  0.25	 -0.08	 -0.00	  0.11	  0.10	 -0.00	  0.34	 -0.25	 -0.09	 -0.00	  0.35	  0.13	 -0.49	
 -0.00	  0.25	 -0.08	 -0.00	  0.11	  0.10	 -0.00	  0.34	 -0.25	 -0.09	 -0.00	  0.36	  0.13	 -0.50	
 -0.00	  0.25	 -0.07	 -0.00	  0.11	  0.11	 -0.00	  0.34	 -0.26	 -0.09	 -0.00	  0.37	  0.13	 -0.50	
 -0.00	  0.25	 -0.07	 -0.00	  0.11	  0.11	 -0.00	  0.34	 -0.26	 -0.08	 -0.00	  0.38	  0.13	 -0.51	
 -0.00	  0.25	 -0.07	 -0.00	  0.11	  0.11	 -0.00	  0.34	 -0.26	 -0.08	 -0.00	  0.39	  0.13	 -0.52	
 -0.00	  0.25	 -0.07	 -0.00	  0.11	  0.11	 -0.00	  0.34	 -0.26	 -0.08	 -0.00	  0.40	  0.12	 -0.53	
 -0.00	  0.25	 -0.07	 -0.00	  0.11	  0.11	 -0.00	  0.34	 -0.26	 -0.08	 -0.00	  0.41	  0.12	 -0.54	
 -0.00	  0.25	 -0.07	 -0.00	  0.11	  0.11	 -0.00	  0.34	 -0.26	 -0.08	 -0.00	  0.42	  0.12	 -0.54	
 -0.00	  0.25	 -0.07	 -0.00	  0.11	  0.11	 -0.00	  0.34	 -0.26	 -0.07	 -0.00	  0.44	  0.12	 -0.55	
 -0.00	  0.25	 -0.07	 -0.00	  0.11	  0.12	 -0.00	  0.34	 -0.27	 -0.07	 -0.00	  0.45	  0.12	 -0.56	
 -0.00	  0.25	 -0.07	 -0.00	  0.10	  0.12	 -0.00	  0.34	 -0.27	 -0.07	 -0.00	  0.46	  0.11	 -0.57	
 -0.00	  0.25	 -0.07	 -0.00	  0.10	  0.12	 -0.00	  0.34	 -0.27	 -0.07	 -0.00	  0.47	  0.11	 -0.58	
 -0.00	  0.25	 -0.06	 -0.00	  0.10	  0.12	 -0.00	  0.34	 -0.27	 -0.07	 -0.00	  0.48	  0.11	 -0.59	
 -0.00	  0.25	 -0.06	 -0.00	  0.10	  0.12	 -0.00	  0.34	 -0.27	 -0.07	 -0.00	  0.49	  0.10	 -0.59	
 -0.00	  0.25	 -0.06	 -0.00	  0.10	  0.12	 -0.00	  0.34	 -0.27	 -0.06	 -0.00	  0.50	  0.10	 -0.60	
 -0.00	  0.25	 -0.06	 -0.00	  0.10	  0.12	 -0.00	  0.34	 -0.27	 -0.06	 -0.00	  0.51	  0.10	 -0.61	
 -0.00	  0.25	 -0.06	 -0.00	  0.10	  0.13	 -0.00	  0.33	 -0.27	 -0.06	 -0.00	  0.52	  0.10	 -0.62	
 -0.00	  0.25	 -0.06	 -0.00	  0.10	  0.13	 -0.00	  0.33	 -0.28	 -0.06	 -0.00	  0.53	  0.09	 -0.63	
 -0.00	  0.25	 -0.06	 -0.00	  0.10	  0.13	 -0.00	  0.33	 -0.28	 -0.06	 -0.00	  0.54	  0.09	 -0.64	
 -0.00	  0.25	 -0.06	 -0.00	  0.10	  0.13	 -0.00	  0.33	 -0.28	 -0.05	 -0.00	  0.56	  0.09	 -0.64	
 -0.00	  0.25	 -0.06	 -0.00	  0.09	  0.13	 -0.00	  0.33	 -0.28	 -0.05	 -0.00	  0.57	  0.08	 -0.65	
 -0.00	  0.25	 -0.05	 -0.00	  0.09	  0.13	 -0.00	  0.33	 -0.28	 -0.05	 -0.00	  0.58	  0.08	 -0.66	
 -0.00	  0.25	 -0.05	 -0.00	  0.09	  0.13	 -0.00	  0.33	 -0.28	 -0.05	 -0.00	  0.59	  0.08	 -0.67	
 -0.00	  0.25	 -0.05	 -0.00	  0.09	  0.14	 -0.00	  0.33	 -0.28	 -0.05	 -0.00	  0.60	  0.07	 -0.67	
 -0.00	  0.25	 -0.05	 -0.00	  0.09	  0.14	 -0.00	  0.33	 -0.28	 -0.04	 -0.00	  0.61	  0.07	 -0.68	
 -0.00	  0.25	 -0.05	 -0.00	  0.09	  0.14	 -0.00	  0.33	 -0.28	 -0.04	 -0.00	  0.62	  0.07	 -0.69	
 -0.00	  0.25	 -0.05	 -0.00	  0.09	  0.14	 -0.00	  0.32	 -0.28	 -0.04	 -0.00	  0.63	  0.06	 -0.70	
 -0.00	  0.25	 -0.05	 -0.00	  0.09	  0.14	 -0.00	  0.32	 -0.28	 -0.04	 -0.00	  0.64	  0.06	 -0.70	
  0.00	  0.25	 -0.04	  0.00	  0.08	  0.14	  0.00	  0.32	 -0.28	 -0.04	  0.00	  0.66	  0.06	 -0.71	
  0.00	  0.25	 -0.04	  0.00	  0.08	  0.14	  0.00	  0.32	 -0.29	 -0.03	  0.00	  0.67	  0.05	 -0.72	
  0.00	  0.25	 -0.04	  0.00	  0.08	  0.14	  0.00	  0.32	 -0.29	 -0.03	  0.00	  0.68	  0.05	 -0.72	
  0.00	  0.25	 -0.04	  0.00	  0.08	  0.15	  0.00	  0.32	 -0.29	 -0.03	  0.00	  0.69	  0.05	 -0.73	
  0.00	  0.25	 -0.04	  0.00	  0.08	  0.15	  0.00	  0.32	 -0.29	 -0.03	  0.00	  0.70	  0.04	 -0.74	
  0.00	  0.25	 -0.04	  0.00	  0.08	  0.15	  0.00	  0.31	 -0.29	 -0.03	  0.00	  0.71	  0.04	 -0.74	
  0.00	  0.24	 -0.04	  0.00	  0.08	  0.15	  0.00	  0.31	 -0.29	 -0.02	  0.00	  0.72	  0.03	 -0.75	
  0.00	  0.24	 -0.04	  0.00	  0.07	  0.15	  0.00	  0.31	 -0.29	 -0.02	  0.00	  0.72	  0.03	 -0.75	
  0.00	  0.24	 -0.03	  0.00	  0.07	  0.15	  0.00	  0.31	 -0.29	 -0.02	  0.00	  0.73	  0.03	 -0.76	
  0.00	  0.24	 -0.03	  0.00	  0.07	  0.15	  0.00	  0.31	 -0.29	 -0.02	  0.00	  0.74	  0.02	 -0.77	
  0.00	  0.24	 -0.03	  0.00	  0.07	  0.15	  0.00	  0.31	 -0.29	 -0.02	  0.00	  0.75	  0.02	 -0.77	
  0.00	  0.24	 -0.03	  0.00	  0.07	  0.15	  0.00	  0.30	 -0.29	 -0.02	  0.00	  0.76	  0.02	 -0.77	
  0.00	  0.24	 -0.03	  0.00	  0.07	  0.15	  0.00	  0.30	 -0.29	 -0.01	  0.00	  0.77	  0.01	 -0.78	
  0.00	  0.24	 -0.03	  0.00	  0.07	  0.15	  0.00	  0.30	 -0.29	 -0.01	  0.00	  0.77	  0.01	 -0.78	
  0.00	  0.24	 -0.03	  0.00	  0.06	  0.16	  0.00	  0.30	 -0.29	 -0.01	  0.00	  0.78	  0.00	 -0.79	
  0.00	  0.24	 -0.02	  0.00	  0.06	  0.16	  0.00	  0.30	 -0.29	 -0.01	  0.00	  0.79	  0.00	 -0.79	
  0.00	  0.23	 -0.02	  0.00	  0.06	  0.16	  0.00	  0.29	 -0.29	 -0.01	  0.00	  0.79	 -0.00	 -0.79	
  0.00	  0.23	 -0.02	  0.00	  0.06	  0.16	  0.00	  0.29	 -0.29	 -0.01	  0.00	  0.80	 -0.01	 -0.79	
  0.00	  0.23	 -0.02	  0.00	  0.06	  0.16	  0.00	  0.29	 -0.29	 -0.00	  0.00	  0.81	 -0.01	 -0.80	
  0.00	  0.23	 -0.02	  0.00	  0.06	  0.16	  0.00	  0.29	 -0.29	 -0.00	  0.00	  0.81	 -0.01	 -0.80	
  0.00	  0.23	 -0.02	  0.00	  0.06	  0.16	  0.00	  0.29	 -0.29	 -0.00	  0.00	  0.82	 -0.02	 -0.80	
  0.00	  0.23	 -0.02	  0.00	  0.06	  0.16	  0.00	  0.29	 -0.29	  0.00	  0.00	  0.82	 -0.02	 -0.80	
  0.00	  0.23	 -0.02	  0.00	  0.05	  0.16	  0.00	  0.28	 -0.29	  0.00	  0.00	  0.83	 -0.02	 -0.80	
  0.00	  0.22	 -0.01	  0.00	  0.05	  0.16	  0.00	  0.28	 -0.29	  0.00	  0.00	  0.83	 -0.03	 -0.80	
  0.00	  0.22	 -0.01	  0.00	  0.05	  0.16	  0.00	  0.28	 -0.28	  0.01	  0.00	  0.83	 -0.03	 -0.80	
  0.00	  0.22	 -0.01	  0.00	  0.05	  0.16	  0.00	  0.28	 -0.28	  0.01	  0.00	  0.84	 -0.03	 -0.80	
  0.00	  0.22	 -0.01	  0.00	  0.05	  0.16	  0.00	  0.27	 -0.28	  0.01	  0.00	  0.84	 -0.04	 -0.80	
  0.00	  0.22	 -0.01	  0.00	  0.05	  0.16	  0.00	  0.27	 -0.28	  0.01	  0.00	  0.84	 -0.04	 -0.80	
  0.00	  0.22	 -0.01	  0.00	  0.05	  0.16	  0.00	  0.27	 -0.28	  0.01	  0.00	  0.84	 -0.04	 -0.80	
  0.00	  0.22	 -0.01	  0.00	  0.04	  0.16	  0.00	  0.27	 -0.28	  0.01	  0.00	  0.85	 -0.04	 -0.80	
  0.00	  0.21	 -0.01	  0.00	  0.04	  0.16	  0.00	  0.27	 -0.28	  0.01	  0.00	  0.85	 -0.05	 -0.80	
  0.00	  0.21	 -0.00	  0.00	  0.04	  0.16	  0.00	  0.26	 -0.28	  0.02	  0.00	  0.85	 -0.05	 -0.80	
  0.00	  0.21	 -0.00	  0.00	  0.04	  0.16	  0.00	  0.26	 -0.28	  0.02	  0.00	  0.85	 -0.05	 -0.79	
  0.00	  0.21	 -0.00	  0.00	  0.04	  0.16	  0.00	  0.26	 -0.28	  0.02	  0.00	  0.85	 -0.06	 -0.79	
  0.00	  0.21	 -0.00	  0.00	  0.04	  0.16	  0.00	  0.26	 -0.28	  0.02	  0.00	  0.85	 -0.06	 -0.79	
  0.00	  0.20	  0.00	  0.00	  0.04	  0.16	  0.00	  0.25	 -0.27	  0.02	  0.00	  0.85	 -0.06	 -0.79	
  0.00	  0.20	  0.00	  0.00	  0.04	  0.16	  0.00	  0.25	 -0.27	  0.02	  0.00	  0.85	 -0.06	 -0.78	
  0.00	  0.20	  0.00	  0.00	  0.03	  0.16	  0.00	  0.25	 -0.27	  0.02	  0.00	  0.84	 -0.07	 -0.78	
  0.00	  0.20	  0.00	  0.00	  0.03	  0.16	  0.00	  0.25	 -0.27	  0.02	  0.00	  0.84	 -0.07	 -0.77	
  0.00	  0.20	  0.00	  0.00	  0.03	  0.16	  0.00	  0.24	 -0.27	  0.02	  0.00	  0.84	 -0.07	 -0.77	
  0.00	  0.19	  0.01	  0.00	  0.03	  0.16	  0.00	  0.24	 -0.27	  0.03	  0.00	  0.84	 -0.07	 -0.76	
  0.00	  0.19	  0.01	  0.00	  0.03	  0.16	  0.00	  0.24	 -0.27	  0.03	  0.00	  0.83	 -0.08	 -0.76	
  0.00	  0.19	  0.01	  0.00	  0.03	  0.16	  0.00	  0.24	 -0.26	  0.03	  0.00	  0.83	 -0.08	 -0.75	
  0.00	  0.19	  0.01	  0.00	  0.03	  0.16	  0.00	  0.23	 -0.26	  0.03	  0.00	  0.83	 -0.08	 -0.75	
  0.00	  0.19	  0.01	  0.00	  0.03	  0.16	  0.00	  0.23	 -0.26	  0.03	  0.00	  0.82	 -0.08	 -0.74	
  0.00	  0.18	  0.01	  0.00	  0.02	  0.16	  0.00	  0.23	 -0.26	  0.03	  0.00	  0.82	 -0.08	 -0.74	
  0.00	  0.18	  0.01	  0.00	  0.02	  0.16	  0.00	  0.23	 -0.26	  0.03	  0.00	  0.81	 -0.08	 -0.73	
  0.00	  0.18	  0.01	  0.00	  0.02	  0.16	  0.00	  0.22	 -0.26	  0.03	  0.00	  0.81	 -0.09	 -0.72	
  0.00	  0.18	  0.01	  0.00	  0.02	  0.16	  0.00	  0.22	 -0.25	  0.03	  0.00	  0.80	 -0.09	 -0.71	
  0.00	  0.17	  0.01	  0.00	  0.02	  0.16	  0.00	  0.22	 -0.25	  0.03	  0.00	  0.80	 -0.09	 -0.71	
  0.00	  0.17	  0.02	  0.00	  0.02	  0.16	  0.00	  0.22	 -0.25	  0.03	  0.00	  0.79	 -0.09	 -0.70	
  0.00	  0.17	  0.02	  0.00	  0.02	  0.16	  0.00	  0.21	 -0.25	  0.04	  0.00	  0.78	 -0.09	 -0.69	
  0.00	  0.17	  0.02	  0.00	  0.02	  0.16	  0.00	  0.21	 -0.25	  0.04	  0.00	  0.78	 -0.09	 -0.68	
  0.00	  0.17	  0.02	  0.00	  0.01	  0.15	  0.00	  0.21	 -0.24	  0.04	  0.00	  0.77	 -0.09	 -0.68	
  0.00	  0.16	  0.02	  0.00	  0.01	  0.15	  0.00	  0.20	 -0.24	  0.04	  0.00	  0.76	 -0.10	 -0.67	
  0.00	  0.16	  0.02	  0.00	  0.01	  0.15	  0.00	  0.20	 -0.24	  0.04	  0.00	  0.76	 -0.10	 -0.66	
  0.00	  0.16	  0.02	  0.00	  0.01	  0.15	  0.00	  0.20	 -0.24	  0.04	  0.00	  0.75	 -0.10	 -0.65	
  0.00	  0.16	  0.02	  0.00	  0.01	  0.15	  0.00	  0.20	 -0.24	  0.04	  0.00	  0.74	 -0.10	 -0.64	
  0.00	  0.15	  0.02	  0.00	  0.01	  0.15	  0.00	  0.19	 -0.23	  0.04	  0.00	  0.73	 -0.10	 -0.63	
  0.00	  0.15	  0.02	  0.00	  0.01	  0.15	  0.00	  0.19	 -0.23	  0.04	  0.00	  0.72	 -0.10	 -0.62	
  0.00	  0.15	  0.02	  0.00	  0.01	  0.15	  0.00	  0.19	 -0.23	  0.04	  0.00	  0.71	 -0.10	 -0.61	
  0.00	  0.15	  0.02	  0.00	  0.01	  0.15	  0.00	  0.18	 -0.23	  0.04	  0.00	  0.71	 -0.10	 -0.60	
  0.00	  0.14	  0.02	  0.00	  0.01	  0.15	  0.00	  0.18	 -0.22	  0.04	  0.00	  0.70	 -0.10	 -0.60	
  0.00	  0.14	  0.03	  0.00	  0.00	  0.14	  0.00	  0.18	 -0.22	  0.04	  0.00	  0.69	 -0.10	 -0.59	
  0.00	  0.14	  0.03	  0.00	  0.00	  0.14	  0.00	  0.17	 -0.22	  0.04	  0.00	  0.68	 -0.10	 -0.58	
  0.00	  0.13	  0.03	  0.00	  0.00	  0.14	  0.00	  0.17	 -0.21	  0.04	  0.00	  0.67	 -0.10	 -0.57	
  0.00	  0.13	  0.03	  0.00	  0.00	  0.14	  0.00	  0.17	 -0.21	  0.04	  0.00	  0.66	 -0.10	 -0.56	
  0.00	  0.13	  0.03	  0.00	  0.00	  0.14	  0.00	  0.16	 -0.21	  0.04	  0.00	  0.65	 -0.10	 -0.54	
  0.00	  0.13	  0.03	  0.00	 -0.00	  0.14	  0.00	  0.16	 -0.21	  0.04	  0.00	  0.64	 -0.10	 -0.53	
  0.00	  0.12	  0.03	  0.00	 -0.00	  0.14	  0.00	  0.16	 -0.20	  0.04	  0.00	  0.63	 -0.10	 -0.52	
  0.00	  0.12	  0.03	  0.00	 -0.00	  0.14	  0.00	  0.15	 -0.20	  0.04	  0.00	  0.61	 -0.10	 -0.51	
  0.00	  0.12	  0.03	  0.00	 -0.00	  0.13	  0.00	  0.15	 -0.20	  0.05	  0.00	  0.60	 -0.10	 -0.50	
  0.00	  0.12	  0.03	  0.00	 -0.00	  0.13	  0.00	  0.15	 -0.19	  0.05	  0.00	  0.59	 -0.10	 -0.49	
  0.00	  0.11	  0.03	  0.00	 -0.00	  0.13	  0.00	  0.15	 -0.19	  0.04	  0.00	  0.58	 -0.10	 -0.48	
  0.00	  0.11	  0.03	  0.00	 -0.00	  0.13	  0.00	  0.14	 -0.19	  0.04	  0.00	  0.57	 -0.10	 -0.47	
  0.00	  0.11	  0.03	  0.00	 -0.00	  0.12	  0.00	  0.14	 -0.18	  0.04	  0.00	  0.56	 -0.10	 -0.46	
  0.00	  0.10	  0.03	  0.00	 -0.00	  0.12	  0.00	  0.14	 -0.18	  0.04	  0.00	  0.55	 -0.10	 -0.45	
  0.00	  0.10	  0.03	  0.00	  0.00	  0.11	  0.00	  0.14	 -0.17	  0.03	  0.00	  0.54	 -0.10	 -0.44	
  0.00	  0.10	  0.03	  0.00	  0.00	  0.11	  0.00	  0.13	 -0.16	  0.03	  0.00	  0.53	 -0.10	 -0.43	
  0.00	  0.10	  0.03	  0.00	  0.01	  0.10	  0.00	  0.13	 -0.16	  0.03	  0.00	  0.52	 -0.10	 -0.42	
  0.00	  0.09	  0.03	  0.00	  0.01	  0.09	  0.00	  0.13	 -0.15	  0.02	  0.00	  0.51	 -0.10	 -0.41	
  0.00	  0.09	  0.03	  0.00	  0.02	  0.08	  0.00	  0.13	 -0.14	  0.01	  0.00	  0.50	 -0.10	 -0.40	
  0.00	  0.09	  0.03	 -0.00	  0.02	  0.08	 -0.00	  0.13	 -0.14	  0.01	  0.00	  0.49	 -0.10	 -0.39	
  0.00	  0.09	  0.03	 -0.00	  0.03	  0.07	 -0.00	  0.13	 -0.13	  0.00	  0.00	  0.48	 -0.09	 -0.38	
  0.00	  0.08	  0.03	 -0.00	  0.03	  0.06	 -0.00	  0.13	 -0.12	 -0.01	  0.00	  0.47	 -0.09	 -0.37	
  0.00	  0.08	  0.03	 -0.00	  0.04	  0.05	 -0.00	  0.12	 -0.11	 -0.01	  0.00	  0.46	 -0.09	 -0.36	
  0.00	  0.08	  0.03	 -0.00	  0.04	  0.04	 -0.00	  0.12	 -0.10	 -0.02	  0.00	  0.45	 -0.09	 -0.36	
  0.00	  0.08	  0.04	 -0.00	  0.05	  0.03	 -0.00	  0.12	 -0.09	 -0.03	  0.00	  0.44	 -0.09	 -0.35	
  0.00	  0.07	  0.04	 -0.00	  0.06	  0.02	 -0.00	  0.12	 -0.08	 -0.04	  0.00	  0.43	 -0.09	 -0.34	
  0.00	  0.07	  0.04	 -0.00	  0.06	  0.01	 -0.00	  0.12	 -0.07	 -0.05	  0.00	  0.42	 -0.09	 -0.33	
  0.00	  0.07	  0.04	 -0.00	  0.07	 -0.00	 -0.00	  0.12	 -0.06	 -0.06	  0.00	  0.41	 -0.09	 -0.32	
  0.00	  0.07	  0.04	 -0.00	  0.08	 -0.02	 -0.00	  0.12	 -0.05	 -0.07	  0.00	  0.40	 -0.09	 -0.31	
  0.00	  0.07	  0.04	 -0.00	  0.08	 -0.03	 -0.00	  0.12	 -0.04	 -0.07	  0.00	  0.39	 -0.09	 -0.30	
  0.00	  0.06	  0.04	 -0.00	  0.09	 -0.04	 -0.00	  0.12	 -0.03	 -0.08	  0.00	  0.38	 -0.09	 -0.30	
  0.00	  0.06	  0.04	 -0.00	  0.10	 -0.05	 -0.00	  0.12	 -0.02	 -0.09	  0.00	  0.37	 -0.09	 -0.29	
  0.00	  0.06	  0.04	 -0.00	  0.11	 -0.06	 -0.00	  0.12	 -0.01	 -0.10	  0.00	  0.37	 -0.08	 -0.28	
  0.00	  0.06	  0.04	 -0.00	  0.11	 -0.08	 -0.00	  0.11	 -0.00	 -0.11	  0.00	  0.36	 -0.08	 -0.27	
  0.00	  0.06	  0.04	 -0.00	  0.12	 -0.09	 -0.00	  0.11	  0.01	 -0.12	  0.00	  0.35	 -0.08	 -0.27	
  0.00	  0.05	  0.04	 -0.00	  0.13	 -0.10	 -0.00	  0.11	  0.02	 -0.13	  0.00	  0.34	 -0.08	 -0.26	
  0.00	  0.05	  0.04	 -0.00	  0.14	 -0.11	 -0.00	  0.11	  0.03	 -0.14	  0.00	  0.33	 -0.08	 -0.25	
  0.00	  0.05	  0.04	 -0.00	  0.14	 -0.13	 -0.00	  0.11	  0.04	 -0.15	  0.00	  0.32	 -0.08	 -0.24	
  0.00	  0.05	  0.04	 -0.00	  0.15	 -0.14	 -0.00	  0.11	  0.05	 -0.16	  0.00	  0.32	 -0.08	 -0.24	
  0.00	  0.05	  0.04	 -0.00	  0.16	 -0.15	 -0.00	  0.11	  0.07	 -0.17	  0.00	  0.31	 -0.08	 -0.23	
  0.00	  0.04	  0.04	 -0.00	  0.17	 -0.16	 -0.00	  0.11	  0.08	 -0.18	  0.00	  0.30	 -0.08	 -0.22	
  0.00	  0.04	  0.04	 -0.00	  0.17	 -0.18	 -0.00	  0.10	  0.09	 -0.19	  0.00	  0.29	 -0.08	 -0.22	
  0.00	  0.04	  0.04	 -0.00	  0.18	 -0.19	 -0.00	  0.10	  0.10	 -0.20	  0.00	  0.29	 -0.07	 -0.21	
  0.00	  0.04	  0.04	 -0.00	  0.19	 -0.20	 -0.00	  0.10	  0.11	 -0.21	  0.00	  0.28	 -0.07	 -0.20	
  0.00	  0.04	  0.04	 -0.00	  0.19	 -0.21	 -0.00	  0.10	  0.12	 -0.22	  0.00	  0.27	 -0.07	 -0.20	
  0.00	  0.04	  0.04	 -0.00	  0.20	 -0.22	 -0.00	  0.10	  0.13	 -0.23	  0.00	  0.26	 -0.07	 -0.19	
  0.00	  0.03	  0.04	 -0.00	  0.21	 -0.24	 -0.00	  0.09	  0.14	 -0.24	  0.00	  0.26	 -0.07	 -0.19	
  0.00	  0.03	  0.04	 -0.00	  0.21	 -0.25	 -0.00	  0.09	  0.16	 -0.25	  0.00	  0.25	 -0.07	 -0.18	
  0.00	  0.03	  0.04	 -0.00	  0.22	 -0.26	 -0.00	  0.09	  0.17	 -0.26	  0.00	  0.24	 -0.07	 -0.17	
  0.00	  0.03	  0.03	 -0.00	  0.22	 -0.27	 -0.00	  0.09	  0.18	 -0.27	  0.00	  0.24	 -0.07	 -0.17	
  0.00	  0.03	  0.03	 -0.00	  0.23	 -0.28	 -0.00	  0.08	  0.19	 -0.27	  0.00	  0.23	 -0.07	 -0.16	
  0.00	  0.03	  0.03	 -0.00	  0.23	 -0.29	 -0.00	  0.08	  0.20	 -0.28	  0.00	  0.22	 -0.07	 -0.16	
  0.00	  0.03	  0.03	 -0.00	  0.24	 -0.30	 -0.00	  0.08	  0.21	 -0.29	  0.00	  0.22	 -0.06	 -0.15	
  0.00	  0.02	  0.03	 -0.00	  0.24	 -0.31	 -0.00	  0.08	  0.22	 -0.30	  0.00	  0.21	 -0.06	 -0.15	
  0.00	  0.02	  0.03	 -0.00	  0.25	 -0.32	 -0.00	  0.07	  0.23	 -0.30	  0.00	  0.20	 -0.06	 -0.14	
  0.00	  0.02	  0.03	 -0.00	  0.25	 -0.33	 -0.00	  0.07	  0.24	 -0.31	  0.00	  0.20	 -0.06	 -0.14	
  0.00	  0.02	  0.03	 -0.00	  0.25	 -0.34	 -0.00	  0.06	  0.25	 -0.32	  0.00	  0.19	 -0.06	 -0.13	
  0.00	  0.02	  0.03	 -0.00	  0.26	 -0.35	 -0.00	  0.06	  0.26	 -0.32	  0.00	  0.19	 -0.06	 -0.13	
  0.00	  0.02	  0.03	 -0.00	  0.26	 -0.36	 -0.00	  0.06	  0.27	 -0.33	  0.00	  0.18	 -0.06	 -0.12	
  0.00	  0.02	  0.03	 -0.00	  0.26	 -0.37	 -0.00	  0.05	  0.28	 -0.34	  0.00	  0.17	 -0.06	 -0.12	
  0.00	  0.02	  0.03	 -0.00	  0.27	 -0.38	 -0.00	  0.05	  0.29	 -0.34	  0.00	  0.17	 -0.06	 -0.11	
  0.00	  0.01	  0.03	 -0.00	  0.27	 -0.38	 -0.00	  0.04	  0.30	 -0.35	  0.00	  0.16	 -0.05	 -0.11	
  0.00	  0.01	  0.03	 -0.00	  0.27	 -0.39	 -0.00	  0.04	  0.31	 -0.35	  0.00	  0.16	 -0.05	 -0.10	
  0.00	  0.01	  0.03	 -0.00	  0.27	 -0.40	 -0.00	  0.03	  0.32	 -0.36	  0.00	  0.15	 -0.05	 -0.10	
  0.00	  0.01	  0.03	 -0.00	  0.27	 -0.41	 -0.00	  0.03	  0.33	 -0.36	  0.00	  0.15	 -0.05	 -0.10	
  0.00	  0.01	  0.03	 -0.00	  0.27	 -0.41	 -0.00	  0.02	  0.34	 -0.36	  0.00	  0.14	 -0.05	 -0.09	
  0.00	  0.01	  0.03	 -0.00	  0.27	 -0.42	 -0.00	  0.01	  0.35	 -0.37	  0.00	  0.14	 -0.05	 -0.09	
  0.00	  0.01	  0.03	 -0.00	  0.27	 -0.43	 -0.00	  0.01	  0.36	 -0.37	  0.00	  0.13	 -0.05	 -0.08	
  0.00	  0.01	  0.03	 -0.00	  0.27	 -0.43	 -0.00	  0.00	  0.37	 -0.37	  0.00	  0.13	 -0.05	 -0.08	
  0.00	  0.01	  0.03	 -0.00	  0.27	 -0.44	 -0.00	 -0.01	  0.38	 -0.37	  0.00	  0.12	 -0.05	 -0.08	
  0.00	  0.01	  0.03	 -0.00	  0.27	 -0.44	 -0.00	 -0.01	  0.39	 -0.38	  0.00	  0.12	 -0.05	 -0.07	
  0.00	  0.01	  0.03	 -0.00	  0.26	 -0.45	 -0.00	 -0.02	  0.40	 -0.38	  0.00	  0.11	 -0.04	 -0.07	
  0.00	  0.00	  0.03	 -0.00	  0.26	 -0.45	 -0.00	 -0.03	  0.41	 -0.38	  0.00	  0.11	 -0.04	 -0.07	
  0.00	  0.00	  0.03	 -0.00	  0.26	 -0.45	 -0.00	 -0.04	  0.42	 -0.38	  0.00	  0.11	 -0.04	 -0.06	
  0.00	  0.00	  0.03	 -0.00	  0.25	 -0.46	 -0.00	 -0.05	  0.42	 -0.38	  0.00	  0.10	 -0.04	 -0.06	
  0.00	  0.00	  0.03	 -0.00	  0.25	 -0.46	 -0.00	 -0.05	  0.43	 -0.38	  0.00	  0.10	 -0.04	 -0.06	
  0.00	  0.00	  0.03	 -0.00	  0.24	 -0.46	 -0.00	 -0.06	  0.44	 -0.38	  0.00	  0.09	 -0.04	 -0.05	
  0.00	  0.00	  0.03	 -0.00	  0.24	 -0.47	 -0.00	 -0.07	  0.45	 -0.38	  0.00	  0.09	 -0.04	 -0.05	
  0.00	  0.00	  0.03	 -0.00	  0.23	 -0.47	 -0.00	 -0.08	  0.46	 -0.37	  0.00	  0.09	 -0.04	 -0.05	
  0.00	  0.00	  0.02	 -0.00	  0.23	 -0.47	 -0.00	 -0.09	  0.47	 -0.37	  0.00	  0.08	 -0.04	 -0.05	
  0.00	 -0.00	  0.02	 -0.00	  0.22	 -0.47	 -0.00	 -0.10	  0.47	 -0.37	  0.00	  0.08	 -0.03	 -0.04	
  0.00	 -0.00	  0.02	 -0.00	  0.21	 -0.47	 -0.00	 -0.11	  0.48	 -0.37	  0.00	  0.07	 -0.03	 -0.04	
  0.00	 -0.00	  0.02	 -0.00	  0.21	 -0.47	 -0.00	 -0.13	  0.49	 -0.36	  0.00	  0.07	 -0.03	 -0.04	
  0.00	 -0.00	  0.02	 -0.00	  0.20	 -0.47	 -0.00	 -0.14	  0.50	 -0.36	  0.00	  0.07	 -0.03	 -0.04	
  0.00	 -0.00	  0.02	 -0.00	  0.19	 -0.47	 -0.00	 -0.15	  0.50	 -0.35	  0.00	  0.06	 -0.03	 -0.03	
  0.00	 -0.00	  0.02	 -0.00	  0.18	 -0.47	 -0.00	 -0.16	  0.51	 -0.35	  0.00	  0.06	 -0.03	 -0.03	
  0.00	 -0.00	  0.02	 -0.00	  0.17	 -0.47	 -0.00	 -0.18	  0.52	 -0.34	  0.00	  0.06	 -0.03	 -0.03	
  0.00	 -0.00	  0.02	 -0.00	  0.16	 -0.47	 -0.00	 -0.19	  0.53	 -0.34	  0.00	  0.06	 -0.03	 -0.03	
  0.00	 -0.00	  0.02	 -0.00	  0.15	 -0.47	 -0.00	 -0.20	  0.53	 -0.33	  0.00	  0.05	 -0.03	 -0.03	
  0.00	 -0.00	  0.02	 -0.00	  0.14	 -0.47	 -0.00	 -0.22	  0.54	 -0.33	  0.00	  0.05	 -0.03	 -0.02	
  0.00	 -0.00	  0.02	 -0.00	  0.13	 -0.47	 -0.00	 -0.23	  0.55	 -0.32	  0.00	  0.05	 -0.02	 -0.02	
  0.00	 -0.00	  0.02	 -0.00	  0.12	 -0.47	 -0.00	 -0.25	  0.56	 -0.31	  0.00	  0.04	 -0.02	 -0.02	
  0.00	 -0.00	  0.02	 -0.00	  0.11	 -0.46	 -0.00	 -0.26	  0.56	 -0.30	  0.00	  0.04	 -0.02	 -0.02	
  0.00	 -0.00	  0.02	 -0.00	  0.10	 -0.46	 -0.00	 -0.28	  0.57	 -0.29	  0.00	  0.04	 -0.02	 -0.02	
  0.00	 -0.00	  0.02	 -0.00	  0.09	 -0.46	 -0.00	 -0.29	  0.58	 -0.29	  0.00	  0.04	 -0.02	 -0.02	
  0.00	 -0.00	  0.02	 -0.00	  0.07	 -0.46	 -0.00	 -0.31	  0.58	 -0.28	  0.00	  0.03	 -0.02	 -0.01	
  0.00	 -0.00	  0.02	 -0.00	  0.06	 -0.45	 -0.00	 -0.33	  0.59	 -0.27	  0.00	  0.03	 -0.02	 -0.01	
  0.00	 -0.00	  0.01	 -0.00	  0.05	 -0.45	 -0.00	 -0.34	  0.60	 -0.26	  0.00	  0.03	 -0.02	 -0.01	
  0.00	 -0.00	  0.01	 -0.00	  0.04	 -0.45	 -0.00	 -0.36	  0.61	 -0.24	  0.00	  0.03	 -0.02	 -0.01	
  0.00	 -0.00	  0.01	 -0.00	  0.02	 -0.44	 -0.00	 -0.38	  0.61	 -0.23	  0.00	  0.02	 -0.02	 -0.01	
  0.00	 -0.00	  0.01	 -0.00	  0.01	 -0.44	 -0.00	 -0.40	  0.62	 -0.22	  0.00	  0.02	 -0.02	 -0.01	
  0.00	 -0.00	  0.01	 -0.00	 -0.01	 -0.43	 -0.00	 -0.42	  0.62	 -0.21	  0.00	  0.02	 -0.01	 -0.01	
  0.00	 -0.00	  0.01	 -0.00	 -0.02	 -0.43	 -0.00	 -0.43	  0.63	 -0.20	  0.00	  0.02	 -0.01	 -0.01	
  0.00	 -0.00	  0.01	 -0.00	 -0.04	 -0.42	 -0.00	 -0.45	  0.64	 -0.18	  0.00	  0.02	 -0.01	 -0.00	
  0.00	 -0.00	  0.01	 -0.00	 -0.05	 -0.42	 -0.00	 -0.47	  0.64	 -0.17	  0.00	  0.02	 -0.01	 -0.00	
  0.00	 -0.00	  0.01	 -0.00	 -0.07	 -0.41	 -0.00	 -0.49	  0.65	 -0.16	  0.00	  0.01	 -0.01	 -0.00	
  0.00	 -0.00	  0.01	 -0.00	 -0.08	 -0.41	 -0.00	 -0.51	  0.66	 -0.14	  0.00	  0.01	 -0.01	 -0.00	
  0.00	 -0.00	  0.01	 -0.00	 -0.10	 -0.40	 -0.00	 -0.53	  0.66	 -0.13	  0.00	  0.01	 -0.01	 -0.00	
  0.00	 -0.00	  0.01	 -0.00	 -0.11	 -0.40	 -0.00	 -0.56	  0.67	 -0.11	  0.00	  0.01	 -0.01	 -0.00	
  0.00	 -0.00	  0.01	 -0.00	 -0.13	 -0.39	 -0.00	 -0.58	  0.67	 -0.10	  0.00	  0.01	 -0.01	 -0.00	
  0.00	 -0.00	  0.01	 -0.00	 -0.15	 -0.38	 -0.00	 -0.60	  0.68	 -0.08	  0.00	  0.01	 -0.01	 -0.00	
  0.00	 -0.00	  0.00	 -0.00	 -0.16	 -0.38	 -0.00	 -0.62	  0.69	 -0.07	  0.00	  0.01	 -0.01	 -0.00	
  0.00	 -0.00	  0.00	 -0.00	 -0.18	 -0.37	 -0.00	 -0.64	  0.69	 -0.05	  0.00	  0.00	 -0.00	 -0.00	
  0.00	 -0.00	  0.00	 -0.00	 -0.19	 -0.36	 -0.00	 -0.66	  0.70	 -0.03	  0.00	  0.00	 -0.00	 -0.00	
  0.00	 -0.00	  0.00	 -0.00	 -0.21	 -0.36	 -0.00	 -0.69	  0.70	 -0.02	  0.00	  0.00	 -0.00	 -0.00	
  0.00	 -0.00	  0.00	 -0.00	 -0.23	 -0.35	 -0.00	 -0.71	  0.71	  0.00	  0.00	  0.00	 -0.00	 -0.00	
  0.00	 -0.00	  0.00	 -0.00	 -0.24	 -0.35	 -0.00	 -0.73	  0.71	  0.02	  0.00	  0.00	 -0.00	 -0.00	
 -0.00	  0.00	 -0.00	  0.00	 -0.26	 -0.34	  0.00	 -0.76	  0.72	  0.04	 -0.00	  0.00	  0.00	 -0.00	
 -0.00	  0.00	 -0.00	  0.00	 -0.27	 -0.33	  0.00	 -0.78	  0.72	  0.06	 -0.00	 -0.00	  0.00	 -0.00	
 -0.00	  0.00	 -0.00	  0.00	 -0.29	 -0.33	  0.00	 -0.80	  0.73	  0.08	 -0.00	 -0.00	  0.00	 -0.00	
 -0.00	  0.00	 -0.00	  0.00	 -0.31	 -0.32	  0.00	 -0.83	  0.73	  0.10	 -0.00	 -0.00	  0.00	 -0.00	
 -0.00	  0.00	 -0.00	  0.00	 -0.32	 -0.31	  0.00	 -0.86	  0.74	  0.12	 -0.00	 -0.00	  0.00	 -0.00	
 -0.00	  0.00	 -0.00	  0.00	 -0.34	 -0.30	  0.00	 -0.89	  0.75	  0.14	 -0.00	 -0.00	  0.00	 -0.00	
 -0.00	  0.00	 -0.01	  0.00	 -0.36	 -0.30	  0.00	 -0.92	  0.75	  0.16	 -0.00	 -0.00	  0.01	 -0.00	
 -0.00	  0.00	 -0.01	  0.00	 -0.38	 -0.29	  0.00	 -0.95	  0.76	  0.19	 -0.00	 -0.00	  0.01	 -0.00	
 -0.00	  0.01	 -0.01	  0.00	 -0.40	 -0.28	  0.00	 -0.98	  0.76	  0.21	 -0.00	 -0.00	  0.01	 -0.00	
 -0.00	  0.01	 -0.01	  0.00	 -0.42	 -0.27	  0.00	 -1.01	  0.77	  0.24	 -0.00	 -0.00	  0.01	 -0.01	
 -0.00	  0.01	 -0.01	  0.00	 -0.43	 -0.26	  0.00	 -1.04	  0.77	  0.27	 -0.00	 -0.00	  0.01	 -0.01	
 -0.00	  0.01	 -0.01	  0.00	 -0.45	 -0.25	  0.00	 -1.07	  0.78	  0.30	 -0.00	 -0.00	  0.01	 -0.01	
 -0.00	  0.01	 -0.01	  0.00	 -0.47	 -0.24	  0.00	 -1.11	  0.78	  0.33	 -0.00	 -0.00	  0.01	 -0.01	
 -0.00	  0.01	 -0.01	  0.00	 -0.49	 -0.23	  0.00	 -1.14	  0.79	  0.36	 -0.00	 -0.00	  0.01	 -0.01	
 -0.00	  0.01	 -0.01	  0.00	 -0.51	 -0.22	  0.00	 -1.18	  0.79	  0.39	 -0.00	  0.00	  0.01	 -0.01	
 -0.00	  0.01	 -0.01	  0.00	 -0.53	 -0.21	  0.00	 -1.22	  0.79	  0.42	 -0.00	  0.00	  0.01	 -0.01	
 -0.00	  0.01	 -0.01	  0.00	 -0.55	 -0.20	  0.00	 -1.25	  0.80	  0.46	 -0.00	  0.00	  0.01	 -0.01	
 -0.00	  0.01	 -0.01	  0.00	 -0.57	 -0.19	  0.00	 -1.29	  0.80	  0.49	 -0.00	  0.00	  0.01	 -0.01	
 -0.00	  0.01	 -0.01	  0.00	 -0.59	 -0.18	  0.00	 -1.33	  0.80	  0.53	 -0.00	  0.00	  0.01	 -0.02	
 -0.00	  0.01	 -0.01	  0.00	 -0.60	 -0.17	  0.00	 -1.37	  0.80	  0.56	 -0.00	  0.00	  0.01	 -0.02	
 -0.00	  0.01	 -0.01	  0.00	 -0.62	 -0.16	  0.00	 -1.40	  0.80	  0.60	 -0.00	  0.01	  0.01	 -0.02	
 -0.00	  0.02	 -0.02	  0.00	 -0.64	 -0.15	  0.00	 -1.44	  0.81	  0.64	 -0.00	  0.01	  0.01	 -0.02	
 -0.00	  0.02	 -0.02	  0.00	 -0.66	 -0.14	  0.00	 -1.48	  0.81	  0.68	 -0.00	  0.01	  0.01	 -0.02	
 -0.00	  0.02	 -0.02	  0.00	 -0.67	 -0.13	  0.00	 -1.52	  0.80	  0.72	 -0.00	  0.01	  0.01	 -0.02	
 -0.00	  0.02	 -0.02	  0.00	 -0.69	 -0.11	  0.00	 -1.56	  0.80	  0.76	 -0.00	  0.01	  0.01	 -0.03	
 -0.00	  0.02	 -0.02	  0.00	 -0.70	 -0.10	  0.00	 -1.60	  0.80	  0.80	 -0.00	  0.01	  0.02	 -0.03	
 -0.00	  0.02	 -0.02	  0.00	 -0.72	 -0.09	  0.00	 -1.64	  0.80	  0.84	 -0.00	  0.01	  0.02	 -0.03	
 -0.00	  0.02	 -0.02	  0.00	 -0.73	 -0.08	  0.00	 -1.68	  0.80	  0.89	 -0.00	  0.02	  0.02	 -0.03	
 -0.00	  0.02	 -0.02	  0.00	 -0.75	 -0.07	  0.00	 -1.72	  0.79	  0.93	 -0.00	  0.02	  0.02	 -0.03	
 -0.00	  0.02	 -0.02	  0.00	 -0.76	 -0.05	  0.00	 -1.76	  0.79	  0.97	 -0.00	  0.02	  0.02	 -0.04	
 -0.00	  0.02	 -0.02	  0.00	 -0.77	 -0.04	  0.00	 -1.80	  0.78	  1.02	 -0.00	  0.02	  0.02	 -0.04	
 -0.00	  0.03	 -0.02	  0.00	 -0.78	 -0.03	  0.00	 -1.84	  0.77	  1.06	 -0.00	  0.02	  0.02	 -0.04	
 -0.00	  0.03	 -0.02	  0.00	 -0.79	 -0.02	  0.00	 -1.87	  0.77	  1.11	 -0.00	  0.03	  0.02	 -0.04	
 -0.00	  0.03	 -0.02	  0.00	 -0.80	 -0.01	  0.00	 -1.91	  0.76	  1.15	 -0.00	  0.03	  0.02	 -0.05	
 -0.00	  0.03	 -0.02	  0.00	 -0.81	  0.01	  0.00	 -1.95	  0.75	  1.20	 -0.00	  0.03	  0.02	 -0.05	
 -0.00	  0.03	 -0.02	  0.00	 -0.82	  0.02	  0.00	 -1.98	  0.74	  1.24	 -0.00	  0.03	  0.02	 -0.05	
 -0.00	  0.03	 -0.02	  0.00	 -0.83	  0.03	  0.00	 -2.01	  0.73	  1.28	 -0.00	  0.04	  0.02	 -0.05	
 -0.00	  0.03	 -0.02	  0.00	 -0.83	  0.04	  0.00	 -2.05	  0.72	  1.33	 -0.00	  0.04	  0.02	 -0.06	
 -0.00	  0.03	 -0.02	  0.00	 -0.84	  0.05	  0.00	 -2.08	  0.71	  1.37	 -0.00	  0.04	  0.02	 -0.06	
 -0.00	  0.03	 -0.03	  0.00	 -0.84	  0.06	  0.00	 -2.10	  0.69	  1.41	 -0.00	  0.05	  0.02	 -0.06	
 -0.00	  0.04	 -0.03	  0.00	 -0.85	  0.07	  0.00	 -2.13	  0.68	  1.45	 -0.00	  0.05	  0.02	 -0.07	
 -0.00	  0.04	 -0.03	  0.00	 -0.85	  0.08	  0.00	 -2.15	  0.66	  1.49	 -0.00	  0.05	  0.02	 -0.07	
 -0.00	  0.04	 -0.03	  0.00	 -0.85	  0.09	  0.00	 -2.18	  0.65	  1.53	 -0.00	  0.06	  0.02	 -0.07	
 -0.00	  0.04	 -0.03	  0.00	 -0.85	  0.10	  0.00	 -2.20	  0.63	  1.56	 -0.00	  0.06	  0.02	 -0.08	
 -0.00	  0.04	 -0.03	  0.00	 -0.85	  0.11	  0.00	 -2.21	  0.62	  1.59	 -0.00	  0.06	  0.02	 -0.08	
 -0.00	  0.04	 -0.03	  0.00	 -0.85	  0.12	  0.00	 -2.22	  0.60	  1.62	 -0.00	  0.07	  0.02	 -0.08	
 -0.00	  0.04	 -0.03	  0.00	 -0.84	  0.13	  0.00	 -2.24	  0.58	  1.65	 -0.00	  0.07	  0.02	 -0.09	
 -0.00	  0.04	 -0.03	  0.00	 -0.84	  0.14	  0.00	 -2.24	  0.56	  1.68	 -0.00	  0.07	  0.02	 -0.09	
 -0.00	  0.05	 -0.03	  0.00	 -0.84	  0.15	  0.00	 -2.25	  0.54	  1.70	 -0.00	  0.08	  0.02	 -0.09	
 -0.00	  0.05	 -0.03	  0.00	 -0.83	  0.15	  0.00	 -2.25	  0.53	  1.72	 -0.00	  0.08	  0.01	 -0.10	
 -0.00	  0.05	 -0.03	  0.00	 -0.82	  0.16	  0.00	 -2.24	  0.51	  1.74	 -0.00	  0.09	  0.01	 -0.10	
 -0.00	  0.05	 -0.03	  0.00	 -0.82	  0.17	  0.00	 -2.23	  0.49	  1.75	 -0.00	  0.09	  0.01	 -0.10	
 -0.00	  0.05	 -0.03	  0.00	 -0.81	  0.17	  0.00	 -2.22	  0.46	  1.76	 -0.00	  0.09	  0.01	 -0.11	
 -0.00	  0.05	 -0.03	  0.00	 -0.80	  0.18	  0.00	 -2.21	  0.44	  1.76	 -0.00	  0.10	  0.01	 -0.11	
 -0.00	  0.05	 -0.03	  0.00	 -0.79	  0.18	  0.00	 -2.19	  0.42	  1.76	 -0.00	  0.10	  0.01	 -0.12	
 -0.00	  0.06	 -0.03	  0.00	 -0.78	  0.19	  0.00	 -2.16	  0.40	  1.76	 -0.00	  0.11	  0.01	 -0.12	
 -0.00	  0.06	 -0.03	  0.00	 -0.76	  0.19	  0.00	 -2.14	  0.38	  1.75	 -0.00	  0.11	  0.01	 -0.12	
 -0.00	  0.06	 -0.03	  0.00	 -0.75	  0.19	  0.00	 -2.10	  0.36	  1.74	 -0.00	  0.12	  0.01	 -0.13	
 -0.00	  0.06	 -0.03	  0.00	 -0.74	  0.20	  0.00	 -2.07	  0.34	  1.73	 -0.00	  0.12	  0.01	 -0.13	
 -0.00	  0.06	 -0.03	  0.00	 -0.72	  0.20	  0.00	 -2.03	  0.32	  1.71	 -0.00	  0.13	  0.01	 -0.14	
 -0.00	  0.06	 -0.03	  0.00	 -0.71	  0.20	  0.00	 -1.99	  0.30	  1.69	 -0.00	  0.13	  0.01	 -0.14	
 -0.00	  0.06	 -0.03	  0.00	 -0.69	  0.20	  0.00	 -1.94	  0.28	  1.66	 -0.00	  0.14	  0.01	 -0.15	
 -0.00	  0.07	 -0.03	  0.00	 -0.68	  0.20	  0.00	 -1.89	  0.26	  1.63	 -0.00	  0.14	  0.01	 -0.15	
 -0.00	  0.07	 -0.03	  0.00	 -0.66	  0.20	  0.00	 -1.84	  0.24	  1.60	 -0.00	  0.15	  0.01	 -0.16	
 -0.00	  0.07	 -0.03	  0.00	 -0.64	  0.20	  0.00	 -1.79	  0.22	  1.57	 -0.00	  0.15	  0.01	 -0.16	
 -0.00	  0.07	 -0.03	  0.00	 -0.62	  0.20	  0.00	 -1.73	  0.20	  1.53	 -0.00	  0.16	  0.01	 -0.17	
 -0.00	  0.07	 -0.03	  0.00	 -0.60	  0.20	  0.00	 -1.67	  0.19	  1.49	 -0.00	  0.17	  0.00	 -0.17	
 -0.00	  0.07	 -0.03	  0.00	 -0.58	  0.19	  0.00	 -1.61	  0.17	  1.44	 -0.00	  0.17	  0.00	 -0.18	
 -0.00	  0.08	 -0.03	  0.00	 -0.56	  0.19	  0.00	 -1.55	  0.15	  1.39	 -0.00	  0.18	  0.00	 -0.18	
 -0.00	  0.08	 -0.03	  0.00	 -0.54	  0.19	  0.00	 -1.48	  0.14	  1.35	 -0.00	  0.18	  0.00	 -0.19	
 -0.00	  0.08	 -0.03	  0.00	 -0.52	  0.18	  0.00	 -1.42	  0.12	  1.29	 -0.00	  0.19	  0.00	 -0.19	
 -0.00	  0.08	 -0.03	  0.00	 -0.50	  0.18	  0.00	 -1.35	  0.11	  1.24	 -0.00	  0.20	 -0.00	 -0.20	
 -0.00	  0.08	 -0.03	  0.00	 -0.48	  0.18	  0.00	 -1.28	  0.10	  1.19	 -0.00	  0.20	 -0.00	 -0.20	
 -0.00	  0.08	 -0.03	  0.00	 -0.46	  0.17	  0.00	 -1.22	  0.09	  1.13	 -0.00	  0.21	 -0.00	 -0.21	
 -0.00	  0.09	 -0.03	  0.00	 -0.43	  0.16	  0.00	 -1.15	  0.07	  1.07	 -0.00	  0.22	 -0.00	 -0.21	
 -0.00	  0.09	 -0.03	  0.00	 -0.41	  0.16	  0.00	 -1.08	  0.06	  1.02	 -0.00	  0.22	 -0.00	 -0.22	
 -0.00	  0.09	 -0.03	  0.00	 -0.39	  0.15	  0.00	 -1.01	  0.05	  0.96	 -0.00	  0.23	 -0.01	 -0.22	
 -0.00	  0.09	 -0.03	  0.00	 -0.37	  0.15	  0.00	 -0.94	  0.04	  0.90	 -0.00	  0.24	 -0.01	 -0.23	
 -0.00	  0.09	 -0.03	  0.00	 -0.34	  0.14	  0.00	 -0.88	  0.04	  0.84	 -0.00	  0.24	 -0.01	 -0.23	
 -0.00	  0.09	 -0.03	  0.00	 -0.32	  0.13	  0.00	 -0.81	  0.03	  0.78	 -0.00	  0.25	 -0.01	 -0.24	
 -0.00	  0.10	 -0.03	  0.00	 -0.30	  0.13	  0.00	 -0.74	  0.02	  0.72	 -0.00	  0.26	 -0.01	 -0.25	
 -0.00	  0.10	 -0.03	  0.00	 -0.27	  0.12	  0.00	 -0.68	  0.02	  0.66	 -0.00	  0.27	 -0.01	 -0.25	
 -0.00	  0.10	 -0.03	  0.00	 -0.25	  0.11	  0.00	 -0.61	  0.01	  0.60	 -0.00	  0.27	 -0.01	 -0.26	
 -0.00	  0.10	 -0.03	  0.00	 -0.23	  0.10	  0.00	 -0.55	  0.00	  0.54	 -0.00	  0.28	 -0.02	 -0.26	
 -0.00	  0.10	 -0.03	  0.00	 -0.20	  0.10	  0.00	 -0.49	 -0.00	  0.49	 -0.00	  0.29	 -0.02	 -0.27	
 -0.00	  0.11	 -0.03	  0.00	 -0.18	  0.09	  0.00	 -0.42	 -0.01	  0.43	 -0.00	  0.30	 -0.02	 -0.28	
 -0.00	  0.11	 -0.03	  0.00	 -0.16	  0.08	  0.00	 -0.36	 -0.01	  0.37	 -0.00	  0.30	 -0.02	 -0.28	
 -0.00	  0.11	 -0.03	  0.00	 -0.14	  0.07	  0.00	 -0.30	 -0.01	  0.32	 -0.00	  0.31	 -0.02	 -0.29	
 -0.00	  0.11	 -0.03	  0.00	 -0.12	  0.06	  0.00	 -0.24	 -0.02	  0.26	 -0.00	  0.32	 -0.02	 -0.29	
 -0.00	  0.11	 -0.03	  0.00	 -0.10	  0.06	  0.00	 -0.19	 -0.02	  0.21	 -0.00	  0.33	 -0.03	 -0.30	
 -0.00	  0.12	 -0.03	  0.00	 -0.07	  0.05	  0.00	 -0.13	 -0.02	  0.16	 -0.00	  0.34	 -0.03	 -0.31	
 -0.00	  0.12	 -0.03	  0.00	 -0.05	  0.04	  0.00	 -0.08	 -0.02	  0.10	 -0.00	  0.34	 -0.03	 -0.31	
 -0.00	  0.12	 -0.03	  0.00	 -0.03	  0.03	  0.00	 -0.03	 -0.03	  0.05	 -0.00	  0.35	 -0.03	 -0.32	
 -0.00	  0.12	 -0.03	  0.00	 -0.02	  0.03	  0.00	  0.02	 -0.03	  0.01	 -0.00	  0.36	 -0.03	 -0.33	
 -0.00	  0.12	 -0.03	  0.00	  0.00	  0.02	  0.00	  0.07	 -0.03	 -0.04	 -0.00	  0.37	 -0.04	 -0.33	
 -0.00	  0.13	 -0.03	  0.00	  0.02	  0.01	  0.00	  0.12	 -0.03	 -0.08	 -0.00	  0.38	 -0.04	 -0.34	
 -0.00	  0.13	 -0.03	  0.00	  0.04	  0.01	  0.00	  0.16	 -0.04	 -0.13	 -0.00	  0.39	 -0.04	 -0.35	
 -0.00	  0.13	 -0.03	 -0.00	  0.05	  0.00	 -0.00	  0.21	 -0.04	 -0.17	 -0.00	  0.39	 -0.04	 -0.35	
 -0.00	  0.13	 -0.03	 -0.00	  0.07	 -0.00	 -0.00	  0.25	 -0.04	 -0.20	 -0.00	  0.40	 -0.04	 -0.36	
 -0.00	  0.13	 -0.03	 -0.00	  0.08	 -0.01	 -0.00	  0.28	 -0.04	 -0.24	 -0.00	  0.41	 -0.05	 -0.37	
 -0.00	  0.14	 -0.03	 -0.00	  0.09	 -0.01	 -0.00	  0.32	 -0.05	 -0.27	 -0.00	  0.42	 -0.05	 -0.37	
 -0.00	  0.14	 -0.03	 -0.00	  0.11	 -0.01	 -0.00	  0.35	 -0.05	 -0.30	 -0.00	  0.43	 -0.05	 -0.38	
 -0.00	  0.14	 -0.03	 -0.00	  0.12	 -0.02	 -0.00	  0.38	 -0.05	 -0.33	 -0.00	  0.44	 -0.05	 -0.38	
 -0.00	  0.14	 -0.03	 -0.00	  0.13	 -0.02	 -0.00	  0.41	 -0.05	 -0.35	 -0.00	  0.45	 -0.06	 -0.39	
 -0.00	  0.14	 -0.03	 -0.00	  0.13	 -0.02	 -0.00	  0.43	 -0.06	 -0.37	 -0.00	  0.46	 -0.06	 -0.40	
 -0.00	  0.15	 -0.03	 -0.00	  0.14	 -0.02	 -0.00	  0.45	 -0.06	 -0.39	 -0.00	  0.46	 -0.06	 -0.40	
 -0.00	  0.15	 -0.03	 -0.00	  0.15	 -0.03	 -0.00	  0.47	 -0.06	 -0.41	 -0.00	  0.47	 -0.06	 -0.41	
 -0.00	  0.15	 -0.03	 -0.00	  0.15	 -0.03	 -0.00	  0.48	 -0.07	 -0.42	 -0.00	  0.48	 -0.07	 -0.42	
 -0.00	  0.15	 -0.02	 -0.00	  0.15	 -0.02	 -0.00	  0.49	 -0.07	 -0.42	 -0.00	  0.49	 -0.07	 -0.42	
 -0.00	  0.16	 -0.02	 -0.00	  0.16	 -0.02	 -0.00	  0.50	 -0.07	 -0.43	 -0.00	  0.50	 -0.07	 -0.43	
 -0.00	  0.16	 -0.02	 -0.00	  0.16	 -0.02	 -0.00	  0.51	 -0.07	 -0.44	 -0.00	  0.51	 -0.07	 -0.44	
 -0.00	  0.16	 -0.02	 -0.00	  0.16	 -0.02	 -0.00	  0.52	 -0.08	 -0.44	 -0.00	  0.52	 -0.08	 -0.44	
 -0.00	  0.16	 -0.02	 -0.00	  0.16	 -0.02	 -0.00	  0.53	 -0.08	 -0.45	 -0.00	  0.53	 -0.08	 -0.45	
 -0.00	  0.16	 -0.02	 -0.00	  0.16	 -0.02	 -0.00	  0.54	 -0.08	 -0.45	 -0.00	  0.54	 -0.08	 -0.45	
 -0.00	  0.17	 -0.02	 -0.00	  0.17	 -0.02	 -0.00	  0.54	 -0.08	 -0.46	 -0.00	  0.54	 -0.08	 -0.46	
 -0.00	  0.17	 -0.02	 -0.00	  0.17	 -0.02	 -0.00	  0.55	 -0.09	 -0.46	 -0.00	  0.55	 -0.09	 -0.46	
 -0.00	  0.17	 -0.02	 -0.00	  0.17	 -0.02	 -0.00	  0.56	 -0.09	 -0.47	 -0.00	  0.56	 -0.09	 -0.47	
 -0.00	  0.17	 -0.02	 -0.00	  0.17	 -0.02	 -0.00	  0.57	 -0.09	 -0.47	 -0.00	  0.57	 -0.09	 -0.47	
 -0.00	  0.17	 -0.02	 -0.00	  0.17	 -0.02	 -0.00	  0.57	 -0.10	 -0.48	 -0.00	  0.57	 -0.10	 -0.48	
 -0.00	  0.17	 -0.02	 -0.00	  0.17	 -0.02	 -0.00	  0.58	 -0.10	 -0.48	 -0.00	  0.58	 -0.10	 -0.48	
 -0.00	  0.18	 -0.02	 -0.00	  0.18	 -0.02	 -0.00	  0.59	 -0.10	 -0.49	 -0.00	  0.59	 -0.10	 -0.49	
 -0.00	  0.18	 -0.02	 -0.00	  0.18	 -0.02	 -0.00	  0.59	 -0.10	 -0.49	 -0.00	  0.59	 -0.10	 -0.49	
 -0.00	  0.18	 -0.02	 -0.00	  0.18	 -0.02	 -0.00	  0.60	 -0.11	 -0.49	 -0.00	  0.60	 -0.11	 -0.49	
 -0.00	  0.18	 -0.01	 -0.00	  0.18	 -0.01	 -0.00	  0.61	 -0.11	 -0.50	 -0.00	  0.61	 -0.11	 -0.50	
 -0.00	  0.18	 -0.01	 -0.00	  0.18	 -0.01	 -0.00	  0.61	 -0.11	 -0.50	 -0.00	  0.61	 -0.11	 -0.50	
 -0.00	  0.18	 -0.01	 -0.00	  0.18	 -0.01	 -0.00	  0.62	 -0.11	 -0.50	 -0.00	  0.62	 -0.11	 -0.50	
 -0.00	  0.18	 -0.01	 -0.00	  0.18	 -0.01	 -0.00	  0.62	 -0.12	 -0.50	 -0.00	  0.62	 -0.12	 -0.50	
 -0.00	  0.19	 -0.01	 -0.00	  0.19	 -0.01	 -0.00	  0.63	 -0.12	 -0.51	 -0.00	  0.63	 -0.12	 -0.51	
 -0.00	  0.19	 -0.01	 -0.00	  0.19	 -0.01	 -0.00	  0.63	 -0.12	 -0.51	 -0.00	  0.63	 -0.12	 -0.51	
 -0.00	  0.19	 -0.01	 -0.00	  0.19	 -0.01	 -0.00	  0.64	 -0.13	 -0.51	 -0.00	  0.64	 -0.13	 -0.51	
 -0.00	  0.19	 -0.01	 -0.00	  0.19	 -0.01	 -0.00	  0.64	 -0.13	 -0.51	 -0.00	  0.64	 -0.13	 -0.51	
 -0.00	  0.19	 -0.01	 -0.00	  0.19	 -0.01	 -0.00	  0.65	 -0.13	 -0.52	 -0.00	  0.65	 -0.13	 -0.52	
 -0.00	  0.19	 -0.01	 -0.00	  0.19	 -0.01	 -0.00	  0.65	 -0.13	 -0.52	 -0.00	  0.65	 -0.13	 -0.52	
 -0.00	  0.19	 -0.00	 -0.00	  0.19	 -0.00	 -0.00	  0.65	 -0.14	 -0.52	 -0.00	  0.65	 -0.14	 -0.52	
 -0.00	  0.19	 -0.00	 -0.00	  0.19	 -0.00	 -0.00	  0.66	 -0.14	 -0.52	 -0.00	  0.66	 -0.14	 -0.52	
 -0.00	  0.19	 -0.00	 -0.00	  0.19	 -0.00	 -0.00	  0.66	 -0.14	 -0.52	 -0.00	  0.66	 -0.14	 -0.52	
 -0.00	  0.19	 -0.00	 -0.00	  0.19	 -0.00	 -0.00	  0.67	 -0.14	 -0.52	 -0.00	  0.67	 -0.14	 -0.52	
 -0.00	  0.20	 -0.00	 -0.00	  0.20	 -0.00	 -0.00	  0.67	 -0.15	 -0.52	 -0.00	  0.67	 -0.15	 -0.52	
 -0.00	  0.20	  0.00	 -0.00	  0.20	  0.00	 -0.00	  0.67	 -0.15	 -0.52	 -0.00	  0.67	 -0.15	 -0.52	
 -0.00	  0.20	  0.00	 -0.00	  0.20	  0.00	 -0.00	  0.67	 -0.15	 -0.52	 -0.00	  0.67	 -0.15	 -0.52	
 -0.00	  0.20	  0.00	 -0.00	  0.20	  0.00	 -0.00	  0.68	 -0.15	 -0.52	 -0.00	  0.68	 -0.15	 -0.52	
 -0.00	  0.20	  0.00	 -0.00	  0.20	  0.00	 -0.00	  0.68	 -0.16	 -0.52	 -0.00	  0.68	 -0.16	 -0.52	
 -0.00	  0.20	  0.00	 -0.00	  0.20	  0.00	 -0.00	  0.68	 -0.16	 -0.52	 -0.00	  0.68	 -0.16	 -0.52	
 -0.00	  0.20	  0.01	 -0.00	  0.20	  0.01	 -0.00	  0.68	 -0.16	 -0.52	 -0.00	  0.68	 -0.16	 -0.52	
 -0.00	  0.20	  0.01	 -0.00	  0.20	  0.01	 -0.00	  0.68	 -0.16	 -0.52	 -0.00	  0.68	 -0.16	 -0.52	
 -0.00	  0.20	  0.01	 -0.00	  0.20	  0.01	 -0.00	  0.69	 -0.17	 -0.52	 -0.00	  0.69	 -0.17	 -0.52	
 -0.00	  0.20	  0.01	 -0.00	  0.20	  0.01	 -0.00	  0.69	 -0.17	 -0.52	 -0.00	  0.69	 -0.17	 -0.52	
 -0.00	  0.20	  0.01	 -0.00	  0.20	  0.01	 -0.00	  0.69	 -0.17	 -0.52	 -0.00	  0.69	 -0.17	 -0.52	
 -0.00	  0.20	  0.01	 -0.00	  0.20	  0.01	 -0.00	  0.69	 -0.17	 -0.51	 -0.00	  0.69	 -0.17	 -0.51	
 -0.00	  0.20	  0.01	 -0.00	  0.20	  0.01	 -0.00	  0.69	 -0.18	 -0.51	 -0.00	  0.69	 -0.18	 -0.51	
 -0.00	  0.20	  0.01	 -0.00	  0.20	  0.01	 -0.00	  0.69	 -0.18	 -0.51	 -0.00	  0.69	 -0.18	 -0.51	
 -0.00	  0.20	  0.02	 -0.00	  0.20	  0.02	 -0.00	  0.69	 -0.18	 -0.51	 -0.00	  0.69	 -0.18	 -0.51	
 -0.00	  0.20	  0.02	 -0.00	  0.20	  0.02	 -0.00	  0.69	 -0.18	 -0.51	 -0.00	  0.69	 -0.18	 -0.51	
 -0.00	  0.20	  0.02	 -0.00	  0.20	  0.02	 -0.00	  0.69	 -0.18	 -0.50	 -0.00	  0.69	 -0.18	 -0.50	
 -0.00	  0.20	  0.02	 -0.00	  0.20	  0.02	 -0.00	  0.69	 -0.19	 -0.50	 -0.00	  0.69	 -0.19	 -0.50	
 -0.00	  0.20	  0.02	 -0.00	  0.20	  0.02	 -0.00	  0.69	 -0.19	 -0.50	 -0.00	  0.69	 -0.19	 -0.50	
 -0.00	  0.20	  0.02	 -0.00	  0.20	  0.02	 -0.00	  0.69	 -0.19	 -0.50	 -0.00	  0.69	 -0.19	 -0.50	
 -0.00	  0.20	  0.02	 -0.00	  0.20	  0.02	 -0.00	  0.69	 -0.19	 -0.49	 -0.00	  0.69	 -0.19	 -0.49	
 -0.00	  0.20	  0.02	 -0.00	  0.20	  0.02	 -0.00	  0.69	 -0.20	 -0.49	 -0.00	  0.69	 -0.20	 -0.49	
 -0.00	  0.20	  0.03	 -0.00	  0.20	  0.03	 -0.00	  0.68	 -0.20	 -0.49	 -0.00	  0.68	 -0.20	 -0.49	
 -0.00	  0.20	  0.03	 -0.00	  0.20	  0.03	 -0.00	  0.68	 -0.20	 -0.48	 -0.00	  0.68	 -0.20	 -0.48	
 -0.00	  0.20	  0.03	 -0.00	  0.20	  0.03	 -0.00	  0.68	 -0.20	 -0.48	 -0.00	  0.68	 -0.20	 -0.48	
 -0.00	  0.20	  0.03	 -0.00	  0.20	  0.03	 -0.00	  0.68	 -0.20	 -0.48	 -0.00	  0.68	 -0.20	 -0.48	
 -0.00	  0.20	  0.03	 -0.00	  0.20	  0.03	 -0.00	  0.68	 -0.20	 -0.47	 -0.00	  0.68	 -0.20	 -0.47	
 -0.00	  0.20	  0.03	 -0.00	  0.20	  0.03	 -0.00	  0.68	 -0.21	 -0.47	 -0.00	  0.68	 -0.21	 -0.47	
 -0.00	  0.20	  0.03	 -0.00	  0.20	  0.03	 -0.00	  0.67	 -0.21	 -0.47	 -0.00	  0.67	 -0.21	 -0.47	
 -0.00	  0.20	  0.04	 -0.00	  0.20	  0.04	 -0.00	  0.67	 -0.21	 -0.46	 -0.00	  0.67	 -0.21	 -0.46	
 -0.00	  0.20	  0.04	 -0.00	  0.20	  0.04	 -0.00	  0.67	 -0.21	 -0.46	 -0.00	  0.67	 -0.21	 -0.46	
 -0.00	  0.20	  0.04	 -0.00	  0.20	  0.04	 -0.00	  0.67	 -0.21	 -0.45	 -0.00	  0.67	 -0.21	 -0.45	
 -0.00	  0.19	  0.04	 -0.00	  0.19	  0.04	 -0.00	  0.66	 -0.21	 -0.45	 -0.00	  0.66	 -0.21	 -0.45	
 -0.00	  0.19	  0.04	 -0.00	  0.19	  0.04	 -0.00	  0.66	 -0.22	 -0.45	 -0.00	  0.66	 -0.22	 -0.45	
 -0.00	  0.19	  0.04	 -0.00	  0.19	  0.04	 -0.00	  0.66	 -0.22	 -0.44	 -0.00	  0.66	 -0.22	 -0.44	
 -0.00	  0.19	  0.04	 -0.00	  0.19	  0.04	 -0.00	  0.66	 -0.22	 -0.44	 -0.00	  0.66	 -0.22	 -0.44	
 -0.00	  0.19	  0.04	 -0.00	  0.19	  0.04	 -0.00	  0.65	 -0.22	 -0.43	 -0.00	  0.65	 -0.22	 -0.43	
 -0.00	  0.19	  0.05	 -0.00	  0.19	  0.05	 -0.00	  0.65	 -0.22	 -0.43	 -0.00	  0.65	 -0.22	 -0.43	
 -0.00	  0.19	  0.05	 -0.00	  0.19	  0.05	 -0.00	  0.65	 -0.22	 -0.42	 -0.00	  0.65	 -0.22	 -0.42	
 -0.00	  0.19	  0.05	 -0.00	  0.19	  0.05	 -0.00	  0.64	 -0.22	 -0.42	 -0.00	  0.64	 -0.22	 -0.42	
 -0.00	  0.19	  0.05	 -0.00	  0.19	  0.05	 -0.00	  0.64	 -0.23	 -0.41	 -0.00	  0.64	 -0.23	 -0.41	
 -0.00	  0.19	  0.05	 -0.00	  0.19	  0.05	 -0.00	  0.64	 -0.23	 -0.41	 -0.00	  0.64	 -0.23	 -0.41	
 -0.00	  0.19	  0.05	 -0.00	  0.19	  0.05	 -0.00	  0.63	 -0.23	 -0.40	 -0.00	  0.63	 -0.23	 -0.40	
  0.00	  0.18	  0.05	  0.00	  0.18	  0.05	  0.00	  0.63	 -0.23	 -0.40	  0.00	  0.63	 -0.23	 -0.40	
  0.00	  0.18	  0.06	  0.00	  0.18	  0.06	  0.00	  0.62	 -0.23	 -0.39	  0.00	  0.62	 -0.23	 -0.39	
  0.00	  0.18	  0.06	  0.00	  0.18	  0.06	  0.00	  0.62	 -0.23	 -0.39	  0.00	  0.62	 -0.23	 -0.39	
  0.00	  0.18	  0.06	  0.00	  0.18	  0.06	  0.00	  0.62	 -0.23	 -0.38	  0.00	  0.62	 -0.23	 -0.38	
  0.00	  0.18	  0.06	  0.00	  0.18	  0.06	  0.00	  0.61	 -0.23	 -0.38	  0.00	  0.61	 -0.23	 -0.38	
  0.00	  0.18	  0.06	  0.00	  0.18	  0.06	  0.00	  0.61	 -0.23	 -0.37	  0.00	  0.61	 -0.23	 -0.37	
  0.00	  0.18	  0.06	  0.00	  0.18	  0.06	  0.00	  0.60	 -0.24	 -0.37	  0.00	  0.60	 -0.24	 -0.37	
  0.00	  0.18	  0.06	  0.00	  0.18	  0.06	  0.00	  0.60	 -0.24	 -0.36	  0.00	  0.60	 -0.24	 -0.36	
  0.00	  0.17	  0.06	  0.00	  0.17	  0.06	  0.00	  0.59	 -0.24	 -0.36	  0.00	  0.59	 -0.24	 -0.36	
  0.00	  0.17	  0.07	  0.00	  0.17	  0.07	  0.00	  0.59	 -0.24	 -0.35	  0.00	  0.59	 -0.24	 -0.35	
  0.00	  0.17	  0.07	  0.00	  0.17	  0.07	  0.00	  0.58	 -0.24	 -0.35	  0.00	  0.58	 -0.24	 -0.35	
  0.00	  0.17	  0.07	  0.00	  0.17	  0.07	  0.00	  0.58	 -0.24	 -0.34	  0.00	  0.58	 -0.24	 -0.34	
  0.00	  0.17	  0.07	  0.00	  0.17	  0.07	  0.00	  0.58	 -0.24	 -0.34	  0.00	  0.58	 -0.24	 -0.34	
  0.00	  0.17	  0.07	  0.00	  0.17	  0.07	  0.00	  0.57	 -0.24	 -0.33	  0.00	  0.57	 -0.24	 -0.33	
  0.00	  0.16	  0.07	  0.00	  0.16	  0.07	  0.00	  0.57	 -0.24	 -0.33	  0.00	  0.57	 -0.24	 -0.33	
  0.00	  0.16	  0.07	  0.00	  0.16	  0.07	  0.00	  0.56	 -0.24	 -0.32	  0.00	  0.56	 -0.24	 -0.32	
  0.00	  0.16	  0.07	  0.00	  0.16	  0.07	  0.00	  0.56	 -0.24	 -0.32	  0.00	  0.56	 -0.24	 -0.32	
  0.00	  0.16	  0.07	  0.00	  0.16	  0.07	  0.00	  0.55	 -0.24	 -0.31	  0.00	  0.55	 -0.24	 -0.31	
  0.00	  0.16	  0.08	  0.00	  0.16	  0.08	  0.00	  0.55	 -0.24	 -0.31	  0.00	  0.55	 -0.24	 -0.31	
  0.00	  0.16	  0.08	  0.00	  0.16	  0.08	  0.00	  0.54	 -0.24	 -0.30	  0.00	  0.54	 -0.24	 -0.30	
  0.00	  0.16	  0.08	  0.00	  0.16	  0.08	  0.00	  0.54	 -0.24	 -0.30	  0.00	  0.54	 -0.24	 -0.30	
  0.00	  0.15	  0.08	  0.00	  0.15	  0.08	  0.00	  0.53	 -0.24	 -0.29	  0.00	  0.53	 -0.24	 -0.29	
  0.00	  0.15	  0.08	  0.00	  0.15	  0.08	  0.00	  0.53	 -0.24	 -0.29	  0.00	  0.53	 -0.24	 -0.29	
  0.00	  0.15	  0.08	  0.00	  0.15	  0.08	  0.00	  0.52	 -0.24	 -0.28	  0.00	  0.52	 -0.24	 -0.28	
  0.00	  0.15	  0.08	  0.00	  0.15	  0.08	  0.00	  0.52	 -0.24	 -0.28	  0.00	  0.52	 -0.24	 -0.28	
  0.00	  0.15	  0.08	  0.00	  0.15	  0.08	  0.00	  0.51	 -0.24	 -0.27	  0.00	  0.51	 -0.24	 -0.27	
  0.00	  0.15	  0.08	  0.00	  0.15	  0.08	  0.00	  0.51	 -0.24	 -0.27	  0.00	  0.51	 -0.24	 -0.27	
  0.00	  0.14	  0.08	  0.00	  0.14	  0.08	  0.00	  0.50	 -0.24	 -0.26	  0.00	  0.50	 -0.24	 -0.26	
  0.00	  0.14	  0.08	  0.00	  0.14	  0.08	  0.00	  0.49	 -0.24	 -0.26	  0.00	  0.49	 -0.24	 -0.26	
  0.00	  0.14	  0.08	  0.00	  0.14	  0.08	  0.00	  0.49	 -0.24	 -0.25	  0.00	  0.49	 -0.24	 -0.25	
  0.00	  0.14	  0.09	  0.00	  0.14	  0.09	  0.00	  0.48	 -0.24	 -0.25	  0.00	  0.48	 -0.24	 -0.25	
  0.00	  0.14	  0.09	  0.00	  0.14	  0.09	  0.00	  0.48	 -0.24	 -0.24	  0.00	  0.48	 -0.24	 -0.24	
  0.00	  0.13	  0.09	  0.00	  0.13	  0.09	  0.00	  0.47	 -0.24	 -0.24	  0.00	  0.47	 -0.24	 -0.24	
  0.00	  0.13	  0.09	  0.00	  0.13	  0.09	  0.00	  0.47	 -0.24	 -0.23	  0.00	  0.47	 -0.24	 -0.23	
  0.00	  0.13	  0.09	  0.00	  0.13	  0.09	  0.00	  0.46	 -0.24	 -0.23	  0.00	  0.46	 -0.24	 -0.23	
  0.00	  0.13	  0.09	  0.00	  0.13	  0.09	  0.00	  0.46	 -0.23	 -0.22	  0.00	  0.46	 -0.23	 -0.22	
  0.00	  0.13	  0.09	  0.00	  0.13	  0.09	  0.00	  0.45	 -0.23	 -0.22	  0.00	  0.45	 -0.23	 -0.22	
  0.00	  0.13	  0.09	  0.00	  0.13	  0.09	  0.00	  0.45	 -0.23	 -0.21	  0.00	  0.45	 -0.23	 -0.21	
  0.00	  0.12	  0.09	  0.00	  0.12	  0.09	  0.00	  0.44	 -0.23	 -0.21	  0.00	  0.44	 -0.23	 -0.21	
  0.00	  0.12	  0.09	  0.00	  0.12	  0.09	  0.00	  0.44	 -0.23	 -0.20	  0.00	  0.44	 -0.23	 -0.20	
  0.00	  0.12	  0.09	  0.00	  0.12	  0.09	  0.00	  0.43	 -0.23	 -0.20	  0.00	  0.43	 -0.23	 -0.20	
  0.00	  0.12	  0.09	  0.00	  0.12	  0.09	  0.00	  0.42	 -0.23	 -0.19	  0.00	  0.42	 -0.23	 -0.19	
  0.00	  0.12	  0.09	  0.00	  0.12	  0.09	  0.00	  0.42	 -0.23	 -0.19	  0.00	  0.42	 -0.23	 -0.19	
  0.00	  0.11	  0.09	  0.00	  0.11	  0.09	  0.00	  0.41	 -0.23	 -0.19	  0.00	  0.41	 -0.23	 -0.19	
  0.00	  0.11	  0.09	  0.00	  0.11	  0.09	  0.00	  0.41	 -0.23	 -0.18	  0.00	  0.41	 -0.23	 -0.18	
  0.00	  0.11	  0.09	  0.00	  0.11	  0.09	  0.00	  0.40	 -0.22	 -0.18	  0.00	  0.40	 -0.22	 -0.18	
  0.00	  0.11	  0.09	  0.00	  0.11	  0.09	  0.00	  0.40	 -0.22	 -0.17	  0.00	  0.40	 -0.22	 -0.17	
  0.00	  0.11	  0.09	  0.00	  0.11	  0.09	  0.00	  0.39	 -0.22	 -0.17	  0.00	  0.39	 -0.22	 -0.17	
  0.00	  0.10	  0.09	  0.00	  0.10	  0.09	  0.00	  0.39	 -0.22	 -0.16	  0.00	  0.39	 -0.22	 -0.16	
  0.00	  0.10	  0.09	  0.00	  0.10	  0.09	  0.00	  0.38	 -0.22	 -0.16	  0.00	  0.38	 -0.22	 -0.16	
  0.00	  0.10	  0.09	  0.00	  0.10	  0.09	  0.00	  0.37	 -0.22	 -0.16	  0.00	  0.37	 -0.22	 -0.16	
  0.00	  0.10	  0.09	  0.00	  0.10	  0.09	  0.00	  0.37	 -0.22	 -0.15	  0.00	  0.37	 -0.22	 -0.15	
  0.00	  0.10	  0.09	  0.00	  0.10	  0.09	  0.00	  0.36	 -0.21	 -0.15	  0.00	  0.36	 -0.21	 -0.15	
  0.00	  0.09	  0.09	  0.00	  0.09	  0.09	  0.00	  0.36	 -0.21	 -0.14	  0.00	  0.36	 -0.21	 -0.14	
  0.00	  0.09	  0.09	  0.00	  0.09	  0.09	  0.00	  0.35	 -0.21	 -0.14	  0.00	  0.35	 -0.21	 -0.14	
  0.00	  0.09	  0.09	  0.00	  0.09	  0.09	  0.00	  0.35	 -0.21	 -0.14	  0.00	  0.35	 -0.21	 -0.14	
  0.00	  0.09	  0.09	  0.00	  0.09	  0.09	  0.00	  0.34	 -0.21	 -0.13	  0.00	  0.34	 -0.21	 -0.13	
  0.00	  0.09	  0.09	  0.00	  0.09	  0.09	  0.00	  0.33	 -0.20	 -0.13	  0.00	  0.33	 -0.20	 -0.13	
  0.00	  0.08	  0.09	  0.00	  0.08	  0.09	  0.00	  0.33	 -0.20	 -0.13	  0.00	  0.33	 -0.20	 -0.13	
  0.00	  0.08	  0.09	  0.00	  0.08	  0.09	  0.00	  0.32	 -0.20	 -0.12	  0.00	  0.32	 -0.20	 -0.12	
  0.00	  0.08	  0.09	  0.00	  0.08	  0.09	  0.00	  0.32	 -0.20	 -0.12	  0.00	  0.32	 -0.20	 -0.12	
  0.00	  0.08	  0.09	  0.00	  0.08	  0.09	  0.00	  0.31	 -0.20	 -0.11	  0.00	  0.31	 -0.20	 -0.11	
  0.00	  0.08	  0.09	  0.00	  0.08	  0.09	  0.00	  0.31	 -0.19	 -0.11	  0.00	  0.31	 -0.19	 -0.11	
  0.00	  0.07	  0.09	  0.00	  0.07	  0.09	  0.00	  0.30	 -0.19	 -0.11	  0.00	  0.30	 -0.19	 -0.11	
  0.00	  0.07	  0.09	  0.00	  0.07	  0.09	  0.00	  0.29	 -0.19	 -0.10	  0.00	  0.29	 -0.19	 -0.10	
  0.00	  0.07	  0.09	  0.00	  0.07	  0.09	  0.00	  0.29	 -0.19	 -0.10	  0.00	  0.29	 -0.19	 -0.10	
  0.00	  0.07	  0.09	  0.00	  0.07	  0.09	  0.00	  0.28	 -0.19	 -0.10	  0.00	  0.28	 -0.19	 -0.10	
  0.00	  0.07	  0.09	  0.00	  0.07	  0.09	  0.00	  0.28	 -0.18	 -0.09	  0.00	  0.28	 -0.18	 -0.09	
  0.00	  0.06	  0.09	  0.00	  0.06	  0.09	  0.00	  0.27	 -0.18	 -0.09	  0.00	  0.27	 -0.18	 -0.09	
  0.00	  0.06	  0.09	  0.00	  0.06	  0.09	  0.00	  0.26	 -0.18	 -0.09	  0.00	  0.26	 -0.18	 -0.09	
  0.00	  0.06	  0.09	  0.00	  0.06	  0.09	  0.00	  0.26	 -0.18	 -0.08	  0.00	  0.26	 -0.18	 -0.08	
  0.00	  0.06	  0.09	  0.00	  0.06	  0.09	  0.00	  0.25	 -0.17	 -0.08	  0.00	  0.25	 -0.17	 -0.08	
  0.00	  0.06	  0.09	  0.00	  0.06	  0.09	  0.00	  0.25	 -0.17	 -0.08	  0.00	  0.25	 -0.17	 -0.08	
  0.00	  0.06	  0.08	  0.00	  0.05	  0.09	  0.00	  0.24	 -0.17	 -0.07	  0.00	  0.24	 -0.17	 -0.07	
  0.00	  0.05	  0.08	  0.00	  0.05	  0.08	  0.00	  0.23	 -0.17	 -0.07	  0.00	  0.24	 -0.16	 -0.07	
  0.00	  0.05	  0.08	  0.00	  0.05	  0.08	  0.00	  0.23	 -0.16	 -0.07	  0.00	  0.23	 -0.16	 -0.07	
  0.00	  0.05	  0.08	  0.00	  0.05	  0.08	  0.00	  0.22	 -0.16	 -0.06	  0.00	  0.23	 -0.15	 -0.07	
  0.00	  0.06	  0.07	  0.00	  0.05	  0.08	  0.00	  0.22	 -0.16	 -0.06	  0.00	  0.22	 -0.15	 -0.07	
  0.00	  0.06	  0.07	  0.00	  0.05	  0.08	  0.00	  0.21	 -0.15	 -0.06	  0.00	  0.22	 -0.14	 -0.08	
  0.00	  0.06	  0.06	  0.00	  0.04	  0.08	  0.00	  0.21	 -0.15	 -0.06	  0.00	  0.21	 -0.13	 -0.08	
  0.00	  0.06	  0.05	  0.00	  0.04	  0.08	  0.00	  0.20	 -0.15	 -0.05	  0.00	  0.21	 -0.13	 -0.08	
  0.00	  0.06	  0.05	  0.00	  0.04	  0.08	  0.00	  0.20	 -0.15	 -0.05	  0.00	  0.20	 -0.12	 -0.08	
 -0.00	  0.06	  0.04	  0.00	  0.04	  0.08	  0.00	  0.19	 -0.14	 -0.05	 -0.00	  0.20	 -0.11	 -0.09	
 -0.00	  0.07	  0.03	  0.00	  0.04	  0.08	  0.00	  0.19	 -0.14	 -0.04	 -0.00	  0.20	 -0.10	 -0.09	
 -0.00	  0.07	  0.02	  0.00	  0.04	  0.08	  0.00	  0.18	 -0.14	 -0.04	 -0.00	  0.19	 -0.10	 -0.10	
 -0.00	  0.07	  0.02	  0.00	  0.03	  0.08	  0.00	  0.18	 -0.14	 -0.04	 -0.00	  0.19	 -0.09	 -0.10	
 -0.00	  0.08	  0.01	  0.00	  0.03	  0.08	  0.00	  0.17	 -0.14	 -0.04	 -0.00	  0.19	 -0.08	 -0.11	
 -0.00	  0.08	 -0.00	  0.00	  0.03	  0.08	  0.00	  0.17	 -0.13	 -0.04	 -0.00	  0.18	 -0.07	 -0.12	
 -0.00	  0.09	 -0.01	  0.00	  0.03	  0.07	  0.00	  0.16	 -0.13	 -0.03	 -0.00	  0.18	 -0.06	 -0.12	
 -0.00	  0.09	 -0.02	  0.00	  0.03	  0.07	  0.00	  0.16	 -0.13	 -0.03	 -0.00	  0.18	 -0.05	 -0.13	
 -0.00	  0.09	 -0.03	  0.00	  0.03	  0.07	  0.00	  0.16	 -0.13	 -0.03	 -0.00	  0.17	 -0.04	 -0.14	
 -0.00	  0.10	 -0.04	  0.00	  0.02	  0.07	  0.00	  0.15	 -0.12	 -0.03	 -0.00	  0.17	 -0.03	 -0.14	
 -0.00	  0.10	 -0.05	  0.00	  0.02	  0.07	  0.00	  0.15	 -0.12	 -0.03	 -0.00	  0.17	 -0.02	 -0.15	
 -0.00	  0.11	 -0.06	  0.00	  0.02	  0.07	  0.00	  0.14	 -0.12	 -0.02	 -0.00	  0.16	 -0.01	 -0.16	
 -0.00	  0.11	 -0.07	  0.00	  0.02	  0.07	  0.00	  0.14	 -0.12	 -0.02	 -0.00	  0.16	  0.00	 -0.17	
 -0.00	  0.12	 -0.09	  0.00	  0.02	  0.07	  0.00	  0.13	 -0.11	 -0.02	 -0.00	  0.16	  0.02	 -0.17	
 -0.00	  0.12	 -0.10	  0.00	  0.02	  0.07	  0.00	  0.13	 -0.11	 -0.02	 -0.00	  0.15	  0.03	 -0.18	
 -0.00	  0.13	 -0.11	  0.00	  0.02	  0.07	  0.00	  0.13	 -0.11	 -0.02	 -0.00	  0.15	  0.04	 -0.19	
 -0.00	  0.13	 -0.12	  0.00	  0.02	  0.07	  0.00	  0.12	 -0.11	 -0.01	 -0.00	  0.15	  0.05	 -0.20	
 -0.00	  0.13	 -0.13	  0.00	  0.01	  0.07	  0.00	  0.12	 -0.11	 -0.01	 -0.00	  0.14	  0.06	 -0.20	
 -0.00	  0.14	 -0.14	  0.00	  0.01	  0.07	  0.00	  0.12	 -0.10	 -0.01	 -0.00	  0.14	  0.07	 -0.21	
 -0.00	  0.14	 -0.15	  0.00	  0.01	  0.06	  0.00	  0.11	 -0.10	 -0.01	 -0.00	  0.14	  0.08	 -0.22	
 -0.00	  0.15	 -0.16	  0.00	  0.01	  0.06	  0.00	  0.11	 -0.10	 -0.01	 -0.00	  0.13	  0.10	 -0.23	
 -0.00	  0.15	 -0.17	  0.00	  0.01	  0.06	  0.00	  0.10	 -0.10	 -0.01	 -0.00	  0.13	  0.11	 -0.23	
 -0.00	  0.16	 -0.19	  0.00	  0.01	  0.06	  0.00	  0.10	 -0.10	 -0.01	 -0.00	  0.12	  0.12	 -0.24	
 -0.00	  0.16	 -0.20	  0.00	  0.01	  0.06	  0.00	  0.10	 -0.09	 -0.00	 -0.00	  0.12	  0.13	 -0.25	
 -0.00	  0.16	 -0.21	  0.00	  0.01	  0.06	  0.00	  0.09	 -0.09	 -0.00	 -0.00	  0.11	  0.14	 -0.26	
 -0.00	  0.17	 -0.22	  0.00	  0.01	  0.06	  0.00	  0.09	 -0.09	 -0.00	 -0.00	  0.11	  0.15	 -0.26	
 -0.00	  0.17	 -0.23	  0.00	  0.01	  0.06	  0.00	  0.09	 -0.09	 -0.00	 -0.00	  0.11	  0.16	 -0.27	
 -0.00	  0.17	 -0.24	  0.00	  0.00	  0.06	  0.00	  0.09	 -0.09	  0.00	 -0.00	  0.10	  0.18	 -0.28	
 -0.00	  0.18	 -0.25	  0.00	  0.00	  0.06	  0.00	  0.08	 -0.08	  0.00	 -0.00	  0.10	  0.19	 -0.28	
 -0.00	  0.18	 -0.26	  0.00	  0.00	  0.06	  0.00	  0.08	 -0.08	  0.00	 -0.00	  0.09	  0.20	 -0.29	
 -0.00	  0.18	 -0.27	  0.00	  0.00	  0.06	  0.00	  0.08	 -0.08	  0.00	 -0.00	  0.08	  0.21	 -0.29	
 -0.00	  0.18	 -0.28	  0.00	  0.00	  0.05	  0.00	  0.07	 -0.08	  0.00	 -0.00	  0.08	  0.22	 -0.30	
 -0.00	  0.18	 -0.29	  0.00	  0.00	  0.05	  0.00	  0.07	 -0.08	  0.01	 -0.00	  0.07	  0.23	 -0.30	
 -0.00	  0.18	 -0.29	  0.00	 -0.00	  0.05	  0.00	  0.07	 -0.07	  0.01	 -0.00	  0.07	  0.24	 -0.31	
 -0.00	  0.19	 -0.30	  0.00	 -0.00	  0.05	  0.00	  0.06	 -0.07	  0.01	 -0.00	  0.06	  0.25	 -0.31	
 -0.00	  0.19	 -0.31	  0.00	 -0.00	  0.05	  0.00	  0.06	 -0.07	  0.01	 -0.00	  0.05	  0.26	 -0.32	
 -0.00	  0.19	 -0.32	  0.00	 -0.00	  0.05	  0.00	  0.06	 -0.07	  0.01	 -0.00	  0.05	  0.27	 -0.32	
 -0.00	  0.19	 -0.33	  0.00	 -0.00	  0.05	  0.00	  0.06	 -0.07	  0.01	 -0.00	  0.04	  0.28	 -0.32	
 -0.00	  0.19	 -0.33	  0.00	 -0.00	  0.05	  0.00	  0.05	 -0.07	  0.01	 -0.00	  0.03	  0.29	 -0.33	
 -0.00	  0.18	 -0.34	  0.00	 -0.00	  0.05	  0.00	  0.05	 -0.06	  0.01	 -0.00	  0.02	  0.30	 -0.33	
 -0.00	  0.18	 -0.35	  0.00	 -0.00	  0.05	  0.00	  0.05	 -0.06	  0.01	 -0.00	  0.02	  0.31	 -0.33	
 -0.00	  0.18	 -0.35	  0.00	 -0.01	  0.05	  0.00	  0.05	 -0.06	  0.01	 -0.00	  0.01	  0.32	 -0.33	
 -0.00	  0.18	 -0.36	  0.00	 -0.01	  0.05	  0.00	  0.05	 -0.06	  0.01	 -0.00	 -0.00	  0.33	 -0.33	
 -0.00	  0.18	 -0.36	  0.00	 -0.01	  0.04	  0.00	  0.04	 -0.06	  0.01	 -0.00	 -0.01	  0.34	 -0.33	
 -0.00	  0.17	 -0.37	  0.00	 -0.01	  0.04	  0.00	  0.04	 -0.06	  0.01	 -0.00	 -0.02	  0.35	 -0.33	
 -0.00	  0.17	 -0.37	  0.00	 -0.01	  0.04	  0.00	  0.04	 -0.05	  0.01	 -0.00	 -0.03	  0.36	 -0.33	
 -0.00	  0.17	 -0.38	  0.00	 -0.01	  0.04	  0.00	  0.04	 -0.05	  0.02	 -0.00	 -0.04	  0.37	 -0.33	
 -0.00	  0.16	 -0.38	  0.00	 -0.01	  0.04	  0.00	  0.04	 -0.05	  0.02	 -0.00	 -0.05	  0.38	 -0.32	
 -0.00	  0.16	 -0.39	  0.00	 -0.01	  0.04	  0.00	  0.03	 -0.05	  0.02	 -0.00	 -0.07	  0.39	 -0.32	
 -0.00	  0.15	 -0.39	  0.00	 -0.01	  0.04	  0.00	  0.03	 -0.05	  0.02	 -0.00	 -0.08	  0.40	 -0.32	
 -0.00	  0.15	 -0.39	  0.00	 -0.01	  0.04	  0.00	  0.03	 -0.05	  0.02	 -0.00	 -0.09	  0.40	 -0.31	
 -0.00	  0.14	 -0.39	  0.00	 -0.01	  0.04	  0.00	  0.03	 -0.04	  0.02	 -0.00	 -0.11	  0.41	 -0.31	
 -0.00	  0.13	 -0.40	  0.00	 -0.01	  0.04	  0.00	  0.03	 -0.04	  0.02	 -0.00	 -0.12	  0.42	 -0.30	
 -0.00	  0.13	 -0.40	  0.00	 -0.01	  0.04	  0.00	  0.02	 -0.04	  0.02	 -0.00	 -0.14	  0.43	 -0.29	
 -0.00	  0.12	 -0.40	  0.00	 -0.01	  0.04	  0.00	  0.02	 -0.04	  0.02	 -0.00	 -0.15	  0.44	 -0.28	
 -0.00	  0.11	 -0.40	  0.00	 -0.01	  0.03	  0.00	  0.02	 -0.04	  0.02	 -0.00	 -0.17	  0.44	 -0.27	
 -0.00	  0.10	 -0.40	  0.00	 -0.01	  0.03	  0.00	  0.02	 -0.04	  0.02	 -0.00	 -0.19	  0.45	 -0.27	
 -0.00	  0.09	 -0.40	  0.00	 -0.01	  0.03	  0.00	  0.02	 -0.04	  0.02	 -0.00	 -0.20	  0.46	 -0.25	
 -0.00	  0.09	 -0.40	  0.00	 -0.01	  0.03	  0.00	  0.02	 -0.04	  0.02	 -0.00	 -0.22	  0.47	 -0.24	
 -0.00	  0.08	 -0.40	  0.00	 -0.01	  0.03	  0.00	  0.02	 -0.03	  0.02	 -0.00	 -0.24	  0.47	 -0.23	
 -0.00	  0.06	 -0.40	  0.00	 -0.01	  0.03	  0.00	  0.01	 -0.03	  0.02	 -0.00	 -0.26	  0.48	 -0.22	
 -0.00	  0.05	 -0.39	  0.00	 -0.01	  0.03	  0.00	  0.01	 -0.03	  0.02	 -0.00	 -0.29	  0.49	 -0.20	
 -0.00	  0.04	 -0.39	  0.00	 -0.01	  0.03	  0.00	  0.01	 -0.03	  0.02	 -0.00	 -0.31	  0.50	 -0.19	
 -0.00	  0.03	 -0.39	  0.00	 -0.01	  0.03	  0.00	  0.01	 -0.03	  0.02	 -0.00	 -0.33	  0.50	 -0.17	
 -0.00	  0.02	 -0.39	  0.00	 -0.01	  0.03	  0.00	  0.01	 -0.03	  0.02	 -0.00	 -0.36	  0.51	 -0.15	
 -0.00	  0.01	 -0.38	  0.00	 -0.01	  0.03	  0.00	  0.01	 -0.03	  0.02	 -0.00	 -0.38	  0.52	 -0.13	
 -0.00	 -0.01	 -0.38	  0.00	 -0.01	  0.03	  0.00	  0.01	 -0.03	  0.02	 -0.00	 -0.41	  0.52	 -0.11	
 -0.00	 -0.02	 -0.38	  0.00	 -0.01	  0.02	  0.00	  0.01	 -0.02	  0.02	 -0.00	 -0.44	  0.53	 -0.09	
 -0.00	 -0.04	 -0.37	  0.00	 -0.01	  0.02	  0.00	  0.01	 -0.02	  0.02	 -0.00	 -0.47	  0.54	 -0.07	
 -0.00	 -0.05	 -0.37	  0.00	 -0.01	  0.02	  0.00	  0.00	 -0.02	  0.02	 -0.00	 -0.50	  0.54	 -0.05	
 -0.00	 -0.06	 -0.36	  0.00	 -0.01	  0.02	  0.00	  0.00	 -0.02	  0.02	 -0.00	 -0.53	  0.55	 -0.02	
 -0.00	 -0.08	 -0.36	  0.00	 -0.01	  0.02	  0.00	  0.00	 -0.02	  0.02	 -0.00	 -0.56	  0.56	  0.01	
 -0.00	 -0.10	 -0.35	  0.00	 -0.01	  0.02	  0.00	  0.00	 -0.02	  0.02	 -0.00	 -0.60	  0.56	  0.04	
 -0.00	 -0.11	 -0.34	  0.00	 -0.01	  0.02	  0.00	  0.00	 -0.02	  0.02	 -0.00	 -0.64	  0.57	  0.07	
 -0.00	 -0.13	 -0.34	  0.00	 -0.01	  0.02	  0.00	  0.00	 -0.02	  0.02	 -0.00	 -0.67	  0.58	  0.10	
 -0.00	 -0.14	 -0.33	  0.00	 -0.01	  0.02	  0.00	  0.00	 -0.02	  0.02	 -0.00	 -0.71	  0.58	  0.13	
 -0.00	 -0.16	 -0.32	  0.00	 -0.01	  0.02	  0.00	 -0.00	 -0.02	  0.02	 -0.00	 -0.75	  0.59	  0.16	
 -0.00	 -0.18	 -0.32	  0.00	 -0.01	  0.02	  0.00	 -0.00	 -0.01	  0.02	 -0.00	 -0.80	  0.60	  0.20	
 -0.00	 -0.20	 -0.31	  0.00	 -0.01	  0.02	  0.00	 -0.00	 -0.01	  0.01	 -0.00	 -0.84	  0.60	  0.24	
 -0.00	 -0.21	 -0.30	  0.00	 -0.01	  0.01	  0.00	 -0.00	 -0.01	  0.01	 -0.00	 -0.89	  0.61	  0.28	
 -0.00	 -0.23	 -0.29	  0.00	 -0.01	  0.01	  0.00	 -0.00	 -0.01	  0.01	 -0.00	 -0.94	  0.61	  0.32	
 -0.00	 -0.25	 -0.28	  0.00	 -0.01	  0.01	  0.00	 -0.00	 -0.01	  0.01	 -0.00	 -0.99	  0.62	  0.37	
 -0.00	 -0.27	 -0.27	  0.00	 -0.01	  0.01	  0.00	 -0.00	 -0.01	  0.01	 -0.00	 -1.04	  0.63	  0.41	
 -0.00	 -0.29	 -0.26	  0.00	 -0.01	  0.01	  0.00	 -0.00	 -0.01	  0.01	 -0.00	 -1.09	  0.63	  0.46	
 -0.00	 -0.31	 -0.25	  0.00	 -0.01	  0.01	  0.00	 -0.00	 -0.01	  0.01	 -0.00	 -1.15	  0.64	  0.51	
 -0.00	 -0.33	 -0.24	  0.00	 -0.01	  0.01	  0.00	 -0.00	 -0.01	  0.01	 -0.00	 -1.21	  0.65	  0.57	
 -0.00	 -0.34	 -0.23	  0.00	 -0.01	  0.01	  0.00	 -0.00	 -0.01	  0.01	 -0.00	 -1.27	  0.65	  0.62	
 -0.00	 -0.36	 -0.22	  0.00	 -0.01	  0.01	  0.00	 -0.00	 -0.01	  0.01	 -0.00	 -1.34	  0.66	  0.68	
 -0.00	 -0.38	 -0.21	  0.00	 -0.01	  0.01	  0.00	 -0.00	 -0.01	  0.01	 -0.00	 -1.40	  0.66	  0.74	
 -0.00	 -0.40	 -0.20	  0.00	 -0.01	  0.01	  0.00	 -0.00	 -0.01	  0.01	 -0.00	 -1.47	  0.67	  0.80	
 -0.00	 -0.42	 -0.19	  0.00	 -0.00	  0.01	  0.00	 -0.00	 -0.00	  0.01	 -0.00	 -1.55	  0.68	  0.87	
 -0.00	 -0.44	 -0.18	  0.00	 -0.00	  0.01	  0.00	 -0.00	 -0.00	  0.01	 -0.00	 -1.62	  0.68	  0.94	
 -0.00	 -0.46	 -0.17	  0.00	 -0.00	  0.00	  0.00	 -0.00	 -0.00	  0.01	 -0.00	 -1.70	  0.69	  1.01	
 -0.00	 -0.48	 -0.16	  0.00	 -0.00	  0.00	  0.00	 -0.00	 -0.00	  0.00	 -0.00	 -1.79	  0.69	  1.09	
 -0.00	 -0.49	 -0.15	  0.00	 -0.00	  0.00	  0.00	 -0.00	 -0.00	  0.00	 -0.00	 -1.87	  0.70	  1.17	
 -0.00	 -0.51	 -0.14	  0.00	 -0.00	  0.00	  0.00	 -0.00	 -0.00	  0.00	 -0.00	 -1.96	  0.71	  1.25	
 -0.00	 -0.53	 -0.13	  0.00	 -0.00	  0.00	  0.00	 -0.00	 -0.00	  0.00	 -0.00	 -2.05	  0.71	  1.34	
 -0.00	 -0.55	 -0.12	  0.00	 -0.00	  0.00	  0.00	  0.00	 -0.00	  0.00	 -0.00	 -2.15	  0.72	  1.43	
  0.00	 -0.56	 -0.11	 -0.00	  0.00	 -0.00	 -0.00	  0.00	  0.00	 -0.00	  0.00	 -2.25	  0.72	  1.53	
  0.00	 -0.58	 -0.09	 -0.00	  0.00	 -0.00	 -0.00	  0.00	  0.00	 -0.00	  0.00	 -2.36	  0.73	  1.63	
  0.00	 -0.60	 -0.08	 -0.00	  0.00	 -0.00	 -0.00	  0.00	  0.00	 -0.00	  0.00	 -2.48	  0.74	  1.74	
  0.00	 -0.62	 -0.07	 -0.00	  0.00	 -0.00	 -0.00	  0.00	  0.00	 -0.00	  0.00	 -2.60	  0.74	  1.86	
  0.00	 -0.64	 -0.06	 -0.00	  0.00	 -0.00	 -0.00	  0.00	  0.00	 -0.00	  0.00	 -2.73	  0.75	  1.98	
  0.00	 -0.66	 -0.05	 -0.00	  0.00	 -0.00	 -0.00	  0.00	  0.00	 -0.01	  0.00	 -2.87	  0.76	  2.11	
  0.00	 -0.68	 -0.03	 -0.00	  0.00	 -0.00	 -0.00	  0.00	  0.00	 -0.01	  0.00	 -3.01	  0.76	  2.25	
  0.00	 -0.69	 -0.02	 -0.00	  0.01	 -0.01	 -0.00	  0.01	  0.00	 -0.01	  0.00	 -3.16	  0.77	  2.39	
  0.00	 -0.71	 -0.01	 -0.00	  0.01	 -0.01	 -0.00	  0.01	  0.00	 -0.01	  0.00	 -3.32	  0.77	  2.55	
  0.00	 -0.73	  0.01	 -0.00	  0.01	 -0.01	 -0.00	  0.01	  0.00	 -0.01	  0.00	 -3.49	  0.78	  2.71	
  0.00	 -0.75	  0.02	 -0.00	  0.01	 -0.01	 -0.00	  0.01	  0.00	 -0.01	  0.00	 -3.67	  0.78	  2.88	
  0.00	 -0.77	  0.03	 -0.00	  0.01	 -0.01	 -0.00	  0.01	  0.00	 -0.01	  0.00	 -3.85	  0.79	  3.06	
  0.00	 -0.79	  0.05	 -0.00	  0.01	 -0.01	 -0.00	  0.01	  0.00	 -0.01	  0.00	 -4.04	  0.79	  3.25	
  0.00	 -0.80	  0.06	 -0.00	  0.01	 -0.01	 -0.00	  0.01	  0.00	 -0.01	  0.00	 -4.24	  0.80	  3.44	
  0.00	 -0.82	  0.08	 -0.00	  0.01	 -0.01	 -0.00	  0.01	  0.00	 -0.02	  0.00	 -4.44	  0.80	  3.65	
  0.00	 -0.84	  0.09	 -0.00	  0.01	 -0.01	 -0.00	  0.01	  0.00	 -0.02	  0.00	 -4.65	  0.80	  3.85	
  0.00	 -0.85	  0.10	 -0.00	  0.01	 -0.01	 -0.00	  0.01	  0.00	 -0.02	  0.00	 -4.87	  0.80	  4.07	
  0.00	 -0.87	  0.12	 -0.00	  0.01	 -0.01	 -0.00	  0.02	  0.00	 -0.02	  0.00	 -5.08	  0.80	  4.28	
  0.00	 -0.88	  0.13	 -0.00	  0.01	 -0.01	 -0.00	  0.02	  0.00	 -0.02	  0.00	 -5.30	  0.79	  4.50	
  0.00	 -0.90	  0.15	 -0.00	  0.02	 -0.01	 -0.00	  0.02	  0.00	 -0.02	  0.00	 -5.51	  0.79	  4.72	
  0.00	 -0.91	  0.16	 -0.00	  0.02	 -0.01	 -0.00	  0.02	  0.00	 -0.02	  0.00	 -5.71	  0.78	  4.93	
  0.00	 -0.92	  0.18	 -0.00	  0.02	 -0.01	 -0.00	  0.02	  0.00	 -0.02	  0.00	 -5.91	  0.77	  5.14	
  0.00	 -0.94	  0.19	 -0.00	  0.02	 -0.01	 -0.00	  0.02	  0.00	 -0.02	  0.00	 -6.08	  0.76	  5.33	
  0.00	 -0.95	  0.21	 -0.00	  0.02	 -0.01	 -0.00	  0.02	  0.00	 -0.03	  0.00	 -6.24	  0.74	  5.50	
  0.00	 -0.96	  0.22	 -0.00	  0.02	 -0.01	 -0.00	  0.03	  0.00	 -0.03	  0.00	 -6.35	  0.71	  5.64	
  0.00	 -0.97	  0.24	 -0.00	  0.02	 -0.01	 -0.00	  0.03	  0.00	 -0.03	  0.00	 -6.43	  0.68	  5.75	
  0.00	 -0.98	  0.25	 -0.00	  0.02	 -0.01	 -0.00	  0.03	  0.00	 -0.03	  0.00	 -6.45	  0.64	  5.81	
  0.00	 -0.98	  0.26	 -0.00	  0.02	 -0.01	 -0.00	  0.03	  0.00	 -0.03	  0.00	 -6.41	  0.59	  5.82	
  0.00	 -0.99	  0.28	 -0.00	  0.02	 -0.01	 -0.00	  0.03	  0.00	 -0.03	  0.00	 -6.29	  0.53	  5.76	
  0.00	 -1.00	  0.29	 -0.00	  0.02	 -0.02	 -0.00	  0.03	  0.00	 -0.03	  0.00	 -6.08	  0.46	  5.62	
  0.00	 -1.00	  0.30	 -0.00	  0.02	 -0.02	 -0.00	  0.03	 -0.00	 -0.03	  0.00	 -5.77	  0.37	  5.40	
  0.00	 -1.01	  0.32	 -0.00	  0.03	 -0.02	 -0.00	  0.04	 -0.00	 -0.04	  0.00	 -5.37	  0.27	  5.09	
  0.00	 -1.01	  0.33	 -0.00	  0.03	 -0.02	 -0.00	  0.04	 -0.00	 -0.04	  0.00	 -4.87	  0.16	  4.71	
  0.00	 -1.01	  0.34	 -0.00	  0.03	 -0.02	 -0.00	  0.04	 -0.00	 -0.04	  0.00	 -4.32	  0.04	  4.28	
  0.00	 -1.01	  0.35	 -0.00	  0.03	 -0.02	 -0.00	  0.04	 -0.00	 -0.04	  0.00	 -3.73	 -0.08	  3.81	
  0.00	 -1.01	  0.36	 -0.00	  0.03	 -0.02	 -0.00	  0.04	 -0.00	 -0.04	  0.00	 -3.15	 -0.20	  3.35	
  0.00	 -1.01	  0.37	 -0.00	  0.03	 -0.02	 -0.00	  0.05	 -0.00	 -0.04	  0.00	 -2.60	 -0.31	  2.91	
  0.00	 -1.01	  0.38	 -0.00	  0.03	 -0.02	 -0.00	  0.05	 -0.00	 -0.04	  0.00	 -2.10	 -0.41	  2.51	
  0.00	 -1.01	  0.39	 -0.00	  0.03	 -0.02	 -0.00	  0.05	 -0.01	 -0.04	  0.00	 -1.67	 -0.49	  2.16	
  0.00	 -1.00	  0.40	 -0.00	  0.03	 -0.02	 -0.00	  0.05	 -0.01	 -0.05	  0.00	 -1.31	 -0.56	  1.87	
  0.00	 -1.00	  0.41	 -0.00	  0.03	 -0.02	 -0.00	  0.05	 -0.01	 -0.05	  0.00	 -1.01	 -0.61	  1.62	
  0.00	 -0.99	  0.42	 -0.00	  0.03	 -0.02	 -0.00	  0.06	 -0.01	 -0.05	  0.00	 -0.76	 -0.66	  1.42	
  0.00	 -0.98	  0.42	 -0.00	  0.04	 -0.02	 -0.00	  0.06	 -0.01	 -0.05	  0.00	 -0.55	 -0.69	  1.25	
  0.00	 -0.98	  0.43	 -0.00	  0.04	 -0.02	 -0.00	  0.06	 -0.01	 -0.05	  0.00	 -0.38	 -0.72	  1.11	
  0.00	 -0.97	  0.43	 -0.00	  0.04	 -0.02	 -0.00	  0.06	 -0.01	 -0.05	  0.00	 -0.25	 -0.74	  0.99	
  0.00	 -0.96	  0.44	 -0.00	  0.04	 -0.02	 -0.00	  0.06	 -0.01	 -0.05	  0.00	 -0.13	 -0.76	  0.89	
  0.00	 -0.95	  0.44	 -0.00	  0.04	 -0.02	 -0.00	  0.07	 -0.01	 -0.05	  0.00	 -0.04	 -0.77	  0.81	
  0.00	 -0.94	  0.45	 -0.00	  0.04	 -0.02	 -0.00	  0.07	 -0.01	 -0.06	  0.00	  0.04	 -0.78	  0.74	
  0.00	 -0.93	  0.45	 -0.00	  0.04	 -0.02	 -0.00	  0.07	 -0.01	 -0.06	  0.00	  0.10	 -0.78	  0.69	
  0.00	 -0.91	  0.45	 -0.00	  0.04	 -0.02	 -0.00	  0.07	 -0.02	 -0.06	  0.00	  0.15	 -0.79	  0.64	
  0.00	 -0.90	  0.46	 -0.00	  0.04	 -0.02	 -0.00	  0.08	 -0.02	 -0.06	  0.00	  0.19	 -0.79	  0.59	
  0.00	 -0.89	  0.46	 -0.00	  0.04	 -0.02	 -0.00	  0.08	 -0.02	 -0.06	  0.00	  0.23	 -0.78	  0.55	
  0.00	 -0.87	  0.46	 -0.00	  0.05	 -0.02	 -0.00	  0.08	 -0.02	 -0.06	  0.00	  0.26	 -0.78	  0.52	
  0.00	 -0.86	  0.46	 -0.00	  0.05	 -0.01	 -0.00	  0.08	 -0.02	 -0.06	  0.00	  0.28	 -0.77	  0.49	
  0.00	 -0.84	  0.46	 -0.00	  0.05	 -0.01	 -0.00	  0.09	 -0.02	 -0.06	  0.00	  0.30	 -0.77	  0.46	
  0.00	 -0.83	  0.45	 -0.00	  0.05	 -0.01	 -0.00	  0.09	 -0.02	 -0.07	  0.00	  0.32	 -0.76	  0.44	
  0.00	 -0.81	  0.45	 -0.00	  0.05	 -0.01	 -0.00	  0.09	 -0.02	 -0.07	  0.00	  0.33	 -0.75	  0.42	
  0.00	 -0.79	  0.45	 -0.00	  0.05	 -0.01	 -0.00	  0.09	 -0.03	 -0.07	  0.00	  0.34	 -0.74	  0.40	
  0.00	 -0.77	  0.44	 -0.00	  0.05	 -0.01	 -0.00	  0.10	 -0.03	 -0.07	  0.00	  0.35	 -0.73	  0.38	
  0.00	 -0.75	  0.44	 -0.00	  0.05	 -0.01	 -0.00	  0.10	 -0.03	 -0.07	  0.00	  0.35	 -0.71	  0.36	
  0.00	 -0.73	  0.43	 -0.00	  0.05	 -0.01	 -0.00	  0.10	 -0.03	 -0.07	  0.00	  0.36	 -0.70	  0.34	
  0.00	 -0.71	  0.43	 -0.00	  0.05	 -0.01	 -0.00	  0.10	 -0.03	 -0.07	  0.00	  0.36	 -0.68	  0.33	
  0.00	 -0.69	  0.42	 -0.00	  0.06	 -0.01	 -0.00	  0.11	 -0.03	 -0.07	  0.00	  0.36	 -0.67	  0.31	
  0.00	 -0.67	  0.41	 -0.00	  0.06	 -0.01	 -0.00	  0.11	 -0.03	 -0.08	  0.00	  0.35	 -0.65	  0.30	
  0.00	 -0.65	  0.41	 -0.00	  0.06	 -0.01	 -0.00	  0.11	 -0.04	 -0.08	  0.00	  0.35	 -0.64	  0.28	
  0.00	 -0.63	  0.40	 -0.00	  0.06	 -0.01	 -0.00	  0.12	 -0.04	 -0.08	  0.00	  0.35	 -0.62	  0.27	
  0.00	 -0.61	  0.39	 -0.00	  0.06	 -0.01	 -0.00	  0.12	 -0.04	 -0.08	  0.00	  0.34	 -0.60	  0.26	
  0.00	 -0.59	  0.38	 -0.00	  0.06	 -0.01	 -0.00	  0.12	 -0.04	 -0.08	  0.00	  0.34	 -0.58	  0.24	
  0.00	 -0.57	  0.37	 -0.00	  0.06	 -0.01	 -0.00	  0.12	 -0.04	 -0.08	  0.00	  0.33	 -0.56	  0.23	
  0.00	 -0.54	  0.36	 -0.00	  0.06	 -0.01	 -0.00	  0.13	 -0.04	 -0.08	  0.00	  0.32	 -0.54	  0.22	
  0.00	 -0.52	  0.35	 -0.00	  0.06	 -0.01	 -0.00	  0.13	 -0.05	 -0.08	  0.00	  0.32	 -0.52	  0.21	
  0.00	 -0.50	  0.33	 -0.00	  0.07	 -0.01	 -0.00	  0.13	 -0.05	 -0.09	  0.00	  0.31	 -0.50	  0.19	
  0.00	 -0.47	  0.32	 -0.00	  0.07	 -0.01	 -0.00	  0.14	 -0.05	 -0.09	  0.00	  0.30	 -0.48	  0.18	
  0.00	 -0.45	  0.31	 -0.00	  0.07	 -0.01	 -0.00	  0.14	 -0.05	 -0.09	  0.00	  0.29	 -0.46	  0.17	
  0.00	 -0.43	  0.30	 -0.00	  0.07	 -0.01	 -0.00	  0.14	 -0.05	 -0.09	  0.00	  0.28	 -0.44	  0.16	
  0.00	 -0.40	  0.28	 -0.00	  0.07	 -0.00	 -0.00	  0.15	 -0.06	 -0.09	  0.00	  0.27	 -0.42	  0.15	
  0.00	 -0.38	  0.27	 -0.00	  0.07	 -0.00	 -0.00	  0.15	 -0.06	 -0.09	  0.00	  0.26	 -0.39	  0.13	
  0.00	 -0.36	  0.25	 -0.00	  0.07	 -0.00	 -0.00	  0.15	 -0.06	 -0.09	  0.00	  0.25	 -0.37	  0.12	
  0.00	 -0.33	  0.24	 -0.00	  0.07	 -0.00	 -0.00	  0.16	 -0.06	 -0.09	  0.00	  0.24	 -0.35	  0.11	
  0.00	 -0.31	  0.23	 -0.00	  0.07	 -0.00	 -0.00	  0.16	 -0.06	 -0.09	  0.00	  0.23	 -0.33	  0.10	
  0.00	 -0.29	  0.21	 -0.00	  0.07	 -0.00	 -0.00	  0.16	 -0.07	 -0.10	  0.00	  0.22	 -0.30	  0.09	
  0.00	 -0.26	  0.20	 -0.00	  0.08	  0.00	 -0.00	  0.17	 -0.07	 -0.10	  0.00	  0.21	 -0.28	  0.07	
  0.00	 -0.24	  0.18	 -0.00	  0.08	  0.00	 -0.00	  0.17	 -0.07	 -0.10	  0.00	  0.19	 -0.26	  0.06	
  0.00	 -0.22	  0.17	 -0.00	  0.08	  0.00	 -0.00	  0.17	 -0.07	 -0.10	  0.00	  0.18	 -0.23	  0.05	
  0.00	 -0.19	  0.15	 -0.00	  0.08	  0.00	 -0.00	  0.18	 -0.08	 -0.10	  0.00	  0.17	 -0.21	  0.04	
  0.00	 -0.17	  0.14	 -0.00	  0.08	  0.00	 -0.00	  0.18	 -0.08	 -0.10	  0.00	  0.16	 -0.19	  0.03	
  0.00	 -0.15	  0.12	 -0.00	  0.08	  0.01	 -0.00	  0.18	 -0.08	 -0.10	  0.00	  0.15	 -0.17	  0.02	
  0.00	 -0.13	  0.11	 -0.00	  0.08	  0.01	 -0.00	  0.19	 -0.08	 -0.10	  0.00	  0.14	 -0.15	  0.01	
  0.00	 -0.11	  0.09	 -0.00	  0.08	  0.01	 -0.00	  0.19	 -0.09	 -0.10	  0.00	  0.13	 -0.12	 -0.01	
  0.00	 -0.09	  0.08	 -0.00	  0.08	  0.01	 -0.00	  0.19	 -0.09	 -0.10	  0.00	  0.12	 -0.10	 -0.02	
  0.00	 -0.07	  0.07	 -0.00	  0.09	  0.01	 -0.00	  0.20	 -0.09	 -0.11	  0.00	  0.11	 -0.08	 -0.03	
  0.00	 -0.05	  0.05	 -0.00	  0.09	  0.01	 -0.00	  0.20	 -0.09	 -0.11	  0.00	  0.10	 -0.06	 -0.04	
  0.00	 -0.03	  0.04	 -0.00	  0.09	  0.01	 -0.00	  0.20	 -0.10	 -0.11	  0.00	  0.09	 -0.04	 -0.05	
  0.00	 -0.01	  0.03	 -0.00	  0.09	  0.01	 -0.00	  0.21	 -0.10	 -0.11	  0.00	  0.08	 -0.02	 -0.06	
  0.00	  0.01	  0.01	 -0.00	  0.09	  0.01	 -0.00	  0.21	 -0.10	 -0.11	  0.00	  0.08	 -0.01	 -0.07	
  0.00	  0.03	  0.00	 -0.00	  0.09	  0.02	 -0.00	  0.21	 -0.10	 -0.11	  0.00	  0.07	  0.01	 -0.08	
  0.00	  0.05	 -0.01	 -0.00	  0.09	  0.02	 -0.00	  0.22	 -0.11	 -0.11	  0.00	  0.06	  0.03	 -0.09	
 -0.00	  0.06	 -0.02	 -0.00	  0.09	  0.02	 -0.00	  0.22	 -0.11	 -0.11	 -0.00	  0.06	  0.04	 -0.10	
 -0.00	  0.08	 -0.03	 -0.00	  0.09	  0.02	 -0.00	  0.22	 -0.11	 -0.11	 -0.00	  0.05	  0.06	 -0.11	
 -0.00	  0.09	 -0.04	 -0.00	  0.10	  0.02	 -0.00	  0.23	 -0.12	 -0.11	 -0.00	  0.05	  0.07	 -0.12	
 -0.00	  0.10	 -0.05	 -0.00	  0.10	  0.02	 -0.00	  0.23	 -0.12	 -0.11	 -0.00	  0.04	  0.08	 -0.13	
 -0.00	  0.12	 -0.06	 -0.00	  0.10	  0.02	 -0.00	  0.24	 -0.12	 -0.11	 -0.00	  0.04	  0.10	 -0.14	
 -0.00	  0.13	 -0.06	 -0.00	  0.10	  0.02	 -0.00	  0.24	 -0.12	 -0.12	 -0.00	  0.04	  0.11	 -0.14	
 -0.00	  0.14	 -0.07	 -0.00	  0.10	  0.03	 -0.00	  0.24	 -0.13	 -0.12	 -0.00	  0.04	  0.11	 -0.15	
 -0.00	  0.15	 -0.07	 -0.00	  0.10	  0.03	 -0.00	  0.25	 -0.13	 -0.12	 -0.00	  0.04	  0.12	 -0.16	
 -0.00	  0.15	 -0.08	 -0.00	  0.10	  0.03	 -0.00	  0.25	 -0.13	 -0.12	 -0.00	  0.04	  0.13	 -0.17	
 -0.00	  0.16	 -0.08	 -0.00	  0.10	  0.03	 -0.00	  0.25	 -0.14	 -0.12	 -0.00	  0.04	  0.13	 -0.17	
 -0.00	  0.16	 -0.08	 -0.00	  0.10	  0.03	 -0.00	  0.26	 -0.14	 -0.12	 -0.00	  0.04	  0.14	 -0.18	
 -0.00	  0.17	 -0.08	 -0.00	  0.10	  0.03	 -0.00	  0.26	 -0.14	 -0.12	 -0.00	  0.05	  0.14	 -0.19	
 -0.00	  0.17	 -0.08	 -0.00	  0.11	  0.03	 -0.00	  0.27	 -0.15	 -0.12	 -0.00	  0.05	  0.14	 -0.19	
 -0.00	  0.17	 -0.08	 -0.00	  0.11	  0.04	 -0.00	  0.27	 -0.15	 -0.12	 -0.00	  0.06	  0.14	 -0.20	
 -0.00	  0.17	 -0.08	 -0.00	  0.11	  0.04	 -0.00	  0.27	 -0.15	 -0.12	 -0.00	  0.06	  0.14	 -0.20	
 -0.00	  0.18	 -0.08	 -0.00	  0.11	  0.04	 -0.00	  0.28	 -0.16	 -0.12	 -0.00	  0.07	  0.14	 -0.21	
 -0.00	  0.18	 -0.08	 -0.00	  0.11	  0.04	 -0.00	  0.28	 -0.16	 -0.12	 -0.00	  0.07	  0.14	 -0.21	
 -0.00	  0.18	 -0.09	 -0.00	  0.11	  0.04	 -0.00	  0.28	 -0.16	 -0.12	 -0.00	  0.08	  0.15	 -0.22	
 -0.00	  0.18	 -0.09	 -0.00	  0.11	  0.04	 -0.00	  0.29	 -0.16	 -0.12	 -0.00	  0.08	  0.15	 -0.23	
 -0.00	  0.19	 -0.09	 -0.00	  0.11	  0.05	 -0.00	  0.29	 -0.17	 -0.12	 -0.00	  0.09	  0.15	 -0.23	
 -0.00	  0.19	 -0.09	 -0.00	  0.11	  0.05	 -0.00	  0.29	 -0.17	 -0.12	 -0.00	  0.09	  0.15	 -0.24	
 -0.00	  0.19	 -0.09	 -0.00	  0.11	  0.05	 -0.00	  0.29	 -0.17	 -0.12	 -0.00	  0.10	  0.15	 -0.25	
 -0.00	  0.19	 -0.09	 -0.00	  0.11	  0.05	 -0.00	  0.30	 -0.18	 -0.12	 -0.00	  0.10	  0.15	 -0.25	
 -0.00	  0.20	 -0.09	 -0.00	  0.11	  0.05	 -0.00	  0.30	 -0.18	 -0.12	 -0.00	  0.11	  0.15	 -0.26	
 -0.00	  0.20	 -0.09	 -0.00	  0.11	  0.05	 -0.00	  0.30	 -0.18	 -0.12	 -0.00	  0.11	  0.15	 -0.26	
 -0.00	  0.20	 -0.09	 -0.00	  0.11	  0.06	 -0.00	  0.30	 -0.18	 -0.12	 -0.00	  0.12	  0.15	 -0.27	
 -0.00	  0.20	 -0.09	 -0.00	  0.12	  0.06	 -0.00	  0.31	 -0.19	 -0.12	 -0.00	  0.12	  0.15	 -0.28	
 -0.00	  0.21	 -0.09	 -0.00	  0.12	  0.06	 -0.00	  0.31	 -0.19	 -0.12	 -0.00	  0.13	  0.15	 -0.28	
 -0.00	  0.21	 -0.09	 -0.00	  0.12	  0.06	 -0.00	  0.31	 -0.19	 -0.12	 -0.00	  0.14	  0.15	 -0.29	
 -0.00	  0.21	 -0.09	 -0.00	  0.12	  0.06	 -0.00	  0.31	 -0.20	 -0.12	 -0.00	  0.14	  0.15	 -0.30	
 -0.00	  0.21	 -0.09	 -0.00	  0.12	  0.06	 -0.00	  0.31	 -0.20	 -0.12	 -0.00	  0.15	  0.15	 -0.30	
 -0.00	  0.21	 -0.09	 -0.00	  0.12	  0.07	 -0.00	  0.32	 -0.20	 -0.12	 -0.00	  0.16	  0.15	 -0.31	
 -0.00	  0.22	 -0.09	 -0.00	  0.12	  0.07	 -0.00	  0.32	 -0.20	 -0.12	 -0.00	  0.16	  0.15	 -0.32	
 -0.00	  0.22	 -0.09	 -0.00	  0.12	  0.07	 -0.00	  0.32	 -0.21	 -0.12	 -0.00	  0.17	  0.15	 -0.32	
 -0.00	  0.22	 -0.09	 -0.00	  0.12	  0.07	 -0.00	  0.32	 -0.21	 -0.11	 -0.00	  0.18	  0.15	 -0.33	
 -0.00	  0.22	 -0.09	 -0.00	  0.12	  0.07	 -0.00	  0.32	 -0.21	 -0.11	 -0.00	  0.18	  0.15	 -0.34	
 -0.00	  0.22	 -0.09	 -0.00	  0.12	  0.07	 -0.00	  0.33	 -0.21	 -0.11	 -0.00	  0.19	  0.15	 -0.34	
 -0.00	  0.22	 -0.09	 -0.00	  0.12	  0.07	 -0.00	  0.33	 -0.22	 -0.11	 -0.00	  0.20	  0.15	 -0.35	
 -0.00	  0.23	 -0.09	 -0.00	  0.12	  0.08	 -0.00	  0.33	 -0.22	 -0.11	 -0.00	  0.21	  0.15	 -0.36	
 -0.00	  0.23	 -0.09	 -0.00	  0.12	  0.08	 -0.00	  0.33	 -0.22	 -0.11	 -0.00	  0.21	  0.15	 -0.37	
 -0.00	  0.23	 -0.08	 -0.00	  0.12	  0.08	 -0.00	  0.33	 -0.22	 -0.11	 -0.00	  0.22	  0.15	 -0.37	
 -0.00	  0.23	 -0.08	 -0.00	  0.12	  0.08	 -0.00	  0.33	 -0.22	 -0.11	 -0.00	  0.23	  0.15	 -0.38	
 -0.00	  0.23	 -0.08	 -0.00	  0.12	  0.08	 -0.00	  0.33	 -0.23	 -0.11	 -0.00	  0.24	  0.15	 -0.39	
 -0.00	  0.23	 -0.08	 -0.00	  0.12	  0.08	 -0.00	  0.33	 -0.23	 -0.11	 -0.00	  0.24	  0.15	 -0.39	
 -0.00	  0.23	 -0.08	 -0.00	  0.12	  0.09	 -0.00	  0.33	 -0.23	 -0.10	 -0.00	  0.25	  0.15	 -0.40	
 -0.00	  0.24	 -0.08	 -0.00	  0.12	  0.09	 -0.00	  0.34	 -0.23	 -0.10	 -0.00	  0.26	  0.15	 -0.41	
 -0.00	  0.24	 -0.08	 -0.00	  0.12	  0.09	 -0.00	  0.34	 -0.23	 -0.10	 -0.00	  0.27	  0.15	 -0.42	
 -0.00	  0.24	 -0.08	 -0.00	  0.12	  0.09	 -0.00	  0.34	 -0.24	 -0.10	 -0.00	  0.28	  0.15	 -0.42	
 -0.00	  0.24	 -0.08	 -0.00	  0.12	  0.09	 -0.00	  0.34	 -0.24	 -0.10	 -0.00	  0.29	  0.14	 -0.43	
 -0.00	  0.24	 -0.08	 -0.00	  0.12	  0.09	 -0.00	  0.34	 -0.24	 -0.10	 -0.00	  0.30	  0.14	 -0.44	
 -0.00	  0.24	 -0.08	 -0.00	  0.11	  0.10	 -0.00	  0.34	 -0.24	 -0.10	 -0.00	  0.31	  0.14	 -0.45	
 -0.00	  0.24	 -0.08	 -0.00	  0.11	  0.10	 -0.00	  0.34	 -0.24	 -0.09	 -0.00	  0.31	  0.14	 -0.46	
 -0.00	  0.24	 -0.08	 -0.00	  0.11	  0.10	 -0.00	  0.34	 -0.25	 -0.09	 -0.00	  0.32	  0.14	 -0.46	
 -0.00	  0.24	 -0.08	 -0.00	  0.11	  0.10	 -0.00	  0.34	 -0.25	 -0.09	 -0.00	  0.33	  0.14	 -0.47	
 -0.00	  0.25	 -0.08	 -0.00	  0.11	  0.10	 -0.00	  0.34	 -0.25	 -0.09	 -0.00	  0.34	  0.14	 -0.48	
 -0.00	  0.25	 -0.08	 -0.00	  0.11	  0.10	 -0.00	  0.34	 -0.25	 -0.09	 -0.00	  0.35	  0.13	 -0.49	
 -0.00	  0.25	 -0.08	 -0.00	  0.11	  0.10	 -0.00	  0.34	 -0.25	 -0.09	 -0.00	  0.36	  0.13	 -0.50	
 -0.00	  0.25	 -0.07	 -0.00	  0.11	  0.11	 -0.00	  0.34	 -0.26	 -0.09	 -0.00	  0.37	  0.13	 -0.50	
 -0.00	  0.25	 -0.07	 -0.00	  0.11	  0.11	 -0.00	  0.34	 -0.26	 -0.08	 -0.00	  0.38	  0.13	 -0.51	
 -0.00	  0.25	 -0.07	 -0.00	  0.11	  0.11	 -0.00	  0.34	 -0.26	 -0.08	 -0.00	  0.39	  0.13	 -0.52	
 -0.00	  0.25	 -0.07	 -0.00	  0.11	  0.11	 -0.00	  0.34	 -0.26	 -0.08	 -0.00	  0.40	  0.12	 -0.53	
 -0.00	  0.25	 -0.07	 -0.00	  0.11	  0.11	 -0.00	  0.34	 -0.26	 -0.08	 -0.00	  0.41	  0.12	 -0.54	
 -0.00	  0.25	 -0.07	 -0.00	  0.11	  0.11	 -0.00	  0.34	 -0.26	 -0.08	 -0.00	  0.42	  0.12	 -0.54	
 -0.00	  0.25	 -0.07	 -0.00	  0.11	  0.11	 -0.00	  0.34	 -0.26	 -0.07	 -0.00	  0.44	  0.12	 -0.55	
 -0.00	  0.25	 -0.07	 -0.00	  0.11	  0.12	 -0.00	  0.34	 -0.27	 -0.07	 -0.00	  0.45	  0.12	 -0.56	
 -0.00	  0.25	 -0.07	 -0.00	  0.10	  0.12	 -0.00	  0.34	 -0.27	 -0.07	 -0.00	  0.46	  0.11	 -0.57	
 -0.00	  0.25	 -0.07	 -0.00	  0.10	  0.12	 -0.00	  0.34	 -0.27	 -0.07	 -0.00	  0.47	  0.11	 -0.58	
 -0.00	  0.25	 -0.06	 -0.00	  0.10	  0.12	 -0.00	  0.34	 -0.27	 -0.07	 -0.00	  0.48	  0.11	 -0.59	
 -0.00	  0.25	 -0.06	 -0.00	  0.10	  0.12	 -0.00	  0.34	 -0.27	 -0.07	 -0.00	  0.49	  0.10	 -0.59	
 -0.00	  0.25	 -0.06	 -0.00	  0.10	  0.12	 -0.00	  0.34	 -0.27	 -0.06	 -0.00	  0.50	  0.10	 -0.60	
 -0.00	  0.25	 -0.06	 -0.00	  0.10	  0.12	 -0.00	  0.34	 -0.27	 -0.06	 -0.00	  0.51	  0.10	 -0.61	
 -0.00	  0.25	 -0.06	 -0.00	  0.10	  0.13	 -0.00	  0.33	 -0.27	 -0.06	 -0.00	  0.52	  0.10	 -0.62	
 -0.00	  0.25	 -0.06	 -0.00	  0.10	  0.13	 -0.00	  0.33	 -0.28	 -0.06	 -0.00	  0.53	  0.09	 -0.63	
 -0.00	  0.25	 -0.06	 -0.00	  0.10	  0.13	 -0.00	  0.33	 -0.28	 -0.06	 -0.00	  0.54	  0.09	 -0.64	
 -0.00	  0.25	 -0.06	 -0.00	  0.10	  0.13	 -0.00	  0.33	 -0.28	 -0.05	 -0.00	  0.56	  0.09	 -0.64	
 -0.00	  0.25	 -0.06	 -0.00	  0.09	  0.13	 -0.00	  0.33	 -0.28	 -0.05	 -0.00	  0.57	  0.08	 -0.65	
 -0.00	  0.25	 -0.05	 -0.00	  0.09	  0.13	 -0.00	  0.33	 -0.28	 -0.05	 -0.00	  0.58	  0.08	 -0.66	
 -0.00	  0.25	 -0.05	 -0.00	  0.09	  0.13	 -0.00	  0.33	 -0.28	 -0.05	 -0.00	  0.59	  0.08	 -0.67	
 -0.00	  0.25	 -0.05	 -0.00	  0.09	  0.14	 -0.00	  0.33	 -0.28	 -0.05	 -0.00	  0.60	  0.07	 -0.67	
 -0.00	  0.25	 -0.05	 -0.00	  0.09	  0.14	 -0.00	  0.33	 -0.28	 -0.04	 -0.00	  0.61	  0.07	 -0.68	
 -0.00	  0.25	 -0.05	 -0.00	  0.09	  0.14	 -0.00	  0.33	 -0.28	 -0.04	 -0.00	  0.62	  0.07	 -0.69	
 -0.00	  0.25	 -0.05	 -0.00	  0.09	  0.14	 -0.00	  0.32	 -0.28	 -0.04	 -0.00	  0.63	  0.06	 -0.70	
 -0.00	  0.25	 -0.05	 -0.00	  0.09	  0.14	 -0.00	  0.32	 -0.28	 -0.04	 -0.00	  0.64	  0.06	 -0.70	
  0.00	  0.25	 -0.04	  0.00	  0.08	  0.14	  0.00	  0.32	 -0.28	 -0.04	  0.00	  0.66	  0.06	 -0.71	
  0.00	  0.25	 -0.04	  0.00	  0.08	  0.14	  0.00	  0.32	 -0.29	 -0.03	  0.00	  0.67	  0.05	 -0.72	
  0.00	  0.25	 -0.04	  0.00	  0.08	  0.14	  0.00	  0.32	 -0.29	 -0.03	  0.00	  0.68	  0.05	 -0.72	
  0.00	  0.25	 -0.04	  0.00	  0.08	  0.15	  0.00	  0.32	 -0.29	 -0.03	  0.00	  0.69	  0.05	 -0.73	
  0.00	  0.25	 -0.04	  0.00	  0.08	  0.15	  0.00	  0.32	 -0.29	 -0.03	  0.00	  0.70	  0.04	 -0.74	
  0.00	  0.25	 -0.04	  0.00	  0.08	  0.15	  0.00	  0.31	 -0.29	 -0.03	  0.00	  0.71	  0.04	 -0.74	
  0.00	  0.24	 -0.04	  0.00	  0.08	  0.15	  0.00	  0.31	 -0.29	 -0.02	  0.00	  0.72	  0.03	 -0.75	
  0.00	  0.24	 -0.04	  0.00	  0.07	  0.15	  0.00	  0.31	 -0.29	 -0.02	  0.00	  0.72	  0.03	 -0.75	
  0.00	  0.24	 -0.03	  0.00	  0.07	  0.15	  0.00	  0.31	 -0.29	 -0.02	  0.00	  0.73	  0.03	 -0.76	
  0.00	  0.24	 -0.03	  0.00	  0.07	  0.15	  0.00	  0.31	 -0.29	 -0.02	  0.00	  0.74	  0.02	 -0.77	
  0.00	  0.24	 -0.03	  0.00	  0.07	  0.15	  0.00	  0.31	 -0.29	 -0.02	  0.00	  0.75	  0.02	 -0.77	
  0.00	  0.24	 -0.03	  0.00	  0.07	  0.15	  0.00	  0.30	 -0.29	 -0.02	  0.00	  0.76	  0.02	 -0.77	
  0.00	  0.24	 -0.03	  0.00	  0.07	  0.15	  0.00	  0.30	 -0.29	 -0.01	  0.00	  0.77	  0.01	 -0.78	
  0.00	  0.24	 -0.03	  0.00	  0.07	  0.15	  0.00	  0.30	 -0.29	 -0.01	  0.00	  0.77	  0.01	 -0.78	
  0.00	  0.24	 -0.03	  0.00	  0.06	  0.16	  0.00	  0.30	 -0.29	 -0.01	  0.00	  0.78	  0.00	 -0.79	
  0.00	  0.24	 -0.02	  0.00	  0.06	  0.16	  0.00	  0.30	 -0.29	 -0.01	  0.00	  0.79	  0.00	 -0.79	
  0.00	  0.23	 -0.02	  0.00	  0.06	  0.16	  0.00	  0.29	 -0.29	 -0.01	  0.00	  0.79	 -0.00	 -0.79	
  0.00	  0.23	 -0.02	  0.00	  0.06	  0.16	  0.00	  0.29	 -0.29	 -0.01	  0.00	  0.80	 -0.01	 -0.79	
  0.00	  0.23	 -0.02	  0.00	  0.06	  0.16	  0.00	  0.29	 -0.29	 -0.00	  0.00	  0.81	 -0.01	 -0.80	
  0.00	  0.23	 -0.02	  0.00	  0.06	  0.16	  0.00	  0.29	 -0.29	 -0.00	  0.00	  0.81	 -0.01	 -0.80	
  0.00	  0.23	 -0.02	  0.00	  0.06	  0.16	  0.00	  0.29	 -0.29	 -0.00	  0.00	  0.82	 -0.02	 -0.80	
  0.00	  0.23	 -0.02	  0.00	  0.06	  0.16	  0.00	  0.29	 -0.29	  0.00	  0.00	  0.82	 -0.02	 -0.80	
  0.00	  0.23	 -0.02	  0.00	  0.05	  0.16	  0.00	  0.28	 -0.29	  0.00	  0.00	  0.83	 -0.02	 -0.80	
  0.00	  0.22	 -0.01	  0.00	  0.05	  0.16	  0.00	  0.28	 -0.29	  0.00	  0.00	  0.83	 -0.03	 -0.80	
  0.00	  0.22	 -0.01	  0.00	  0.05	  0.16	  0.00	  0.28	 -0.28	  0.01	  0.00	  0.83	 -0.03	 -0.80	
  0.00	  0.22	 -0.01	  0.00	  0.05	  0.16	  0.00	  0.28	 -0.28	  0.01	  0.00	  0.84	 -0.03	 -0.80	
  0.00	  0.22	 -0.01	  0.00	  0.05	  0.16	  0.00	  0.27	 -0.28	  0.01	  0.00	  0.84	 -0.04	 -0.80	
  0.00	  0.22	 -0.01	  0.00	  0.05	  0.16	  0.00	  0.27	 -0.28	  0.01	  0.00	  0.84	 -0.04	 -0.80	
  0.00	  0.22	 -0.01	  0.00	  0.05	  0.16	  0.00	  0.27	 -0.28	  0.01	  0.00	  0.84	 -0.04	 -0.80	
  0.00	  0.22	 -0.01	  0.00	  0.04	  0.16	  0.00	  0.27	 -0.28	  0.01	  0.00	  0.85	 -0.04	 -0.80	
  0.00	  0.21	 -0.01	  0.00	  0.04	  0.16	  0.00	  0.27	 -0.28	  0.01	  0.00	  0.85	 -0.05	 -0.80	
  0.00	  0.21	 -0.00	  0.00	  0.04	  0.16	  0.00	  0.26	 -0.28	  0.02	  0.00	  0.85	 -0.05	 -0.80	
  0.00	  0.21	 -0.00	  0.00	  0.04	  0.16	  0.00	  0.26	 -0.28	  0.02	  0.00	  0.85	 -0.05	 -0.79	
  0.00	  0.21	 -0.00	  0.00	  0.04	  0.16	  0.00	  0.26	 -0.28	  0.02	  0.00	  0.85	 -0.06	 -0.79	
  0.00	  0.21	 -0.00	  0.00	  0.04	  0.16	  0.00	  0.26	 -0.28	  0.02	  0.00	  0.85	 -0.06	 -0.79	
  0.00	  0.20	  0.00	  0.00	  0.04	  0.16	  0.00	  0.25	 -0.27	  0.02	  0.00	  0.85	 -0.06	 -0.79	
  0.00	  0.20	  0.00	  0.00	  0.04	  0.16	  0.00	  0.25	 -0.27	  0.02	  0.00	  0.85	 -0.06	 -0.78	
  0.00	  0.20	  0.00	  0.00	  0.03	  0.16	  0.00	  0.25	 -0.27	  0.02	  0.00	  0.84	 -0.07	 -0.78	
  0.00	  0.20	  0.00	  0.00	  0.03	  0.16	  0.00	  0.25	 -0.27	  0.02	  0.00	  0.84	 -0.07	 -0.77	
  0.00	  0.20	  0.00	  0.00	  0.03	  0.16	  0.00	  0.24	 -0.27	  0.02	  0.00	  0.84	 -0.07	 -0.77	
  0.00	  0.19	  0.01	  0.00	  0.03	  0.16	  0.00	  0.24	 -0.27	  0.03	  0.00	  0.84	 -0.07	 -0.76	
  0.00	  0.19	  0.01	  0.00	  0.03	  0.16	  0.00	  0.24	 -0.27	  0.03	  0.00	  0.83	 -0.08	 -0.76	
  0.00	  0.19	  0.01	  0.00	  0.03	  0.16	  0.00	  0.24	 -0.26	  0.03	  0.00	  0.83	 -0.08	 -0.75	
  0.00	  0.19	  0.01	  0.00	  0.03	  0.16	  0.00	  0.23	 -0.26	  0.03	  0.00	  0.83	 -0.08	 -0.75	
  0.00	  0.19	  0.01	  0.00	  0.03	  0.16	  0.00	  0.23	 -0.26	  0.03	  0.00	  0.82	 -0.08	 -0.74	
  0.00	  0.18	  0.01	  0.00	  0.02	  0.16	  0.00	  0.23	 -0.26	  0.03	  0.00	  0.82	 -0.08	 -0.74	
  0.00	  0.18	  0.01	  0.00	  0.02	  0.16	  0.00	  0.23	 -0.26	  0.03	  0.00	  0.81	 -0.08	 -0.73	
  0.00	  0.18	  0.01	  0.00	  0.02	  0.16	  0.00	  0.22	 -0.26	  0.03	  0.00	  0.81	 -0.09	 -0.72	
  0.00	  0.18	  0.01	  0.00	  0.02	  0.16	  0.00	  0.22	 -0.25	  0.03	  0.00	  0.80	 -0.09	 -0.71	
  0.00	  0.17	  0.01	  0.00	  0.02	  0.16	  0.00	  0.22	 -0.25	  0.03	  0.00	  0.80	 -0.09	 -0.71	
  0.00	  0.17	  0.02	  0.00	  0.02	  0.16	  0.00	  0.22	 -0.25	  0.03	  0.00	  0.79	 -0.09	 -0.70	
  0.00	  0.17	  0.02	  0.00	  0.02	  0.16	  0.00	  0.21	 -0.25	  0.04	  0.00	  0.78	 -0.09	 -0.69	
  0.00	  0.17	  0.02	  0.00	  0.02	  0.16	  0.00	  0.21	 -0.25	  0.04	  0.00	  0.78	 -0.09	 -0.68	
  0.00	  0.17	  0.02	  0.00	  0.01	  0.15	  0.00	  0.21	 -0.24	  0.04	  0.00	  0.77	 -0.09	 -0.68	
  0.00	  0.16	  0.02	  0.00	  0.01	  0.15	  0.00	  0.20	 -0.24	  0.04	  0.00	  0.76	 -0.10	 -0.67	
  0.00	  0.16	  0.02	  0.00	  0.01	  0.15	  0.00	  0.20	 -0.24	  0.04	  0.00	  0.76	 -0.10	 -0.66	
  0.00	  0.16	  0.02	  0.00	  0.01	  0.15	  0.00	  0.20	 -0.24	  0.04	  0.00	  0.75	 -0.10	 -0.65	
  0.00	  0.16	  0.02	  0.00	  0.01	  0.15	  0.00	  0.20	 -0.24	  0.04	  0.00	  0.74	 -0.10	 -0.64	
  0.00	  0.15	  0.02	  0.00	  0.01	  0.15	  0.00	  0.19	 -0.23	  0.04	  0.00	  0.73	 -0.10	 -0.63	
  0.00	  0.15	  0.02	  0.00	  0.01	  0.15	  0.00	  0.19	 -0.23	  0.04	  0.00	  0.72	 -0.10	 -0.62	
  0.00	  0.15	  0.02	  0.00	  0.01	  0.15	  0.00	  0.19	 -0.23	  0.04	  0.00	  0.71	 -0.10	 -0.61	
  0.00	  0.15	  0.02	  0.00	  0.01	  0.15	  0.00	  0.18	 -0.23	  0.04	  0.00	  0.71	 -0.10	 -0.60	
  0.00	  0.14	  0.02	  0.00	  0.01	  0.15	  0.00	  0.18	 -0.22	  0.04	  0.00	  0.70	 -0.10	 -0.60	
  0.00	  0.14	  0.03	  0.00	  0.00	  0.14	  0.00	  0.18	 -0.22	  0.04	  0.00	  0.69	 -0.10	 -0.59	
  0.00	  0.14	  0.03	  0.00	  0.00	  0.14	  0.00	  0.17	 -0.22	  0.04	  0.00	  0.68	 -0.10	 -0.58	
  0.00	  0.13	  0.03	  0.00	  0.00	  0.14	  0.00	  0.17	 -0.21	  0.04	  0.00	  0.67	 -0.10	 -0.57	
  0.00	  0.13	  0.03	  0.00	  0.00	  0.14	  0.00	  0.17	 -0.21	  0.04	  0.00	  0.66	 -0.10	 -0.56	
  0.00	  0.13	  0.03	  0.00	  0.00	  0.14	  0.00	  0.16	 -0.21	  0.04	  0.00	  0.65	 -0.10	 -0.54	
  0.00	  0.13	  0.03	  0.00	 -0.00	  0.14	  0.00	  0.16	 -0.21	  0.04	  0.00	  0.64	 -0.10	 -0.53	
  0.00	  0.12	  0.03	  0.00	 -0.00	  0.14	  0.00	  0.16	 -0.20	  0.04	  0.00	  0.63	 -0.10	 -0.52	
  0.00	  0.12	  0.03	  0.00	 -0.00	  0.14	  0.00	  0.15	 -0.20	  0.04	  0.00	  0.61	 -0.10	 -0.51	
  0.00	  0.12	  0.03	  0.00	 -0.00	  0.13	  0.00	  0.15	 -0.20	  0.05	  0.00	  0.60	 -0.10	 -0.50	
  0.00	  0.12	  0.03	  0.00	 -0.00	  0.13	  0.00	  0.15	 -0.19	  0.05	  0.00	  0.59	 -0.10	 -0.49	
  0.00	  0.11	  0.03	  0.00	 -0.00	  0.13	  0.00	  0.15	 -0.19	  0.04	  0.00	  0.58	 -0.10	 -0.48	
  0.00	  0.11	  0.03	  0.00	 -0.00	  0.13	  0.00	  0.14	 -0.19	  0.04	  0.00	  0.57	 -0.10	 -0.47	
  0.00	  0.11	  0.03	  0.00	 -0.00	  0.12	  0.00	  0.14	 -0.18	  0.04	  0.00	  0.56	 -0.10	 -0.46	
  0.00	  0.10	  0.03	  0.00	 -0.00	  0.12	  0.00	  0.14	 -0.18	  0.04	  0.00	  0.55	 -0.10	 -0.45	
  0.00	  0.10	  0.03	  0.00	  0.00	  0.11	  0.00	  0.14	 -0.17	  0.03	  0.00	  0.54	 -0.10	 -0.44	
  0.00	  0.10	  0.03	  0.00	  0.00	  0.11	  0.00	  0.13	 -0.16	  0.03	  0.00	  0.53	 -0.10	 -0.43	
  0.00	  0.10	  0.03	  0.00	  0.01	  0.10	  0.00	  0.13	 -0.16	  0.03	  0.00	  0.52	 -0.10	 -0.42	
  0.00	  0.09	  0.03	  0.00	  0.01	  0.09	  0.00	  0.13	 -0.15	  0.02	  0.00	  0.51	 -0.10	 -0.41	
  0.00	  0.09	  0.03	  0.00	  0.02	  0.08	  0.00	  0.13	 -0.14	  0.01	  0.00	  0.50	 -0.10	 -0.40	
  0.00	  0.09	  0.03	 -0.00	  0.02	  0.08	 -0.00	  0.13	 -0.14	  0.01	  0.00	  0.49	 -0.10	 -0.39	
  0.00	  0.09	  0.03	 -0.00	  0.03	  0.07	 -0.00	  0.13	 -0.13	  0.00	  0.00	  0.48	 -0.09	 -0.38	
  0.00	  0.08	  0.03	 -0.00	  0.03	  0.06	 -0.00	  0.13	 -0.12	 -0.01	  0.00	  0.47	 -0.09	 -0.37	
  0.00	  0.08	  0.03	 -0.00	  0.04	  0.05	 -0.00	  0.12	 -0.11	 -0.01	  0.00	  0.46	 -0.09	 -0.36	
  0.00	  0.08	  0.03	 -0.00	  0.04	  0.04	 -0.00	  0.12	 -0.10	 -0.02	  0.00	  0.45	 -0.09	 -0.36	
  0.00	  0.08	  0.04	 -0.00	  0.05	  0.03	 -0.00	  0.12	 -0.09	 -0.03	  0.00	  0.44	 -0.09	 -0.35	
  0.00	  0.07	  0.04	 -0.00	  0.06	  0.02	 -0.00	  0.12	 -0.08	 -0.04	  0.00	  0.43	 -0.09	 -0.34	
  0.00	  0.07	  0.04	 -0.00	  0.06	  0.01	 -0.00	  0.12	 -0.07	 -0.05	  0.00	  0.42	 -0.09	 -0.33	
  0.00	  0.07	  0.04	 -0.00	  0.07	 -0.00	 -0.00	  0.12	 -0.06	 -0.06	  0.00	  0.41	 -0.09	 -0.32	
  0.00	  0.07	  0.04	 -0.00	  0.08	 -0.02	 -0.00	  0.12	 -0.05	 -0.07	  0.00	  0.40	 -0.09	 -0.31	
  0.00	  0.07	  0.04	 -0.00	  0.08	 -0.03	 -0.00	  0.12	 -0.04	 -0.07	  0.00	  0.39	 -0.09	 -0.30	
  0.00	  0.06	  0.04	 -0.00	  0.09	 -0.04	 -0.00	  0.12	 -0.03	 -0.08	  0.00	  0.38	 -0.09	 -0.30	
  0.00	  0.06	  0.04	 -0.00	  0.10	 -0.05	 -0.00	  0.12	 -0.02	 -0.09	  0.00	  0.37	 -0.09	 -0.29	
  0.00	  0.06	  0.04	 -0.00	  0.11	 -0.06	 -0.00	  0.12	 -0.01	 -0.10	  0.00	  0.37	 -0.08	 -0.28	
  0.00	  0.06	  0.04	 -0.00	  0.11	 -0.08	 -0.00	  0.11	 -0.00	 -0.11	  0.00	  0.36	 -0.08	 -0.27	
  0.00	  0.06	  0.04	 -0.00	  0.12	 -0.09	 -0.00	  0.11	  0.01	 -0.12	  0.00	  0.35	 -0.08	 -0.27	
  0.00	  0.05	  0.04	 -0.00	  0.13	 -0.10	 -0.00	  0.11	  0.02	 -0.13	  0.00	  0.34	 -0.08	 -0.26	
  0.00	  0.05	  0.04	 -0.00	  0.14	 -0.11	 -0.00	  0.11	  0.03	 -0.14	  0.00	  0.33	 -0.08	 -0.25	
  0.00	  0.05	  0.04	 -0.00	  0.14	 -0.13	 -0.00	  0.11	  0.04	 -0.15	  0.00	  0.32	 -0.08	 -0.24	
  0.00	  0.05	  0.04	 -0.00	  0.15	 -0.14	 -0.00	  0.11	  0.05	 -0.16	  0.00	  0.32	 -0.08	 -0.24	
  0.00	  0.05	  0.04	 -0.00	  0.16	 -0.15	 -0.00	  0.11	  0.07	 -0.17	  0.00	  0.31	 -0.08	 -0.23	
  0.00	  0.04	  0.04	 -0.00	  0.17	 -0.16	 -0.00	  0.11	  0.08	 -0.18	  0.00	  0.30	 -0.08	 -0.22	
  0.00	  0.04	  0.04	 -0.00	  0.17	 -0.18	 -0.00	  0.10	  0.09	 -0.19	  0.00	  0.29	 -0.08	 -0.22	
  0.00	  0.04	  0.04	 -0.00	  0.18	 -0.19	 -0.00	  0.10	  0.10	 -0.20	  0.00	  0.29	 -0.07	 -0.21	
  0.00	  0.04	  0.04	 -0.00	  0.19	 -0.20	 -0.00	  0.10	  0.11	 -0.21	  0.00	  0.28	 -0.07	 -0.20	
  0.00	  0.04	  0.04	 -0.00	  0.19	 -0.21	 -0.00	  0.10	  0.12	 -0.22	  0.00	  0.27	 -0.07	 -0.20	
  0.00	  0.04	  0.04	 -0.00	  0.20	 -0.22	 -0.00	  0.10	  0.13	 -0.23	  0.00	  0.26	 -0.07	 -0.19	
  0.00	  0.03	  0.04	 -0.00	  0.21	 -0.24	 -0.00	  0.09	  0.14	 -0.24	  0.00	  0.26	 -0.07	 -0.19	
  0.00	  0.03	  0.04	 -0.00	  0.21	 -0.25	 -0.00	  0.09	  0.16	 -0.25	  0.00	  0.25	 -0.07	 -0.18	
  0.00	  0.03	  0.04	 -0.00	  0.22	 -0.26	 -0.00	  0.09	  0.17	 -0.26	  0.00	  0.24	 -0.07	 -0.17	
  0.00	  0.03	  0.03	 -0.00	  0.22	 -0.27	 -0.00	  0.09	  0.18	 -0.27	  0.00	  0.24	 -0.07	 -0.17	
  0.00	  0.03	  0.03	 -0.00	  0.23	 -0.28	 -0.00	  0.08	  0.19	 -0.27	  0.00	  0.23	 -0.07	 -0.16	
  0.00	  0.03	  0.03	 -0.00	  0.23	 -0.29	 -0.00	  0.08	  0.20	 -0.28	  0.00	  0.22	 -0.07	 -0.16	
  0.00	  0.03	  0.03	 -0.00	  0.24	 -0.30	 -0.00	  0.08	  0.21	 -0.29	  0.00	  0.22	 -0.06	 -0.15	
  0.00	  0.02	  0.03	 -0.00	  0.24	 -0.31	 -0.00	  0.08	  0.22	 -0.30	  0.00	  0.21	 -0.06	 -0.15	
  0.00	  0.02	  0.03	 -0.00	  0.25	 -0.32	 -0.00	  0.07	  0.23	 -0.30	  0.00	  0.20	 -0.06	 -0.14	
  0.00	  0.02	  0.03	 -0.00	  0.25	 -0.33	 -0.00	  0.07	  0.24	 -0.31	  0.00	  0.20	 -0.06	 -0.14	
  0.00	  0.02	  0.03	 -0.00	  0.25	 -0.34	 -0.00	  0.06	  0.25	 -0.32	  0.00	  0.19	 -0.06	 -0.13	
  0.00	  0.02	  0.03	 -0.00	  0.26	 -0.35	 -0.00	  0.06	  0.26	 -0.32	  0.00	  0.19	 -0.06	 -0.13	
  0.00	  0.02	  0.03	 -0.00	  0.26	 -0.36	 -0.00	  0.06	  0.27	 -0.33	  0.00	  0.18	 -0.06	 -0.12	
  0.00	  0.02	  0.03	 -0.00	  0.26	 -0.37	 -0.00	  0.05	  0.28	 -0.34	  0.00	  0.17	 -0.06	 -0.12	
  0.00	  0.02	  0.03	 -0.00	  0.27	 -0.38	 -0.00	  0.05	  0.29	 -0.34	  0.00	  0.17	 -0.06	 -0.11	
  0.00	  0.01	  0.03	 -0.00	  0.27	 -0.38	 -0.00	  0.04	  0.30	 -0.35	  0.00	  0.16	 -0.05	 -0.11	
  0.00	  0.01	  0.03	 -0.00	  0.27	 -0.39	 -0.00	  0.04	  0.31	 -0.35	  0.00	  0.16	 -0.05	 -0.10	
  0.00	  0.01	  0.03	 -0.00	  0.27	 -0.40	 -0.00	  0.03	  0.32	 -0.36	  0.00	  0.15	 -0.05	 -0.10	
  0.00	  0.01	  0.03	 -0.00	  0.27	 -0.41	 -0.00	  0.03	  0.33	 -0.36	  0.00	  0.15	 -0.05	 -0.10	
  0.00	  0.01	  0.03	 -0.00	  0.27	 -0.41	 -0.00	  0.02	  0.34	 -0.36	  0.00	  0.14	 -0.05	 -0.09	
  0.00	  0.01	  0.03	 -0.00	  0.27	 -0.42	 -0.00	  0.01	  0.35	 -0.37	  0.00	  0.14	 -0.05	 -0.09	
  0.00	  0.01	  0.03	 -0.00	  0.27	 -0.43	 -0.00	  0.01	  0.36	 -0.37	  0.00	  0.13	 -0.05	 -0.08	
  0.00	  0.01	  0.03	 -0.00	  0.27	 -0.43	 -0.00	  0.00	  0.37	 -0.37	  0.00	  0.13	 -0.05	 -0.08	
  0.00	  0.01	  0.03	 -0.00	  0.27	 -0.44	 -0.00	 -0.01	  0.38	 -0.37	  0.00	  0.12	 -0.05	 -0.08	
  0.00	  0.01	  0.03	 -0.00	  0.27	 -0.44	 -0.00	 -0.01	  0.39	 -0.38	  0.00	  0.12	 -0.05	 -0.07	
  0.00	  0.01	  0.03	 -0.00	  0.26	 -0.45	 -0.00	 -0.02	  0.40	 -0.38	  0.00	  0.11	 -0.04	 -0.07	
  0.00	  0.00	  0.03	 -0.00	  0.26	 -0.45	 -0.00	 -0.03	  0.41	 -0.38	  0.00	  0.11	 -0.04	 -0.07	
  0.00	  0.00	  0.03	 -0.00	  0.26	 -0.45	 -0.00	 -0.04	  0.42	 -0.38	  0.00	  0.11	 -0.04	 -0.06	
  0.00	  0.00	  0.03	 -0.00	  0.25	 -0.46	 -0.00	 -0.05	  0.42	 -0.38	  0.00	  0.10	 -0.04	 -0.06	
  0.00	  0.00	  0.03	 -0.00	  0.25	 -0.46	 -0.00	 -0.05	  0.43	 -0.38	  0.00	  0.10	 -0.04	 -0.06	
  0.00	  0.00	  0.03	 -0.00	  0.24	 -0.46	 -0.00	 -0.06	  0.44	 -0.38	  0.00	  0.09	 -0.04	 -0.05	
  0.00	  0.00	  0.03	 -0.00	  0.24	 -0.47	 -0.00	 -0.07	  0.45	 -0.38	  0.00	  0.09	 -0.04	 -0.05	
  0.00	  0.00	  0.03	 -0.00	  0.23	 -0.47	 -0.00	 -0.08	  0.46	 -0.37	  0.00	  0.09	 -0.04	 -0.05	
  0.00	  0.00	  0.02	 -0.00	  0.23	 -0.47	 -0.00	 -0.09	  0.47	 -0.37	  0.00	  0.08	 -0.04	 -0.05	
  0.00	 -0.00	  0.02	 -0.00	  0.22	 -0.47	 -0.00	 -0.10	  0.47	 -0.37	  0.00	  0.08	 -0.03	 -0.04	
  0.00	 -0.00	  0.02	 -0.00	  0.21	 -0.47	 -0.00	 -0.11	  0.48	 -0.37	  0.00	  0.07	 -0.03	 -0.04	
  0.00	 -0.00	  0.02	 -0.00	  0.21	 -0.47	 -0.00	 -0.13	  0.49	 -0.36	  0.00	  0.07	 -0.03	 -0.04	
  0.00	 -0.00	  0.02	 -0.00	  0.20	 -0.47	 -0.00	 -0.14	  0.50	 -0.36	  0.00	  0.07	 -0.03	 -0.04	
  0.00	 -0.00	  0.02	 -0.00	  0.19	 -0.47	 -0.00	 -0.15	  0.50	 -0.35	  0.00	  0.06	 -0.03	 -0.03	
  0.00	 -0.00	  0.02	 -0.00	  0.18	 -0.47	 -0.00	 -0.16	  0.51	 -0.35	  0.00	  0.06	 -0.03	 -0.03	
  0.00	 -0.00	  0.02	 -0.00	  0.17	 -0.47	 -0.00	 -0.18	  0.52	 -0.34	  0.00	  0.06	 -0.03	 -0.03	
  0.00	 -0.00	  0.02	 -0.00	  0.16	 -0.47	 -0.00	 -0.19	  0.53	 -0.34	  0.00	  0.06	 -0.03	 -0.03	
  0.00	 -0.00	  0.02	 -0.00	  0.15	 -0.47	 -0.00	 -0.20	  0.53	 -0.33	  0.00	  0.05	 -0.03	 -0.03	
  0.00	 -0.00	  0.02	 -0.00	  0.14	 -0.47	 -0.00	 -0.22	  0.54	 -0.33	  0.00	  0.05	 -0.03	 -0.02	
  0.00	 -0.00	  0.02	 -0.00	  0.13	 -0.47	 -0.00	 -0.23	  0.55	 -0.32	  0.00	  0.05	 -0.02	 -0.02	
  0.00	 -0.00	  0.02	 -0.00	  0.12	 -0.47	 -0.00	 -0.25	  0.56	 -0.31	  0.00	  0.04	 -0.02	 -0.02	
  0.00	 -0.00	  0.02	 -0.00	  0.11	 -0.46	 -0.00	 -0.26	  0.56	 -0.30	  0.00	  0.04	 -0.02	 -0.02	
  0.00	 -0.00	  0.02	 -0.00	  0.10	 -0.46	 -0.00	 -0.28	  0.57	 -0.29	  0.00	  0.04	 -0.02	 -0.02	
  0.00	 -0.00	  0.02	 -0.00	  0.09	 -0.46	 -0.00	 -0.29	  0.58	 -0.29	  0.00	  0.04	 -0.02	 -0.02	
  0.00	 -0.00	  0.02	 -0.00	  0.07	 -0.46	 -0.00	 -0.31	  0.58	 -0.28	  0.00	  0.03	 -0.02	 -0.01	
  0.00	 -0.00	  0.02	 -0.00	  0.06	 -0.45	 -0.00	 -0.33	  0.59	 -0.27	  0.00	  0.03	 -0.02	 -0.01	
  0.00	 -0.00	  0.01	 -0.00	  0.05	 -0.45	 -0.00	 -0.34	  0.60	 -0.26	  0.00	  0.03	 -0.02	 -0.01	
  0.00	 -0.00	  0.01	 -0.00	  0.04	 -0.45	 -0.00	 -0.36	  0.61	 -0.24	  0.00	  0.03	 -0.02	 -0.01	
  0.00	 -0.00	  0.01	 -0.00	  0.02	 -0.44	 -0.00	 -0.38	  0.61	 -0.23	  0.00	  0.02	 -0.02	 -0.01	
  0.00	 -0.00	  0.01	 -0.00	  0.01	 -0.44	 -0.00	 -0.40	  0.62	 -0.22	  0.00	  0.02	 -0.02	 -0.01	
  0.00	 -0.00	  0.01	 -0.00	 -0.01	 -0.43	 -0.00	 -0.42	  0.62	 -0.21	  0.00	  0.02	 -0.01	 -0.01	
  0.00	 -0.00	  0.01	 -0.00	 -0.02	 -0.43	 -0.00	 -0.43	  0.63	 -0.20	  0.00	  0.02	 -0.01	 -0.01	
  0.00	 -0.00	  0.01	 -0.00	 -0.04	 -0.42	 -0.00	 -0.45	  0.64	 -0.18	  0.00	  0.02	 -0.01	 -0.00	
  0.00	 -0.00	  0.01	 -0.00	 -0.05	 -0.42	 -0.00	 -0.47	  0.64	 -0.17	  0.00	  0.02	 -0.01	 -0.00	
  0.00	 -0.00	  0.01	 -0.00	 -0.07	 -0.41	 -0.00	 -0.49	  0.65	 -0.16	  0.00	  0.01	 -0.01	 -0.00	
  0.00	 -0.00	  0.01	 -0.00	 -0.08	 -0.41	 -0.00	 -0.51	  0.66	 -0.14	  0.00	  0.01	 -0.01	 -0.00	
  0.00	 -0.00	  0.01	 -0.00	 -0.10	 -0.40	 -0.00	 -0.53	  0.66	 -0.13	  0.00	  0.01	 -0.01	 -0.00	
  0.00	 -0.00	  0.01	 -0.00	 -0.11	 -0.40	 -0.00	 -0.56	  0.67	 -0.11	  0.00	  0.01	 -0.01	 -0.00	
  0.00	 -0.00	  0.01	 -0.00	 -0.13	 -0.39	 -0.00	 -0.58	  0.67	 -0.10	  0.00	  0.01	 -0.01	 -0.00	
  0.00	 -0.00	  0.01	 -0.00	 -0.15	 -0.38	 -0.00	 -0.60	  0.68	 -0.08	  0.00	  0.01	 -0.01	 -0.00	
  0.00	 -0.00	  0.00	 -0.00	 -0.16	 -0.38	 -0.00	 -0.62	  0.69	 -0.07	  0.00	  0.01	 -0.01	 -0.00	
  0.00	 -0.00	  0.00	 -0.00	 -0.18	 -0.37	 -0.00	 -0.64	  0.69	 -0.05	  0.00	  0.00	 -0.00	 -0.00	
  0.00	 -0.00	  0.00	 -0.00	 -0.19	 -0.36	 -0.00	 -0.66	  0.70	 -0.03	  0.00	  0.00	 -0.00	 -0.00	
  0.00	 -0.00	  0.00	 -0.00	 -0.21	 -0.36	 -0.00	 -0.69	  0.70	 -0.02	  0.00	  0.00	 -0.00	 -0.00	
  0.00	 -0.00	  0.00	 -0.00	 -0.23	 -0.35	 -0.00	 -0.71	  0.71	  0.00	  0.00	  0.00	 -0.00	 -0.00	
  0.00	 -0.00	  0.00	 -0.00	 -0.24	 -0.35	 -0.00	 -0.73	  0.71	  0.02	  0.00	  0.00	 -0.00	 -0.00	
 -0.00	  0.00	 -0.00	  0.00	 -0.26	 -0.34	  0.00	 -0.76	  0.72	  0.04	 -0.00	  0.00	  0.00	 -0.00	
 -0.00	  0.00	 -0.00	  0.00	 -0.27	 -0.33	  0.00	 -0.78	  0.72	  0.06	 -0.00	 -0.00	  0.00	 -0.00	
 -0.00	  0.00	 -0.00	  0.00	 -0.29	 -0.33	  0.00	 -0.80	  0.73	  0.08	 -0.00	 -0.00	  0.00	 -0.00	
 -0.00	  0.00	 -0.00	  0.00	 -0.31	 -0.32	  0.00	 -0.83	  0.73	  0.10	 -0.00	 -0.00	  0.00	 -0.00	
 -0.00	  0.00	 -0.00	  0.00	 -0.32	 -0.31	  0.00	 -0.86	  0.74	  0.12	 -0.00	 -0.00	  0.00	 -0.00	
 -0.00	  0.00	 -0.00	  0.00	 -0.34	 -0.30	  0.00	 -0.89	  0.75	  0.14	 -0.00	 -0.00	  0.00	 -0.00	
 -0.00	  0.00	 -0.01	  0.00	 -0.36	 -0.30	  0.00	 -0.92	  0.75	  0.16	 -0.00	 -0.00	  0.01	 -0.00	
 -0.00	  0.00	 -0.01	  0.00	 -0.38	 -0.29	  0.00	 -0.95	  0.76	  0.19	 -0.00	 -0.00	  0.01	 -0.00	
 -0.00	  0.01	 -0.01	  0.00	 -0.40	 -0.28	  0.00	 -0.98	  0.76	  0.21	 -0.00	 -0.00	  0.01	 -0.00	
 -0.00	  0.01	 -0.01	  0.00	 -0.42	 -0.27	  0.00	 -1.01	  0.77	  0.24	 -0.00	 -0.00	  0.01	 -0.01	
 -0.00	  0.01	 -0.01	  0.00	 -0.43	 -0.26	  0.00	 -1.04	  0.77	  0.27	 -0.00	 -0.00	  0.01	 -0.01	
 -0.00	  0.01	 -0.01	  0.00	 -0.45	 -0.25	  0.00	 -1.07	  0.78	  0.30	 -0.00	 -0.00	  0.01	 -0.01	
 -0.00	  0.01	 -0.01	  0.00	 -0.47	 -0.24	  0.00	 -1.11	  0.78	  0.33	 -0.00	 -0.00	  0.01	 -0.01	
 -0.00	  0.01	 -0.01	  0.00	 -0.49	 -0.23	  0.00	 -1.14	  0.79	  0.36	 -0.00	 -0.00	  0.01	 -0.01	
 -0.00	  0.01	 -0.01	  0.00	 -0.51	 -0.22	  0.00	 -1.18	  0.79	  0.39	 -0.00	  0.00	  0.01	 -0.01	
 -0.00	  0.01	 -0.01	  0.00	 -0.53	 -0.21	  0.00	 -1.22	  0.79	  0.42	 -0.00	  0.00	  0.01	 -0.01	
 -0.00	  0.01	 -0.01	  0.00	 -0.55	 -0.20	  0.00	 -1.25	  0.80	  0.46	 -0.00	  0.00	  0.01	 -0.01	
 -0.00	  0.01	 -0.01	  0.00	 -0.57	 -0.19	  0.00	 -1.29	  0.80	  0.49	 -0.00	  0.00	  0.01	 -0.01	
 -0.00	  0.01	 -0.01	  0.00	 -0.59	 -0.18	  0.00	 -1.33	  0.80	  0.53	 -0.00	  0.00	  0.01	 -0.02	
 -0.00	  0.01	 -0.01	  0.00	 -0.60	 -0.17	  0.00	 -1.37	  0.80	  0.56	 -0.00	  0.00	  0.01	 -0.02	
 -0.00	  0.01	 -0.01	  0.00	 -0.62	 -0.16	  0.00	 -1.40	  0.80	  0.60	 -0.00	  0.01	  0.01	 -0.02	
 -0.00	  0.02	 -0.02	  0.00	 -0.64	 -0.15	  0.00	 -1.44	  0.81	  0.64	 -0.00	  0.01	  0.01	 -0.02	
 -0.00	  0.02	 -0.02	  0.00	 -0.66	 -0.14	  0.00	 -1.48	  0.81	  0.68	 -0.00	  0.01	  0.01	 -0.02	
 -0.00	  0.02	 -0.02	  0.00	 -0.67	 -0.13	  0.00	 -1.52	  0.80	  0.72	 -0.00	  0.01	  0.01	 -0.02	
 -0.00	  0.02	 -0.02	  0.00	 -0.69	 -0.11	  0.00	 -1.56	  0.80	  0.76	 -0.00	  0.01	  0.01	 -0.03	
 -0.00	  0.02	 -0.02	  0.00	 -0.70	 -0.10	  0.00	 -1.60	  0.80	  0.80	 -0.00	  0.01	  0.02	 -0.03	
 -0.00	  0.02	 -0.02	  0.00	 -0.72	 -0.09	  0.00	 -1.64	  0.80	  0.84	 -0.00	  0.01	  0.02	 -0.03	
 -0.00	  0.02	 -0.02	  0.00	 -0.73	 -0.08	  0.00	 -1.68	  0.80	  0.89	 -0.00	  0.02	  0.02	 -0.03	
 -0.00	  0.02	 -0.02	  0.00	 -0.75	 -0.07	  0.00	 -1.72	  0.79	  0.93	 -0.00	  0.02	  0.02	 -0.03	
 -0.00	  0.02	 -0.02	  0.00	 -0.76	 -0.05	  0.00	 -1.76	  0.79	  0.97	 -0.00	  0.02	  0.02	 -0.04	
 -0.00	  0.02	 -0.02	  0.00	 -0.77	 -0.04	  0.00	 -1.80	  0.78	  1.02	 -0.00	  0.02	  0.02	 -0.04	
 -0.00	  0.03	 -0.02	  0.00	 -0.78	 -0.03	  0.00	 -1.84	  0.77	  1.06	 -0.00	  0.02	  0.02	 -0.04	
 -0.00	  0.03	 -0.02	  0.00	 -0.79	 -0.02	  0.00	 -1.87	  0.77	  1.11	 -0.00	  0.03	  0.02	 -0.04	
 -0.00	  0.03	 -0.02	  0.00	 -0.80	 -0.01	  0.00	 -1.91	  0.76	  1.15	 -0.00	  0.03	  0.02	 -0.05	
 -0.00	  0.03	 -0.02	  0.00	 -0.81	  0.01	  0.00	 -1.95	  0.75	  1.20	 -0.00	  0.03	  0.02	 -0.05	
 -0.00	  0.03	 -0.02	  0.00	 -0.82	  0.02	  0.00	 -1.98	  0.74	  1.24	 -0.00	  0.03	  0.02	 -0.05	
 -0.00	  0.03	 -0.02	  0.00	 -0.83	  0.03	  0.00	 -2.01	  0.73	  1.28	 -0.00	  0.04	  0.02	 -0.05	
 -0.00	  0.03	 -0.02	  0.00	 -0.83	  0.04	  0.00	 -2.05	  0.72	  1.33	 -0.00	  0.04	  0.02	 -0.06	
 -0.00	  0.03	 -0.02	  0.00	 -0.84	  0.05	  0.00	 -2.08	  0.71	  1.37	 -0.00	  0.04	  0.02	 -0.06	
 -0.00	  0.03	 -0.03	  0.00	 -0.84	  0.06	  0.00	 -2.10	  0.69	  1.41	 -0.00	  0.05	  0.02	 -0.06	
 -0.00	  0.04	 -0.03	  0.00	 -0.85	  0.07	  0.00	 -2.13	  0.68	  1.45	 -0.00	  0.05	  0.02	 -0.07	
 -0.00	  0.04	 -0.03	  0.00	 -0.85	  0.08	  0.00	 -2.15	  0.66	  1.49	 -0.00	  0.05	  0.02	 -0.07	
 -0.00	  0.04	 -0.03	  0.00	 -0.85	  0.09	  0.00	 -2.18	  0.65	  1.53	 -0.00	  0.06	  0.02	 -0.07	
 -0.00	  0.04	 -0.03	  0.00	 -0.85	  0.10	  0.00	 -2.20	  0.63	  1.56	 -0.00	  0.06	  0.02	 -0.08	
 -0.00	  0.04	 -0.03	  0.00	 -0.85	  0.11	  0.00	 -2.21	  0.62	  1.59	 -0.00	  0.06	  0.02	 -0.08	
 -0.00	  0.04	 -0.03	  0.00	 -0.85	  0.12	  0.00	 -2.22	  0.60	  1.62	 -0.00	  0.07	  0.02	 -0.08	
 -0.00	  0.04	 -0.03	  0.00	 -0.84	  0.13	  0.00	 -2.24	  0.58	  1.65	 -0.00	  0.07	  0.02	 -0.09	
 -0.00	  0.04	 -0.03	  0.00	 -0.84	  0.14	  0.00	 -2.24	  0.56	  1.68	 -0.00	  0.07	  0.02	 -0.09	
 -0.00	  0.05	 -0.03	  0.00	 -0.84	  0.15	  0.00	 -2.25	  0.54	  1.70	 -0.00	  0.08	  0.02	 -0.09	
 -0.00	  0.05	 -0.03	  0.00	 -0.83	  0.15	  0.00	 -2.25	  0.53	  1.72	 -0.00	  0.08	  0.01	 -0.10	
 -0.00	  0.05	 -0.03	  0.00	 -0.82	  0.16	  0.00	 -2.24	  0.51	  1.74	 -0.00	  0.09	  0.01	 -0.10	
 -0.00	  0.05	 -0.03	  0.00	 -0.82	  0.17	  0.00	 -2.23	  0.49	  1.75	 -0.00	  0.09	  0.01	 -0.10	
 -0.00	  0.05	 -0.03	  0.00	 -0.81	  0.17	  0.00	 -2.22	  0.46	  1.76	 -0.00	  0.09	  0.01	 -0.11	
 -0.00	  0.05	 -0.03	  0.00	 -0.80	  0.18	  0.00	 -2.21	  0.44	  1.76	 -0.00	  0.10	  0.01	 -0.11	
 -0.00	  0.05	 -0.03	  0.00	 -0.79	  0.18	  0.00	 -2.19	  0.42	  1.76	 -0.00	  0.10	  0.01	 -0.12	
 -0.00	  0.06	 -0.03	  0.00	 -0.78	  0.19	  0.00	 -2.16	  0.40	  1.76	 -0.00	  0.11	  0.01	 -0.12	
 -0.00	  0.06	 -0.03	  0.00	 -0.76	  0.19	  0.00	 -2.14	  0.38	  1.75	 -0.00	  0.11	  0.01	 -0.12	
 -0.00	  0.06	 -0.03	  0.00	 -0.75	  0.19	  0.00	 -2.10	  0.36	  1.74	 -0.00	  0.12	  0.01	 -0.13	
 -0.00	  0.06	 -0.03	  0.00	 -0.74	  0.20	  0.00	 -2.07	  0.34	  1.73	 -0.00	  0.12	  0.01	 -0.13	
 -0.00	  0.06	 -0.03	  0.00	 -0.72	  0.20	  0.00	 -2.03	  0.32	  1.71	 -0.00	  0.13	  0.01	 -0.14	
 -0.00	  0.06	 -0.03	  0.00	 -0.71	  0.20	  0.00	 -1.99	  0.30	  1.69	 -0.00	  0.13	  0.01	 -0.14	
 -0.00	  0.06	 -0.03	  0.00	 -0.69	  0.20	  0.00	 -1.94	  0.28	  1.66	 -0.00	  0.14	  0.01	 -0.15	
 -0.00	  0.07	 -0.03	  0.00	 -0.68	  0.20	  0.00	 -1.89	  0.26	  1.63	 -0.00	  0.14	  0.01	 -0.15	
 -0.00	  0.07	 -0.03	  0.00	 -0.66	  0.20	  0.00	 -1.84	  0.24	  1.60	 -0.00	  0.15	  0.01	 -0.16	
 -0.00	  0.07	 -0.03	  0.00	 -0.64	  0.20	  0.00	 -1.79	  0.22	  1.57	 -0.00	  0.15	  0.01	 -0.16	
 -0.00	  0.07	 -0.03	  0.00	 -0.62	  0.20	  0.00	 -1.73	  0.20	  1.53	 -0.00	  0.16	  0.01	 -0.17	
 -0.00	  0.07	 -0.03	  0.00	 -0.60	  0.20	  0.00	 -1.67	  0.19	  1.49	 -0.00	  0.17	  0.00	 -0.17	
 -0.00	  0.07	 -0.03	  0.00	 -0.58	  0.19	  0.00	 -1.61	  0.17	  1.44	 -0.00	  0.17	  0.00	 -0.18	
 -0.00	  0.08	 -0.03	  0.00	 -0.56	  0.19	  0.00	 -1.55	  0.15	  1.39	 -0.00	  0.18	  0.00	 -0.18	
 -0.00	  0.08	 -0.03	  0.00	 -0.54	  0.19	  0.00	 -1.48	  0.14	  1.35	 -0.00	  0.18	  0.00	 -0.19	
 -0.00	  0.08	 -0.03	  0.00	 -0.52	  0.18	  0.00	 -1.42	  0.12	  1.29	 -0.00	  0.19	  0.00	 -0.19	
 -0.00	  0.08	 -0.03	  0.00	 -0.50	  0.18	  0.00	 -1.35	  0.11	  1.24	 -0.00	  0.20	 -0.00	 -0.20	
 -0.00	  0.08	 -0.03	  0.00	 -0.48	  0.18	  0.00	 -1.28	  0.10	  1.19	 -0.00	  0.20	 -0.00	 -0.20	
 -0.00	  0.08	 -0.03	  0.00	 -0.46	  0.17	  0.00	 -1.22	  0.09	  1.13	 -0.00	  0.21	 -0.00	 -0.21	
 -0.00	  0.09	 -0.03	  0.00	 -0.43	  0.16	  0.00	 -1.15	  0.07	  1.07	 -0.00	  0.22	 -0.00	 -0.21	
 -0.00	  0.09	 -0.03	  0.00	 -0.41	  0.16	  0.00	 -1.08	  0.06	  1.02	 -0.00	  0.22	 -0.00	 -0.22	
 -0.00	  0.09	 -0.03	  0.00	 -0.39	  0.15	  0.00	 -1.01	  0.05	  0.96	 -0.00	  0.23	 -0.01	 -0.22	
 -0.00	  0.09	 -0.03	  0.00	 -0.37	  0.15	  0.00	 -0.94	  0.04	  0.90	 -0.00	  0.24	 -0.01	 -0.23	
 -0.00	  0.09	 -0.03	  0.00	 -0.34	  0.14	  0.00	 -0.88	  0.04	  0.84	 -0.00	  0.24	 -0.01	 -0.23	
 -0.00	  0.09	 -0.03	  0.00	 -0.32	  0.13	  0.00	 -0.81	  0.03	  0.78	 -0.00	  0.25	 -0.01	 -0.24	
 -0.00	  0.10	 -0.03	  0.00	 -0.30	  0.13	  0.00	 -0.74	  0.02	  0.72	 -0.00	  0.26	 -0.01	 -0.25	
 -0.00	  0.10	 -0.03	  0.00	 -0.27	  0.12	  0.00	 -0.68	  0.02	  0.66	 -0.00	  0.27	 -0.01	 -0.25	
 -0.00	  0.10	 -0.03	  0.00	 -0.25	  0.11	  0.00	 -0.61	  0.01	  0.60	 -0.00	  0.27	 -0.01	 -0.26	
 -0.00	  0.10	 -0.03	  0.00	 -0.23	  0.10	  0.00	 -0.55	  0.00	  0.54	 -0.00	  0.28	 -0.02	 -0.26	
 -0.00	  0.10	 -0.03	  0.00	 -0.20	  0.10	  0.00	 -0.49	 -0.00	  0.49	 -0.00	  0.29	 -0.02	 -0.27	
 -0.00	  0.11	 -0.03	  0.00	 -0.18	  0.09	  0.00	 -0.42	 -0.01	  0.43	 -0.00	  0.30	 -0.02	 -0.28	
 -0.00	  0.11	 -0.03	  0.00	 -0.16	  0.08	  0.00	 -0.36	 -0.01	  0.37	 -0.00	  0.30	 -0.02	 -0.28	
 -0.00	  0.11	 -0.03	  0.00	 -0.14	  0.07	  0.00	 -0.30	 -0.01	  0.32	 -0.00	  0.31	 -0.02	 -0.29	
 -0.00	  0.11	 -0.03	  0.00	 -0.12	  0.06	  0.00	 -0.24	 -0.02	  0.26	 -0.00	  0.32	 -0.02	 -0.29	
 -0.00	  0.11	 -0.03	  0.00	 -0.10	  0.06	  0.00	 -0.19	 -0.02	  0.21	 -0.00	  0.33	 -0.03	 -0.30	
 -0.00	  0.12	 -0.03	  0.00	 -0.07	  0.05	  0.00	 -0.13	 -0.02	  0.16	 -0.00	  0.34	 -0.03	 -0.31	
 -0.00	  0.12	 -0.03	  0.00	 -0.05	  0.04	  0.00	 -0.08	 -0.02	  0.10	 -0.00	  0.34	 -0.03	 -0.31	
 -0.00	  0.12	 -0.03	  0.00	 -0.03	  0.03	  0.00	 -0.03	 -0.03	  0.05	 -0.00	  0.35	 -0.03	 -0.32	
 -0.00	  0.12	 -0.03	  0.00	 -0.02	  0.03	  0.00	  0.02	 -0.03	  0.01	 -0.00	  0.36	 -0.03	 -0.33	
 -0.00	  0.12	 -0.03	  0.00	  0.00	  0.02	  0.00	  0.07	 -0.03	 -0.04	 -0.00	  0.37	 -0.04	 -0.33	
 -0.00	  0.13	 -0.03	  0.00	  0.02	  0.01	  0.00	  0.12	 -0.03	 -0.08	 -0.00	  0.38	 -0.04	 -0.34	
 -0.00	  0.13	 -0.03	  0.00	  0.04	  0.01	  0.00	  0.16	 -0.04	 -0.13	 -0.00	  0.39	 -0.04	 -0.35	
 -0.00	  0.13	 -0.03	 -0.00	  0.05	  0.00	 -0.00	  0.21	 -0.04	 -0.17	 -0.00	  0.39	 -0.04	 -0.35	
 -0.00	  0.13	 -0.03	 -0.00	  0.07	 -0.00	 -0.00	  0.25	 -0.04	 -0.20	 -0.00	  0.40	 -0.04	 -0.36	
 -0.00	  0.13	 -0.03	 -0.00	  0.08	 -0.01	 -0.00	  0.28	 -0.04	 -0.24	 -0.00	  0.41	 -0.05	 -0.37	
 -0.00	  0.14	 -0.03	 -0.00	  0.09	 -0.01	 -0.00	  0.32	 -0.05	 -0.27	 -0.00	  0.42	 -0.05	 -0.37	
 -0.00	  0.14	 -0.03	 -0.00	  0.11	 -0.01	 -0.00	  0.35	 -0.05	 -0.30	 -0.00	  0.43	 -0.05	 -0.38	
 -0.00	  0.14	 -0.03	 -0.00	  0.12	 -0.02	 -0.00	  0.38	 -0.05	 -0.33	 -0.00	  0.44	 -0.05	 -0.38	
 -0.00	  0.14	 -0.03	 -0.00	  0.13	 -0.02	 -0.00	  0.41	 -0.05	 -0.35	 -0.00	  0.45	 -0.06	 -0.39	
 -0.00	  0.14	 -0.03	 -0.00	  0.13	 -0.02	 -0.00	  0.43	 -0.06	 -0.37	 -0.00	  0.46	 -0.06	 -0.40	
 -0.00	  0.15	 -0.03	 -0.00	  0.14	 -0.02	 -0.00	  0.45	 -0.06	 -0.39	 -0.00	  0.46	 -0.06	 -0.40	
 -0.00	  0.15	 -0.03	 -0.00	  0.15	 -0.03	 -0.00	  0.47	 -0.06	 -0.41	 -0.00	  0.47	 -0.06	 -0.41	
 -0.00	  0.15	 -0.03	 -0.00	  0.15	 -0.03	 -0.00	  0.48	 -0.07	 -0.42	 -0.00	  0.48	 -0.07	 -0.42	
 -0.00	  0.15	 -0.02	 -0.00	  0.15	 -0.02	 -0.00	  0.49	 -0.07	 -0.42	 -0.00	  0.49	 -0.07	 -0.42	
 -0.00	  0.16	 -0.02	 -0.00	  0.16	 -0.02	 -0.00	  0.50	 -0.07	 -0.43	 -0.00	  0.50	 -0.07	 -0.43	
 -0.00	  0.16	 -0.02	 -0.00	  0.16	 -0.02	 -0.00	  0.51	 -0.07	 -0.44	 -0.00	  0.51	 -0.07	 -0.44	
 -0.00	  0.16	 -0.02	 -0.00	  0.16	 -0.02	 -0.00	  0.52	 -0.08	 -0.44	 -0.00	  0.52	 -0.08	 -0.44	
 -0.00	  0.16	 -0.02	 -0.00	  0.16	 -0.02	 -0.00	  0.53	 -0.08	 -0.45	 -0.00	  0.53	 -0.08	 -0.45	
 -0.00	  0.16	 -0.02	 -0.00	  0.16	 -0.02	 -0.00	  0.54	 -0.08	 -0.45	 -0.00	  0.54	 -0.08	 -0.45	
 -0.00	  0.17	 -0.02	 -0.00	  0.17	 -0.02	 -0.00	  0.54	 -0.08	 -0.46	 -0.00	  0.54	 -0.08	 -0.46	
 -0.00	  0.17	 -0.02	 -0.00	  0.17	 -0.02	 -0.00	  0.55	 -0.09	 -0.46	 -0.00	  0.55	 -0.09	 -0.46	
 -0.00	  0.17	 -0.02	 -0.00	  0.17	 -0.02	 -0.00	  0.56	 -0.09	 -0.47	 -0.00	  0.56	 -0.09	 -0.47	
 -0.00	  0.17	 -0.02	 -0.00	  0.17	 -0.02	 -0.00	  0.57	 -0.09	 -0.47	 -0.00	  0.57	 -0.09	 -0.47	
 -0.00	  0.17	 -0.02	 -0.00	  0.17	 -0.02	 -0.00	  0.57	 -0.10	 -0.48	 -0.00	  0.57	 -0.10	 -0.48	
 -0.00	  0.17	 -0.02	 -0.00	  0.17	 -0.02	 -0.00	  0.58	 -0.10	 -0.48	 -0.00	  0.58	 -0.10	 -0.48	
 -0.00	  0.18	 -0.02	 -0.00	  0.18	 -0.02	 -0.00	  0.59	 -0.10	 -0.49	 -0.00	  0.59	 -0.10	 -0.49	
 -0.00	  0.18	 -0.02	 -0.00	  0.18	 -0.02	 -0.00	  0.59	 -0.10	 -0.49	 -0.00	  0.59	 -0.10	 -0.49	
 -0.00	  0.18	 -0.02	 -0.00	  0.18	 -0.02	 -0.00	  0.60	 -0.11	 -0.49	 -0.00	  0.60	 -0.11	 -0.49	
 -0.00	  0.18	 -0.01	 -0.00	  0.18	 -0.01	 -0.00	  0.61	 -0.11	 -0.50	 -0.00	  0.61	 -0.11	 -0.50	
 -0.00	  0.18	 -0.01	 -0.00	  0.18	 -0.01	 -0.00	  0.61	 -0.11	 -0.50	 -0.00	  0.61	 -0.11	 -0.50	
 -0.00	  0.18	 -0.01	 -0.00	  0.18	 -0.01	 -0.00	  0.62	 -0.11	 -0.50	 -0.00	  0.62	 -0.11	 -0.50	
 -0.00	  0.18	 -0.01	 -0.00	  0.18	 -0.01	 -0.00	  0.62	 -0.12	 -0.50	 -0.00	  0.62	 -0.12	 -0.50	
 -0.00	  0.19	 -0.01	 -0.00	  0.19	 -0.01	 -0.00	  0.63	 -0.12	 -0.51	 -0.00	  0.63	 -0.12	 -0.51	
 -0.00	  0.19	 -0.01	 -0.00	  0.19	 -0.01	 -0.00	  0.63	 -0.12	 -0.51	 -0.00	  0.63	 -0.12	 -0.51	
 -0.00	  0.19	 -0.01	 -0.00	  0.19	 -0.01	 -0.00	  0.64	 -0.13	 -0.51	 -0.00	  0.64	 -0.13	 -0.51	
 -0.00	  0.19	 -0.01	 -0.00	  0.19	 -0.01	 -0.00	  0.64	 -0.13	 -0.51	 -0.00	  0.64	 -0.13	 -0.51	
 -0.00	  0.19	 -0.01	 -0.00	  0.19	 -0.01	 -0.00	  0.65	 -0.13	 -0.52	 -0.00	  0.65	 -0.13	 -0.52	
 -0.00	  0.19	 -0.01	 -0.00	  0.19	 -0.01	 -0.00	  0.65	 -0.13	 -0.52	 -0.00	  0.65	 -0.13	 -0.52	
 -0.00	  0.19	 -0.00	 -0.00	  0.19	 -0.00	 -0.00	  0.65	 -0.14	 -0.52	 -0.00	  0.65	 -0.14	 -0.52	
 -0.00	  0.19	 -0.00	 -0.00	  0.19	 -0.00	 -0.00	  0.66	 -0.14	 -0.52	 -0.00	  0.66	 -0.14	 -0.52	
 -0.00	  0.19	 -0.00	 -0.00	  0.19	 -0.00	 -0.00	  0.66	 -0.14	 -0.52	 -0.00	  0.66	 -0.14	 -0.52	
 -0.00	  0.19	 -0.00	 -0.00	  0.19	 -0.00	 -0.00	  0.67	 -0.14	 -0.52	 -0.00	  0.67	 -0.14	 -0.52	
 -0.00	  0.20	 -0.00	 -0.00	  0.20	 -0.00	 -0.00	  0.67	 -0.15	 -0.52	 -0.00	  0.67	 -0.15	 -0.52	
 -0.00	  0.20	  0.00	 -0.00	  0.20	  0.00	 -0.00	  0.67	 -0.15	 -0.52	 -0.00	  0.67	 -0.15	 -0.52	
 -0.00	  0.20	  0.00	 -0.00	  0.20	  0.00	 -0.00	  0.67	 -0.15	 -0.52	 -0.00	  0.67	 -0.15	 -0.52	
 -0.00	  0.20	  0.00	 -0.00	  0.20	  0.00	 -0.00	  0.68	 -0.15	 -0.52	 -0.00	  0.68	 -0.15	 -0.52	
 -0.00	  0.20	  0.00	 -0.00	  0.20	  0.00	 -0.00	  0.68	 -0.16	 -0.52	 -0.00	  0.68	 -0.16	 -0.52	
 -0.00	  0.20	  0.00	 -0.00	  0.20	  0.00	 -0.00	  0.68	 -0.16	 -0.52	 -0.00	  0.68	 -0.16	 -0.52	
 -0.00	  0.20	  0.01	 -0.00	  0.20	  0.01	 -0.00	  0.68	 -0.16	 -0.52	 -0.00	  0.68	 -0.16	 -0.52	
 -0.00	  0.20	  0.01	 -0.00	  0.20	  0.01	 -0.00	  0.68	 -0.16	 -0.52	 -0.00	  0.68	 -0.16	 -0.52	
 -0.00	  0.20	  0.01	 -0.00	  0.20	  0.01	 -0.00	  0.69	 -0.17	 -0.52	 -0.00	  0.69	 -0.17	 -0.52	
 -0.00	  0.20	  0.01	 -0.00	  0.20	  0.01	 -0.00	  0.69	 -0.17	 -0.52	 -0.00	  0.69	 -0.17	 -0.52	
 -0.00	  0.20	  0.01	 -0.00	  0.20	  0.01	 -0.00	  0.69	 -0.17	 -0.52	 -0.00	  0.69	 -0.17	 -0.52	
 -0.00	  0.20	  0.01	 -0.00	  0.20	  0.01	 -0.00	  0.69	 -0.17	 -0.51	 -0.00	  0.69	 -0.17	 -0.51	
 -0.00	  0.20	  0.01	 -0.00	  0.20	  0.01	 -0.00	  0.69	 -0.18	 -0.51	 -0.00	  0.69	 -0.18	 -0.51	
 -0.00	  0.20	  0.01	 -0.00	  0.20	  0.01	 -0.00	  0.69	 -0.18	 -0.51	 -0.00	  0.69	 -0.18	 -0.51	
 -0.00	  0.20	  0.02	 -0.00	  0.20	  0.02	 -0.00	  0.69	 -0.18	 -0.51	 -0.00	  0.69	 -0.18	 -0.51	
 -0.00	  0.20	  0.02	 -0.00	  0.20	  0.02	 -0.00	  0.69	 -0.18	 -0.51	 -0.00	  0.69	 -0.18	 -0.51	
 -0.00	  0.20	  0.02	 -0.00	  0.20	  0.02	 -0.00	  0.69	 -0.18	 -0.50	 -0.00	  0.69	 -0.18	 -0.50	
 -0.00	  0.20	  0.02	 -0.00	  0.20	  0.02	 -0.00	  0.69	 -0.19	 -0.50	 -0.00	  0.69	 -0.19	 -0.50	
 -0.00	  0.20	  0.02	 -0.00	  0.20	  0.02	 -0.00	  0.69	 -0.19	 -0.50	 -0.00	  0.69	 -0.19	 -0.50	
 -0.00	  0.20	  0.02	 -0.00	  0.20	  0.02	 -0.00	  0.69	 -0.19	 -0.50	 -0.00	  0.69	 -0.19	 -0.50	
 -0.00	  0.20	  0.02	 -0.00	  0.20	  0.02	 -0.00	  0.69	 -0.19	 -0.49	 -0.00	  0.69	 -0.19	 -0.49	
 -0.00	  0.20	  0.02	 -0.00	  0.20	  0.02	 -0.00	  0.69	 -0.20	 -0.49	 -0.00	  0.69	 -0.20	 -0.49	
 -0.00	  0.20	  0.03	 -0.00	  0.20	  0.03	 -0.00	  0.68	 -0.20	 -0.49	 -0.00	  0.68	 -0.20	 -0.49	
 -0.00	  0.20	  0.03	 -0.00	  0.20	  0.03	 -0.00	  0.68	 -0.20	 -0.48	 -0.00	  0.68	 -0.20	 -0.48	
 -0.00	  0.20	  0.03	 -0.00	  0.20	  0.03	 -0.00	  0.68	 -0.20	 -0.48	 -0.00	  0.68	 -0.20	 -0.48	
 -0.00	  0.20	  0.03	 -0.00	  0.20	  0.03	 -0.00	  0.68	 -0.20	 -0.48	 -0.00	  0.68	 -0.20	 -0.48	
 -0.00	  0.20	  0.03	 -0.00	  0.20	  0.03	 -0.00	  0.68	 -0.20	 -0.47	 -0.00	  0.68	 -0.20	 -0.47	
 -0.00	  0.20	  0.03	 -0.00	  0.20	  0.03	 -0.00	  0.68	 -0.21	 -0.47	 -0.00	  0.68	 -0.21	 -0.47	
 -0.00	  0.20	  0.03	 -0.00	  0.20	  0.03	 -0.00	  0.67	 -0.21	 -0.47	 -0.00	  0.67	 -0.21	 -0.47	
 -0.00	  0.20	  0.04	 -0.00	  0.20	  0.04	 -0.00	  0.67	 -0.21	 -0.46	 -0.00	  0.67	 -0.21	 -0.46	
 -0.00	  0.20	  0.04	 -0.00	  0.20	  0.04	 -0.00	  0.67	 -0.21	 -0.46	 -0.00	  0.67	 -0.21	 -0.46	
 -0.00	  0.20	  0.04	 -0.00	  0.20	  0.04	 -0.00	  0.67	 -0.21	 -0.45	 -0.00	  0.67	 -0.21	 -0.45	
 -0.00	  0.19	  0.04	 -0.00	  0.19	  0.04	 -0.00	  0.66	 -0.21	 -0.45	 -0.00	  0.66	 -0.21	 -0.45	
 -0.00	  0.19	  0.04	 -0.00	  0.19	  0.04	 -0.00	  0.66	 -0.22	 -0.45	 -0.00	  0.66	 -0.22	 -0.45	
 -0.00	  0.19	  0.04	 -0.00	  0.19	  0.04	 -0.00	  0.66	 -0.22	 -0.44	 -0.00	  0.66	 -0.22	 -0.44	
 -0.00	  0.19	  0.04	 -0.00	  0.19	  0.04	 -0.00	  0.66	 -0.22	 -0.44	 -0.00	  0.66	 -0.22	 -0.44	
 -0.00	  0.19	  0.04	 -0.00	  0.19	  0.04	 -0.00	  0.65	 -0.22	 -0.43	 -0.00	  0.65	 -0.22	 -0.43	
 -0.00	  0.19	  0.05	 -0.00	  0.19	  0.05	 -0.00	  0.65	 -0.22	 -0.43	 -0.00	  0.65	 -0.22	 -0.43	
 -0.00	  0.19	  0.05	 -0.00	  0.19	  0.05	 -0.00	  0.65	 -0.22	 -0.42	 -0.00	  0.65	 -0.22	 -0.42	
 -0.00	  0.19	  0.05	 -0.00	  0.19	  0.05	 -0.00	  0.64	 -0.22	 -0.42	 -0.00	  0.64	 -0.22	 -0.42	
 -0.00	  0.19	  0.05	 -0.00	  0.19	  0.05	 -0.00	  0.64	 -0.23	 -0.41	 -0.00	  0.64	 -0.23	 -0.41	
 -0.00	  0.19	  0.05	 -0.00	  0.19	  0.05	 -0.00	  0.64	 -0.23	 -0.41	 -0.00	  0.64	 -0.23	 -0.41	
 -0.00	  0.19	  0.05	 -0.00	  0.19	  0.05	 -0.00	  0.63	 -0.23	 -0.40	 -0.00	  0.63	 -0.23	 -0.40	
  0.00	  0.18	  0.05	  0.00	  0.18	  0.05	  0.00	  0.63	 -0.23	 -0.40	  0.00	  0.63	 -0.23	 -0.40	
  0.00	  0.18	  0.06	  0.00	  0.18	  0.06	  0.00	  0.62	 -0.23	 -0.39	  0.00	  0.62	 -0.23	 -0.39	
  0.00	  0.18	  0.06	  0.00	  0.18	  0.06	  0.00	  0.62	 -0.23	 -0.39	  0.00	  0.62	 -0.23	 -0.39	
  0.00	  0.18	  0.06	  0.00	  0.18	  0.06	  0.00	  0.62	 -0.23	 -0.38	  0.00	  0.62	 -0.23	 -0.38	
  0.00	  0.18	  0.06	  0.00	  0.18	  0.06	  0.00	  0.61	 -0.23	 -0.38	  0.00	  0.61	 -0.23	 -0.38	
  0.00	  0.18	  0.06	  0.00	  0.18	  0.06	  0.00	  0.61	 -0.23	 -0.37	  0.00	  0.61	 -0.23	 -0.37	
  0.00	  0.18	  0.06	  0.00	  0.18	  0.06	  0.00	  0.60	 -0.24	 -0.37	  0.00	  0.60	 -0.24	 -0.37	
  0.00	  0.18	  0.06	  0.00	  0.18	  0.06	  0.00	  0.60	 -0.24	 -0.36	  0.00	  0.60	 -0.24	 -0.36	
  0.00	  0.17	  0.06	  0.00	  0.17	  0.06	  0.00	  0.59	 -0.24	 -0.36	  0.00	  0.59	 -0.24	 -0.36	
  0.00	  0.17	  0.07	  0.00	  0.17	  0.07	  0.00	  0.59	 -0.24	 -0.35	  0.00	  0.59	 -0.24	 -0.35	
  0.00	  0.17	  0.07	  0.00	  0.17	  0.07	  0.00	  0.58	 -0.24	 -0.35	  0.00	  0.58	 -0.24	 -0.35	
  0.00	  0.17	  0.07	  0.00	  0.17	  0.07	  0.00	  0.58	 -0.24	 -0.34	  0.00	  0.58	 -0.24	 -0.34	
  0.00	  0.17	  0.07	  0.00	  0.17	  0.07	  0.00	  0.58	 -0.24	 -0.34	  0.00	  0.58	 -0.24	 -0.34	
  0.00	  0.17	  0.07	  0.00	  0.17	  0.07	  0.00	  0.57	 -0.24	 -0.33	  0.00	  0.57	 -0.24	 -0.33	
  0.00	  0.16	  0.07	  0.00	  0.16	  0.07	  0.00	  0.57	 -0.24	 -0.33	  0.00	  0.57	 -0.24	 -0.33	
  0.00	  0.16	  0.07	  0.00	  0.16	  0.07	  0.00	  0.56	 -0.24	 -0.32	  0.00	  0.56	 -0.24	 -0.32	
  0.00	  0.16	  0.07	  0.00	  0.16	  0.07	  0.00	  0.56	 -0.24	 -0.32	  0.00	  0.56	 -0.24	 -0.32	
  0.00	  0.16	  0.07	  0.00	  0.16	  0.07	  0.00	  0.55	 -0.24	 -0.31	  0.00	  0.55	 -0.24	 -0.31	
  0.00	  0.16	  0.08	  0.00	  0.16	  0.08	  0.00	  0.55	 -0.24	 -0.31	  0.00	  0.55	 -0.24	 -0.31	
  0.00	  0.16	  0.08	  0.00	  0.16	  0.08	  0.00	  0.54	 -0.24	 -0.30	  0.00	  0.54	 -0.24	 -0.30	
  0.00	  0.16	  0.08	  0.00	  0.16	  0.08	  0.00	  0.54	 -0.24	 -0.30	  0.00	  0.54	 -0.24	 -0.30	
  0.00	  0.15	  0.08	  0.00	  0.15	  0.08	  0.00	  0.53	 -0.24	 -0.29	  0.00	  0.53	 -0.24	 -0.29	
  0.00	  0.15	  0.08	  0.00	  0.15	  0.08	  0.00	  0.53	 -0.24	 -0.29	  0.00	  0.53	 -0.24	 -0.29	
  0.00	  0.15	  0.08	  0.00	  0.15	  0.08	  0.00	  0.52	 -0.24	 -0.28	  0.00	  0.52	 -0.24	 -0.28	
  0.00	  0.15	  0.08	  0.00	  0.15	  0.08	  0.00	  0.52	 -0.24	 -0.28	  0.00	  0.52	 -0.24	 -0.28	
  0.00	  0.15	  0.08	  0.00	  0.15	  0.08	  0.00	  0.51	 -0.24	 -0.27	  0.00	  0.51	 -0.24	 -0.27	
  0.00	  0.15	  0.08	  0.00	  0.15	  0.08	  0.00	  0.51	 -0.24	 -0.27	  0.00	  0.51	 -0.24	 -0.27	
  0.00	  0.14	  0.08	  0.00	  0.14	  0.08	  0.00	  0.50	 -0.24	 -0.26	  0.00	  0.50	 -0.24	 -0.26	
  0.00	  0.14	  0.08	  0.00	  0.14	  0.08	  0.00	  0.49	 -0.24	 -0.26	  0.00	  0.49	 -0.24	 -0.26	
  0.00	  0.14	  0.08	  0.00	  0.14	  0.08	  0.00	  0.49	 -0.24	 -0.25	  0.00	  0.49	 -0.24	 -0.25	
  0.00	  0.14	  0.09	  0.00	  0.14	  0.09	  0.00	  0.48	 -0.24	 -0.25	  0.00	  0.48	 -0.24	 -0.25	
  0.00	  0.14	  0.09	  0.00	  0.14	  0.09	  0.00	  0.48	 -0.24	 -0.24	  0.00	  0.48	 -0.24	 -0.24	
  0.00	  0.13	  0.09	  0.00	  0.13	  0.09	  0.00	  0.47	 -0.24	 -0.24	  0.00	  0.47	 -0.24	 -0.24	
  0.00	  0.13	  0.09	  0.00	  0.13	  0.09	  0.00	  0.47	 -0.24	 -0.23	  0.00	  0.47	 -0.24	 -0.23	
  0.00	  0.13	  0.09	  0.00	  0.13	  0.09	  0.00	  0.46	 -0.24	 -0.23	  0.00	  0.46	 -0.24	 -0.23	
  0.00	  0.13	  0.09	  0.00	  0.13	  0.09	  0.00	  0.46	 -0.23	 -0.22	  0.00	  0.46	 -0.23	 -0.22	
  0.00	  0.13	  0.09	  0.00	  0.13	  0.09	  0.00	  0.45	 -0.23	 -0.22	  0.00	  0.45	 -0.23	 -0.22	
  0.00	  0.13	  0.09	  0.00	  0.13	  0.09	  0.00	  0.45	 -0.23	 -0.21	  0.00	  0.45	 -0.23	 -0.21	
  0.00	  0.12	  0.09	  0.00	  0.12	  0.09	  0.00	  0.44	 -0.23	 -0.21	  0.00	  0.44	 -0.23	 -0.21	
  0.00	  0.12	  0.09	  0.00	  0.12	  0.09	  0.00	  0.44	 -0.23	 -0.20	  0.00	  0.44	 -0.23	 -0.20	
  0.00	  0.12	  0.09	  0.00	  0.12	  0.09	  0.00	  0.43	 -0.23	 -0.20	  0.00	  0.43	 -0.23	 -0.20	
  0.00	  0.12	  0.09	  0.00	  0.12	  0.09	  0.00	  0.42	 -0.23	 -0.19	  0.00	  0.42	 -0.23	 -0.19	
  0.00	  0.12	  0.09	  0.00	  0.12	  0.09	  0.00	  0.42	 -0.23	 -0.19	  0.00	  0.42	 -0.23	 -0.19	
  0.00	  0.11	  0.09	  0.00	  0.11	  0.09	  0.00	  0.41	 -0.23	 -0.19	  0.00	  0.41	 -0.23	 -0.19	
  0.00	  0.11	  0.09	  0.00	  0.11	  0.09	  0.00	  0.41	 -0.23	 -0.18	  0.00	  0.41	 -0.23	 -0.18	
  0.00	  0.11	  0.09	  0.00	  0.11	  0.09	  0.00	  0.40	 -0.22	 -0.18	  0.00	  0.40	 -0.22	 -0.18	
  0.00	  0.11	  0.09	  0.00	  0.11	  0.09	  0.00	  0.40	 -0.22	 -0.17	  0.00	  0.40	 -0.22	 -0.17	
  0.00	  0.11	  0.09	  0.00	  0.11	  0.09	  0.00	  0.39	 -0.22	 -0.17	  0.00	  0.39	 -0.22	 -0.17	
  0.00	  0.10	  0.09	  0.00	  0.10	  0.09	  0.00	  0.39	 -0.22	 -0.16	  0.00	  0.39	 -0.22	 -0.16	
  0.00	  0.10	  0.09	  0.00	  0.10	  0.09	  0.00	  0.38	 -0.22	 -0.16	  0.00	  0.38	 -0.22	 -0.16	
  0.00	  0.10	  0.09	  0.00	  0.10	  0.09	  0.00	  0.37	 -0.22	 -0.16	  0.00	  0.37	 -0.22	 -0.16	
  0.00	  0.10	  0.09	  0.00	  0.10	  0.09	  0.00	  0.37	 -0.22	 -0.15	  0.00	  0.37	 -0.22	 -0.15	
  0.00	  0.10	  0.09	  0.00	  0.10	  0.09	  0.00	  0.36	 -0.21	 -0.15	  0.00	  0.36	 -0.21	 -0.15	
  0.00	  0.09	  0.09	  0.00	  0.09	  0.09	  0.00	  0.36	 -0.21	 -0.14	  0.00	  0.36	 -0.21	 -0.14	
  0.00	  0.09	  0.09	  0.00	  0.09	  0.09	  0.00	  0.35	 -0.21	 -0.14	  0.00	  0.35	 -0.21	 -0.14	
  0.00	  0.09	  0.09	  0.00	  0.09	  0.09	  0.00	  0.35	 -0.21	 -0.14	  0.00	  0.35	 -0.21	 -0.14	
  0.00	  0.09	  0.09	  0.00	  0.09	  0.09	  0.00	  0.34	 -0.21	 -0.13	  0.00	  0.34	 -0.21	 -0.13	
  0.00	  0.09	  0.09	  0.00	  0.09	  0.09	  0.00	  0.33	 -0.20	 -0.13	  0.00	  0.33	 -0.20	 -0.13	
  0.00	  0.08	  0.09	  0.00	  0.08	  0.09	  0.00	  0.33	 -0.20	 -0.13	  0.00	  0.33	 -0.20	 -0.13	
  0.00	  0.08	  0.09	  0.00	  0.08	  0.09	  0.00	  0.32	 -0.20	 -0.12	  0.00	  0.32	 -0.20	 -0.12	
  0.00	  0.08	  0.09	  0.00	  0.08	  0.09	  0.00	  0.32	 -0.20	 -0.12	  0.00	  0.32	 -0.20	 -0.12	
  0.00	  0.08	  0.09	  0.00	  0.08	  0.09	  0.00	  0.31	 -0.20	 -0.11	  0.00	  0.31	 -0.20	 -0.11	
  0.00	  0.08	  0.09	  0.00	  0.08	  0.09	  0.00	  0.31	 -0.19	 -0.11	  0.00	  0.31	 -0.19	 -0.11	
  0.00	  0.07	  0.09	  0.00	  0.07	  0.09	  0.00	  0.30	 -0.19	 -0.11	  0.00	  0.30	 -0.19	 -0.11	
  0.00	  0.07	  0.09	  0.00	  0.07	  0.09	  0.00	  0.29	 -0.19	 -0.10	  0.00	  0.29	 -0.19	 -0.10	
  0.00	  0.07	  0.09	  0.00	  0.07	  0.09	  0.00	  0.29	 -0.19	 -0.10	  0.00	  0.29	 -0.19	 -0.10	
  0.00	  0.07	  0.09	  0.00	  0.07	  0.09	  0.00	  0.28	 -0.19	 -0.10	  0.00	  0.28	 -0.19	 -0.10	
  0.00	  0.07	  0.09	  0.00	  0.07	  0.09	  0.00	  0.28	 -0.18	 -0.09	  0.00	  0.28	 -0.18	 -0.09	
  0.00	  0.06	  0.09	  0.00	  0.06	  0.09	  0.00	  0.27	 -0.18	 -0.09	  0.00	  0.27	 -0.18	 -0.09	
  0.00	  0.06	  0.09	  0.00	  0.06	  0.09	  0.00	  0.26	 -0.18	 -0.09	  0.00	  0.26	 -0.18	 -0.09	
  0.00	  0.06	  0.09	  0.00	  0.06	  0.09	  0.00	  0.26	 -0.18	 -0.08	  0.00	  0.26	 -0.18	 -0.08	
  0.00	  0.06	  0.09	  0.00	  0.06	  0.09	  0.00	  0.25	 -0.17	 -0.08	  0.00	  0.25	 -0.17	 -0.08	
  0.00	  0.06	  0.09	  0.00	  0.06	  0.09	  0.00	  0.25	 -0.17	 -0.08	  0.00	  0.25	 -0.17	 -0.08	
  0.00	  0.06	  0.08	  0.00	  0.05	  0.09	  0.00	  0.24	 -0.17	 -0.07	  0.00	  0.24	 -0.17	 -0.07	
  0.00	  0.05	  0.08	  0.00	  0.05	  0.08	  0.00	  0.23	 -0.17	 -0.07	  0.00	  0.24	 -0.16	 -0.07	
  0.00	  0.05	  0.08	  0.00	  0.05	  0.08	  0.00	  0.23	 -0.16	 -0.07	  0.00	  0.23	 -0.16	 -0.07	
  0.00	  0.05	  0.08	  0.00	  0.05	  0.08	  0.00	  0.22	 -0.16	 -0.06	  0.00	  0.23	 -0.15	 -0.07	
  0.00	  0.06	  0.07	  0.00	  0.05	  0.08	  0.00	  0.22	 -0.16	 -0.06	  0.00	  0.22	 -0.15	 -0.07	
  0.00	  0.06	  0.07	  0.00	  0.05	  0.08	  0.00	  0.21	 -0.15	 -0.06	  0.00	  0.22	 -0.14	 -0.08	
  0.00	  0.06	  0.06	  0.00	  0.04	  0.08	  0.00	  0.21	 -0.15	 -0.06	  0.00	  0.21	 -0.13	 -0.08	
  0.00	  0.06	  0.05	  0.00	  0.04	  0.08	  0.00	  0.20	 -0.15	 -0.05	  0.00	  0.21	 -0.13	 -0.08	
  0.00	  0.06	  0.05	  0.00	  0.04	  0.08	  0.00	  0.20	 -0.15	 -0.05	  0.00	  0.20	 -0.12	 -0.08	
 -0.00	  0.06	  0.04	  0.00	  0.04	  0.08	  0.00	  0.19	 -0.14	 -0.05	 -0.00	  0.20	 -0.11	 -0.09	
 -0.00	  0.07	  0.03	  0.00	  0.04	  0.08	  0.00	  0.19	 -0.14	 -0.04	 -0.00	  0.20	 -0.10	 -0.09	
 -0.00	  0.07	  0.02	  0.00	  0.04	  0.08	  0.00	  0.18	 -0.14	 -0.04	 -0.00	  0.19	 -0.10	 -0.10	
 -0.00	  0.07	  0.02	  0.00	  0.03	  0.08	  0.00	  0.18	 -0.14	 -0.04	 -0.00	  0.19	 -0.09	 -0.10	
 -0.00	  0.08	  0.01	  0.00	  0.03	  0.08	  0.00	  0.17	 -0.14	 -0.04	 -0.00	  0.19	 -0.08	 -0.11	
 -0.00	  0.08	 -0.00	  0.00	  0.03	  0.08	  0.00	  0.17	 -0.13	 -0.04	 -0.00	  0.18	 -0.07	 -0.12	
 -0.00	  0.09	 -0.01	  0.00	  0.03	  0.07	  0.00	  0.16	 -0.13	 -0.03	 -0.00	  0.18	 -0.06	 -0.12	
 -0.00	  0.09	 -0.02	  0.00	  0.03	  0.07	  0.00	  0.16	 -0.13	 -0.03	 -0.00	  0.18	 -0.05	 -0.13	
 -0.00	  0.09	 -0.03	  0.00	  0.03	  0.07	  0.00	  0.16	 -0.13	 -0.03	 -0.00	  0.17	 -0.04	 -0.14	
 -0.00	  0.10	 -0.04	  0.00	  0.02	  0.07	  0.00	  0.15	 -0.12	 -0.03	 -0.00	  0.17	 -0.03	 -0.14	
 -0.00	  0.10	 -0.05	  0.00	  0.02	  0.07	  0.00	  0.15	 -0.12	 -0.03	 -0.00	  0.17	 -0.02	 -0.15	
 -0.00	  0.11	 -0.06	  0.00	  0.02	  0.07	  0.00	  0.14	 -0.12	 -0.02	 -0.00	  0.16	 -0.01	 -0.16	
 -0.00	  0.11	 -0.07	  0.00	  0.02	  0.07	  0.00	  0.14	 -0.12	 -0.02	 -0.00	  0.16	  0.00	 -0.17	
 -0.00	  0.12	 -0.09	  0.00	  0.02	  0.07	  0.00	  0.13	 -0.11	 -0.02	 -0.00	  0.16	  0.02	 -0.17	
 -0.00	  0.12	 -0.10	  0.00	  0.02	  0.07	  0.00	  0.13	 -0.11	 -0.02	 -0.00	  0.15	  0.03	 -0.18	
 -0.00	  0.13	 -0.11	  0.00	  0.02	  0.07	  0.00	  0.13	 -0.11	 -0.02	 -0.00	  0.15	  0.04	 -0.19	
 -0.00	  0.13	 -0.12	  0.00	  0.02	  0.07	  0.00	  0.12	 -0.11	 -0.01	 -0.00	  0.15	  0.05	 -0.20	
 -0.00	  0.13	 -0.13	  0.00	  0.01	  0.07	  0.00	  0.12	 -0.11	 -0.01	 -0.00	  0.14	  0.06	 -0.20	
 -0.00	  0.14	 -0.14	  0.00	  0.01	  0.07	  0.00	  0.12	 -0.10	 -0.01	 -0.00	  0.14	  0.07	 -0.21	
 -0.00	  0.14	 -0.15	  0.00	  0.01	  0.06	  0.00	  0.11	 -0.10	 -0.01	 -0.00	  0.14	  0.08	 -0.22	
 -0.00	  0.15	 -0.16	  0.00	  0.01	  0.06	  0.00	  0.11	 -0.10	 -0.01	 -0.00	  0.13	  0.10	 -0.23	
 -0.00	  0.15	 -0.17	  0.00	  0.01	  0.06	  0.00	  0.10	 -0.10	 -0.01	 -0.00	  0.13	  0.11	 -0.23	
 -0.00	  0.16	 -0.19	  0.00	  0.01	  0.06	  0.00	  0.10	 -0.10	 -0.01	 -0.00	  0.12	  0.12	 -0.24	
 -0.00	  0.16	 -0.20	  0.00	  0.01	  0.06	  0.00	  0.10	 -0.09	 -0.00	 -0.00	  0.12	  0.13	 -0.25	
 -0.00	  0.16	 -0.21	  0.00	  0.01	  0.06	  0.00	  0.09	 -0.09	 -0.00	 -0.00	  0.11	  0.14	 -0.26	
 -0.00	  0.17	 -0.22	  0.00	  0.01	  0.06	  0.00	  0.09	 -0.09	 -0.00	 -0.00	  0.11	  0.15	 -0.26	
 -0.00	  0.17	 -0.23	  0.00	  0.01	  0.06	  0.00	  0.09	 -0.09	 -0.00	 -0.00	  0.11	  0.16	 -0.27	
 -0.00	  0.17	 -0.24	  0.00	  0.00	  0.06	  0.00	  0.09	 -0.09	  0.00	 -0.00	  0.10	  0.18	 -0.28	
 -0.00	  0.18	 -0.25	  0.00	  0.00	  0.06	  0.00	  0.08	 -0.08	  0.00	 -0.00	  0.10	  0.19	 -0.28	
 -0.00	  0.18	 -0.26	  0.00	  0.00	  0.06	  0.00	  0.08	 -0.08	  0.00	 -0.00	  0.09	  0.20	 -0.29	
 -0.00	  0.18	 -0.27	  0.00	  0.00	  0.06	  0.00	  0.08	 -0.08	  0.00	 -0.00	  0.08	  0.21	 -0.29	
 -0.00	  0.18	 -0.28	  0.00	  0.00	  0.05	  0.00	  0.07	 -0.08	  0.00	 -0.00	  0.08	  0.22	 -0.30	
 -0.00	  0.18	 -0.29	  0.00	  0.00	  0.05	  0.00	  0.07	 -0.08	  0.01	 -0.00	  0.07	  0.23	 -0.30	
 -0.00	  0.18	 -0.29	  0.00	 -0.00	  0.05	  0.00	  0.07	 -0.07	  0.01	 -0.00	  0.07	  0.24	 -0.31	
 -0.00	  0.19	 -0.30	  0.00	 -0.00	  0.05	  0.00	  0.06	 -0.07	  0.01	 -0.00	  0.06	  0.25	 -0.31	
 -0.00	  0.19	 -0.31	  0.00	 -0.00	  0.05	  0.00	  0.06	 -0.07	  0.01	 -0.00	  0.05	  0.26	 -0.32	
 -0.00	  0.19	 -0.32	  0.00	 -0.00	  0.05	  0.00	  0.06	 -0.07	  0.01	 -0.00	  0.05	  0.27	 -0.32	
 -0.00	  0.19	 -0.33	  0.00	 -0.00	  0.05	  0.00	  0.06	 -0.07	  0.01	 -0.00	  0.04	  0.28	 -0.32	
 -0.00	  0.19	 -0.33	  0.00	 -0.00	  0.05	  0.00	  0.05	 -0.07	  0.01	 -0.00	  0.03	  0.29	 -0.33	
 -0.00	  0.18	 -0.34	  0.00	 -0.00	  0.05	  0.00	  0.05	 -0.06	  0.01	 -0.00	  0.02	  0.30	 -0.33	
 -0.00	  0.18	 -0.35	  0.00	 -0.00	  0.05	  0.00	  0.05	 -0.06	  0.01	 -0.00	  0.02	  0.31	 -0.33	
 -0.00	  0.18	 -0.35	  0.00	 -0.01	  0.05	  0.00	  0.05	 -0.06	  0.01	 -0.00	  0.01	  0.32	 -0.33	
 -0.00	  0.18	 -0.36	  0.00	 -0.01	  0.05	  0.00	  0.05	 -0.06	  0.01	 -0.00	 -0.00	  0.33	 -0.33	
 -0.00	  0.18	 -0.36	  0.00	 -0.01	  0.04	  0.00	  0.04	 -0.06	  0.01	 -0.00	 -0.01	  0.34	 -0.33	
 -0.00	  0.17	 -0.37	  0.00	 -0.01	  0.04	  0.00	  0.04	 -0.06	  0.01	 -0.00	 -0.02	  0.35	 -0.33	
 -0.00	  0.17	 -0.37	  0.00	 -0.01	  0.04	  0.00	  0.04	 -0.05	  0.01	 -0.00	 -0.03	  0.36	 -0.33	
 -0.00	  0.17	 -0.38	  0.00	 -0.01	  0.04	  0.00	  0.04	 -0.05	  0.02	 -0.00	 -0.04	  0.37	 -0.33	
 -0.00	  0.16	 -0.38	  0.00	 -0.01	  0.04	  0.00	  0.04	 -0.05	  0.02	 -0.00	 -0.05	  0.38	 -0.32	
 -0.00	  0.16	 -0.39	  0.00	 -0.01	  0.04	  0.00	  0.03	 -0.05	  0.02	 -0.00	 -0.07	  0.39	 -0.32	
 -0.00	  0.15	 -0.39	  0.00	 -0.01	  0.04	  0.00	  0.03	 -0.05	  0.02	 -0.00	 -0.08	  0.40	 -0.32	
 -0.00	  0.15	 -0.39	  0.00	 -0.01	  0.04	  0.00	  0.03	 -0.05	  0.02	 -0.00	 -0.09	  0.40	 -0.31	
 -0.00	  0.14	 -0.39	  0.00	 -0.01	  0.04	  0.00	  0.03	 -0.04	  0.02	 -0.00	 -0.11	  0.41	 -0.31	
 -0.00	  0.13	 -0.40	  0.00	 -0.01	  0.04	  0.00	  0.03	 -0.04	  0.02	 -0.00	 -0.12	  0.42	 -0.30	
 -0.00	  0.13	 -0.40	  0.00	 -0.01	  0.04	  0.00	  0.02	 -0.04	  0.02	 -0.00	 -0.14	  0.43	 -0.29	
 -0.00	  0.12	 -0.40	  0.00	 -0.01	  0.04	  0.00	  0.02	 -0.04	  0.02	 -0.00	 -0.15	  0.44	 -0.28	
 -0.00	  0.11	 -0.40	  0.00	 -0.01	  0.03	  0.00	  0.02	 -0.04	  0.02	 -0.00	 -0.17	  0.44	 -0.27	
 -0.00	  0.10	 -0.40	  0.00	 -0.01	  0.03	  0.00	  0.02	 -0.04	  0.02	 -0.00	 -0.19	  0.45	 -0.27	
 -0.00	  0.09	 -0.40	  0.00	 -0.01	  0.03	  0.00	  0.02	 -0.04	  0.02	 -0.00	 -0.20	  0.46	 -0.25	
 -0.00	  0.09	 -0.40	  0.00	 -0.01	  0.03	  0.00	  0.02	 -0.04	  0.02	 -0.00	 -0.22	  0.47	 -0.24	
 -0.00	  0.08	 -0.40	  0.00	 -0.01	  0.03	  0.00	  0.02	 -0.03	  0.02	 -0.00	 -0.24	  0.47	 -0.23	
 -0.00	  0.06	 -0.40	  0.00	 -0.01	  0.03	  0.00	  0.01	 -0.03	  0.02	 -0.00	 -0.26	  0.48	 -0.22	
 -0.00	  0.05	 -0.39	  0.00	 -0.01	  0.03	  0.00	  0.01	 -0.03	  0.02	 -0.00	 -0.29	  0.49	 -0.20	
 -0.00	  0.04	 -0.39	  0.00	 -0.01	  0.03	  0.00	  0.01	 -0.03	  0.02	 -0.00	 -0.31	  0.50	 -0.19	
 -0.00	  0.03	 -0.39	  0.00	 -0.01	  0.03	  0.00	  0.01	 -0.03	  0.02	 -0.00	 -0.33	  0.50	 -0.17	
 -0.00	  0.02	 -0.39	  0.00	 -0.01	  0.03	  0.00	  0.01	 -0.03	  0.02	 -0.00	 -0.36	  0.51	 -0.15	
 -0.00	  0.01	 -0.38	  0.00	 -0.01	  0.03	  0.00	  0.01	 -0.03	  0.02	 -0.00	 -0.38	  0.52	 -0.13	
 -0.00	 -0.01	 -0.38	  0.00	 -0.01	  0.03	  0.00	  0.01	 -0.03	  0.02	 -0.00	 -0.41	  0.52	 -0.11	
 -0.00	 -0.02	 -0.38	  0.00	 -0.01	  0.02	  0.00	  0.01	 -0.02	  0.02	 -0.00	 -0.44	  0.53	 -0.09	
 -0.00	 -0.04	 -0.37	  0.00	 -0.01	  0.02	  0.00	  0.01	 -0.02	  0.02	 -0.00	 -0.47	  0.54	 -0.07	
 -0.00	 -0.05	 -0.37	  0.00	 -0.01	  0.02	  0.00	  0.00	 -0.02	  0.02	 -0.00	 -0.50	  0.54	 -0.05	
 -0.00	 -0.06	 -0.36	  0.00	 -0.01	  0.02	  0.00	  0.00	 -0.02	  0.02	 -0.00	 -0.53	  0.55	 -0.02	
 -0.00	 -0.08	 -0.36	  0.00	 -0.01	  0.02	  0.00	  0.00	 -0.02	  0.02	 -0.00	 -0.56	  0.56	  0.01	
 -0.00	 -0.10	 -0.35	  0.00	 -0.01	  0.02	  0.00	  0.00	 -0.02	  0.02	 -0.00	 -0.60	  0.56	  0.04	
 -0.00	 -0.11	 -0.34	  0.00	 -0.01	  0.02	  0.00	  0.00	 -0.02	  0.02	 -0.00	 -0.64	  0.57	  0.07	
 -0.00	 -0.13	 -0.34	  0.00	 -0.01	  0.02	  0.00	  0.00	 -0.02	  0.02	 -0.00	 -0.67	  0.58	  0.10	
 -0.00	 -0.14	 -0.33	  0.00	 -0.01	  0.02	  0.00	  0.00	 -0.02	  0.02	 -0.00	 -0.71	  0.58	  0.13	
 -0.00	 -0.16	 -0.32	  0.00	 -0.01	  0.02	  0.00	 -0.00	 -0.02	  0.02	 -0.00	 -0.75	  0.59	  0.16	
 -0.00	 -0.18	 -0.32	  0.00	 -0.01	  0.02	  0.00	 -0.00	 -0.01	  0.02	 -0.00	 -0.80	  0.60	  0.20	
 -0.00	 -0.20	 -0.31	  0.00	 -0.01	  0.02	  0.00	 -0.00	 -0.01	  0.01	 -0.00	 -0.84	  0.60	  0.24	
 -0.00	 -0.21	 -0.30	  0.00	 -0.01	  0.01	  0.00	 -0.00	 -0.01	  0.01	 -0.00	 -0.89	  0.61	  0.28	
 -0.00	 -0.23	 -0.29	  0.00	 -0.01	  0.01	  0.00	 -0.00	 -0.01	  0.01	 -0.00	 -0.94	  0.61	  0.32	
 -0.00	 -0.25	 -0.28	  0.00	 -0.01	  0.01	  0.00	 -0.00	 -0.01	  0.01	 -0.00	 -0.99	  0.62	  0.37	
 -0.00	 -0.27	 -0.27	  0.00	 -0.01	  0.01	  0.00	 -0.00	 -0.01	  0.01	 -0.00	 -1.04	  0.63	  0.41	
 -0.00	 -0.29	 -0.26	  0.00	 -0.01	  0.01	  0.00	 -0.00	 -0.01	  0.01	 -0.00	 -1.09	  0.63	  0.46	
 -0.00	 -0.31	 -0.25	  0.00	 -0.01	  0.01	  0.00	 -0.00	 -0.01	  0.01	 -0.00	 -1.15	  0.64	  0.51	
 -0.00	 -0.33	 -0.24	  0.00	 -0.01	  0.01	  0.00	 -0.00	 -0.01	  0.01	 -0.00	 -1.21	  0.65	  0.57	
 -0.00	 -0.34	 -0.23	  0.00	 -0.01	  0.01	  0.00	 -0.00	 -0.01	  0.01	 -0.00	 -1.27	  0.65	  0.62	
 -0.00	 -0.36	 -0.22	  0.00	 -0.01	  0.01	  0.00	 -0.00	 -0.01	  0.01	 -0.00	 -1.34	  0.66	  0.68	
 -0.00	 -0.38	 -0.21	  0.00	 -0.01	  0.01	  0.00	 -0.00	 -0.01	  0.01	 -0.00	 -1.40	  0.66	  0.74	
 -0.00	 -0.40	 -0.20	  0.00	 -0.01	  0.01	  0.00	 -0.00	 -0.01	  0.01	 -0.00	 -1.47	  0.67	  0.80	
 -0.00	 -0.42	 -0.19	  0.00	 -0.00	  0.01	  0.00	 -0.00	 -0.00	  0.01	 -0.00	 -1.55	  0.68	  0.87	
 -0.00	 -0.44	 -0.18	  0.00	 -0.00	  0.01	  0.00	 -0.00	 -0.00	  0.01	 -0.00	 -1.62	  0.68	  0.94	
 -0.00	 -0.46	 -0.17	  0.00	 -0.00	  0.00	  0.00	 -0.00	 -0.00	  0.01	 -0.00	 -1.70	  0.69	  1.01	
 -0.00	 -0.48	 -0.16	  0.00	 -0.00	  0.00	  0.00	 -0.00	 -0.00	  0.00	 -0.00	 -1.79	  0.69	  1.09	
 -0.00	 -0.49	 -0.15	  0.00	 -0.00	  0.00	  0.00	 -0.00	 -0.00	  0.00	 -0.00	 -1.87	  0.70	  1.17	
 -0.00	 -0.51	 -0.14	  0.00	 -0.00	  0.00	  0.00	 -0.00	 -0.00	  0.00	 -0.00	 -1.96	  0.71	  1.25	
 -0.00	 -0.53	 -0.13	  0.00	 -0.00	  0.00	  0.00	 -0.00	 -0.00	  0.00	 -0.00	 -2.05	  0.71	  1.34	
 -0.00	 -0.55	 -0.12	  0.00	 -0.00	  0.00	  0.00	  0.00	 -0.00	  0.00	 -0.00	 -2.15	  0.72	  1.43	
  0.00	 -0.56	 -0.11	 -0.00	  0.00	 -0.00	 -0.00	  0.00	  0.00	 -0.00	  0.00	 -2.25	  0.72	  1.53	
  0.00	 -0.58	 -0.09	 -0.00	  0.00	 -0.00	 -0.00	  0.00	  0.00	 -0.00	  0.00	 -2.36	  0.73	  1.63	
  0.00	 -0.60	 -0.08	 -0.00	  0.00	 -0.00	 -0.00	  0.00	  0.00	 -0.00	  0.00	 -2.48	  0.74	  1.74	
  0.00	 -0.62	 -0.07	 -0.00	  0.00	 -0.00	 -0.00	  0.00	  0.00	 -0.00	  0.00	 -2.60	  0.74	  1.86	
  0.00	 -0.64	 -0.06	 -0.00	  0.00	 -0.00	 -0.00	  0.00	  0.00	 -0.00	  0.00	 -2.73	  0.75	  1.98	
  0.00	 -0.66	 -0.05	 -0.00	  0.00	 -0.00	 -0.00	  0.00	  0.00	 -0.01	  0.00	 -2.87	  0.76	  2.11	
  0.00	 -0.68	 -0.03	 -0.00	  0.00	 -0.00	 -0.00	  0.00	  0.00	 -0.01	  0.00	 -3.01	  0.76	  2.25	
  0.00	 -0.69	 -0.02	 -0.00	  0.01	 -0.01	 -0.00	  0.01	  0.00	 -0.01	  0.00	 -3.16	  0.77	  2.39	
  0.00	 -0.71	 -0.01	 -0.00	  0.01	 -0.01	 -0.00	  0.01	  0.00	 -0.01	  0.00	 -3.32	  0.77	  2.55	
  0.00	 -0.73	  0.01	 -0.00	  0.01	 -0.01	 -0.00	  0.01	  0.00	 -0.01	  0.00	 -3.49	  0.78	  2.71	
  0.00	 -0.75	  0.02	 -0.00	  0.01	 -0.01	 -0.00	  0.01	  0.00	 -0.01	  0.00	 -3.67	  0.78	  2.88	
  0.00	 -0.77	  0.03	 -0.00	  0.01	 -0.01	 -0.00	  0.01	  0.00	 -0.01	  0.00	 -3.85	  0.79	  3.06	
  0.00	 -0.79	  0.05	 -0.00	  0.01	 -0.01	 -0.00	  0.01	  0.00	 -0.01	  0.00	 -4.04	  0.79	  3.25	
  0.00	 -0.80	  0.06	 -0.00	  0.01	 -0.01	 -0.00	  0.01	  0.00	 -0.01	  0.00	 -4.24	  0.80	  3.44	
  0.00	 -0.82	  0.08	 -0.00	  0.01	 -0.01	 -0.00	  0.01	  0.00	 -0.02	  0.00	 -4.44	  0.80	  3.65	
  0.00	 -0.84	  0.09	 -0.00	  0.01	 -0.01	 -0.00	  0.01	  0.00	 -0.02	  0.00	 -4.65	  0.80	  3.85	
  0.00	 -0.85	  0.10	 -0.00	  0.01	 -0.01	 -0.00	  0.01	  0.00	 -0.02	  0.00	 -4.87	  0.80	  4.07	
  0.00	 -0.87	  0.12	 -0.00	  0.01	 -0.01	 -0.00	  0.02	  0.00	 -0.02	  0.00	 -5.08	  0.80	  4.28	
  0.00	 -0.88	  0.13	 -0.00	  0.01	 -0.01	 -0.00	  0.02	  0.00	 -0.02	  0.00	 -5.30	  0.79	  4.50	
  0.00	 -0.90	  0.15	 -0.00	  0.02	 -0.01	 -0.00	  0.02	  0.00	 -0.02	  0.00	 -5.51	  0.79	  4.72	
  0.00	 -0.91	  0.16	 -0.00	  0.02	 -0.01	 -0.00	  0.02	  0.00	 -0.02	  0.00	 -5.71	  0.78	  4.93	
  0.00	 -0.92	  0.18	 -0.00	  0.02	 -0.01	 -0.00	  0.02	  0.00	 -0.02	  0.00	 -5.91	  0.77	  5.14	
  0.00	 -0.94	  0.19	 -0.00	  0.02	 -0.01	 -0.00	  0.02	  0.00	 -0.02	  0.00	 -6.08	  0.76	  5.33	
  0.00	 -0.95	  0.21	 -0.00	  0.02	 -0.01	 -0.00	  0.02	  0.00	 -0.03	  0.00	 -6.24	  0.74	  5.50	
  0.00	 -0.96	  0.22	 -0.00	  0.02	 -0.01	 -0.00	  0.03	  0.00	 -0.03	  0.00	 -6.35	  0.71	  5.64	
  0.00	 -0.97	  0.24	 -0.00	  0.02	 -0.01	 -0.00	  0.03	  0.00	 -0.03	  0.00	 -6.43	  0.68	  5.75	
  0.00	 -0.98	  0.25	 -0.00	  0.02	 -0.01	 -0.00	  0.03	  0.00	 -0.03	  0.00	 -6.45	  0.64	  5.81	
  0.00	 -0.98	  0.26	 -0.00	  0.02	 -0.01	 -0.00	  0.03	  0.00	 -0.03	  0.00	 -6.41	  0.59	  5.82	
  0.00	 -0.99	  0.28	 -0.00	  0.02	 -0.01	 -0.00	  0.03	  0.00	 -0.03	  0.00	 -6.29	  0.53	  5.76	
  0.00	 -1.00	  0.29	 -0.00	  0.02	 -0.02	 -0.00	  0.03	  0.00	 -0.03	  0.00	 -6.08	  0.46	  5.62	
  0.00	 -1.00	  0.30	 -0.00	  0.02	 -0.02	 -0.00	  0.03	 -0.00	 -0.03	  0.00	 -5.77	  0.37	  5.40	
  0.00	 -1.01	  0.32	 -0.00	  0.03	 -0.02	 -0.00	  0.04	 -0.00	 -0.04	  0.00	 -5.37	  0.27	  5.09	
  0.00	 -1.01	  0.33	 -0.00	  0.03	 -0.02	 -0.00	  0.04	 -0.00	 -0.04	  0.00	 -4.87	  0.16	  4.71	
  0.00	 -1.01	  0.34	 -0.00	  0.03	 -0.02	 -0.00	  0.04	 -0.00	 -0.04	  0.00	 -4.32	  0.04	  4.28	
  0.00	 -1.01	  0.35	 -0.00	  0.03	 -0.02	 -0.00	  0.04	 -0.00	 -0.04	  0.00	 -3.73	 -0.08	  3.81	
  0.00	 -1.01	  0.36	 -0.00	  0.03	 -0.02	 -0.00	  0.04	 -0.00	 -0.04	  0.00	 -3.15	 -0.20	  3.35	
  0.00	 -1.01	  0.37	 -0.00	  0.03	 -0.02	 -0.00	  0.05	 -0.00	 -0.04	  0.00	 -2.60	 -0.31	  2.91	
  0.00	 -1.01	  0.38	 -0.00	  0.03	 -0.02	 -0.00	  0.05	 -0.00	 -0.04	  0.00	 -2.10	 -0.41	  2.51	
  0.00	 -1.01	  0.39	 -0.00	  0.03	 -0.02	 -0.00	  0.05	 -0.01	 -0.04	  0.00	 -1.67	 -0.49	  2.16	
  0.00	 -1.00	  0.40	 -0.00	  0.03	 -0.02	 -0.00	  0.05	 -0.01	 -0.05	  0.00	 -1.31	 -0.56	  1.87	
  0.00	 -1.00	  0.41	 -0.00	  0.03	 -0.02	 -0.00	  0.05	 -0.01	 -0.05	  0.00	 -1.01	 -0.61	  1.62	
  0.00	 -0.99	  0.42	 -0.00	  0.03	 -0.02	 -0.00	  0.06	 -0.01	 -0.05	  0.00	 -0.76	 -0.66	  1.42	
  0.00	 -0.98	  0.42	 -0.00	  0.04	 -0.02	 -0.00	  0.06	 -0.01	 -0.05	  0.00	 -0.55	 -0.69	  1.25	
  0.00	 -0.98	  0.43	 -0.00	  0.04	 -0.02	 -0.00	  0.06	 -0.01	 -0.05	  0.00	 -0.38	 -0.72	  1.11	
  0.00	 -0.97	  0.43	 -0.00	  0.04	 -0.02	 -0.00	  0.06	 -0.01	 -0.05	  0.00	 -0.25	 -0.74	  0.99	
  0.00	 -0.96	  0.44	 -0.00	  0.04	 -0.02	 -0.00	  0.06	 -0.01	 -0.05	  0.00	 -0.13	 -0.76	  0.89	
  0.00	 -0.95	  0.44	 -0.00	  0.04	 -0.02	 -0.00	  0.07	 -0.01	 -0.05	  0.00	 -0.04	 -0.77	  0.81	
  0.00	 -0.94	  0.45	 -0.00	  0.04	 -0.02	 -0.00	  0.07	 -0.01	 -0.06	  0.00	  0.04	 -0.78	  0.74	
  0.00	 -0.93	  0.45	 -0.00	  0.04	 -0.02	 -0.00	  0.07	 -0.01	 -0.06	  0.00	  0.10	 -0.78	  0.69	
  0.00	 -0.91	  0.45	 -0.00	  0.04	 -0.02	 -0.00	  0.07	 -0.02	 -0.06	  0.00	  0.15	 -0.79	  0.64	
  0.00	 -0.90	  0.46	 -0.00	  0.04	 -0.02	 -0.00	  0.08	 -0.02	 -0.06	  0.00	  0.19	 -0.79	  0.59	
  0.00	 -0.89	  0.46	 -0.00	  0.04	 -0.02	 -0.00	  0.08	 -0.02	 -0.06	  0.00	  0.23	 -0.78	  0.55	
  0.00	 -0.87	  0.46	 -0.00	  0.05	 -0.02	 -0.00	  0.08	 -0.02	 -0.06	  0.00	  0.26	 -0.78	  0.52	
  0.00	 -0.86	  0.46	 -0.00	  0.05	 -0.01	 -0.00	  0.08	 -0.02	 -0.06	  0.00	  0.28	 -0.77	  0.49	
  0.00	 -0.84	  0.46	 -0.00	  0.05	 -0.01	 -0.00	  0.09	 -0.02	 -0.06	  0.00	  0.30	 -0.77	  0.46	
  0.00	 -0.83	  0.45	 -0.00	  0.05	 -0.01	 -0.00	  0.09	 -0.02	 -0.07	  0.00	  0.32	 -0.76	  0.44	
  0.00	 -0.81	  0.45	 -0.00	  0.05	 -0.01	 -0.00	  0.09	 -0.02	 -0.07	  0.00	  0.33	 -0.75	  0.42	
  0.00	 -0.79	  0.45	 -0.00	  0.05	 -0.01	 -0.00	  0.09	 -0.03	 -0.07	  0.00	  0.34	 -0.74	  0.40	
  0.00	 -0.77	  0.44	 -0.00	  0.05	 -0.01	 -0.00	  0.10	 -0.03	 -0.07	  0.00	  0.35	 -0.73	  0.38	
  0.00	 -0.75	  0.44	 -0.00	  0.05	 -0.01	 -0.00	  0.10	 -0.03	 -0.07	  0.00	  0.35	 -0.71	  0.36	
  0.00	 -0.73	  0.43	 -0.00	  0.05	 -0.01	 -0.00	  0.10	 -0.03	 -0.07	  0.00	  0.36	 -0.70	  0.34	
  0.00	 -0.71	  0.43	 -0.00	  0.05	 -0.01	 -0.00	  0.10	 -0.03	 -0.07	  0.00	  0.36	 -0.68	  0.33	
  0.00	 -0.69	  0.42	 -0.00	  0.06	 -0.01	 -0.00	  0.11	 -0.03	 -0.07	  0.00	  0.36	 -0.67	  0.31	
  0.00	 -0.67	  0.41	 -0.00	  0.06	 -0.01	 -0.00	  0.11	 -0.03	 -0.08	  0.00	  0.35	 -0.65	  0.30	
  0.00	 -0.65	  0.41	 -0.00	  0.06	 -0.01	 -0.00	  0.11	 -0.04	 -0.08	  0.00	  0.35	 -0.64	  0.28	
  0.00	 -0.63	  0.40	 -0.00	  0.06	 -0.01	 -0.00	  0.12	 -0.04	 -0.08	  0.00	  0.35	 -0.62	  0.27	
  0.00	 -0.61	  0.39	 -0.00	  0.06	 -0.01	 -0.00	  0.12	 -0.04	 -0.08	  0.00	  0.34	 -0.60	  0.26	
  0.00	 -0.59	  0.38	 -0.00	  0.06	 -0.01	 -0.00	  0.12	 -0.04	 -0.08	  0.00	  0.34	 -0.58	  0.24	
  0.00	 -0.57	  0.37	 -0.00	  0.06	 -0.01	 -0.00	  0.12	 -0.04	 -0.08	  0.00	  0.33	 -0.56	  0.23	
  0.00	 -0.54	  0.36	 -0.00	  0.06	 -0.01	 -0.00	  0.13	 -0.04	 -0.08	  0.00	  0.32	 -0.54	  0.22	
  0.00	 -0.52	  0.35	 -0.00	  0.06	 -0.01	 -0.00	  0.13	 -0.05	 -0.08	  0.00	  0.32	 -0.52	  0.21	
  0.00	 -0.50	  0.33	 -0.00	  0.07	 -0.01	 -0.00	  0.13	 -0.05	 -0.09	  0.00	  0.31	 -0.50	  0.19	
  0.00	 -0.47	  0.32	 -0.00	  0.07	 -0.01	 -0.00	  0.14	 -0.05	 -0.09	  0.00	  0.30	 -0.48	  0.18	
  0.00	 -0.45	  0.31	 -0.00	  0.07	 -0.01	 -0.00	  0.14	 -0.05	 -0.09	  0.00	  0.29	 -0.46	  0.17	
  0.00	 -0.43	  0.30	 -0.00	  0.07	 -0.01	 -0.00	  0.14	 -0.05	 -0.09	  0.00	  0.28	 -0.44	  0.16	
  0.00	 -0.40	  0.28	 -0.00	  0.07	 -0.00	 -0.00	  0.15	 -0.06	 -0.09	  0.00	  0.27	 -0.42	  0.15	
  0.00	 -0.38	  0.27	 -0.00	  0.07	 -0.00	 -0.00	  0.15	 -0.06	 -0.09	  0.00	  0.26	 -0.39	  0.13	
  0.00	 -0.36	  0.25	 -0.00	  0.07	 -0.00	 -0.00	  0.15	 -0.06	 -0.09	  0.00	  0.25	 -0.37	  0.12	
  0.00	 -0.33	  0.24	 -0.00	  0.07	 -0.00	 -0.00	  0.16	 -0.06	 -0.09	  0.00	  0.24	 -0.35	  0.11	
  0.00	 -0.31	  0.23	 -0.00	  0.07	 -0.00	 -0.00	  0.16	 -0.06	 -0.09	  0.00	  0.23	 -0.33	  0.10	
  0.00	 -0.29	  0.21	 -0.00	  0.07	 -0.00	 -0.00	  0.16	 -0.07	 -0.10	  0.00	  0.22	 -0.30	  0.09	
  0.00	 -0.26	  0.20	 -0.00	  0.08	  0.00	 -0.00	  0.17	 -0.07	 -0.10	  0.00	  0.21	 -0.28	  0.07	
  0.00	 -0.24	  0.18	 -0.00	  0.08	  0.00	 -0.00	  0.17	 -0.07	 -0.10	  0.00	  0.19	 -0.26	  0.06	
  0.00	 -0.22	  0.17	 -0.00	  0.08	  0.00	 -0.00	  0.17	 -0.07	 -0.10	  0.00	  0.18	 -0.23	  0.05	
  0.00	 -0.19	  0.15	 -0.00	  0.08	  0.00	 -0.00	  0.18	 -0.08	 -0.10	  0.00	  0.17	 -0.21	  0.04	
  0.00	 -0.17	  0.14	 -0.00	  0.08	  0.00	 -0.00	  0.18	 -0.08	 -0.10	  0.00	  0.16	 -0.19	  0.03	
  0.00	 -0.15	  0.12	 -0.00	  0.08	  0.01	 -0.00	  0.18	 -0.08	 -0.10	  0.00	  0.15	 -0.17	  0.02	
  0.00	 -0.13	  0.11	 -0.00	  0.08	  0.01	 -0.00	  0.19	 -0.08	 -0.10	  0.00	  0.14	 -0.15	  0.01	
  0.00	 -0.11	  0.09	 -0.00	  0.08	  0.01	 -0.00	  0.19	 -0.09	 -0.10	  0.00	  0.13	 -0.12	 -0.01	
  0.00	 -0.09	  0.08	 -0.00	  0.08	  0.01	 -0.00	  0.19	 -0.09	 -0.10	  0.00	  0.12	 -0.10	 -0.02	
  0.00	 -0.07	  0.07	 -0.00	  0.09	  0.01	 -0.00	  0.20	 -0.09	 -0.11	  0.00	  0.11	 -0.08	 -0.03	
  0.00	 -0.05	  0.05	 -0.00	  0.09	  0.01	 -0.00	  0.20	 -0.09	 -0.11	  0.00	  0.10	 -0.06	 -0.04	
  0.00	 -0.03	  0.04	 -0.00	  0.09	  0.01	 -0.00	  0.20	 -0.10	 -0.11	  0.00	  0.09	 -0.04	 -0.05	
  0.00	 -0.01	  0.03	 -0.00	  0.09	  0.01	 -0.00	  0.21	 -0.10	 -0.11	  0.00	  0.08	 -0.02	 -0.06	
  0.00	  0.01	  0.01	 -0.00	  0.09	  0.01	 -0.00	  0.21	 -0.10	 -0.11	  0.00	  0.08	 -0.01	 -0.07	
  0.00	  0.03	  0.00	 -0.00	  0.09	  0.02	 -0.00	  0.21	 -0.10	 -0.11	  0.00	  0.07	  0.01	 -0.08	
  0.00	  0.05	 -0.01	 -0.00	  0.09	  0.02	 -0.00	  0.22	 -0.11	 -0.11	  0.00	  0.06	  0.03	 -0.09	
 -0.00	  0.06	 -0.02	 -0.00	  0.09	  0.02	 -0.00	  0.22	 -0.11	 -0.11	 -0.00	  0.06	  0.04	 -0.10	
 -0.00	  0.08	 -0.03	 -0.00	  0.09	  0.02	 -0.00	  0.22	 -0.11	 -0.11	 -0.00	  0.05	  0.06	 -0.11	
 -0.00	  0.09	 -0.04	 -0.00	  0.10	  0.02	 -0.00	  0.23	 -0.12	 -0.11	 -0.00	  0.05	  0.07	 -0.12	
 -0.00	  0.10	 -0.05	 -0.00	  0.10	  0.02	 -0.00	  0.23	 -0.12	 -0.11	 -0.00	  0.04	  0.08	 -0.13	
 -0.00	  0.12	 -0.06	 -0.00	  0.10	  0.02	 -0.00	  0.24	 -0.12	 -0.11	 -0.00	  0.04	  0.10	 -0.14	
 -0.00	  0.13	 -0.06	 -0.00	  0.10	  0.02	 -0.00	  0.24	 -0.12	 -0.12	 -0.00	  0.04	  0.11	 -0.14	
 -0.00	  0.14	 -0.07	 -0.00	  0.10	  0.03	 -0.00	  0.24	 -0.13	 -0.12	 -0.00	  0.04	  0.11	 -0.15	
 -0.00	  0.15	 -0.07	 -0.00	  0.10	  0.03	 -0.00	  0.25	 -0.13	 -0.12	 -0.00	  0.04	  0.12	 -0.16	
 -0.00	  0.15	 -0.08	 -0.00	  0.10	  0.03	 -0.00	  0.25	 -0.13	 -0.12	 -0.00	  0.04	  0.13	 -0.17	
 -0.00	  0.16	 -0.08	 -0.00	  0.10	  0.03	 -0.00	  0.25	 -0.14	 -0.12	 -0.00	  0.04	  0.13	 -0.17	
 -0.00	  0.16	 -0.08	 -0.00	  0.10	  0.03	 -0.00	  0.26	 -0.14	 -0.12	 -0.00	  0.04	  0.14	 -0.18	
 -0.00	  0.17	 -0.08	 -0.00	  0.10	  0.03	 -0.00	  0.26	 -0.14	 -0.12	 -0.00	  0.05	  0.14	 -0.19	
 -0.00	  0.17	 -0.08	 -0.00	  0.11	  0.03	 -0.00	  0.27	 -0.15	 -0.12	 -0.00	  0.05	  0.14	 -0.19	
 -0.00	  0.17	 -0.08	 -0.00	  0.11	  0.04	 -0.00	  0.27	 -0.15	 -0.12	 -0.00	  0.06	  0.14	 -0.20	
 -0.00	  0.17	 -0.08	 -0.00	  0.11	  0.04	 -0.00	  0.27	 -0.15	 -0.12	 -0.00	  0.06	  0.14	 -0.20	
 -0.00	  0.18	 -0.08	 -0.00	  0.11	  0.04	 -0.00	  0.28	 -0.16	 -0.12	 -0.00	  0.07	  0.14	 -0.21	
 -0.00	  0.18	 -0.08	 -0.00	  0.11	  0.04	 -0.00	  0.28	 -0.16	 -0.12	 -0.00	  0.07	  0.14	 -0.21	
 -0.00	  0.18	 -0.09	 -0.00	  0.11	  0.04	 -0.00	  0.28	 -0.16	 -0.12	 -0.00	  0.08	  0.15	 -0.22	
 -0.00	  0.18	 -0.09	 -0.00	  0.11	  0.04	 -0.00	  0.29	 -0.16	 -0.12	 -0.00	  0.08	  0.15	 -0.23	
 -0.00	  0.19	 -0.09	 -0.00	  0.11	  0.05	 -0.00	  0.29	 -0.17	 -0.12	 -0.00	  0.09	  0.15	 -0.23	
 -0.00	  0.19	 -0.09	 -0.00	  0.11	  0.05	 -0.00	  0.29	 -0.17	 -0.12	 -0.00	  0.09	  0.15	 -0.24	
 -0.00	  0.19	 -0.09	 -0.00	  0.11	  0.05	 -0.00	  0.29	 -0.17	 -0.12	 -0.00	  0.10	  0.15	 -0.25	
 -0.00	  0.19	 -0.09	 -0.00	  0.11	  0.05	 -0.00	  0.30	 -0.18	 -0.12	 -0.00	  0.10	  0.15	 -0.25	
 -0.00	  0.20	 -0.09	 -0.00	  0.11	  0.05	 -0.00	  0.30	 -0.18	 -0.12	 -0.00	  0.11	  0.15	 -0.26	
 -0.00	  0.20	 -0.09	 -0.00	  0.11	  0.05	 -0.00	  0.30	 -0.18	 -0.12	 -0.00	  0.11	  0.15	 -0.26	
 -0.00	  0.20	 -0.09	 -0.00	  0.11	  0.06	 -0.00	  0.30	 -0.18	 -0.12	 -0.00	  0.12	  0.15	 -0.27	
 -0.00	  0.20	 -0.09	 -0.00	  0.12	  0.06	 -0.00	  0.31	 -0.19	 -0.12	 -0.00	  0.12	  0.15	 -0.28	
 -0.00	  0.21	 -0.09	 -0.00	  0.12	  0.06	 -0.00	  0.31	 -0.19	 -0.12	 -0.00	  0.13	  0.15	 -0.28	
 -0.00	  0.21	 -0.09	 -0.00	  0.12	  0.06	 -0.00	  0.31	 -0.19	 -0.12	 -0.00	  0.14	  0.15	 -0.29	
 -0.00	  0.21	 -0.09	 -0.00	  0.12	  0.06	 -0.00	  0.31	 -0.20	 -0.12	 -0.00	  0.14	  0.15	 -0.30	
 -0.00	  0.21	 -0.09	 -0.00	  0.12	  0.06	 -0.00	  0.31	 -0.20	 -0.12	 -0.00	  0.15	  0.15	 -0.30	
 -0.00	  0.21	 -0.09	 -0.00	  0.12	  0.07	 -0.00	  0.32	 -0.20	 -0.12	 -0.00	  0.16	  0.15	 -0.31	
 -0.00	  0.22	 -0.09	 -0.00	  0.12	  0.07	 -0.00	  0.32	 -0.20	 -0.12	 -0.00	  0.16	  0.15	 -0.32	
 -0.00	  0.22	 -0.09	 -0.00	  0.12	  0.07	 -0.00	  0.32	 -0.21	 -0.12	 -0.00	  0.17	  0.15	 -0.32	
 -0.00	  0.22	 -0.09	 -0.00	  0.12	  0.07	 -0.00	  0.32	 -0.21	 -0.11	 -0.00	  0.18	  0.15	 -0.33	
 -0.00	  0.22	 -0.09	 -0.00	  0.12	  0.07	 -0.00	  0.32	 -0.21	 -0.11	 -0.00	  0.18	  0.15	 -0.34	
 -0.00	  0.22	 -0.09	 -0.00	  0.12	  0.07	 -0.00	  0.33	 -0.21	 -0.11	 -0.00	  0.19	  0.15	 -0.34	
 -0.00	  0.22	 -0.09	 -0.00	  0.12	  0.07	 -0.00	  0.33	 -0.22	 -0.11	 -0.00	  0.20	  0.15	 -0.35	
 -0.00	  0.23	 -0.09	 -0.00	  0.12	  0.08	 -0.00	  0.33	 -0.22	 -0.11	 -0.00	  0.21	  0.15	 -0.36	
 -0.00	  0.23	 -0.09	 -0.00	  0.12	  0.08	 -0.00	  0.33	 -0.22	 -0.11	 -0.00	  0.21	  0.15	 -0.37	
 -0.00	  0.23	 -0.08	 -0.00	  0.12	  0.08	 -0.00	  0.33	 -0.22	 -0.11	 -0.00	  0.22	  0.15	 -0.37	
 -0.00	  0.23	 -0.08	 -0.00	  0.12	  0.08	 -0.00	  0.33	 -0.22	 -0.11	 -0.00	  0.23	  0.15	 -0.38	
 -0.00	  0.23	 -0.08	 -0.00	  0.12	  0.08	 -0.00	  0.33	 -0.23	 -0.11	 -0.00	  0.24	  0.15	 -0.39	
 -0.00	  0.23	 -0.08	 -0.00	  0.12	  0.08	 -0.00	  0.33	 -0.23	 -0.11	 -0.00	  0.24	  0.15	 -0.39	
 -0.00	  0.23	 -0.08	 -0.00	  0.12	  0.09	 -0.00	  0.33	 -0.23	 -0.10	 -0.00	  0.25	  0.15	 -0.40	
 -0.00	  0.24	 -0.08	 -0.00	  0.12	  0.09	 -0.00	  0.34	 -0.23	 -0.10	 -0.00	  0.26	  0.15	 -0.41	
 -0.00	  0.24	 -0.08	 -0.00	  0.12	  0.09	 -0.00	  0.34	 -0.23	 -0.10	 -0.00	  0.27	  0.15	 -0.42	
 -0.00	  0.24	 -0.08	 -0.00	  0.12	  0.09	 -0.00	  0.34	 -0.24	 -0.10	 -0.00	  0.28	  0.15	 -0.42	
 -0.00	  0.24	 -0.08	 -0.00	  0.12	  0.09	 -0.00	  0.34	 -0.24	 -0.10	 -0.00	  0.29	  0.14	 -0.43	
 -0.00	  0.24	 -0.08	 -0.00	  0.12	  0.09	 -0.00	  0.34	 -0.24	 -0.10	 -0.00	  0.30	  0.14	 -0.44	
 -0.00	  0.24	 -0.08	 -0.00	  0.11	  0.10	 -0.00	  0.34	 -0.24	 -0.10	 -0.00	  0.31	  0.14	 -0.45	
 -0.00	  0.24	 -0.08	 -0.00	  0.11	  0.10	 -0.00	  0.34	 -0.24	 -0.09	 -0.00	  0.31	  0.14	 -0.46	
 -0.00	  0.24	 -0.08	 -0.00	  0.11	  0.10	 -0.00	  0.34	 -0.25	 -0.09	 -0.00	  0.32	  0.14	 -0.46	
 -0.00	  0.24	 -0.08	 -0.00	  0.11	  0.10	 -0.00	  0.34	 -0.25	 -0.09	 -0.00	  0.33	  0.14	 -0.47	
 -0.00	  0.25	 -0.08	 -0.00	  0.11	  0.10	 -0.00	  0.34	 -0.25	 -0.09	 -0.00	  0.34	  0.14	 -0.48	
 -0.00	  0.25	 -0.08	 -0.00	  0.11	  0.10	 -0.00	  0.34	 -0.25	 -0.09	 -0.00	  0.35	  0.13	 -0.49	
 -0.00	  0.25	 -0.08	 -0.00	  0.11	  0.10	 -0.00	  0.34	 -0.25	 -0.09	 -0.00	  0.36	  0.13	 -0.50	
 -0.00	  0.25	 -0.07	 -0.00	  0.11	  0.11	 -0.00	  0.34	 -0.26	 -0.09	 -0.00	  0.37	  0.13	 -0.50	
 -0.00	  0.25	 -0.07	 -0.00	  0.11	  0.11	 -0.00	  0.34	 -0.26	 -0.08	 -0.00	  0.38	  0.13	 -0.51	
 -0.00	  0.25	 -0.07	 -0.00	  0.11	  0.11	 -0.00	  0.34	 -0.26	 -0.08	 -0.00	  0.39	  0.13	 -0.52	
 -0.00	  0.25	 -0.07	 -0.00	  0.11	  0.11	 -0.00	  0.34	 -0.26	 -0.08	 -0.00	  0.40	  0.12	 -0.53	
 -0.00	  0.25	 -0.07	 -0.00	  0.11	  0.11	 -0.00	  0.34	 -0.26	 -0.08	 -0.00	  0.41	  0.12	 -0.54	
 -0.00	  0.25	 -0.07	 -0.00	  0.11	  0.11	 -0.00	  0.34	 -0.26	 -0.08	 -0.00	  0.42	  0.12	 -0.54	
 -0.00	  0.25	 -0.07	 -0.00	  0.11	  0.11	 -0.00	  0.34	 -0.26	 -0.07	 -0.00	  0.44	  0.12	 -0.55	
 -0.00	  0.25	 -0.07	 -0.00	  0.11	  0.12	 -0.00	  0.34	 -0.27	 -0.07	 -0.00	  0.45	  0.12	 -0.56	
 -0.00	  0.25	 -0.07	 -0.00	  0.10	  0.12	 -0.00	  0.34	 -0.27	 -0.07	 -0.00	  0.46	  0.11	 -0.57	
 -0.00	  0.25	 -0.07	 -0.00	  0.10	  0.12	 -0.00	  0.34	 -0.27	 -0.07	 -0.00	  0.47	  0.11	 -0.58	
 -0.00	  0.25	 -0.06	 -0.00	  0.10	  0.12	 -0.00	  0.34	 -0.27	 -0.07	 -0.00	  0.48	  0.11	 -0.59	
 -0.00	  0.25	 -0.06	 -0.00	  0.10	  0.12	 -0.00	  0.34	 -0.27	 -0.07	 -0.00	  0.49	  0.10	 -0.59	
 -0.00	  0.25	 -0.06	 -0.00	  0.10	  0.12	 -0.00	  0.34	 -0.27	 -0.06	 -0.00	  0.50	  0.10	 -0.60	
 -0.00	  0.25	 -0.06	 -0.00	  0.10	  0.12	 -0.00	  0.34	 -0.27	 -0.06	 -0.00	  0.51	  0.10	 -0.61	
 -0.00	  0.25	 -0.06	 -0.00	  0.10	  0.13	 -0.00	  0.33	 -0.27	 -0.06	 -0.00	  0.52	  0.10	 -0.62	
 -0.00	  0.25	 -0.06	 -0.00	  0.10	  0.13	 -0.00	  0.33	 -0.28	 -0.06	 -0.00	  0.53	  0.09	 -0.63	
 -0.00	  0.25	 -0.06	 -0.00	  0.10	  0.13	 -0.00	  0.33	 -0.28	 -0.06	 -0.00	  0.54	  0.09	 -0.64	
 -0.00	  0.25	 -0.06	 -0.00	  0.10	  0.13	 -0.00	  0.33	 -0.28	 -0.05	 -0.00	  0.56	  0.09	 -0.64	
 -0.00	  0.25	 -0.06	 -0.00	  0.09	  0.13	 -0.00	  0.33	 -0.28	 -0.05	 -0.00	  0.57	  0.08	 -0.65	
 -0.00	  0.25	 -0.05	 -0.00	  0.09	  0.13	 -0.00	  0.33	 -0.28	 -0.05	 -0.00	  0.58	  0.08	 -0.66	
 -0.00	  0.25	 -0.05	 -0.00	  0.09	  0.13	 -0.00	  0.33	 -0.28	 -0.05	 -0.00	  0.59	  0.08	 -0.67	
 -0.00	  0.25	 -0.05	 -0.00	  0.09	  0.14	 -0.00	  0.33	 -0.28	 -0.05	 -0.00	  0.60	  0.07	 -0.67	
 -0.00	  0.25	 -0.05	 -0.00	  0.09	  0.14	 -0.00	  0.33	 -0.28	 -0.04	 -0.00	  0.61	  0.07	 -0.68	
 -0.00	  0.25	 -0.05	 -0.00	  0.09	  0.14	 -0.00	  0.33	 -0.28	 -0.04	 -0.00	  0.62	  0.07	 -0.69	
 -0.00	  0.25	 -0.05	 -0.00	  0.09	  0.14	 -0.00	  0.32	 -0.28	 -0.04	 -0.00	  0.63	  0.06	 -0.70	
 -0.00	  0.25	 -0.05	 -0.00	  0.09	  0.14	 -0.00	  0.32	 -0.28	 -0.04	 -0.00	  0.64	  0.06	 -0.70	
  0.00	  0.25	 -0.04	  0.00	  0.08	  0.14	  0.00	  0.32	 -0.28	 -0.04	  0.00	  0.66	  0.06	 -0.71	
  0.00	  0.25	 -0.04	  0.00	  0.08	  0.14	  0.00	  0.32	 -0.29	 -0.03	  0.00	  0.67	  0.05	 -0.72	
  0.00	  0.25	 -0.04	  0.00	  0.08	  0.14	  0.00	  0.32	 -0.29	 -0.03	  0.00	  0.68	  0.05	 -0.72	
  0.00	  0.25	 -0.04	  0.00	  0.08	  0.15	  0.00	  0.32	 -0.29	 -0.03	  0.00	  0.69	  0.05	 -0.73	
  0.00	  0.25	 -0.04	  0.00	  0.08	  0.15	  0.00	  0.32	 -0.29	 -0.03	  0.00	  0.70	  0.04	 -0.74	
  0.00	  0.25	 -0.04	  0.00	  0.08	  0.15	  0.00	  0.31	 -0.29	 -0.03	  0.00	  0.71	  0.04	 -0.74	
  0.00	  0.24	 -0.04	  0.00	  0.08	  0.15	  0.00	  0.31	 -0.29	 -0.02	  0.00	  0.72	  0.03	 -0.75	
  0.00	  0.24	 -0.04	  0.00	  0.07	  0.15	  0.00	  0.31	 -0.29	 -0.02	  0.00	  0.72	  0.03	 -0.75	
  0.00	  0.24	 -0.03	  0.00	  0.07	  0.15	  0.00	  0.31	 -0.29	 -0.02	  0.00	  0.73	  0.03	 -0.76	
  0.00	  0.24	 -0.03	  0.00	  0.07	  0.15	  0.00	  0.31	 -0.29	 -0.02	  0.00	  0.74	  0.02	 -0.77	
  0.00	  0.24	 -0.03	  0.00	  0.07	  0.15	  0.00	  0.31	 -0.29	 -0.02	  0.00	  0.75	  0.02	 -0.77	
  0.00	  0.24	 -0.03	  0.00	  0.07	  0.15	  0.00	  0.30	 -0.29	 -0.02	  0.00	  0.76	  0.02	 -0.77	
  0.00	  0.24	 -0.03	  0.00	  0.07	  0.15	  0.00	  0.30	 -0.29	 -0.01	  0.00	  0.77	  0.01	 -0.78	
  0.00	  0.24	 -0.03	  0.00	  0.07	  0.15	  0.00	  0.30	 -0.29	 -0.01	  0.00	  0.77	  0.01	 -0.78	
  0.00	  0.24	 -0.03	  0.00	  0.06	  0.16	  0.00	  0.30	 -0.29	 -0.01	  0.00	  0.78	  0.00	 -0.79	
  0.00	  0.24	 -0.02	  0.00	  0.06	  0.16	  0.00	  0.30	 -0.29	 -0.01	  0.00	  0.79	  0.00	 -0.79	
  0.00	  0.23	 -0.02	  0.00	  0.06	  0.16	  0.00	  0.29	 -0.29	 -0.01	  0.00	  0.79	 -0.00	 -0.79	
  0.00	  0.23	 -0.02	  0.00	  0.06	  0.16	  0.00	  0.29	 -0.29	 -0.01	  0.00	  0.80	 -0.01	 -0.79	
  0.00	  0.23	 -0.02	  0.00	  0.06	  0.16	  0.00	  0.29	 -0.29	 -0.00	  0.00	  0.81	 -0.01	 -0.80	
  0.00	  0.23	 -0.02	  0.00	  0.06	  0.16	  0.00	  0.29	 -0.29	 -0.00	  0.00	  0.81	 -0.01	 -0.80	
  0.00	  0.23	 -0.02	  0.00	  0.06	  0.16	  0.00	  0.29	 -0.29	 -0.00	  0.00	  0.82	 -0.02	 -0.80	
  0.00	  0.23	 -0.02	  0.00	  0.06	  0.16	  0.00	  0.29	 -0.29	  0.00	  0.00	  0.82	 -0.02	 -0.80	
  0.00	  0.23	 -0.02	  0.00	  0.05	  0.16	  0.00	  0.28	 -0.29	  0.00	  0.00	  0.83	 -0.02	 -0.80	
  0.00	  0.22	 -0.01	  0.00	  0.05	  0.16	  0.00	  0.28	 -0.29	  0.00	  0.00	  0.83	 -0.03	 -0.80	
  0.00	  0.22	 -0.01	  0.00	  0.05	  0.16	  0.00	  0.28	 -0.28	  0.01	  0.00	  0.83	 -0.03	 -0.80	
  0.00	  0.22	 -0.01	  0.00	  0.05	  0.16	  0.00	  0.28	 -0.28	  0.01	  0.00	  0.84	 -0.03	 -0.80	
  0.00	  0.22	 -0.01	  0.00	  0.05	  0.16	  0.00	  0.27	 -0.28	  0.01	  0.00	  0.84	 -0.04	 -0.80	
  0.00	  0.22	 -0.01	  0.00	  0.05	  0.16	  0.00	  0.27	 -0.28	  0.01	  0.00	  0.84	 -0.04	 -0.80	
  0.00	  0.22	 -0.01	  0.00	  0.05	  0.16	  0.00	  0.27	 -0.28	  0.01	  0.00	  0.84	 -0.04	 -0.80	
  0.00	  0.22	 -0.01	  0.00	  0.04	  0.16	  0.00	  0.27	 -0.28	  0.01	  0.00	  0.85	 -0.04	 -0.80	
  0.00	  0.21	 -0.01	  0.00	  0.04	  0.16	  0.00	  0.27	 -0.28	  0.01	  0.00	  0.85	 -0.05	 -0.80	
  0.00	  0.21	 -0.00	  0.00	  0.04	  0.16	  0.00	  0.26	 -0.28	  0.02	  0.00	  0.85	 -0.05	 -0.80	
  0.00	  0.21	 -0.00	  0.00	  0.04	  0.16	  0.00	  0.26	 -0.28	  0.02	  0.00	  0.85	 -0.05	 -0.79	
  0.00	  0.21	 -0.00	  0.00	  0.04	  0.16	  0.00	  0.26	 -0.28	  0.02	  0.00	  0.85	 -0.06	 -0.79	
  0.00	  0.21	 -0.00	  0.00	  0.04	  0.16	  0.00	  0.26	 -0.28	  0.02	  0.00	  0.85	 -0.06	 -0.79	
  0.00	  0.20	  0.00	  0.00	  0.04	  0.16	  0.00	  0.25	 -0.27	  0.02	  0.00	  0.85	 -0.06	 -0.79	
  0.00	  0.20	  0.00	  0.00	  0.04	  0.16	  0.00	  0.25	 -0.27	  0.02	  0.00	  0.85	 -0.06	 -0.78	
  0.00	  0.20	  0.00	  0.00	  0.03	  0.16	  0.00	  0.25	 -0.27	  0.02	  0.00	  0.84	 -0.07	 -0.78	
  0.00	  0.20	  0.00	  0.00	  0.03	  0.16	  0.00	  0.25	 -0.27	  0.02	  0.00	  0.84	 -0.07	 -0.77	
  0.00	  0.20	  0.00	  0.00	  0.03	  0.16	  0.00	  0.24	 -0.27	  0.02	  0.00	  0.84	 -0.07	 -0.77	
  0.00	  0.19	  0.01	  0.00	  0.03	  0.16	  0.00	  0.24	 -0.27	  0.03	  0.00	  0.84	 -0.07	 -0.76	
  0.00	  0.19	  0.01	  0.00	  0.03	  0.16	  0.00	  0.24	 -0.27	  0.03	  0.00	  0.83	 -0.08	 -0.76	
  0.00	  0.19	  0.01	  0.00	  0.03	  0.16	  0.00	  0.24	 -0.26	  0.03	  0.00	  0.83	 -0.08	 -0.75	
  0.00	  0.19	  0.01	  0.00	  0.03	  0.16	  0.00	  0.23	 -0.26	  0.03	  0.00	  0.83	 -0.08	 -0.75	
  0.00	  0.19	  0.01	  0.00	  0.03	  0.16	  0.00	  0.23	 -0.26	  0.03	  0.00	  0.82	 -0.08	 -0.74	
  0.00	  0.18	  0.01	  0.00	  0.02	  0.16	  0.00	  0.23	 -0.26	  0.03	  0.00	  0.82	 -0.08	 -0.74	
  0.00	  0.18	  0.01	  0.00	  0.02	  0.16	  0.00	  0.23	 -0.26	  0.03	  0.00	  0.81	 -0.08	 -0.73	
  0.00	  0.18	  0.01	  0.00	  0.02	  0.16	  0.00	  0.22	 -0.26	  0.03	  0.00	  0.81	 -0.09	 -0.72	
  0.00	  0.18	  0.01	  0.00	  0.02	  0.16	  0.00	  0.22	 -0.25	  0.03	  0.00	  0.80	 -0.09	 -0.71	
  0.00	  0.17	  0.01	  0.00	  0.02	  0.16	  0.00	  0.22	 -0.25	  0.03	  0.00	  0.80	 -0.09	 -0.71	
  0.00	  0.17	  0.02	  0.00	  0.02	  0.16	  0.00	  0.22	 -0.25	  0.03	  0.00	  0.79	 -0.09	 -0.70	
  0.00	  0.17	  0.02	  0.00	  0.02	  0.16	  0.00	  0.21	 -0.25	  0.04	  0.00	  0.78	 -0.09	 -0.69	
  0.00	  0.17	  0.02	  0.00	  0.02	  0.16	  0.00	  0.21	 -0.25	  0.04	  0.00	  0.78	 -0.09	 -0.68	
  0.00	  0.17	  0.02	  0.00	  0.01	  0.15	  0.00	  0.21	 -0.24	  0.04	  0.00	  0.77	 -0.09	 -0.68	
  0.00	  0.16	  0.02	  0.00	  0.01	  0.15	  0.00	  0.20	 -0.24	  0.04	  0.00	  0.76	 -0.10	 -0.67	
  0.00	  0.16	  0.02	  0.00	  0.01	  0.15	  0.00	  0.20	 -0.24	  0.04	  0.00	  0.76	 -0.10	 -0.66	
  0.00	  0.16	  0.02	  0.00	  0.01	  0.15	  0.00	  0.20	 -0.24	  0.04	  0.00	  0.75	 -0.10	 -0.65	
  0.00	  0.16	  0.02	  0.00	  0.01	  0.15	  0.00	  0.20	 -0.24	  0.04	  0.00	  0.74	 -0.10	 -0.64	
  0.00	  0.15	  0.02	  0.00	  0.01	  0.15	  0.00	  0.19	 -0.23	  0.04	  0.00	  0.73	 -0.10	 -0.63	
  0.00	  0.15	  0.02	  0.00	  0.01	  0.15	  0.00	  0.19	 -0.23	  0.04	  0.00	  0.72	 -0.10	 -0.62	
  0.00	  0.15	  0.02	  0.00	  0.01	  0.15	  0.00	  0.19	 -0.23	  0.04	  0.00	  0.71	 -0.10	 -0.61	
  0.00	  0.15	  0.02	  0.00	  0.01	  0.15	  0.00	  0.18	 -0.23	  0.04	  0.00	  0.71	 -0.10	 -0.60	
  0.00	  0.14	  0.02	  0.00	  0.01	  0.15	  0.00	  0.18	 -0.22	  0.04	  0.00	  0.70	 -0.10	 -0.60	
  0.00	  0.14	  0.03	  0.00	  0.00	  0.14	  0.00	  0.18	 -0.22	  0.04	  0.00	  0.69	 -0.10	 -0.59	
  0.00	  0.14	  0.03	  0.00	  0.00	  0.14	  0.00	  0.17	 -0.22	  0.04	  0.00	  0.68	 -0.10	 -0.58	
  0.00	  0.13	  0.03	  0.00	  0.00	  0.14	  0.00	  0.17	 -0.21	  0.04	  0.00	  0.67	 -0.10	 -0.57	
  0.00	  0.13	  0.03	  0.00	  0.00	  0.14	  0.00	  0.17	 -0.21	  0.04	  0.00	  0.66	 -0.10	 -0.56	
  0.00	  0.13	  0.03	  0.00	  0.00	  0.14	  0.00	  0.16	 -0.21	  0.04	  0.00	  0.65	 -0.10	 -0.54	
  0.00	  0.13	  0.03	  0.00	 -0.00	  0.14	  0.00	  0.16	 -0.21	  0.04	  0.00	  0.64	 -0.10	 -0.53	
  0.00	  0.12	  0.03	  0.00	 -0.00	  0.14	  0.00	  0.16	 -0.20	  0.04	  0.00	  0.63	 -0.10	 -0.52	
  0.00	  0.12	  0.03	  0.00	 -0.00	  0.14	  0.00	  0.15	 -0.20	  0.04	  0.00	  0.61	 -0.10	 -0.51	
  0.00	  0.12	  0.03	  0.00	 -0.00	  0.13	  0.00	  0.15	 -0.20	  0.05	  0.00	  0.60	 -0.10	 -0.50	
  0.00	  0.12	  0.03	  0.00	 -0.00	  0.13	  0.00	  0.15	 -0.19	  0.05	  0.00	  0.59	 -0.10	 -0.49	
  0.00	  0.11	  0.03	  0.00	 -0.00	  0.13	  0.00	  0.15	 -0.19	  0.04	  0.00	  0.58	 -0.10	 -0.48	
  0.00	  0.11	  0.03	  0.00	 -0.00	  0.13	  0.00	  0.14	 -0.19	  0.04	  0.00	  0.57	 -0.10	 -0.47	
  0.00	  0.11	  0.03	  0.00	 -0.00	  0.12	  0.00	  0.14	 -0.18	  0.04	  0.00	  0.56	 -0.10	 -0.46	
  0.00	  0.10	  0.03	  0.00	 -0.00	  0.12	  0.00	  0.14	 -0.18	  0.04	  0.00	  0.55	 -0.10	 -0.45	
  0.00	  0.10	  0.03	  0.00	  0.00	  0.11	  0.00	  0.14	 -0.17	  0.03	  0.00	  0.54	 -0.10	 -0.44	
  0.00	  0.10	  0.03	  0.00	  0.00	  0.11	  0.00	  0.13	 -0.16	  0.03	  0.00	  0.53	 -0.10	 -0.43	
  0.00	  0.10	  0.03	  0.00	  0.01	  0.10	  0.00	  0.13	 -0.16	  0.03	  0.00	  0.52	 -0.10	 -0.42	
  0.00	  0.09	  0.03	  0.00	  0.01	  0.09	  0.00	  0.13	 -0.15	  0.02	  0.00	  0.51	 -0.10	 -0.41	
  0.00	  0.09	  0.03	  0.00	  0.02	  0.08	  0.00	  0.13	 -0.14	  0.01	  0.00	  0.50	 -0.10	 -0.40	
  0.00	  0.09	  0.03	 -0.00	  0.02	  0.08	 -0.00	  0.13	 -0.14	  0.01	  0.00	  0.49	 -0.10	 -0.39	
  0.00	  0.09	  0.03	 -0.00	  0.03	  0.07	 -0.00	  0.13	 -0.13	  0.00	  0.00	  0.48	 -0.09	 -0.38	
  0.00	  0.08	  0.03	 -0.00	  0.03	  0.06	 -0.00	  0.13	 -0.12	 -0.01	  0.00	  0.47	 -0.09	 -0.37	
  0.00	  0.08	  0.03	 -0.00	  0.04	  0.05	 -0.00	  0.12	 -0.11	 -0.01	  0.00	  0.46	 -0.09	 -0.36	
  0.00	  0.08	  0.03	 -0.00	  0.04	  0.04	 -0.00	  0.12	 -0.10	 -0.02	  0.00	  0.45	 -0.09	 -0.36	
  0.00	  0.08	  0.04	 -0.00	  0.05	  0.03	 -0.00	  0.12	 -0.09	 -0.03	  0.00	  0.44	 -0.09	 -0.35	
  0.00	  0.07	  0.04	 -0.00	  0.06	  0.02	 -0.00	  0.12	 -0.08	 -0.04	  0.00	  0.43	 -0.09	 -0.34	
  0.00	  0.07	  0.04	 -0.00	  0.06	  0.01	 -0.00	  0.12	 -0.07	 -0.05	  0.00	  0.42	 -0.09	 -0.33	
  0.00	  0.07	  0.04	 -0.00	  0.07	 -0.00	 -0.00	  0.12	 -0.06	 -0.06	  0.00	  0.41	 -0.09	 -0.32	
  0.00	  0.07	  0.04	 -0.00	  0.08	 -0.02	 -0.00	  0.12	 -0.05	 -0.07	  0.00	  0.40	 -0.09	 -0.31	
  0.00	  0.07	  0.04	 -0.00	  0.08	 -0.03	 -0.00	  0.12	 -0.04	 -0.07	  0.00	  0.39	 -0.09	 -0.30	
  0.00	  0.06	  0.04	 -0.00	  0.09	 -0.04	 -0.00	  0.12	 -0.03	 -0.08	  0.00	  0.38	 -0.09	 -0.30	
  0.00	  0.06	  0.04	 -0.00	  0.10	 -0.05	 -0.00	  0.12	 -0.02	 -0.09	  0.00	  0.37	 -0.09	 -0.29	
  0.00	  0.06	  0.04	 -0.00	  0.11	 -0.06	 -0.00	  0.12	 -0.01	 -0.10	  0.00	  0.37	 -0.08	 -0.28	
  0.00	  0.06	  0.04	 -0.00	  0.11	 -0.08	 -0.00	  0.11	 -0.00	 -0.11	  0.00	  0.36	 -0.08	 -0.27	
  0.00	  0.06	  0.04	 -0.00	  0.12	 -0.09	 -0.00	  0.11	  0.01	 -0.12	  0.00	  0.35	 -0.08	 -0.27	
  0.00	  0.05	  0.04	 -0.00	  0.13	 -0.10	 -0.00	  0.11	  0.02	 -0.13	  0.00	  0.34	 -0.08	 -0.26	
  0.00	  0.05	  0.04	 -0.00	  0.14	 -0.11	 -0.00	  0.11	  0.03	 -0.14	  0.00	  0.33	 -0.08	 -0.25	
  0.00	  0.05	  0.04	 -0.00	  0.14	 -0.13	 -0.00	  0.11	  0.04	 -0.15	  0.00	  0.32	 -0.08	 -0.24	
  0.00	  0.05	  0.04	 -0.00	  0.15	 -0.14	 -0.00	  0.11	  0.05	 -0.16	  0.00	  0.32	 -0.08	 -0.24	
  0.00	  0.05	  0.04	 -0.00	  0.16	 -0.15	 -0.00	  0.11	  0.07	 -0.17	  0.00	  0.31	 -0.08	 -0.23	
  0.00	  0.04	  0.04	 -0.00	  0.17	 -0.16	 -0.00	  0.11	  0.08	 -0.18	  0.00	  0.30	 -0.08	 -0.22	
  0.00	  0.04	  0.04	 -0.00	  0.17	 -0.18	 -0.00	  0.10	  0.09	 -0.19	  0.00	  0.29	 -0.08	 -0.22	
  0.00	  0.04	  0.04	 -0.00	  0.18	 -0.19	 -0.00	  0.10	  0.10	 -0.20	  0.00	  0.29	 -0.07	 -0.21	
  0.00	  0.04	  0.04	 -0.00	  0.19	 -0.20	 -0.00	  0.10	  0.11	 -0.21	  0.00	  0.28	 -0.07	 -0.20	
  0.00	  0.04	  0.04	 -0.00	  0.19	 -0.21	 -0.00	  0.10	  0.12	 -0.22	  0.00	  0.27	 -0.07	 -0.20	
  0.00	  0.04	  0.04	 -0.00	  0.20	 -0.22	 -0.00	  0.10	  0.13	 -0.23	  0.00	  0.26	 -0.07	 -0.19	
  0.00	  0.03	  0.04	 -0.00	  0.21	 -0.24	 -0.00	  0.09	  0.14	 -0.24	  0.00	  0.26	 -0.07	 -0.19	
  0.00	  0.03	  0.04	 -0.00	  0.21	 -0.25	 -0.00	  0.09	  0.16	 -0.25	  0.00	  0.25	 -0.07	 -0.18	
  0.00	  0.03	  0.04	 -0.00	  0.22	 -0.26	 -0.00	  0.09	  0.17	 -0.26	  0.00	  0.24	 -0.07	 -0.17	
  0.00	  0.03	  0.03	 -0.00	  0.22	 -0.27	 -0.00	  0.09	  0.18	 -0.27	  0.00	  0.24	 -0.07	 -0.17	
  0.00	  0.03	  0.03	 -0.00	  0.23	 -0.28	 -0.00	  0.08	  0.19	 -0.27	  0.00	  0.23	 -0.07	 -0.16	
  0.00	  0.03	  0.03	 -0.00	  0.23	 -0.29	 -0.00	  0.08	  0.20	 -0.28	  0.00	  0.22	 -0.07	 -0.16	
  0.00	  0.03	  0.03	 -0.00	  0.24	 -0.30	 -0.00	  0.08	  0.21	 -0.29	  0.00	  0.22	 -0.06	 -0.15	
  0.00	  0.02	  0.03	 -0.00	  0.24	 -0.31	 -0.00	  0.08	  0.22	 -0.30	  0.00	  0.21	 -0.06	 -0.15	
  0.00	  0.02	  0.03	 -0.00	  0.25	 -0.32	 -0.00	  0.07	  0.23	 -0.30	  0.00	  0.20	 -0.06	 -0.14	
  0.00	  0.02	  0.03	 -0.00	  0.25	 -0.33	 -0.00	  0.07	  0.24	 -0.31	  0.00	  0.20	 -0.06	 -0.14	
  0.00	  0.02	  0.03	 -0.00	  0.25	 -0.34	 -0.00	  0.06	  0.25	 -0.32	  0.00	  0.19	 -0.06	 -0.13	
  0.00	  0.02	  0.03	 -0.00	  0.26	 -0.35	 -0.00	  0.06	  0.26	 -0.32	  0.00	  0.19	 -0.06	 -0.13	
  0.00	  0.02	  0.03	 -0.00	  0.26	 -0.36	 -0.00	  0.06	  0.27	 -0.33	  0.00	  0.18	 -0.06	 -0.12	
  0.00	  0.02	  0.03	 -0.00	  0.26	 -0.37	 -0.00	  0.05	  0.28	 -0.34	  0.00	  0.17	 -0.06	 -0.12	
  0.00	  0.02	  0.03	 -0.00	  0.27	 -0.38	 -0.00	  0.05	  0.29	 -0.34	  0.00	  0.17	 -0.06	 -0.11	
  0.00	  0.01	  0.03	 -0.00	  0.27	 -0.38	 -0.00	  0.04	  0.30	 -0.35	  0.00	  0.16	 -0.05	 -0.11	
  0.00	  0.01	  0.03	 -0.00	  0.27	 -0.39	 -0.00	  0.04	  0.31	 -0.35	  0.00	  0.16	 -0.05	 -0.10	
  0.00	  0.01	  0.03	 -0.00	  0.27	 -0.40	 -0.00	  0.03	  0.32	 -0.36	  0.00	  0.15	 -0.05	 -0.10	
  0.00	  0.01	  0.03	 -0.00	  0.27	 -0.41	 -0.00	  0.03	  0.33	 -0.36	  0.00	  0.15	 -0.05	 -0.10	
  0.00	  0.01	  0.03	 -0.00	  0.27	 -0.41	 -0.00	  0.02	  0.34	 -0.36	  0.00	  0.14	 -0.05	 -0.09	
  0.00	  0.01	  0.03	 -0.00	  0.27	 -0.42	 -0.00	  0.01	  0.35	 -0.37	  0.00	  0.14	 -0.05	 -0.09	
  0.00	  0.01	  0.03	 -0.00	  0.27	 -0.43	 -0.00	  0.01	  0.36	 -0.37	  0.00	  0.13	 -0.05	 -0.08	
  0.00	  0.01	  0.03	 -0.00	  0.27	 -0.43	 -0.00	  0.00	  0.37	 -0.37	  0.00	  0.13	 -0.05	 -0.08	
  0.00	  0.01	  0.03	 -0.00	  0.27	 -0.44	 -0.00	 -0.01	  0.38	 -0.37	  0.00	  0.12	 -0.05	 -0.08	
  0.00	  0.01	  0.03	 -0.00	  0.27	 -0.44	 -0.00	 -0.01	  0.39	 -0.38	  0.00	  0.12	 -0.05	 -0.07	
  0.00	  0.01	  0.03	 -0.00	  0.26	 -0.45	 -0.00	 -0.02	  0.40	 -0.38	  0.00	  0.11	 -0.04	 -0.07	
  0.00	  0.00	  0.03	 -0.00	  0.26	 -0.45	 -0.00	 -0.03	  0.41	 -0.38	  0.00	  0.11	 -0.04	 -0.07	
  0.00	  0.00	  0.03	 -0.00	  0.26	 -0.45	 -0.00	 -0.04	  0.42	 -0.38	  0.00	  0.11	 -0.04	 -0.06	
  0.00	  0.00	  0.03	 -0.00	  0.25	 -0.46	 -0.00	 -0.05	  0.42	 -0.38	  0.00	  0.10	 -0.04	 -0.06	
  0.00	  0.00	  0.03	 -0.00	  0.25	 -0.46	 -0.00	 -0.05	  0.43	 -0.38	  0.00	  0.10	 -0.04	 -0.06	
  0.00	  0.00	  0.03	 -0.00	  0.24	 -0.46	 -0.00	 -0.06	  0.44	 -0.38	  0.00	  0.09	 -0.04	 -0.05	
  0.00	  0.00	  0.03	 -0.00	  0.24	 -0.47	 -0.00	 -0.07	  0.45	 -0.38	  0.00	  0.09	 -0.04	 -0.05	
  0.00	  0.00	  0.03	 -0.00	  0.23	 -0.47	 -0.00	 -0.08	  0.46	 -0.37	  0.00	  0.09	 -0.04	 -0.05	
  0.00	  0.00	  0.02	 -0.00	  0.23	 -0.47	 -0.00	 -0.09	  0.47	 -0.37	  0.00	  0.08	 -0.04	 -0.05	
  0.00	 -0.00	  0.02	 -0.00	  0.22	 -0.47	 -0.00	 -0.10	  0.47	 -0.37	  0.00	  0.08	 -0.03	 -0.04	
  0.00	 -0.00	  0.02	 -0.00	  0.21	 -0.47	 -0.00	 -0.11	  0.48	 -0.37	  0.00	  0.07	 -0.03	 -0.04	
  0.00	 -0.00	  0.02	 -0.00	  0.21	 -0.47	 -0.00	 -0.13	  0.49	 -0.36	  0.00	  0.07	 -0.03	 -0.04	
  0.00	 -0.00	  0.02	 -0.00	  0.20	 -0.47	 -0.00	 -0.14	  0.50	 -0.36	  0.00	  0.07	 -0.03	 -0.04	
  0.00	 -0.00	  0.02	 -0.00	  0.19	 -0.47	 -0.00	 -0.15	  0.50	 -0.35	  0.00	  0.06	 -0.03	 -0.03	
  0.00	 -0.00	  0.02	 -0.00	  0.18	 -0.47	 -0.00	 -0.16	  0.51	 -0.35	  0.00	  0.06	 -0.03	 -0.03	
  0.00	 -0.00	  0.02	 -0.00	  0.17	 -0.47	 -0.00	 -0.18	  0.52	 -0.34	  0.00	  0.06	 -0.03	 -0.03	
  0.00	 -0.00	  0.02	 -0.00	  0.16	 -0.47	 -0.00	 -0.19	  0.53	 -0.34	  0.00	  0.06	 -0.03	 -0.03	
  0.00	 -0.00	  0.02	 -0.00	  0.15	 -0.47	 -0.00	 -0.20	  0.53	 -0.33	  0.00	  0.05	 -0.03	 -0.03	
  0.00	 -0.00	  0.02	 -0.00	  0.14	 -0.47	 -0.00	 -0.22	  0.54	 -0.33	  0.00	  0.05	 -0.03	 -0.02	
  0.00	 -0.00	  0.02	 -0.00	  0.13	 -0.47	 -0.00	 -0.23	  0.55	 -0.32	  0.00	  0.05	 -0.02	 -0.02	
  0.00	 -0.00	  0.02	 -0.00	  0.12	 -0.47	 -0.00	 -0.25	  0.56	 -0.31	  0.00	  0.04	 -0.02	 -0.02	
  0.00	 -0.00	  0.02	 -0.00	  0.11	 -0.46	 -0.00	 -0.26	  0.56	 -0.30	  0.00	  0.04	 -0.02	 -0.02	
  0.00	 -0.00	  0.02	 -0.00	  0.10	 -0.46	 -0.00	 -0.28	  0.57	 -0.29	  0.00	  0.04	 -0.02	 -0.02	
  0.00	 -0.00	  0.02	 -0.00	  0.09	 -0.46	 -0.00	 -0.29	  0.58	 -0.29	  0.00	  0.04	 -0.02	 -0.02	
  0.00	 -0.00	  0.02	 -0.00	  0.07	 -0.46	 -0.00	 -0.31	  0.58	 -0.28	  0.00	  0.03	 -0.02	 -0.01	
  0.00	 -0.00	  0.02	 -0.00	  0.06	 -0.45	 -0.00	 -0.33	  0.59	 -0.27	  0.00	  0.03	 -0.02	 -0.01	
  0.00	 -0.00	  0.01	 -0.00	  0.05	 -0.45	 -0.00	 -0.34	  0.60	 -0.26	  0.00	  0.03	 -0.02	 -0.01	
  0.00	 -0.00	  0.01	 -0.00	  0.04	 -0.45	 -0.00	 -0.36	  0.61	 -0.24	  0.00	  0.03	 -0.02	 -0.01	
  0.00	 -0.00	  0.01	 -0.00	  0.02	 -0.44	 -0.00	 -0.38	  0.61	 -0.23	  0.00	  0.02	 -0.02	 -0.01	
  0.00	 -0.00	  0.01	 -0.00	  0.01	 -0.44	 -0.00	 -0.40	  0.62	 -0.22	  0.00	  0.02	 -0.02	 -0.01	
  0.00	 -0.00	  0.01	 -0.00	 -0.01	 -0.43	 -0.00	 -0.42	  0.62	 -0.21	  0.00	  0.02	 -0.01	 -0.01	
  0.00	 -0.00	  0.01	 -0.00	 -0.02	 -0.43	 -0.00	 -0.43	  0.63	 -0.20	  0.00	  0.02	 -0.01	 -0.01	
  0.00	 -0.00	  0.01	 -0.00	 -0.04	 -0.42	 -0.00	 -0.45	  0.64	 -0.18	  0.00	  0.02	 -0.01	 -0.00	
  0.00	 -0.00	  0.01	 -0.00	 -0.05	 -0.42	 -0.00	 -0.47	  0.64	 -0.17	  0.00	  0.02	 -0.01	 -0.00	
  0.00	 -0.00	  0.01	 -0.00	 -0.07	 -0.41	 -0.00	 -0.49	  0.65	 -0.16	  0.00	  0.01	 -0.01	 -0.00	
  0.00	 -0.00	  0.01	 -0.00	 -0.08	 -0.41	 -0.00	 -0.51	  0.66	 -0.14	  0.00	  0.01	 -0.01	 -0.00	
  0.00	 -0.00	  0.01	 -0.00	 -0.10	 -0.40	 -0.00	 -0.53	  0.66	 -0.13	  0.00	  0.01	 -0.01	 -0.00	
  0.00	 -0.00	  0.01	 -0.00	 -0.11	 -0.40	 -0.00	 -0.56	  0.67	 -0.11	  0.00	  0.01	 -0.01	 -0.00	
  0.00	 -0.00	  0.01	 -0.00	 -0.13	 -0.39	 -0.00	 -0.58	  0.67	 -0.10	  0.00	  0.01	 -0.01	 -0.00	
  0.00	 -0.00	  0.01	 -0.00	 -0.15	 -0.38	 -0.00	 -0.60	  0.68	 -0.08	  0.00	  0.01	 -0.01	 -0.00	
  0.00	 -0.00	  0.00	 -0.00	 -0.16	 -0.38	 -0.00	 -0.62	  0.69	 -0.07	  0.00	  0.01	 -0.01	 -0.00	
  0.00	 -0.00	  0.00	 -0.00	 -0.18	 -0.37	 -0.00	 -0.64	  0.69	 -0.05	  0.00	  0.00	 -0.00	 -0.00	
  0.00	 -0.00	  0.00	 -0.00	 -0.19	 -0.36	 -0.00	 -0.66	  0.70	 -0.03	  0.00	  0.00	 -0.00	 -0.00	
  0.00	 -0.00	  0.00	 -0.00	 -0.21	 -0.36	 -0.00	 -0.69	  0.70	 -0.02	  0.00	  0.00	 -0.00	 -0.00	
  0.00	 -0.00	  0.00	 -0.00	 -0.23	 -0.35	 -0.00	 -0.71	  0.71	  0.00	  0.00	  0.00	 -0.00	 -0.00	
  0.00	 -0.00	  0.00	 -0.00	 -0.24	 -0.35	 -0.00	 -0.73	  0.71	  0.02	  0.00	  0.00	 -0.00	 -0.00	
 -0.00	  0.00	 -0.00	  0.00	 -0.26	 -0.34	  0.00	 -0.76	  0.72	  0.04	 -0.00	  0.00	  0.00	 -0.00	
 -0.00	  0.00	 -0.00	  0.00	 -0.27	 -0.33	  0.00	 -0.78	  0.72	  0.06	 -0.00	 -0.00	  0.00	 -0.00	
 -0.00	  0.00	 -0.00	  0.00	 -0.29	 -0.33	  0.00	 -0.80	  0.73	  0.08	 -0.00	 -0.00	  0.00	 -0.00	
 -0.00	  0.00	 -0.00	  0.00	 -0.31	 -0.32	  0.00	 -0.83	  0.73	  0.10	 -0.00	 -0.00	  0.00	 -0.00	
 -0.00	  0.00	 -0.00	  0.00	 -0.32	 -0.31	  0.00	 -0.86	  0.74	  0.12	 -0.00	 -0.00	  0.00	 -0.00	
 -0.00	  0.00	 -0.00	  0.00	 -0.34	 -0.30	  0.00	 -0.89	  0.75	  0.14	 -0.00	 -0.00	  0.00	 -0.00	
 -0.00	  0.00	 -0.01	  0.00	 -0.36	 -0.30	  0.00	 -0.92	  0.75	  0.16	 -0.00	 -0.00	  0.01	 -0.00	
 -0.00	  0.00	 -0.01	  0.00	 -0.38	 -0.29	  0.00	 -0.95	  0.76	  0.19	 -0.00	 -0.00	  0.01	 -0.00	
 -0.00	  0.01	 -0.01	  0.00	 -0.40	 -0.28	  0.00	 -0.98	  0.76	  0.21	 -0.00	 -0.00	  0.01	 -0.00	
 -0.00	  0.01	 -0.01	  0.00	 -0.42	 -0.27	  0.00	 -1.01	  0.77	  0.24	 -0.00	 -0.00	  0.01	 -0.01	
 -0.00	  0.01	 -0.01	  0.00	 -0.43	 -0.26	  0.00	 -1.04	  0.77	  0.27	 -0.00	 -0.00	  0.01	 -0.01	
 -0.00	  0.01	 -0.01	  0.00	 -0.45	 -0.25	  0.00	 -1.07	  0.78	  0.30	 -0.00	 -0.00	  0.01	 -0.01	
 -0.00	  0.01	 -0.01	  0.00	 -0.47	 -0.24	  0.00	 -1.11	  0.78	  0.33	 -0.00	 -0.00	  0.01	 -0.01	
 -0.00	  0.01	 -0.01	  0.00	 -0.49	 -0.23	  0.00	 -1.14	  0.79	  0.36	 -0.00	 -0.00	  0.01	 -0.01	
 -0.00	  0.01	 -0.01	  0.00	 -0.51	 -0.22	  0.00	 -1.18	  0.79	  0.39	 -0.00	  0.00	  0.01	 -0.01	
 -0.00	  0.01	 -0.01	  0.00	 -0.53	 -0.21	  0.00	 -1.22	  0.79	  0.42	 -0.00	  0.00	  0.01	 -0.01	
 -0.00	  0.01	 -0.01	  0.00	 -0.55	 -0.20	  0.00	 -1.25	  0.80	  0.46	 -0.00	  0.00	  0.01	 -0.01	
 -0.00	  0.01	 -0.01	  0.00	 -0.57	 -0.19	  0.00	 -1.29	  0.80	  0.49	 -0.00	  0.00	  0.01	 -0.01	
 -0.00	  0.01	 -0.01	  0.00	 -0.59	 -0.18	  0.00	 -1.33	  0.80	  0.53	 -0.00	  0.00	  0.01	 -0.02	
 -0.00	  0.01	 -0.01	  0.00	 -0.60	 -0.17	  0.00	 -1.37	  0.80	  0.56	 -0.00	  0.00	  0.01	 -0.02	
 -0.00	  0.01	 -0.01	  0.00	 -0.62	 -0.16	  0.00	 -1.40	  0.80	  0.60	 -0.00	  0.01	  0.01	 -0.02	
 -0.00	  0.02	 -0.02	  0.00	 -0.64	 -0.15	  0.00	 -1.44	  0.81	  0.64	 -0.00	  0.01	  0.01	 -0.02	
 -0.00	  0.02	 -0.02	  0.00	 -0.66	 -0.14	  0.00	 -1.48	  0.81	  0.68	 -0.00	  0.01	  0.01	 -0.02	
 -0.00	  0.02	 -0.02	  0.00	 -0.67	 -0.13	  0.00	 -1.52	  0.80	  0.72	 -0.00	  0.01	  0.01	 -0.02	
 -0.00	  0.02	 -0.02	  0.00	 -0.69	 -0.11	  0.00	 -1.56	  0.80	  0.76	 -0.00	  0.01	  0.01	 -0.03	
 -0.00	  0.02	 -0.02	  0.00	 -0.70	 -0.10	  0.00	 -1.60	  0.80	  0.80	 -0.00	  0.01	  0.02	 -0.03	
 -0.00	  0.02	 -0.02	  0.00	 -0.72	 -0.09	  0.00	 -1.64	  0.80	  0.84	 -0.00	  0.01	  0.02	 -0.03	
 -0.00	  0.02	 -0.02	  0.00	 -0.73	 -0.08	  0.00	 -1.68	  0.80	  0.89	 -0.00	  0.02	  0.02	 -0.03	
 -0.00	  0.02	 -0.02	  0.00	 -0.75	 -0.07	  0.00	 -1.72	  0.79	  0.93	 -0.00	  0.02	  0.02	 -0.03	
 -0.00	  0.02	 -0.02	  0.00	 -0.76	 -0.05	  0.00	 -1.76	  0.79	  0.97	 -0.00	  0.02	  0.02	 -0.04	
 -0.00	  0.02	 -0.02	  0.00	 -0.77	 -0.04	  0.00	 -1.80	  0.78	  1.02	 -0.00	  0.02	  0.02	 -0.04	
 -0.00	  0.03	 -0.02	  0.00	 -0.78	 -0.03	  0.00	 -1.84	  0.77	  1.06	 -0.00	  0.02	  0.02	 -0.04	
 -0.00	  0.03	 -0.02	  0.00	 -0.79	 -0.02	  0.00	 -1.87	  0.77	  1.11	 -0.00	  0.03	  0.02	 -0.04	
 -0.00	  0.03	 -0.02	  0.00	 -0.80	 -0.01	  0.00	 -1.91	  0.76	  1.15	 -0.00	  0.03	  0.02	 -0.05	
 -0.00	  0.03	 -0.02	  0.00	 -0.81	  0.01	  0.00	 -1.95	  0.75	  1.20	 -0.00	  0.03	  0.02	 -0.05	
 -0.00	  0.03	 -0.02	  0.00	 -0.82	  0.02	  0.00	 -1.98	  0.74	  1.24	 -0.00	  0.03	  0.02	 -0.05	
 -0.00	  0.03	 -0.02	  0.00	 -0.83	  0.03	  0.00	 -2.01	  0.73	  1.28	 -0.00	  0.04	  0.02	 -0.05	
 -0.00	  0.03	 -0.02	  0.00	 -0.83	  0.04	  0.00	 -2.05	  0.72	  1.33	 -0.00	  0.04	  0.02	 -0.06	
 -0.00	  0.03	 -0.02	  0.00	 -0.84	  0.05	  0.00	 -2.08	  0.71	  1.37	 -0.00	  0.04	  0.02	 -0.06	
 -0.00	  0.03	 -0.03	  0.00	 -0.84	  0.06	  0.00	 -2.10	  0.69	  1.41	 -0.00	  0.05	  0.02	 -0.06	
 -0.00	  0.04	 -0.03	  0.00	 -0.85	  0.07	  0.00	 -2.13	  0.68	  1.45	 -0.00	  0.05	  0.02	 -0.07	
 -0.00	  0.04	 -0.03	  0.00	 -0.85	  0.08	  0.00	 -2.15	  0.66	  1.49	 -0.00	  0.05	  0.02	 -0.07	
 -0.00	  0.04	 -0.03	  0.00	 -0.85	  0.09	  0.00	 -2.18	  0.65	  1.53	 -0.00	  0.06	  0.02	 -0.07	
 -0.00	  0.04	 -0.03	  0.00	 -0.85	  0.10	  0.00	 -2.20	  0.63	  1.56	 -0.00	  0.06	  0.02	 -0.08	
 -0.00	  0.04	 -0.03	  0.00	 -0.85	  0.11	  0.00	 -2.21	  0.62	  1.59	 -0.00	  0.06	  0.02	 -0.08	
 -0.00	  0.04	 -0.03	  0.00	 -0.85	  0.12	  0.00	 -2.22	  0.60	  1.62	 -0.00	  0.07	  0.02	 -0.08	
 -0.00	  0.04	 -0.03	  0.00	 -0.84	  0.13	  0.00	 -2.24	  0.58	  1.65	 -0.00	  0.07	  0.02	 -0.09	
 -0.00	  0.04	 -0.03	  0.00	 -0.84	  0.14	  0.00	 -2.24	  0.56	  1.68	 -0.00	  0.07	  0.02	 -0.09	
 -0.00	  0.05	 -0.03	  0.00	 -0.84	  0.15	  0.00	 -2.25	  0.54	  1.70	 -0.00	  0.08	  0.02	 -0.09	
 -0.00	  0.05	 -0.03	  0.00	 -0.83	  0.15	  0.00	 -2.25	  0.53	  1.72	 -0.00	  0.08	  0.01	 -0.10	
 -0.00	  0.05	 -0.03	  0.00	 -0.82	  0.16	  0.00	 -2.24	  0.51	  1.74	 -0.00	  0.09	  0.01	 -0.10	
 -0.00	  0.05	 -0.03	  0.00	 -0.82	  0.17	  0.00	 -2.23	  0.49	  1.75	 -0.00	  0.09	  0.01	 -0.10	
 -0.00	  0.05	 -0.03	  0.00	 -0.81	  0.17	  0.00	 -2.22	  0.46	  1.76	 -0.00	  0.09	  0.01	 -0.11	
 -0.00	  0.05	 -0.03	  0.00	 -0.80	  0.18	  0.00	 -2.21	  0.44	  1.76	 -0.00	  0.10	  0.01	 -0.11	
 -0.00	  0.05	 -0.03	  0.00	 -0.79	  0.18	  0.00	 -2.19	  0.42	  1.76	 -0.00	  0.10	  0.01	 -0.12	
 -0.00	  0.06	 -0.03	  0.00	 -0.78	  0.19	  0.00	 -2.16	  0.40	  1.76	 -0.00	  0.11	  0.01	 -0.12	
 -0.00	  0.06	 -0.03	  0.00	 -0.76	  0.19	  0.00	 -2.14	  0.38	  1.75	 -0.00	  0.11	  0.01	 -0.12	
 -0.00	  0.06	 -0.03	  0.00	 -0.75	  0.19	  0.00	 -2.10	  0.36	  1.74	 -0.00	  0.12	  0.01	 -0.13	
 -0.00	  0.06	 -0.03	  0.00	 -0.74	  0.20	  0.00	 -2.07	  0.34	  1.73	 -0.00	  0.12	  0.01	 -0.13	
 -0.00	  0.06	 -0.03	  0.00	 -0.72	  0.20	  0.00	 -2.03	  0.32	  1.71	 -0.00	  0.13	  0.01	 -0.14	
 -0.00	  0.06	 -0.03	  0.00	 -0.71	  0.20	  0.00	 -1.99	  0.30	  1.69	 -0.00	  0.13	  0.01	 -0.14	
 -0.00	  0.06	 -0.03	  0.00	 -0.69	  0.20	  0.00	 -1.94	  0.28	  1.66	 -0.00	  0.14	  0.01	 -0.15	
 -0.00	  0.07	 -0.03	  0.00	 -0.68	  0.20	  0.00	 -1.89	  0.26	  1.63	 -0.00	  0.14	  0.01	 -0.15	
 -0.00	  0.07	 -0.03	  0.00	 -0.66	  0.20	  0.00	 -1.84	  0.24	  1.60	 -0.00	  0.15	  0.01	 -0.16	
 -0.00	  0.07	 -0.03	  0.00	 -0.64	  0.20	  0.00	 -1.79	  0.22	  1.57	 -0.00	  0.15	  0.01	 -0.16	
 -0.00	  0.07	 -0.03	  0.00	 -0.62	  0.20	  0.00	 -1.73	  0.20	  1.53	 -0.00	  0.16	  0.01	 -0.17	
 -0.00	  0.07	 -0.03	  0.00	 -0.60	  0.20	  0.00	 -1.67	  0.19	  1.49	 -0.00	  0.17	  0.00	 -0.17	
 -0.00	  0.07	 -0.03	  0.00	 -0.58	  0.19	  0.00	 -1.61	  0.17	  1.44	 -0.00	  0.17	  0.00	 -0.18	
 -0.00	  0.08	 -0.03	  0.00	 -0.56	  0.19	  0.00	 -1.55	  0.15	  1.39	 -0.00	  0.18	  0.00	 -0.18	
 -0.00	  0.08	 -0.03	  0.00	 -0.54	  0.19	  0.00	 -1.48	  0.14	  1.35	 -0.00	  0.18	  0.00	 -0.19	
 -0.00	  0.08	 -0.03	  0.00	 -0.52	  0.18	  0.00	 -1.42	  0.12	  1.29	 -0.00	  0.19	  0.00	 -0.19	
 -0.00	  0.08	 -0.03	  0.00	 -0.50	  0.18	  0.00	 -1.35	  0.11	  1.24	 -0.00	  0.20	 -0.00	 -0.20	
 -0.00	  0.08	 -0.03	  0.00	 -0.48	  0.18	  0.00	 -1.28	  0.10	  1.19	 -0.00	  0.20	 -0.00	 -0.20	
 -0.00	  0.08	 -0.03	  0.00	 -0.46	  0.17	  0.00	 -1.22	  0.09	  1.13	 -0.00	  0.21	 -0.00	 -0.21	
 -0.00	  0.09	 -0.03	  0.00	 -0.43	  0.16	  0.00	 -1.15	  0.07	  1.07	 -0.00	  0.22	 -0.00	 -0.21	
 -0.00	  0.09	 -0.03	  0.00	 -0.41	  0.16	  0.00	 -1.08	  0.06	  1.02	 -0.00	  0.22	 -0.00	 -0.22	
 -0.00	  0.09	 -0.03	  0.00	 -0.39	  0.15	  0.00	 -1.01	  0.05	  0.96	 -0.00	  0.23	 -0.01	 -0.22	
 -0.00	  0.09	 -0.03	  0.00	 -0.37	  0.15	  0.00	 -0.94	  0.04	  0.90	 -0.00	  0.24	 -0.01	 -0.23	
 -0.00	  0.09	 -0.03	  0.00	 -0.34	  0.14	  0.00	 -0.88	  0.04	  0.84	 -0.00	  0.24	 -0.01	 -0.23	
 -0.00	  0.09	 -0.03	  0.00	 -0.32	  0.13	  0.00	 -0.81	  0.03	  0.78	 -0.00	  0.25	 -0.01	 -0.24	
 -0.00	  0.10	 -0.03	  0.00	 -0.30	  0.13	  0.00	 -0.74	  0.02	  0.72	 -0.00	  0.26	 -0.01	 -0.25	
 -0.00	  0.10	 -0.03	  0.00	 -0.27	  0.12	  0.00	 -0.68	  0.02	  0.66	 -0.00	  0.27	 -0.01	 -0.25	
 -0.00	  0.10	 -0.03	  0.00	 -0.25	  0.11	  0.00	 -0.61	  0.01	  0.60	 -0.00	  0.27	 -0.01	 -0.26	
 -0.00	  0.10	 -0.03	  0.00	 -0.23	  0.10	  0.00	 -0.55	  0.00	  0.54	 -0.00	  0.28	 -0.02	 -0.26	
 -0.00	  0.10	 -0.03	  0.00	 -0.20	  0.10	  0.00	 -0.49	 -0.00	  0.49	 -0.00	  0.29	 -0.02	 -0.27	
 -0.00	  0.11	 -0.03	  0.00	 -0.18	  0.09	  0.00	 -0.42	 -0.01	  0.43	 -0.00	  0.30	 -0.02	 -0.28	
 -0.00	  0.11	 -0.03	  0.00	 -0.16	  0.08	  0.00	 -0.36	 -0.01	  0.37	 -0.00	  0.30	 -0.02	 -0.28	
 -0.00	  0.11	 -0.03	  0.00	 -0.14	  0.07	  0.00	 -0.30	 -0.01	  0.32	 -0.00	  0.31	 -0.02	 -0.29	
 -0.00	  0.11	 -0.03	  0.00	 -0.12	  0.06	  0.00	 -0.24	 -0.02	  0.26	 -0.00	  0.32	 -0.02	 -0.29	
 -0.00	  0.11	 -0.03	  0.00	 -0.10	  0.06	  0.00	 -0.19	 -0.02	  0.21	 -0.00	  0.33	 -0.03	 -0.30	
 -0.00	  0.12	 -0.03	  0.00	 -0.07	  0.05	  0.00	 -0.13	 -0.02	  0.16	 -0.00	  0.34	 -0.03	 -0.31	
 -0.00	  0.12	 -0.03	  0.00	 -0.05	  0.04	  0.00	 -0.08	 -0.02	  0.10	 -0.00	  0.34	 -0.03	 -0.31	
 -0.00	  0.12	 -0.03	  0.00	 -0.03	  0.03	  0.00	 -0.03	 -0.03	  0.05	 -0.00	  0.35	 -0.03	 -0.32	
 -0.00	  0.12	 -0.03	  0.00	 -0.02	  0.03	  0.00	  0.02	 -0.03	  0.01	 -0.00	  0.36	 -0.03	 -0.33	
 -0.00	  0.12	 -0.03	  0.00	  0.00	  0.02	  0.00	  0.07	 -0.03	 -0.04	 -0.00	  0.37	 -0.04	 -0.33	
 -0.00	  0.13	 -0.03	  0.00	  0.02	  0.01	  0.00	  0.12	 -0.03	 -0.08	 -0.00	  0.38	 -0.04	 -0.34	
 -0.00	  0.13	 -0.03	  0.00	  0.04	  0.01	  0.00	  0.16	 -0.04	 -0.13	 -0.00	  0.39	 -0.04	 -0.35	
 -0.00	  0.13	 -0.03	 -0.00	  0.05	  0.00	 -0.00	  0.21	 -0.04	 -0.17	 -0.00	  0.39	 -0.04	 -0.35	
 -0.00	  0.13	 -0.03	 -0.00	  0.07	 -0.00	 -0.00	  0.25	 -0.04	 -0.20	 -0.00	  0.40	 -0.04	 -0.36	
 -0.00	  0.13	 -0.03	 -0.00	  0.08	 -0.01	 -0.00	  0.28	 -0.04	 -0.24	 -0.00	  0.41	 -0.05	 -0.37	
 -0.00	  0.14	 -0.03	 -0.00	  0.09	 -0.01	 -0.00	  0.32	 -0.05	 -0.27	 -0.00	  0.42	 -0.05	 -0.37	
 -0.00	  0.14	 -0.03	 -0.00	  0.11	 -0.01	 -0.00	  0.35	 -0.05	 -0.30	 -0.00	  0.43	 -0.05	 -0.38	
 -0.00	  0.14	 -0.03	 -0.00	  0.12	 -0.02	 -0.00	  0.38	 -0.05	 -0.33	 -0.00	  0.44	 -0.05	 -0.38	
 -0.00	  0.14	 -0.03	 -0.00	  0.13	 -0.02	 -0.00	  0.41	 -0.05	 -0.35	 -0.00	  0.45	 -0.06	 -0.39	
 -0.00	  0.14	 -0.03	 -0.00	  0.13	 -0.02	 -0.00	  0.43	 -0.06	 -0.37	 -0.00	  0.46	 -0.06	 -0.40	
 -0.00	  0.15	 -0.03	 -0.00	  0.14	 -0.02	 -0.00	  0.45	 -0.06	 -0.39	 -0.00	  0.46	 -0.06	 -0.40	
 -0.00	  0.15	 -0.03	 -0.00	  0.15	 -0.03	 -0.00	  0.47	 -0.06	 -0.41	 -0.00	  0.47	 -0.06	 -0.41	
 -0.00	  0.15	 -0.03	 -0.00	  0.15	 -0.03	 -0.00	  0.48	 -0.07	 -0.42	 -0.00	  0.48	 -0.07	 -0.42	
 -0.00	  0.15	 -0.02	 -0.00	  0.15	 -0.02	 -0.00	  0.49	 -0.07	 -0.42	 -0.00	  0.49	 -0.07	 -0.42	
 -0.00	  0.16	 -0.02	 -0.00	  0.16	 -0.02	 -0.00	  0.50	 -0.07	 -0.43	 -0.00	  0.50	 -0.07	 -0.43	
 -0.00	  0.16	 -0.02	 -0.00	  0.16	 -0.02	 -0.00	  0.51	 -0.07	 -0.44	 -0.00	  0.51	 -0.07	 -0.44	
 -0.00	  0.16	 -0.02	 -0.00	  0.16	 -0.02	 -0.00	  0.52	 -0.08	 -0.44	 -0.00	  0.52	 -0.08	 -0.44	
 -0.00	  0.16	 -0.02	 -0.00	  0.16	 -0.02	 -0.00	  0.53	 -0.08	 -0.45	 -0.00	  0.53	 -0.08	 -0.45	
 -0.00	  0.16	 -0.02	 -0.00	  0.16	 -0.02	 -0.00	  0.54	 -0.08	 -0.45	 -0.00	  0.54	 -0.08	 -0.45	
 -0.00	  0.17	 -0.02	 -0.00	  0.17	 -0.02	 -0.00	  0.54	 -0.08	 -0.46	 -0.00	  0.54	 -0.08	 -0.46	
 -0.00	  0.17	 -0.02	 -0.00	  0.17	 -0.02	 -0.00	  0.55	 -0.09	 -0.46	 -0.00	  0.55	 -0.09	 -0.46	
 -0.00	  0.17	 -0.02	 -0.00	  0.17	 -0.02	 -0.00	  0.56	 -0.09	 -0.47	 -0.00	  0.56	 -0.09	 -0.47	
 -0.00	  0.17	 -0.02	 -0.00	  0.17	 -0.02	 -0.00	  0.57	 -0.09	 -0.47	 -0.00	  0.57	 -0.09	 -0.47	
 -0.00	  0.17	 -0.02	 -0.00	  0.17	 -0.02	 -0.00	  0.57	 -0.10	 -0.48	 -0.00	  0.57	 -0.10	 -0.48	
 -0.00	  0.17	 -0.02	 -0.00	  0.17	 -0.02	 -0.00	  0.58	 -0.10	 -0.48	 -0.00	  0.58	 -0.10	 -0.48	
 -0.00	  0.18	 -0.02	 -0.00	  0.18	 -0.02	 -0.00	  0.59	 -0.10	 -0.49	 -0.00	  0.59	 -0.10	 -0.49	
 -0.00	  0.18	 -0.02	 -0.00	  0.18	 -0.02	 -0.00	  0.59	 -0.10	 -0.49	 -0.00	  0.59	 -0.10	 -0.49	
 -0.00	  0.18	 -0.02	 -0.00	  0.18	 -0.02	 -0.00	  0.60	 -0.11	 -0.49	 -0.00	  0.60	 -0.11	 -0.49	
 -0.00	  0.18	 -0.01	 -0.00	  0.18	 -0.01	 -0.00	  0.61	 -0.11	 -0.50	 -0.00	  0.61	 -0.11	 -0.50	
 -0.00	  0.18	 -0.01	 -0.00	  0.18	 -0.01	 -0.00	  0.61	 -0.11	 -0.50	 -0.00	  0.61	 -0.11	 -0.50	
 -0.00	  0.18	 -0.01	 -0.00	  0.18	 -0.01	 -0.00	  0.62	 -0.11	 -0.50	 -0.00	  0.62	 -0.11	 -0.50	
 -0.00	  0.18	 -0.01	 -0.00	  0.18	 -0.01	 -0.00	  0.62	 -0.12	 -0.50	 -0.00	  0.62	 -0.12	 -0.50	
 -0.00	  0.19	 -0.01	 -0.00	  0.19	 -0.01	 -0.00	  0.63	 -0.12	 -0.51	 -0.00	  0.63	 -0.12	 -0.51	
 -0.00	  0.19	 -0.01	 -0.00	  0.19	 -0.01	 -0.00	  0.63	 -0.12	 -0.51	 -0.00	  0.63	 -0.12	 -0.51	
 -0.00	  0.19	 -0.01	 -0.00	  0.19	 -0.01	 -0.00	  0.64	 -0.13	 -0.51	 -0.00	  0.64	 -0.13	 -0.51	
 -0.00	  0.19	 -0.01	 -0.00	  0.19	 -0.01	 -0.00	  0.64	 -0.13	 -0.51	 -0.00	  0.64	 -0.13	 -0.51	
 -0.00	  0.19	 -0.01	 -0.00	  0.19	 -0.01	 -0.00	  0.65	 -0.13	 -0.52	 -0.00	  0.65	 -0.13	 -0.52	
 -0.00	  0.19	 -0.01	 -0.00	  0.19	 -0.01	 -0.00	  0.65	 -0.13	 -0.52	 -0.00	  0.65	 -0.13	 -0.52	
 -0.00	  0.19	 -0.00	 -0.00	  0.19	 -0.00	 -0.00	  0.65	 -0.14	 -0.52	 -0.00	  0.65	 -0.14	 -0.52	
 -0.00	  0.19	 -0.00	 -0.00	  0.19	 -0.00	 -0.00	  0.66	 -0.14	 -0.52	 -0.00	  0.66	 -0.14	 -0.52	
 -0.00	  0.19	 -0.00	 -0.00	  0.19	 -0.00	 -0.00	  0.66	 -0.14	 -0.52	 -0.00	  0.66	 -0.14	 -0.52	
 -0.00	  0.19	 -0.00	 -0.00	  0.19	 -0.00	 -0.00	  0.67	 -0.14	 -0.52	 -0.00	  0.67	 -0.14	 -0.52	
 -0.00	  0.20	 -0.00	 -0.00	  0.20	 -0.00	 -0.00	  0.67	 -0.15	 -0.52	 -0.00	  0.67	 -0.15	 -0.52	
 -0.00	  0.20	  0.00	 -0.00	  0.20	  0.00	 -0.00	  0.67	 -0.15	 -0.52	 -0.00	  0.67	 -0.15	 -0.52	
 -0.00	  0.20	  0.00	 -0.00	  0.20	  0.00	 -0.00	  0.67	 -0.15	 -0.52	 -0.00	  0.67	 -0.15	 -0.52	
 -0.00	  0.20	  0.00	 -0.00	  0.20	  0.00	 -0.00	  0.68	 -0.15	 -0.52	 -0.00	  0.68	 -0.15	 -0.52	
 -0.00	  0.20	  0.00	 -0.00	  0.20	  0.00	 -0.00	  0.68	 -0.16	 -0.52	 -0.00	  0.68	 -0.16	 -0.52	
 -0.00	  0.20	  0.00	 -0.00	  0.20	  0.00	 -0.00	  0.68	 -0.16	 -0.52	 -0.00	  0.68	 -0.16	 -0.52	
 -0.00	  0.20	  0.01	 -0.00	  0.20	  0.01	 -0.00	  0.68	 -0.16	 -0.52	 -0.00	  0.68	 -0.16	 -0.52	
 -0.00	  0.20	  0.01	 -0.00	  0.20	  0.01	 -0.00	  0.68	 -0.16	 -0.52	 -0.00	  0.68	 -0.16	 -0.52	
 -0.00	  0.20	  0.01	 -0.00	  0.20	  0.01	 -0.00	  0.69	 -0.17	 -0.52	 -0.00	  0.69	 -0.17	 -0.52	
 -0.00	  0.20	  0.01	 -0.00	  0.20	  0.01	 -0.00	  0.69	 -0.17	 -0.52	 -0.00	  0.69	 -0.17	 -0.52	
 -0.00	  0.20	  0.01	 -0.00	  0.20	  0.01	 -0.00	  0.69	 -0.17	 -0.52	 -0.00	  0.69	 -0.17	 -0.52	
 -0.00	  0.20	  0.01	 -0.00	  0.20	  0.01	 -0.00	  0.69	 -0.17	 -0.51	 -0.00	  0.69	 -0.17	 -0.51	
 -0.00	  0.20	  0.01	 -0.00	  0.20	  0.01	 -0.00	  0.69	 -0.18	 -0.51	 -0.00	  0.69	 -0.18	 -0.51	
 -0.00	  0.20	  0.01	 -0.00	  0.20	  0.01	 -0.00	  0.69	 -0.18	 -0.51	 -0.00	  0.69	 -0.18	 -0.51	
 -0.00	  0.20	  0.02	 -0.00	  0.20	  0.02	 -0.00	  0.69	 -0.18	 -0.51	 -0.00	  0.69	 -0.18	 -0.51	
 -0.00	  0.20	  0.02	 -0.00	  0.20	  0.02	 -0.00	  0.69	 -0.18	 -0.51	 -0.00	  0.69	 -0.18	 -0.51	
 -0.00	  0.20	  0.02	 -0.00	  0.20	  0.02	 -0.00	  0.69	 -0.18	 -0.50	 -0.00	  0.69	 -0.18	 -0.50	
 -0.00	  0.20	  0.02	 -0.00	  0.20	  0.02	 -0.00	  0.69	 -0.19	 -0.50	 -0.00	  0.69	 -0.19	 -0.50	
 -0.00	  0.20	  0.02	 -0.00	  0.20	  0.02	 -0.00	  0.69	 -0.19	 -0.50	 -0.00	  0.69	 -0.19	 -0.50	
 -0.00	  0.20	  0.02	 -0.00	  0.20	  0.02	 -0.00	  0.69	 -0.19	 -0.50	 -0.00	  0.69	 -0.19	 -0.50	
 -0.00	  0.20	  0.02	 -0.00	  0.20	  0.02	 -0.00	  0.69	 -0.19	 -0.49	 -0.00	  0.69	 -0.19	 -0.49	
 -0.00	  0.20	  0.02	 -0.00	  0.20	  0.02	 -0.00	  0.69	 -0.20	 -0.49	 -0.00	  0.69	 -0.20	 -0.49	
 -0.00	  0.20	  0.03	 -0.00	  0.20	  0.03	 -0.00	  0.68	 -0.20	 -0.49	 -0.00	  0.68	 -0.20	 -0.49	
 -0.00	  0.20	  0.03	 -0.00	  0.20	  0.03	 -0.00	  0.68	 -0.20	 -0.48	 -0.00	  0.68	 -0.20	 -0.48	
 -0.00	  0.20	  0.03	 -0.00	  0.20	  0.03	 -0.00	  0.68	 -0.20	 -0.48	 -0.00	  0.68	 -0.20	 -0.48	
 -0.00	  0.20	  0.03	 -0.00	  0.20	  0.03	 -0.00	  0.68	 -0.20	 -0.48	 -0.00	  0.68	 -0.20	 -0.48	
 -0.00	  0.20	  0.03	 -0.00	  0.20	  0.03	 -0.00	  0.68	 -0.20	 -0.47	 -0.00	  0.68	 -0.20	 -0.47	
 -0.00	  0.20	  0.03	 -0.00	  0.20	  0.03	 -0.00	  0.68	 -0.21	 -0.47	 -0.00	  0.68	 -0.21	 -0.47	
 -0.00	  0.20	  0.03	 -0.00	  0.20	  0.03	 -0.00	  0.67	 -0.21	 -0.47	 -0.00	  0.67	 -0.21	 -0.47	
 -0.00	  0.20	  0.04	 -0.00	  0.20	  0.04	 -0.00	  0.67	 -0.21	 -0.46	 -0.00	  0.67	 -0.21	 -0.46	
 -0.00	  0.20	  0.04	 -0.00	  0.20	  0.04	 -0.00	  0.67	 -0.21	 -0.46	 -0.00	  0.67	 -0.21	 -0.46	
 -0.00	  0.20	  0.04	 -0.00	  0.20	  0.04	 -0.00	  0.67	 -0.21	 -0.45	 -0.00	  0.67	 -0.21	 -0.45	
 -0.00	  0.19	  0.04	 -0.00	  0.19	  0.04	 -0.00	  0.66	 -0.21	 -0.45	 -0.00	  0.66	 -0.21	 -0.45	
 -0.00	  0.19	  0.04	 -0.00	  0.19	  0.04	 -0.00	  0.66	 -0.22	 -0.45	 -0.00	  0.66	 -0.22	 -0.45	
 -0.00	  0.19	  0.04	 -0.00	  0.19	  0.04	 -0.00	  0.66	 -0.22	 -0.44	 -0.00	  0.66	 -0.22	 -0.44	
 -0.00	  0.19	  0.04	 -0.00	  0.19	  0.04	 -0.00	  0.66	 -0.22	 -0.44	 -0.00	  0.66	 -0.22	 -0.44	
 -0.00	  0.19	  0.04	 -0.00	  0.19	  0.04	 -0.00	  0.65	 -0.22	 -0.43	 -0.00	  0.65	 -0.22	 -0.43	
 -0.00	  0.19	  0.05	 -0.00	  0.19	  0.05	 -0.00	  0.65	 -0.22	 -0.43	 -0.00	  0.65	 -0.22	 -0.43	
 -0.00	  0.19	  0.05	 -0.00	  0.19	  0.05	 -0.00	  0.65	 -0.22	 -0.42	 -0.00	  0.65	 -0.22	 -0.42	
 -0.00	  0.19	  0.05	 -0.00	  0.19	  0.05	 -0.00	  0.64	 -0.22	 -0.42	 -0.00	  0.64	 -0.22	 -0.42	
 -0.00	  0.19	  0.05	 -0.00	  0.19	  0.05	 -0.00	  0.64	 -0.23	 -0.41	 -0.00	  0.64	 -0.23	 -0.41	
 -0.00	  0.19	  0.05	 -0.00	  0.19	  0.05	 -0.00	  0.64	 -0.23	 -0.41	 -0.00	  0.64	 -0.23	 -0.41	
 -0.00	  0.19	  0.05	 -0.00	  0.19	  0.05	 -0.00	  0.63	 -0.23	 -0.40	 -0.00	  0.63	 -0.23	 -0.40	
  0.00	  0.18	  0.05	  0.00	  0.18	  0.05	  0.00	  0.63	 -0.23	 -0.40	  0.00	  0.63	 -0.23	 -0.40	
  0.00	  0.18	  0.06	  0.00	  0.18	  0.06	  0.00	  0.62	 -0.23	 -0.39	  0.00	  0.62	 -0.23	 -0.39	
  0.00	  0.18	  0.06	  0.00	  0.18	  0.06	  0.00	  0.62	 -0.23	 -0.39	  0.00	  0.62	 -0.23	 -0.39	
  0.00	  0.18	  0.06	  0.00	  0.18	  0.06	  0.00	  0.62	 -0.23	 -0.38	  0.00	  0.62	 -0.23	 -0.38	
  0.00	  0.18	  0.06	  0.00	  0.18	  0.06	  0.00	  0.61	 -0.23	 -0.38	  0.00	  0.61	 -0.23	 -0.38	
  0.00	  0.18	  0.06	  0.00	  0.18	  0.06	  0.00	  0.61	 -0.23	 -0.37	  0.00	  0.61	 -0.23	 -0.37	
  0.00	  0.18	  0.06	  0.00	  0.18	  0.06	  0.00	  0.60	 -0.24	 -0.37	  0.00	  0.60	 -0.24	 -0.37	
  0.00	  0.18	  0.06	  0.00	  0.18	  0.06	  0.00	  0.60	 -0.24	 -0.36	  0.00	  0.60	 -0.24	 -0.36	
  0.00	  0.17	  0.06	  0.00	  0.17	  0.06	  0.00	  0.59	 -0.24	 -0.36	  0.00	  0.59	 -0.24	 -0.36	
  0.00	  0.17	  0.07	  0.00	  0.17	  0.07	  0.00	  0.59	 -0.24	 -0.35	  0.00	  0.59	 -0.24	 -0.35	
  0.00	  0.17	  0.07	  0.00	  0.17	  0.07	  0.00	  0.58	 -0.24	 -0.35	  0.00	  0.58	 -0.24	 -0.35	
  0.00	  0.17	  0.07	  0.00	  0.17	  0.07	  0.00	  0.58	 -0.24	 -0.34	  0.00	  0.58	 -0.24	 -0.34	
  0.00	  0.17	  0.07	  0.00	  0.17	  0.07	  0.00	  0.58	 -0.24	 -0.34	  0.00	  0.58	 -0.24	 -0.34	
  0.00	  0.17	  0.07	  0.00	  0.17	  0.07	  0.00	  0.57	 -0.24	 -0.33	  0.00	  0.57	 -0.24	 -0.33	
  0.00	  0.16	  0.07	  0.00	  0.16	  0.07	  0.00	  0.57	 -0.24	 -0.33	  0.00	  0.57	 -0.24	 -0.33	
  0.00	  0.16	  0.07	  0.00	  0.16	  0.07	  0.00	  0.56	 -0.24	 -0.32	  0.00	  0.56	 -0.24	 -0.32	
  0.00	  0.16	  0.07	  0.00	  0.16	  0.07	  0.00	  0.56	 -0.24	 -0.32	  0.00	  0.56	 -0.24	 -0.32	
  0.00	  0.16	  0.07	  0.00	  0.16	  0.07	  0.00	  0.55	 -0.24	 -0.31	  0.00	  0.55	 -0.24	 -0.31	
  0.00	  0.16	  0.08	  0.00	  0.16	  0.08	  0.00	  0.55	 -0.24	 -0.31	  0.00	  0.55	 -0.24	 -0.31	
  0.00	  0.16	  0.08	  0.00	  0.16	  0.08	  0.00	  0.54	 -0.24	 -0.30	  0.00	  0.54	 -0.24	 -0.30	
  0.00	  0.16	  0.08	  0.00	  0.16	  0.08	  0.00	  0.54	 -0.24	 -0.30	  0.00	  0.54	 -0.24	 -0.30	
  0.00	  0.15	  0.08	  0.00	  0.15	  0.08	  0.00	  0.53	 -0.24	 -0.29	  0.00	  0.53	 -0.24	 -0.29	
  0.00	  0.15	  0.08	  0.00	  0.15	  0.08	  0.00	  0.53	 -0.24	 -0.29	  0.00	  0.53	 -0.24	 -0.29	
  0.00	  0.15	  0.08	  0.00	  0.15	  0.08	  0.00	  0.52	 -0.24	 -0.28	  0.00	  0.52	 -0.24	 -0.28	
  0.00	  0.15	  0.08	  0.00	  0.15	  0.08	  0.00	  0.52	 -0.24	 -0.28	  0.00	  0.52	 -0.24	 -0.28	
  0.00	  0.15	  0.08	  0.00	  0.15	  0.08	  0.00	  0.51	 -0.24	 -0.27	  0.00	  0.51	 -0.24	 -0.27	
  0.00	  0.15	  0.08	  0.00	  0.15	  0.08	  0.00	  0.51	 -0.24	 -0.27	  0.00	  0.51	 -0.24	 -0.27	
  0.00	  0.14	  0.08	  0.00	  0.14	  0.08	  0.00	  0.50	 -0.24	 -0.26	  0.00	  0.50	 -0.24	 -0.26	
  0.00	  0.14	  0.08	  0.00	  0.14	  0.08	  0.00	  0.49	 -0.24	 -0.26	  0.00	  0.49	 -0.24	 -0.26	
  0.00	  0.14	  0.08	  0.00	  0.14	  0.08	  0.00	  0.49	 -0.24	 -0.25	  0.00	  0.49	 -0.24	 -0.25	
  0.00	  0.14	  0.09	  0.00	  0.14	  0.09	  0.00	  0.48	 -0.24	 -0.25	  0.00	  0.48	 -0.24	 -0.25	
  0.00	  0.14	  0.09	  0.00	  0.14	  0.09	  0.00	  0.48	 -0.24	 -0.24	  0.00	  0.48	 -0.24	 -0.24	
  0.00	  0.13	  0.09	  0.00	  0.13	  0.09	  0.00	  0.47	 -0.24	 -0.24	  0.00	  0.47	 -0.24	 -0.24	
  0.00	  0.13	  0.09	  0.00	  0.13	  0.09	  0.00	  0.47	 -0.24	 -0.23	  0.00	  0.47	 -0.24	 -0.23	
  0.00	  0.13	  0.09	  0.00	  0.13	  0.09	  0.00	  0.46	 -0.24	 -0.23	  0.00	  0.46	 -0.24	 -0.23	
  0.00	  0.13	  0.09	  0.00	  0.13	  0.09	  0.00	  0.46	 -0.23	 -0.22	  0.00	  0.46	 -0.23	 -0.22	
  0.00	  0.13	  0.09	  0.00	  0.13	  0.09	  0.00	  0.45	 -0.23	 -0.22	  0.00	  0.45	 -0.23	 -0.22	
  0.00	  0.13	  0.09	  0.00	  0.13	  0.09	  0.00	  0.45	 -0.23	 -0.21	  0.00	  0.45	 -0.23	 -0.21	
  0.00	  0.12	  0.09	  0.00	  0.12	  0.09	  0.00	  0.44	 -0.23	 -0.21	  0.00	  0.44	 -0.23	 -0.21	
  0.00	  0.12	  0.09	  0.00	  0.12	  0.09	  0.00	  0.44	 -0.23	 -0.20	  0.00	  0.44	 -0.23	 -0.20	
  0.00	  0.12	  0.09	  0.00	  0.12	  0.09	  0.00	  0.43	 -0.23	 -0.20	  0.00	  0.43	 -0.23	 -0.20	
  0.00	  0.12	  0.09	  0.00	  0.12	  0.09	  0.00	  0.42	 -0.23	 -0.19	  0.00	  0.42	 -0.23	 -0.19	
  0.00	  0.12	  0.09	  0.00	  0.12	  0.09	  0.00	  0.42	 -0.23	 -0.19	  0.00	  0.42	 -0.23	 -0.19	
  0.00	  0.11	  0.09	  0.00	  0.11	  0.09	  0.00	  0.41	 -0.23	 -0.19	  0.00	  0.41	 -0.23	 -0.19	
  0.00	  0.11	  0.09	  0.00	  0.11	  0.09	  0.00	  0.41	 -0.23	 -0.18	  0.00	  0.41	 -0.23	 -0.18	
  0.00	  0.11	  0.09	  0.00	  0.11	  0.09	  0.00	  0.40	 -0.22	 -0.18	  0.00	  0.40	 -0.22	 -0.18	
  0.00	  0.11	  0.09	  0.00	  0.11	  0.09	  0.00	  0.40	 -0.22	 -0.17	  0.00	  0.40	 -0.22	 -0.17	
  0.00	  0.11	  0.09	  0.00	  0.11	  0.09	  0.00	  0.39	 -0.22	 -0.17	  0.00	  0.39	 -0.22	 -0.17	
  0.00	  0.10	  0.09	  0.00	  0.10	  0.09	  0.00	  0.39	 -0.22	 -0.16	  0.00	  0.39	 -0.22	 -0.16	
  0.00	  0.10	  0.09	  0.00	  0.10	  0.09	  0.00	  0.38	 -0.22	 -0.16	  0.00	  0.38	 -0.22	 -0.16	
  0.00	  0.10	  0.09	  0.00	  0.10	  0.09	  0.00	  0.37	 -0.22	 -0.16	  0.00	  0.37	 -0.22	 -0.16	
  0.00	  0.10	  0.09	  0.00	  0.10	  0.09	  0.00	  0.37	 -0.22	 -0.15	  0.00	  0.37	 -0.22	 -0.15	
  0.00	  0.10	  0.09	  0.00	  0.10	  0.09	  0.00	  0.36	 -0.21	 -0.15	  0.00	  0.36	 -0.21	 -0.15	
  0.00	  0.09	  0.09	  0.00	  0.09	  0.09	  0.00	  0.36	 -0.21	 -0.14	  0.00	  0.36	 -0.21	 -0.14	
  0.00	  0.09	  0.09	  0.00	  0.09	  0.09	  0.00	  0.35	 -0.21	 -0.14	  0.00	  0.35	 -0.21	 -0.14	
  0.00	  0.09	  0.09	  0.00	  0.09	  0.09	  0.00	  0.35	 -0.21	 -0.14	  0.00	  0.35	 -0.21	 -0.14	
  0.00	  0.09	  0.09	  0.00	  0.09	  0.09	  0.00	  0.34	 -0.21	 -0.13	  0.00	  0.34	 -0.21	 -0.13	
  0.00	  0.09	  0.09	  0.00	  0.09	  0.09	  0.00	  0.33	 -0.20	 -0.13	  0.00	  0.33	 -0.20	 -0.13	
  0.00	  0.08	  0.09	  0.00	  0.08	  0.09	  0.00	  0.33	 -0.20	 -0.13	  0.00	  0.33	 -0.20	 -0.13	
  0.00	  0.08	  0.09	  0.00	  0.08	  0.09	  0.00	  0.32	 -0.20	 -0.12	  0.00	  0.32	 -0.20	 -0.12	
  0.00	  0.08	  0.09	  0.00	  0.08	  0.09	  0.00	  0.32	 -0.20	 -0.12	  0.00	  0.32	 -0.20	 -0.12	
  0.00	  0.08	  0.09	  0.00	  0.08	  0.09	  0.00	  0.31	 -0.20	 -0.11	  0.00	  0.31	 -0.20	 -0.11	
  0.00	  0.08	  0.09	  0.00	  0.08	  0.09	  0.00	  0.31	 -0.19	 -0.11	  0.00	  0.31	 -0.19	 -0.11	
  0.00	  0.07	  0.09	  0.00	  0.07	  0.09	  0.00	  0.30	 -0.19	 -0.11	  0.00	  0.30	 -0.19	 -0.11	
  0.00	  0.07	  0.09	  0.00	  0.07	  0.09	  0.00	  0.29	 -0.19	 -0.10	  0.00	  0.29	 -0.19	 -0.10	
  0.00	  0.07	  0.09	  0.00	  0.07	  0.09	  0.00	  0.29	 -0.19	 -0.10	  0.00	  0.29	 -0.19	 -0.10	
  0.00	  0.07	  0.09	  0.00	  0.07	  0.09	  0.00	  0.28	 -0.19	 -0.10	  0.00	  0.28	 -0.19	 -0.10	
  0.00	  0.07	  0.09	  0.00	  0.07	  0.09	  0.00	  0.28	 -0.18	 -0.09	  0.00	  0.28	 -0.18	 -0.09	
  0.00	  0.06	  0.09	  0.00	  0.06	  0.09	  0.00	  0.27	 -0.18	 -0.09	  0.00	  0.27	 -0.18	 -0.09	
  0.00	  0.06	  0.09	  0.00	  0.06	  0.09	  0.00	  0.26	 -0.18	 -0.09	  0.00	  0.26	 -0.18	 -0.09	
  0.00	  0.06	  0.09	  0.00	  0.06	  0.09	  0.00	  0.26	 -0.18	 -0.08	  0.00	  0.26	 -0.18	 -0.08	
  0.00	  0.06	  0.09	  0.00	  0.06	  0.09	  0.00	  0.25	 -0.17	 -0.08	  0.00	  0.25	 -0.17	 -0.08	
  0.00	  0.06	  0.09	  0.00	  0.06	  0.09	  0.00	  0.25	 -0.17	 -0.08	  0.00	  0.25	 -0.17	 -0.08	
  0.00	  0.06	  0.08	  0.00	  0.05	  0.09	  0.00	  0.24	 -0.17	 -0.07	  0.00	  0.24	 -0.17	 -0.07	
  0.00	  0.05	  0.08	  0.00	  0.05	  0.08	  0.00	  0.23	 -0.17	 -0.07	  0.00	  0.24	 -0.16	 -0.07	
  0.00	  0.05	  0.08	  0.00	  0.05	  0.08	  0.00	  0.23	 -0.16	 -0.07	  0.00	  0.23	 -0.16	 -0.07	
  0.00	  0.05	  0.08	  0.00	  0.05	  0.08	  0.00	  0.22	 -0.16	 -0.06	  0.00	  0.23	 -0.15	 -0.07	
  0.00	  0.06	  0.07	  0.00	  0.05	  0.08	  0.00	  0.22	 -0.16	 -0.06	  0.00	  0.22	 -0.15	 -0.07	
  0.00	  0.06	  0.07	  0.00	  0.05	  0.08	  0.00	  0.21	 -0.15	 -0.06	  0.00	  0.22	 -0.14	 -0.08	
  0.00	  0.06	  0.06	  0.00	  0.04	  0.08	  0.00	  0.21	 -0.15	 -0.06	  0.00	  0.21	 -0.13	 -0.08	
  0.00	  0.06	  0.05	  0.00	  0.04	  0.08	  0.00	  0.20	 -0.15	 -0.05	  0.00	  0.21	 -0.13	 -0.08	
  0.00	  0.06	  0.05	  0.00	  0.04	  0.08	  0.00	  0.20	 -0.15	 -0.05	  0.00	  0.20	 -0.12	 -0.08	
 -0.00	  0.06	  0.04	  0.00	  0.04	  0.08	  0.00	  0.19	 -0.14	 -0.05	 -0.00	  0.20	 -0.11	 -0.09	
 -0.00	  0.07	  0.03	  0.00	  0.04	  0.08	  0.00	  0.19	 -0.14	 -0.04	 -0.00	  0.20	 -0.10	 -0.09	
 -0.00	  0.07	  0.02	  0.00	  0.04	  0.08	  0.00	  0.18	 -0.14	 -0.04	 -0.00	  0.19	 -0.10	 -0.10	
 -0.00	  0.07	  0.02	  0.00	  0.03	  0.08	  0.00	  0.18	 -0.14	 -0.04	 -0.00	  0.19	 -0.09	 -0.10	
 -0.00	  0.08	  0.01	  0.00	  0.03	  0.08	  0.00	  0.17	 -0.14	 -0.04	 -0.00	  0.19	 -0.08	 -0.11	
 -0.00	  0.08	 -0.00	  0.00	  0.03	  0.08	  0.00	  0.17	 -0.13	 -0.04	 -0.00	  0.18	 -0.07	 -0.12	
 -0.00	  0.09	 -0.01	  0.00	  0.03	  0.07	  0.00	  0.16	 -0.13	 -0.03	 -0.00	  0.18	 -0.06	 -0.12	
 -0.00	  0.09	 -0.02	  0.00	  0.03	  0.07	  0.00	  0.16	 -0.13	 -0.03	 -0.00	  0.18	 -0.05	 -0.13	
 -0.00	  0.09	 -0.03	  0.00	  0.03	  0.07	  0.00	  0.16	 -0.13	 -0.03	 -0.00	  0.17	 -0.04	 -0.14	
 -0.00	  0.10	 -0.04	  0.00	  0.02	  0.07	  0.00	  0.15	 -0.12	 -0.03	 -0.00	  0.17	 -0.03	 -0.14	
 -0.00	  0.10	 -0.05	  0.00	  0.02	  0.07	  0.00	  0.15	 -0.12	 -0.03	 -0.00	  0.17	 -0.02	 -0.15	
 -0.00	  0.11	 -0.06	  0.00	  0.02	  0.07	  0.00	  0.14	 -0.12	 -0.02	 -0.00	  0.16	 -0.01	 -0.16	
 -0.00	  0.11	 -0.07	  0.00	  0.02	  0.07	  0.00	  0.14	 -0.12	 -0.02	 -0.00	  0.16	  0.00	 -0.17	
 -0.00	  0.12	 -0.09	  0.00	  0.02	  0.07	  0.00	  0.13	 -0.11	 -0.02	 -0.00	  0.16	  0.02	 -0.17	
 -0.00	  0.12	 -0.10	  0.00	  0.02	  0.07	  0.00	  0.13	 -0.11	 -0.02	 -0.00	  0.15	  0.03	 -0.18	
 -0.00	  0.13	 -0.11	  0.00	  0.02	  0.07	  0.00	  0.13	 -0.11	 -0.02	 -0.00	  0.15	  0.04	 -0.19	
 -0.00	  0.13	 -0.12	  0.00	  0.02	  0.07	  0.00	  0.12	 -0.11	 -0.01	 -0.00	  0.15	  0.05	 -0.20	
 -0.00	  0.13	 -0.13	  0.00	  0.01	  0.07	  0.00	  0.12	 -0.11	 -0.01	 -0.00	  0.14	  0.06	 -0.20	
 -0.00	  0.14	 -0.14	  0.00	  0.01	  0.07	  0.00	  0.12	 -0.10	 -0.01	 -0.00	  0.14	  0.07	 -0.21	
 -0.00	  0.14	 -0.15	  0.00	  0.01	  0.06	  0.00	  0.11	 -0.10	 -0.01	 -0.00	  0.14	  0.08	 -0.22	
 -0.00	  0.15	 -0.16	  0.00	  0.01	  0.06	  0.00	  0.11	 -0.10	 -0.01	 -0.00	  0.13	  0.10	 -0.23	
 -0.00	  0.15	 -0.17	  0.00	  0.01	  0.06	  0.00	  0.10	 -0.10	 -0.01	 -0.00	  0.13	  0.11	 -0.23	
 -0.00	  0.16	 -0.19	  0.00	  0.01	  0.06	  0.00	  0.10	 -0.10	 -0.01	 -0.00	  0.12	  0.12	 -0.24	
 -0.00	  0.16	 -0.20	  0.00	  0.01	  0.06	  0.00	  0.10	 -0.09	 -0.00	 -0.00	  0.12	  0.13	 -0.25	
 -0.00	  0.16	 -0.21	  0.00	  0.01	  0.06	  0.00	  0.09	 -0.09	 -0.00	 -0.00	  0.11	  0.14	 -0.26	
 -0.00	  0.17	 -0.22	  0.00	  0.01	  0.06	  0.00	  0.09	 -0.09	 -0.00	 -0.00	  0.11	  0.15	 -0.26	
 -0.00	  0.17	 -0.23	  0.00	  0.01	  0.06	  0.00	  0.09	 -0.09	 -0.00	 -0.00	  0.11	  0.16	 -0.27	
 -0.00	  0.17	 -0.24	  0.00	  0.00	  0.06	  0.00	  0.09	 -0.09	  0.00	 -0.00	  0.10	  0.18	 -0.28	
 -0.00	  0.18	 -0.25	  0.00	  0.00	  0.06	  0.00	  0.08	 -0.08	  0.00	 -0.00	  0.10	  0.19	 -0.28	
 -0.00	  0.18	 -0.26	  0.00	  0.00	  0.06	  0.00	  0.08	 -0.08	  0.00	 -0.00	  0.09	  0.20	 -0.29	
 -0.00	  0.18	 -0.27	  0.00	  0.00	  0.06	  0.00	  0.08	 -0.08	  0.00	 -0.00	  0.08	  0.21	 -0.29	
 -0.00	  0.18	 -0.28	  0.00	  0.00	  0.05	  0.00	  0.07	 -0.08	  0.00	 -0.00	  0.08	  0.22	 -0.30	
 -0.00	  0.18	 -0.29	  0.00	  0.00	  0.05	  0.00	  0.07	 -0.08	  0.01	 -0.00	  0.07	  0.23	 -0.30	
 -0.00	  0.18	 -0.29	  0.00	 -0.00	  0.05	  0.00	  0.07	 -0.07	  0.01	 -0.00	  0.07	  0.24	 -0.31	
 -0.00	  0.19	 -0.30	  0.00	 -0.00	  0.05	  0.00	  0.06	 -0.07	  0.01	 -0.00	  0.06	  0.25	 -0.31	
 -0.00	  0.19	 -0.31	  0.00	 -0.00	  0.05	  0.00	  0.06	 -0.07	  0.01	 -0.00	  0.05	  0.26	 -0.32	
 -0.00	  0.19	 -0.32	  0.00	 -0.00	  0.05	  0.00	  0.06	 -0.07	  0.01	 -0.00	  0.05	  0.27	 -0.32	
 -0.00	  0.19	 -0.33	  0.00	 -0.00	  0.05	  0.00	  0.06	 -0.07	  0.01	 -0.00	  0.04	  0.28	 -0.32	
 -0.00	  0.19	 -0.33	  0.00	 -0.00	  0.05	  0.00	  0.05	 -0.07	  0.01	 -0.00	  0.03	  0.29	 -0.33	
 -0.00	  0.18	 -0.34	  0.00	 -0.00	  0.05	  0.00	  0.05	 -0.06	  0.01	 -0.00	  0.02	  0.30	 -0.33	
 -0.00	  0.18	 -0.35	  0.00	 -0.00	  0.05	  0.00	  0.05	 -0.06	  0.01	 -0.00	  0.02	  0.31	 -0.33	
 -0.00	  0.18	 -0.35	  0.00	 -0.01	  0.05	  0.00	  0.05	 -0.06	  0.01	 -0.00	  0.01	  0.32	 -0.33	
 -0.00	  0.18	 -0.36	  0.00	 -0.01	  0.05	  0.00	  0.05	 -0.06	  0.01	 -0.00	 -0.00	  0.33	 -0.33	
 -0.00	  0.18	 -0.36	  0.00	 -0.01	  0.04	  0.00	  0.04	 -0.06	  0.01	 -0.00	 -0.01	  0.34	 -0.33	
 -0.00	  0.17	 -0.37	  0.00	 -0.01	  0.04	  0.00	  0.04	 -0.06	  0.01	 -0.00	 -0.02	  0.35	 -0.33	
 -0.00	  0.17	 -0.37	  0.00	 -0.01	  0.04	  0.00	  0.04	 -0.05	  0.01	 -0.00	 -0.03	  0.36	 -0.33	
 -0.00	  0.17	 -0.38	  0.00	 -0.01	  0.04	  0.00	  0.04	 -0.05	  0.02	 -0.00	 -0.04	  0.37	 -0.33	
 -0.00	  0.16	 -0.38	  0.00	 -0.01	  0.04	  0.00	  0.04	 -0.05	  0.02	 -0.00	 -0.05	  0.38	 -0.32	
 -0.00	  0.16	 -0.39	  0.00	 -0.01	  0.04	  0.00	  0.03	 -0.05	  0.02	 -0.00	 -0.07	  0.39	 -0.32	
 -0.00	  0.15	 -0.39	  0.00	 -0.01	  0.04	  0.00	  0.03	 -0.05	  0.02	 -0.00	 -0.08	  0.40	 -0.32	
 -0.00	  0.15	 -0.39	  0.00	 -0.01	  0.04	  0.00	  0.03	 -0.05	  0.02	 -0.00	 -0.09	  0.40	 -0.31	
 -0.00	  0.14	 -0.39	  0.00	 -0.01	  0.04	  0.00	  0.03	 -0.04	  0.02	 -0.00	 -0.11	  0.41	 -0.31	
 -0.00	  0.13	 -0.40	  0.00	 -0.01	  0.04	  0.00	  0.03	 -0.04	  0.02	 -0.00	 -0.12	  0.42	 -0.30	
 -0.00	  0.13	 -0.40	  0.00	 -0.01	  0.04	  0.00	  0.02	 -0.04	  0.02	 -0.00	 -0.14	  0.43	 -0.29	
 -0.00	  0.12	 -0.40	  0.00	 -0.01	  0.04	  0.00	  0.02	 -0.04	  0.02	 -0.00	 -0.15	  0.44	 -0.28	
 -0.00	  0.11	 -0.40	  0.00	 -0.01	  0.03	  0.00	  0.02	 -0.04	  0.02	 -0.00	 -0.17	  0.44	 -0.27	
 -0.00	  0.10	 -0.40	  0.00	 -0.01	  0.03	  0.00	  0.02	 -0.04	  0.02	 -0.00	 -0.19	  0.45	 -0.27	
 -0.00	  0.09	 -0.40	  0.00	 -0.01	  0.03	  0.00	  0.02	 -0.04	  0.02	 -0.00	 -0.20	  0.46	 -0.25	
 -0.00	  0.09	 -0.40	  0.00	 -0.01	  0.03	  0.00	  0.02	 -0.04	  0.02	 -0.00	 -0.22	  0.47	 -0.24	
 -0.00	  0.08	 -0.40	  0.00	 -0.01	  0.03	  0.00	  0.02	 -0.03	  0.02	 -0.00	 -0.24	  0.47	 -0.23	
 -0.00	  0.06	 -0.40	  0.00	 -0.01	  0.03	  0.00	  0.01	 -0.03	  0.02	 -0.00	 -0.26	  0.48	 -0.22	
 -0.00	  0.05	 -0.39	  0.00	 -0.01	  0.03	  0.00	  0.01	 -0.03	  0.02	 -0.00	 -0.29	  0.49	 -0.20	
 -0.00	  0.04	 -0.39	  0.00	 -0.01	  0.03	  0.00	  0.01	 -0.03	  0.02	 -0.00	 -0.31	  0.50	 -0.19	
 -0.00	  0.03	 -0.39	  0.00	 -0.01	  0.03	  0.00	  0.01	 -0.03	  0.02	 -0.00	 -0.33	  0.50	 -0.17	
 -0.00	  0.02	 -0.39	  0.00	 -0.01	  0.03	  0.00	  0.01	 -0.03	  0.02	 -0.00	 -0.36	  0.51	 -0.15	
 -0.00	  0.01	 -0.38	  0.00	 -0.01	  0.03	  0.00	  0.01	 -0.03	  0.02	 -0.00	 -0.38	  0.52	 -0.13	
 -0.00	 -0.01	 -0.38	  0.00	 -0.01	  0.03	  0.00	  0.01	 -0.03	  0.02	 -0.00	 -0.41	  0.52	 -0.11	
 -0.00	 -0.02	 -0.38	  0.00	 -0.01	  0.02	  0.00	  0.01	 -0.02	  0.02	 -0.00	 -0.44	  0.53	 -0.09	
 -0.00	 -0.04	 -0.37	  0.00	 -0.01	  0.02	  0.00	  0.01	 -0.02	  0.02	 -0.00	 -0.47	  0.54	 -0.07	
 -0.00	 -0.05	 -0.37	  0.00	 -0.01	  0.02	  0.00	  0.00	 -0.02	  0.02	 -0.00	 -0.50	  0.54	 -0.05	
 -0.00	 -0.06	 -0.36	  0.00	 -0.01	  0.02	  0.00	  0.00	 -0.02	  0.02	 -0.00	 -0.53	  0.55	 -0.02	
 -0.00	 -0.08	 -0.36	  0.00	 -0.01	  0.02	  0.00	  0.00	 -0.02	  0.02	 -0.00	 -0.56	  0.56	  0.01	
 -0.00	 -0.10	 -0.35	  0.00	 -0.01	  0.02	  0.00	  0.00	 -0.02	  0.02	 -0.00	 -0.60	  0.56	  0.04	
 -0.00	 -0.11	 -0.34	  0.00	 -0.01	  0.02	  0.00	  0.00	 -0.02	  0.02	 -0.00	 -0.64	  0.57	  0.07	
 -0.00	 -0.13	 -0.34	  0.00	 -0.01	  0.02	  0.00	  0.00	 -0.02	  0.02	 -0.00	 -0.67	  0.58	  0.10	
 -0.00	 -0.14	 -0.33	  0.00	 -0.01	  0.02	  0.00	  0.00	 -0.02	  0.02	 -0.00	 -0.71	  0.58	  0.13	
 -0.00	 -0.16	 -0.32	  0.00	 -0.01	  0.02	  0.00	 -0.00	 -0.02	  0.02	 -0.00	 -0.75	  0.59	  0.16	
 -0.00	 -0.18	 -0.32	  0.00	 -0.01	  0.02	  0.00	 -0.00	 -0.01	  0.02	 -0.00	 -0.80	  0.60	  0.20	
 -0.00	 -0.20	 -0.31	  0.00	 -0.01	  0.02	  0.00	 -0.00	 -0.01	  0.01	 -0.00	 -0.84	  0.60	  0.24	
 -0.00	 -0.21	 -0.30	  0.00	 -0.01	  0.01	  0.00	 -0.00	 -0.01	  0.01	 -0.00	 -0.89	  0.61	  0.28	
 -0.00	 -0.23	 -0.29	  0.00	 -0.01	  0.01	  0.00	 -0.00	 -0.01	  0.01	 -0.00	 -0.94	  0.61	  0.32	
 -0.00	 -0.25	 -0.28	  0.00	 -0.01	  0.01	  0.00	 -0.00	 -0.01	  0.01	 -0.00	 -0.99	  0.62	  0.37	
 -0.00	 -0.27	 -0.27	  0.00	 -0.01	  0.01	  0.00	 -0.00	 -0.01	  0.01	 -0.00	 -1.04	  0.63	  0.41	
 -0.00	 -0.29	 -0.26	  0.00	 -0.01	  0.01	  0.00	 -0.00	 -0.01	  0.01	 -0.00	 -1.09	  0.63	  0.46	
 -0.00	 -0.31	 -0.25	  0.00	 -0.01	  0.01	  0.00	 -0.00	 -0.01	  0.01	 -0.00	 -1.15	  0.64	  0.51	
 -0.00	 -0.33	 -0.24	  0.00	 -0.01	  0.01	  0.00	 -0.00	 -0.01	  0.01	 -0.00	 -1.21	  0.65	  0.57	
 -0.00	 -0.34	 -0.23	  0.00	 -0.01	  0.01	  0.00	 -0.00	 -0.01	  0.01	 -0.00	 -1.27	  0.65	  0.62	
 -0.00	 -0.36	 -0.22	  0.00	 -0.01	  0.01	  0.00	 -0.00	 -0.01	  0.01	 -0.00	 -1.34	  0.66	  0.68	
 -0.00	 -0.38	 -0.21	  0.00	 -0.01	  0.01	  0.00	 -0.00	 -0.01	  0.01	 -0.00	 -1.40	  0.66	  0.74	
 -0.00	 -0.40	 -0.20	  0.00	 -0.01	  0.01	  0.00	 -0.00	 -0.01	  0.01	 -0.00	 -1.47	  0.67	  0.80	
 -0.00	 -0.42	 -0.19	  0.00	 -0.00	  0.01	  0.00	 -0.00	 -0.00	  0.01	 -0.00	 -1.55	  0.68	  0.87	
 -0.00	 -0.44	 -0.18	  0.00	 -0.00	  0.01	  0.00	 -0.00	 -0.00	  0.01	 -0.00	 -1.62	  0.68	  0.94	
 -0.00	 -0.46	 -0.17	  0.00	 -0.00	  0.00	  0.00	 -0.00	 -0.00	  0.01	 -0.00	 -1.70	  0.69	  1.01	
 -0.00	 -0.48	 -0.16	  0.00	 -0.00	  0.00	  0.00	 -0.00	 -0.00	  0.00	 -0.00	 -1.79	  0.69	  1.09	
 -0.00	 -0.49	 -0.15	  0.00	 -0.00	  0.00	  0.00	 -0.00	 -0.00	  0.00	 -0.00	 -1.87	  0.70	  1.17	
 -0.00	 -0.51	 -0.14	  0.00	 -0.00	  0.00	  0.00	 -0.00	 -0.00	  0.00	 -0.00	 -1.96	  0.71	  1.25	
 -0.00	 -0.53	 -0.13	  0.00	 -0.00	  0.00	  0.00	 -0.00	 -0.00	  0.00	 -0.00	 -2.05	  0.71	  1.34	
 -0.00	 -0.55	 -0.12	  0.00	 -0.00	  0.00	  0.00	  0.00	 -0.00	  0.00	 -0.00	 -2.15	  0.72	  1.43	
  0.00	 -0.57	 -0.11	 -0.00	  0.00	 -0.00	 -0.00	  0.00	  0.00	 -0.00	  0.00	 -2.25	  0.72	  1.53	
  0.00	 -0.58	 -0.09	 -0.00	  0.00	 -0.00	 -0.00	  0.00	  0.00	 -0.00	  0.00	 -2.36	  0.73	  1.63	
  0.00	 -0.60	 -0.08	 -0.00	  0.00	 -0.00	 -0.00	  0.00	  0.00	 -0.00	  0.00	 -2.48	  0.74	  1.74	
  0.00	 -0.62	 -0.07	 -0.00	  0.00	 -0.00	 -0.00	  0.00	  0.00	 -0.00	  0.00	 -2.60	  0.74	  1.86	
  0.00	 -0.64	 -0.06	 -0.00	  0.00	 -0.00	 -0.00	  0.00	  0.00	 -0.00	  0.00	 -2.73	  0.75	  1.98	
  0.00	 -0.66	 -0.05	 -0.00	  0.00	 -0.00	 -0.00	  0.00	  0.00	 -0.01	  0.00	 -2.87	  0.76	  2.11	
  0.00	 -0.68	 -0.03	 -0.00	  0.00	 -0.00	 -0.00	  0.00	  0.00	 -0.01	  0.00	 -3.01	  0.76	  2.25	
  0.00	 -0.69	 -0.02	 -0.00	  0.01	 -0.01	 -0.00	  0.01	  0.00	 -0.01	  0.00	 -3.16	  0.77	  2.39	
  0.00	 -0.71	 -0.01	 -0.00	  0.01	 -0.01	 -0.00	  0.01	  0.00	 -0.01	  0.00	 -3.32	  0.77	  2.55	
  0.00	 -0.73	  0.01	 -0.00	  0.01	 -0.01	 -0.00	  0.01	  0.00	 -0.01	  0.00	 -3.49	  0.78	  2.71	
  0.00	 -0.75	  0.02	 -0.00	  0.01	 -0.01	 -0.00	  0.01	  0.00	 -0.01	  0.00	 -3.67	  0.78	  2.88	
  0.00	 -0.77	  0.03	 -0.00	  0.01	 -0.01	 -0.00	  0.01	  0.00	 -0.01	  0.00	 -3.85	  0.79	  3.06	
  0.00	 -0.79	  0.05	 -0.00	  0.01	 -0.01	 -0.00	  0.01	  0.00	 -0.01	  0.00	 -4.04	  0.79	  3.25	
  0.00	 -0.80	  0.06	 -0.00	  0.01	 -0.01	 -0.00	  0.01	  0.00	 -0.01	  0.00	 -4.24	  0.80	  3.44	
  0.00	 -0.82	  0.08	 -0.00	  0.01	 -0.01	 -0.00	  0.01	  0.00	 -0.02	  0.00	 -4.44	  0.80	  3.65	
  0.00	 -0.84	  0.09	 -0.00	  0.01	 -0.01	 -0.00	  0.01	  0.00	 -0.02	  0.00	 -4.65	  0.80	  3.85	
  0.00	 -0.85	  0.10	 -0.00	  0.01	 -0.01	 -0.00	  0.01	  0.00	 -0.02	  0.00	 -4.87	  0.80	  4.07	
  0.00	 -0.87	  0.12	 -0.00	  0.01	 -0.01	 -0.00	  0.02	  0.00	 -0.02	  0.00	 -5.08	  0.80	  4.28	
  0.00	 -0.88	  0.13	 -0.00	  0.01	 -0.01	 -0.00	  0.02	  0.00	 -0.02	  0.00	 -5.30	  0.79	  4.50	
  0.00	 -0.90	  0.15	 -0.00	  0.02	 -0.01	 -0.00	  0.02	  0.00	 -0.02	  0.00	 -5.51	  0.79	  4.72	
  0.00	 -0.91	  0.16	 -0.00	  0.02	 -0.01	 -0.00	  0.02	  0.00	 -0.02	  0.00	 -5.71	  0.78	  4.93	
  0.00	 -0.92	  0.18	 -0.00	  0.02	 -0.01	 -0.00	  0.02	  0.00	 -0.02	  0.00	 -5.91	  0.77	  5.14	
  0.00	 -0.94	  0.19	 -0.00	  0.02	 -0.01	 -0.00	  0.02	  0.00	 -0.02	  0.00	 -6.08	  0.76	  5.33	
  0.00	 -0.95	  0.21	 -0.00	  0.02	 -0.01	 -0.00	  0.02	  0.00	 -0.03	  0.00	 -6.24	  0.74	  5.50	
  0.00	 -0.96	  0.22	 -0.00	  0.02	 -0.01	 -0.00	  0.03	  0.00	 -0.03	  0.00	 -6.35	  0.71	  5.64	
  0.00	 -0.97	  0.24	 -0.00	  0.02	 -0.01	 -0.00	  0.03	  0.00	 -0.03	  0.00	 -6.43	  0.68	  5.75	
  0.00	 -0.98	  0.25	 -0.00	  0.02	 -0.01	 -0.00	  0.03	  0.00	 -0.03	  0.00	 -6.45	  0.64	  5.81	
  0.00	 -0.98	  0.26	 -0.00	  0.02	 -0.01	 -0.00	  0.03	  0.00	 -0.03	  0.00	 -6.41	  0.59	  5.82	
  0.00	 -0.99	  0.28	 -0.00	  0.02	 -0.01	 -0.00	  0.03	  0.00	 -0.03	  0.00	 -6.29	  0.53	  5.76	
  0.00	 -1.00	  0.29	 -0.00	  0.02	 -0.02	 -0.00	  0.03	  0.00	 -0.03	  0.00	 -6.08	  0.46	  5.62	
  0.00	 -1.00	  0.30	 -0.00	  0.02	 -0.02	 -0.00	  0.03	 -0.00	 -0.03	  0.00	 -5.77	  0.37	  5.40	
  0.00	 -1.01	  0.32	 -0.00	  0.03	 -0.02	 -0.00	  0.04	 -0.00	 -0.04	  0.00	 -5.37	  0.27	  5.09	
  0.00	 -1.01	  0.33	 -0.00	  0.03	 -0.02	 -0.00	  0.04	 -0.00	 -0.04	  0.00	 -4.87	  0.16	  4.71	
  0.00	 -1.01	  0.34	 -0.00	  0.03	 -0.02	 -0.00	  0.04	 -0.00	 -0.04	  0.00	 -4.32	  0.04	  4.28	
  0.00	 -1.01	  0.35	 -0.00	  0.03	 -0.02	 -0.00	  0.04	 -0.00	 -0.04	  0.00	 -3.73	 -0.08	  3.81	
  0.00	 -1.01	  0.36	 -0.00	  0.03	 -0.02	 -0.00	  0.04	 -0.00	 -0.04	  0.00	 -3.14	 -0.20	  3.35	
  0.00	 -1.01	  0.37	 -0.00	  0.03	 -0.02	 -0.00	  0.05	 -0.00	 -0.04	  0.00	 -2.59	 -0.31	  2.91	
  0.00	 -1.01	  0.38	 -0.00	  0.03	 -0.02	 -0.00	  0.05	 -0.00	 -0.04	  0.00	 -2.10	 -0.41	  2.51	
  0.00	 -1.01	  0.39	 -0.00	  0.03	 -0.02	 -0.00	  0.05	 -0.01	 -0.04	  0.00	 -1.67	 -0.49	  2.16	
  0.00	 -1.00	  0.40	 -0.00	  0.03	 -0.02	 -0.00	  0.05	 -0.01	 -0.05	  0.00	 -1.31	 -0.56	  1.87	
  0.00	 -1.00	  0.41	 -0.00	  0.03	 -0.02	 -0.00	  0.05	 -0.01	 -0.05	  0.00	 -1.01	 -0.61	  1.62	
  0.00	 -0.99	  0.42	 -0.00	  0.03	 -0.02	 -0.00	  0.06	 -0.01	 -0.05	  0.00	 -0.76	 -0.66	  1.42	
  0.00	 -0.98	  0.42	 -0.00	  0.04	 -0.02	 -0.00	  0.06	 -0.01	 -0.05	  0.00	 -0.55	 -0.69	  1.25	
  0.00	 -0.98	  0.43	 -0.00	  0.04	 -0.02	 -0.00	  0.06	 -0.01	 -0.05	  0.00	 -0.38	 -0.72	  1.11	
  0.00	 -0.97	  0.43	 -0.00	  0.04	 -0.02	 -0.00	  0.06	 -0.01	 -0.05	  0.00	 -0.25	 -0.74	  0.99	
  0.00	 -0.96	  0.44	 -0.00	  0.04	 -0.02	 -0.00	  0.06	 -0.01	 -0.05	  0.00	 -0.13	 -0.76	  0.89	
  0.00	 -0.95	  0.44	 -0.00	  0.04	 -0.02	 -0.00	  0.07	 -0.01	 -0.05	  0.00	 -0.04	 -0.77	  0.81	
  0.00	 -0.94	  0.45	 -0.00	  0.04	 -0.02	 -0.00	  0.07	 -0.01	 -0.06	  0.00	  0.04	 -0.78	  0.74	
  0.00	 -0.93	  0.45	 -0.00	  0.04	 -0.02	 -0.00	  0.07	 -0.01	 -0.06	  0.00	  0.10	 -0.78	  0.69	
  0.00	 -0.91	  0.45	 -0.00	  0.04	 -0.02	 -0.00	  0.07	 -0.02	 -0.06	  0.00	  0.15	 -0.79	  0.64	
  0.00	 -0.90	  0.46	 -0.00	  0.04	 -0.02	 -0.00	  0.08	 -0.02	 -0.06	  0.00	  0.19	 -0.79	  0.59	
  0.00	 -0.89	  0.46	 -0.00	  0.04	 -0.02	 -0.00	  0.08	 -0.02	 -0.06	  0.00	  0.23	 -0.78	  0.55	
  0.00	 -0.87	  0.46	 -0.00	  0.05	 -0.02	 -0.00	  0.08	 -0.02	 -0.06	  0.00	  0.26	 -0.78	  0.52	
  0.00	 -0.86	  0.46	 -0.00	  0.05	 -0.01	 -0.00	  0.08	 -0.02	 -0.06	  0.00	  0.28	 -0.77	  0.49	
  0.00	 -0.84	  0.46	 -0.00	  0.05	 -0.01	 -0.00	  0.09	 -0.02	 -0.06	  0.00	  0.30	 -0.77	  0.46	
  0.00	 -0.83	  0.45	 -0.00	  0.05	 -0.01	 -0.00	  0.09	 -0.02	 -0.07	  0.00	  0.32	 -0.76	  0.44	
  0.00	 -0.81	  0.45	 -0.00	  0.05	 -0.01	 -0.00	  0.09	 -0.02	 -0.07	  0.00	  0.33	 -0.75	  0.42	
  0.00	 -0.79	  0.45	 -0.00	  0.05	 -0.01	 -0.00	  0.09	 -0.03	 -0.07	  0.00	  0.34	 -0.74	  0.40	
  0.00	 -0.77	  0.44	 -0.00	  0.05	 -0.01	 -0.00	  0.10	 -0.03	 -0.07	  0.00	  0.35	 -0.73	  0.38	
  0.00	 -0.75	  0.44	 -0.00	  0.05	 -0.01	 -0.00	  0.10	 -0.03	 -0.07	  0.00	  0.35	 -0.71	  0.36	
  0.00	 -0.73	  0.43	 -0.00	  0.05	 -0.01	 -0.00	  0.10	 -0.03	 -0.07	  0.00	  0.36	 -0.70	  0.34	
  0.00	 -0.71	  0.43	 -0.00	  0.05	 -0.01	 -0.00	  0.10	 -0.03	 -0.07	  0.00	  0.36	 -0.68	  0.33	
  0.00	 -0.69	  0.42	 -0.00	  0.06	 -0.01	 -0.00	  0.11	 -0.03	 -0.07	  0.00	  0.36	 -0.67	  0.31	
  0.00	 -0.67	  0.41	 -0.00	  0.06	 -0.01	 -0.00	  0.11	 -0.03	 -0.08	  0.00	  0.35	 -0.65	  0.30	
  0.00	 -0.65	  0.41	 -0.00	  0.06	 -0.01	 -0.00	  0.11	 -0.04	 -0.08	  0.00	  0.35	 -0.64	  0.28	
  0.00	 -0.63	  0.40	 -0.00	  0.06	 -0.01	 -0.00	  0.12	 -0.04	 -0.08	  0.00	  0.35	 -0.62	  0.27	
  0.00	 -0.61	  0.39	 -0.00	  0.06	 -0.01	 -0.00	  0.12	 -0.04	 -0.08	  0.00	  0.34	 -0.60	  0.26	
  0.00	 -0.59	  0.38	 -0.00	  0.06	 -0.01	 -0.00	  0.12	 -0.04	 -0.08	  0.00	  0.34	 -0.58	  0.24	
  0.00	 -0.57	  0.37	 -0.00	  0.06	 -0.01	 -0.00	  0.12	 -0.04	 -0.08	  0.00	  0.33	 -0.56	  0.23	
  0.00	 -0.54	  0.36	 -0.00	  0.06	 -0.01	 -0.00	  0.13	 -0.04	 -0.08	  0.00	  0.32	 -0.54	  0.22	
  0.00	 -0.52	  0.35	 -0.00	  0.06	 -0.01	 -0.00	  0.13	 -0.05	 -0.08	  0.00	  0.32	 -0.52	  0.21	
  0.00	 -0.50	  0.33	 -0.00	  0.07	 -0.01	 -0.00	  0.13	 -0.05	 -0.09	  0.00	  0.31	 -0.50	  0.19	
  0.00	 -0.47	  0.32	 -0.00	  0.07	 -0.01	 -0.00	  0.14	 -0.05	 -0.09	  0.00	  0.30	 -0.48	  0.18	
  0.00	 -0.45	  0.31	 -0.00	  0.07	 -0.01	 -0.00	  0.14	 -0.05	 -0.09	  0.00	  0.29	 -0.46	  0.17	
  0.00	 -0.43	  0.30	 -0.00	  0.07	 -0.01	 -0.00	  0.14	 -0.05	 -0.09	  0.00	  0.28	 -0.44	  0.16	
  0.00	 -0.40	  0.28	 -0.00	  0.07	 -0.00	 -0.00	  0.15	 -0.06	 -0.09	  0.00	  0.27	 -0.42	  0.15	
  0.00	 -0.38	  0.27	 -0.00	  0.07	 -0.00	 -0.00	  0.15	 -0.06	 -0.09	  0.00	  0.26	 -0.39	  0.13	
  0.00	 -0.36	  0.25	 -0.00	  0.07	 -0.00	 -0.00	  0.15	 -0.06	 -0.09	  0.00	  0.25	 -0.37	  0.12	
  0.00	 -0.33	  0.24	 -0.00	  0.07	 -0.00	 -0.00	  0.16	 -0.06	 -0.09	  0.00	  0.24	 -0.35	  0.11	
  0.00	 -0.31	  0.23	 -0.00	  0.07	 -0.00	 -0.00	  0.16	 -0.06	 -0.09	  0.00	  0.23	 -0.33	  0.10	
  0.00	 -0.29	  0.21	 -0.00	  0.07	 -0.00	 -0.00	  0.16	 -0.07	 -0.10	  0.00	  0.22	 -0.30	  0.09	
  0.00	 -0.26	  0.20	 -0.00	  0.08	  0.00	 -0.00	  0.17	 -0.07	 -0.10	  0.00	  0.21	 -0.28	  0.07	
  0.00	 -0.24	  0.18	 -0.00	  0.08	  0.00	 -0.00	  0.17	 -0.07	 -0.10	  0.00	  0.19	 -0.26	  0.06	
  0.00	 -0.22	  0.17	 -0.00	  0.08	  0.00	 -0.00	  0.17	 -0.07	 -0.10	  0.00	  0.18	 -0.23	  0.05	
  0.00	 -0.19	  0.15	 -0.00	  0.08	  0.00	 -0.00	  0.18	 -0.08	 -0.10	  0.00	  0.17	 -0.21	  0.04	
  0.00	 -0.17	  0.14	 -0.00	  0.08	  0.00	 -0.00	  0.18	 -0.08	 -0.10	  0.00	  0.16	 -0.19	  0.03	
  0.00	 -0.15	  0.12	 -0.00	  0.08	  0.01	 -0.00	  0.18	 -0.08	 -0.10	  0.00	  0.15	 -0.17	  0.02	
  0.00	 -0.13	  0.11	 -0.00	  0.08	  0.01	 -0.00	  0.19	 -0.08	 -0.10	  0.00	  0.14	 -0.15	  0.01	
  0.00	 -0.11	  0.09	 -0.00	  0.08	  0.01	 -0.00	  0.19	 -0.09	 -0.10	  0.00	  0.13	 -0.12	 -0.01	
  0.00	 -0.09	  0.08	 -0.00	  0.08	  0.01	 -0.00	  0.19	 -0.09	 -0.10	  0.00	  0.12	 -0.10	 -0.02	
  0.00	 -0.07	  0.07	 -0.00	  0.09	  0.01	 -0.00	  0.20	 -0.09	 -0.11	  0.00	  0.11	 -0.08	 -0.03	
  0.00	 -0.05	  0.05	 -0.00	  0.09	  0.01	 -0.00	  0.20	 -0.09	 -0.11	  0.00	  0.10	 -0.06	 -0.04	
  0.00	 -0.03	  0.04	 -0.00	  0.09	  0.01	 -0.00	  0.20	 -0.10	 -0.11	  0.00	  0.09	 -0.04	 -0.05	
  0.00	 -0.01	  0.03	 -0.00	  0.09	  0.01	 -0.00	  0.21	 -0.10	 -0.11	  0.00	  0.08	 -0.02	 -0.06	
  0.00	  0.01	  0.01	 -0.00	  0.09	  0.01	 -0.00	  0.21	 -0.10	 -0.11	  0.00	  0.08	 -0.01	 -0.07	
  0.00	  0.03	  0.00	 -0.00	  0.09	  0.02	 -0.00	  0.21	 -0.10	 -0.11	  0.00	  0.07	  0.01	 -0.08	
  0.00	  0.05	 -0.01	 -0.00	  0.09	  0.02	 -0.00	  0.22	 -0.11	 -0.11	  0.00	  0.06	  0.03	 -0.09	
 -0.00	  0.06	 -0.02	 -0.00	  0.09	  0.02	 -0.00	  0.22	 -0.11	 -0.11	 -0.00	  0.06	  0.04	 -0.10	
 -0.00	  0.08	 -0.03	 -0.00	  0.09	  0.02	 -0.00	  0.22	 -0.11	 -0.11	 -0.00	  0.05	  0.06	 -0.11	
 -0.00	  0.09	 -0.04	 -0.00	  0.10	  0.02	 -0.00	  0.23	 -0.12	 -0.11	 -0.00	  0.05	  0.07	 -0.12	
 -0.00	  0.10	 -0.05	 -0.00	  0.10	  0.02	 -0.00	  0.23	 -0.12	 -0.11	 -0.00	  0.04	  0.08	 -0.13	
 -0.00	  0.12	 -0.06	 -0.00	  0.10	  0.02	 -0.00	  0.24	 -0.12	 -0.11	 -0.00	  0.04	  0.10	 -0.14	
 -0.00	  0.13	 -0.06	 -0.00	  0.10	  0.02	 -0.00	  0.24	 -0.12	 -0.12	 -0.00	  0.04	  0.11	 -0.14	
 -0.00	  0.14	 -0.07	 -0.00	  0.10	  0.03	 -0.00	  0.24	 -0.13	 -0.12	 -0.00	  0.04	  0.11	 -0.15	
 -0.00	  0.15	 -0.07	 -0.00	  0.10	  0.03	 -0.00	  0.25	 -0.13	 -0.12	 -0.00	  0.04	  0.12	 -0.16	
 -0.00	  0.15	 -0.08	 -0.00	  0.10	  0.03	 -0.00	  0.25	 -0.13	 -0.12	 -0.00	  0.04	  0.13	 -0.17	
 -0.00	  0.16	 -0.08	 -0.00	  0.10	  0.03	 -0.00	  0.25	 -0.14	 -0.12	 -0.00	  0.04	  0.13	 -0.17	
 -0.00	  0.16	 -0.08	 -0.00	  0.10	  0.03	 -0.00	  0.26	 -0.14	 -0.12	 -0.00	  0.04	  0.14	 -0.18	
 -0.00	  0.17	 -0.08	 -0.00	  0.10	  0.03	 -0.00	  0.26	 -0.14	 -0.12	 -0.00	  0.05	  0.14	 -0.19	
 -0.00	  0.17	 -0.08	 -0.00	  0.11	  0.03	 -0.00	  0.27	 -0.15	 -0.12	 -0.00	  0.05	  0.14	 -0.19	
 -0.00	  0.17	 -0.08	 -0.00	  0.11	  0.04	 -0.00	  0.27	 -0.15	 -0.12	 -0.00	  0.06	  0.14	 -0.20	
 -0.00	  0.17	 -0.08	 -0.00	  0.11	  0.04	 -0.00	  0.27	 -0.15	 -0.12	 -0.00	  0.06	  0.14	 -0.20	
 -0.00	  0.18	 -0.08	 -0.00	  0.11	  0.04	 -0.00	  0.28	 -0.16	 -0.12	 -0.00	  0.07	  0.14	 -0.21	
 -0.00	  0.18	 -0.08	 -0.00	  0.11	  0.04	 -0.00	  0.28	 -0.16	 -0.12	 -0.00	  0.07	  0.14	 -0.21	
 -0.00	  0.18	 -0.09	 -0.00	  0.11	  0.04	 -0.00	  0.28	 -0.16	 -0.12	 -0.00	  0.08	  0.15	 -0.22	
 -0.00	  0.18	 -0.09	 -0.00	  0.11	  0.04	 -0.00	  0.29	 -0.16	 -0.12	 -0.00	  0.08	  0.15	 -0.23	
 -0.00	  0.19	 -0.09	 -0.00	  0.11	  0.05	 -0.00	  0.29	 -0.17	 -0.12	 -0.00	  0.09	  0.15	 -0.23	
 -0.00	  0.19	 -0.09	 -0.00	  0.11	  0.05	 -0.00	  0.29	 -0.17	 -0.12	 -0.00	  0.09	  0.15	 -0.24	
 -0.00	  0.19	 -0.09	 -0.00	  0.11	  0.05	 -0.00	  0.29	 -0.17	 -0.12	 -0.00	  0.10	  0.15	 -0.25	
 -0.00	  0.19	 -0.09	 -0.00	  0.11	  0.05	 -0.00	  0.30	 -0.18	 -0.12	 -0.00	  0.10	  0.15	 -0.25	
 -0.00	  0.20	 -0.09	 -0.00	  0.11	  0.05	 -0.00	  0.30	 -0.18	 -0.12	 -0.00	  0.11	  0.15	 -0.26	
 -0.00	  0.20	 -0.09	 -0.00	  0.11	  0.05	 -0.00	  0.30	 -0.18	 -0.12	 -0.00	  0.11	  0.15	 -0.26	
 -0.00	  0.20	 -0.09	 -0.00	  0.11	  0.06	 -0.00	  0.30	 -0.18	 -0.12	 -0.00	  0.12	  0.15	 -0.27	
 -0.00	  0.20	 -0.09	 -0.00	  0.12	  0.06	 -0.00	  0.31	 -0.19	 -0.12	 -0.00	  0.12	  0.15	 -0.28	
 -0.00	  0.21	 -0.09	 -0.00	  0.12	  0.06	 -0.00	  0.31	 -0.19	 -0.12	 -0.00	  0.13	  0.15	 -0.28	
 -0.00	  0.21	 -0.09	 -0.00	  0.12	  0.06	 -0.00	  0.31	 -0.19	 -0.12	 -0.00	  0.14	  0.15	 -0.29	
 -0.00	  0.21	 -0.09	 -0.00	  0.12	  0.06	 -0.00	  0.31	 -0.20	 -0.12	 -0.00	  0.14	  0.15	 -0.30	
 -0.00	  0.21	 -0.09	 -0.00	  0.12	  0.06	 -0.00	  0.31	 -0.20	 -0.12	 -0.00	  0.15	  0.15	 -0.30	
 -0.00	  0.21	 -0.09	 -0.00	  0.12	  0.07	 -0.00	  0.32	 -0.20	 -0.12	 -0.00	  0.16	  0.15	 -0.31	
 -0.00	  0.22	 -0.09	 -0.00	  0.12	  0.07	 -0.00	  0.32	 -0.20	 -0.12	 -0.00	  0.16	  0.15	 -0.32	
 -0.00	  0.22	 -0.09	 -0.00	  0.12	  0.07	 -0.00	  0.32	 -0.21	 -0.12	 -0.00	  0.17	  0.15	 -0.32	
 -0.00	  0.22	 -0.09	 -0.00	  0.12	  0.07	 -0.00	  0.32	 -0.21	 -0.11	 -0.00	  0.18	  0.15	 -0.33	
 -0.00	  0.22	 -0.09	 -0.00	  0.12	  0.07	 -0.00	  0.32	 -0.21	 -0.11	 -0.00	  0.18	  0.15	 -0.34	
 -0.00	  0.22	 -0.09	 -0.00	  0.12	  0.07	 -0.00	  0.33	 -0.21	 -0.11	 -0.00	  0.19	  0.15	 -0.34	
 -0.00	  0.22	 -0.09	 -0.00	  0.12	  0.07	 -0.00	  0.33	 -0.22	 -0.11	 -0.00	  0.20	  0.15	 -0.35	
 -0.00	  0.23	 -0.09	 -0.00	  0.12	  0.08	 -0.00	  0.33	 -0.22	 -0.11	 -0.00	  0.21	  0.15	 -0.36	
 -0.00	  0.23	 -0.09	 -0.00	  0.12	  0.08	 -0.00	  0.33	 -0.22	 -0.11	 -0.00	  0.21	  0.15	 -0.37	
 -0.00	  0.23	 -0.08	 -0.00	  0.12	  0.08	 -0.00	  0.33	 -0.22	 -0.11	 -0.00	  0.22	  0.15	 -0.37	
 -0.00	  0.23	 -0.08	 -0.00	  0.12	  0.08	 -0.00	  0.33	 -0.22	 -0.11	 -0.00	  0.23	  0.15	 -0.38	
 -0.00	  0.23	 -0.08	 -0.00	  0.12	  0.08	 -0.00	  0.33	 -0.23	 -0.11	 -0.00	  0.24	  0.15	 -0.39	
 -0.00	  0.23	 -0.08	 -0.00	  0.12	  0.08	 -0.00	  0.33	 -0.23	 -0.11	 -0.00	  0.24	  0.15	 -0.39	
 -0.00	  0.23	 -0.08	 -0.00	  0.12	  0.09	 -0.00	  0.33	 -0.23	 -0.10	 -0.00	  0.25	  0.15	 -0.40	
 -0.00	  0.24	 -0.08	 -0.00	  0.12	  0.09	 -0.00	  0.34	 -0.23	 -0.10	 -0.00	  0.26	  0.15	 -0.41	
 -0.00	  0.24	 -0.08	 -0.00	  0.12	  0.09	 -0.00	  0.34	 -0.23	 -0.10	 -0.00	  0.27	  0.15	 -0.42	
 -0.00	  0.24	 -0.08	 -0.00	  0.12	  0.09	 -0.00	  0.34	 -0.24	 -0.10	 -0.00	  0.28	  0.15	 -0.42	
 -0.00	  0.24	 -0.08	 -0.00	  0.12	  0.09	 -0.00	  0.34	 -0.24	 -0.10	 -0.00	  0.29	  0.14	 -0.43	
 -0.00	  0.24	 -0.08	 -0.00	  0.12	  0.09	 -0.00	  0.34	 -0.24	 -0.10	 -0.00	  0.30	  0.14	 -0.44	
 -0.00	  0.24	 -0.08	 -0.00	  0.11	  0.10	 -0.00	  0.34	 -0.24	 -0.10	 -0.00	  0.31	  0.14	 -0.45	
 -0.00	  0.24	 -0.08	 -0.00	  0.11	  0.10	 -0.00	  0.34	 -0.24	 -0.09	 -0.00	  0.31	  0.14	 -0.46	
 -0.00	  0.24	 -0.08	 -0.00	  0.11	  0.10	 -0.00	  0.34	 -0.25	 -0.09	 -0.00	  0.32	  0.14	 -0.46	
 -0.00	  0.24	 -0.08	 -0.00	  0.11	  0.10	 -0.00	  0.34	 -0.25	 -0.09	 -0.00	  0.33	  0.14	 -0.47	
 -0.00	  0.25	 -0.08	 -0.00	  0.11	  0.10	 -0.00	  0.34	 -0.25	 -0.09	 -0.00	  0.34	  0.14	 -0.48	
 -0.00	  0.25	 -0.08	 -0.00	  0.11	  0.10	 -0.00	  0.34	 -0.25	 -0.09	 -0.00	  0.35	  0.13	 -0.49	
 -0.00	  0.25	 -0.08	 -0.00	  0.11	  0.10	 -0.00	  0.34	 -0.25	 -0.09	 -0.00	  0.36	  0.13	 -0.50	
 -0.00	  0.25	 -0.07	 -0.00	  0.11	  0.11	 -0.00	  0.34	 -0.26	 -0.09	 -0.00	  0.37	  0.13	 -0.50	
 -0.00	  0.25	 -0.07	 -0.00	  0.11	  0.11	 -0.00	  0.34	 -0.26	 -0.08	 -0.00	  0.38	  0.13	 -0.51	
 -0.00	  0.25	 -0.07	 -0.00	  0.11	  0.11	 -0.00	  0.34	 -0.26	 -0.08	 -0.00	  0.39	  0.13	 -0.52	
 -0.00	  0.25	 -0.07	 -0.00	  0.11	  0.11	 -0.00	  0.34	 -0.26	 -0.08	 -0.00	  0.40	  0.12	 -0.53	
 -0.00	  0.25	 -0.07	 -0.00	  0.11	  0.11	 -0.00	  0.34	 -0.26	 -0.08	 -0.00	  0.41	  0.12	 -0.54	
 -0.00	  0.25	 -0.07	 -0.00	  0.11	  0.11	 -0.00	  0.34	 -0.26	 -0.08	 -0.00	  0.42	  0.12	 -0.54	
 -0.00	  0.25	 -0.07	 -0.00	  0.11	  0.11	 -0.00	  0.34	 -0.26	 -0.07	 -0.00	  0.44	  0.12	 -0.55	
 -0.00	  0.25	 -0.07	 -0.00	  0.11	  0.12	 -0.00	  0.34	 -0.27	 -0.07	 -0.00	  0.45	  0.12	 -0.56	
 -0.00	  0.25	 -0.07	 -0.00	  0.10	  0.12	 -0.00	  0.34	 -0.27	 -0.07	 -0.00	  0.46	  0.11	 -0.57	
 -0.00	  0.25	 -0.07	 -0.00	  0.10	  0.12	 -0.00	  0.34	 -0.27	 -0.07	 -0.00	  0.47	  0.11	 -0.58	
 -0.00	  0.25	 -0.06	 -0.00	  0.10	  0.12	 -0.00	  0.34	 -0.27	 -0.07	 -0.00	  0.48	  0.11	 -0.59	
 -0.00	  0.25	 -0.06	 -0.00	  0.10	  0.12	 -0.00	  0.34	 -0.27	 -0.07	 -0.00	  0.49	  0.10	 -0.59	
 -0.00	  0.25	 -0.06	 -0.00	  0.10	  0.12	 -0.00	  0.34	 -0.27	 -0.06	 -0.00	  0.50	  0.10	 -0.60	
 -0.00	  0.25	 -0.06	 -0.00	  0.10	  0.12	 -0.00	  0.34	 -0.27	 -0.06	 -0.00	  0.51	  0.10	 -0.61	
 -0.00	  0.25	 -0.06	 -0.00	  0.10	  0.13	 -0.00	  0.33	 -0.27	 -0.06	 -0.00	  0.52	  0.10	 -0.62	
 -0.00	  0.25	 -0.06	 -0.00	  0.10	  0.13	 -0.00	  0.33	 -0.28	 -0.06	 -0.00	  0.53	  0.09	 -0.63	
 -0.00	  0.25	 -0.06	 -0.00	  0.10	  0.13	 -0.00	  0.33	 -0.28	 -0.06	 -0.00	  0.55	  0.09	 -0.64	
 -0.00	  0.25	 -0.06	 -0.00	  0.10	  0.13	 -0.00	  0.33	 -0.28	 -0.05	 -0.00	  0.56	  0.09	 -0.64	
 -0.00	  0.25	 -0.06	 -0.00	  0.09	  0.13	 -0.00	  0.33	 -0.28	 -0.05	 -0.00	  0.57	  0.08	 -0.65	
 -0.00	  0.25	 -0.05	 -0.00	  0.09	  0.13	 -0.00	  0.33	 -0.28	 -0.05	 -0.00	  0.58	  0.08	 -0.66	
 -0.00	  0.25	 -0.05	 -0.00	  0.09	  0.13	 -0.00	  0.33	 -0.28	 -0.05	 -0.00	  0.59	  0.08	 -0.67	
 -0.00	  0.25	 -0.05	 -0.00	  0.09	  0.14	 -0.00	  0.33	 -0.28	 -0.05	 -0.00	  0.60	  0.07	 -0.67	
 -0.00	  0.25	 -0.05	 -0.00	  0.09	  0.14	 -0.00	  0.33	 -0.28	 -0.04	 -0.00	  0.61	  0.07	 -0.68	
 -0.00	  0.25	 -0.05	 -0.00	  0.09	  0.14	 -0.00	  0.33	 -0.28	 -0.04	 -0.00	  0.62	  0.07	 -0.69	
 -0.00	  0.25	 -0.05	 -0.00	  0.09	  0.14	 -0.00	  0.32	 -0.28	 -0.04	 -0.00	  0.63	  0.06	 -0.70	
 -0.00	  0.25	 -0.05	 -0.00	  0.09	  0.14	 -0.00	  0.32	 -0.28	 -0.04	 -0.00	  0.64	  0.06	 -0.70	
  0.00	  0.25	 -0.04	  0.00	  0.08	  0.14	  0.00	  0.32	 -0.28	 -0.04	  0.00	  0.66	  0.06	 -0.71	
  0.00	  0.25	 -0.04	  0.00	  0.08	  0.14	  0.00	  0.32	 -0.29	 -0.03	  0.00	  0.67	  0.05	 -0.72	
  0.00	  0.25	 -0.04	  0.00	  0.08	  0.14	  0.00	  0.32	 -0.29	 -0.03	  0.00	  0.68	  0.05	 -0.72	
  0.00	  0.25	 -0.04	  0.00	  0.08	  0.15	  0.00	  0.32	 -0.29	 -0.03	  0.00	  0.69	  0.05	 -0.73	
  0.00	  0.25	 -0.04	  0.00	  0.08	  0.15	  0.00	  0.32	 -0.29	 -0.03	  0.00	  0.70	  0.04	 -0.74	
  0.00	  0.25	 -0.04	  0.00	  0.08	  0.15	  0.00	  0.31	 -0.29	 -0.03	  0.00	  0.71	  0.04	 -0.74	
  0.00	  0.24	 -0.04	  0.00	  0.08	  0.15	  0.00	  0.31	 -0.29	 -0.02	  0.00	  0.72	  0.03	 -0.75	
  0.00	  0.24	 -0.04	  0.00	  0.07	  0.15	  0.00	  0.31	 -0.29	 -0.02	  0.00	  0.72	  0.03	 -0.75	
  0.00	  0.24	 -0.03	  0.00	  0.07	  0.15	  0.00	  0.31	 -0.29	 -0.02	  0.00	  0.73	  0.03	 -0.76	
  0.00	  0.24	 -0.03	  0.00	  0.07	  0.15	  0.00	  0.31	 -0.29	 -0.02	  0.00	  0.74	  0.02	 -0.77	
  0.00	  0.24	 -0.03	  0.00	  0.07	  0.15	  0.00	  0.31	 -0.29	 -0.02	  0.00	  0.75	  0.02	 -0.77	
  0.00	  0.24	 -0.03	  0.00	  0.07	  0.15	  0.00	  0.30	 -0.29	 -0.02	  0.00	  0.76	  0.02	 -0.77	
  0.00	  0.24	 -0.03	  0.00	  0.07	  0.15	  0.00	  0.30	 -0.29	 -0.01	  0.00	  0.77	  0.01	 -0.78	
  0.00	  0.24	 -0.03	  0.00	  0.07	  0.15	  0.00	  0.30	 -0.29	 -0.01	  0.00	  0.77	  0.01	 -0.78	
  0.00	  0.24	 -0.03	  0.00	  0.06	  0.16	  0.00	  0.30	 -0.29	 -0.01	  0.00	  0.78	  0.00	 -0.79	
  0.00	  0.24	 -0.02	  0.00	  0.06	  0.16	  0.00	  0.30	 -0.29	 -0.01	  0.00	  0.79	  0.00	 -0.79	
  0.00	  0.23	 -0.02	  0.00	  0.06	  0.16	  0.00	  0.29	 -0.29	 -0.01	  0.00	  0.79	 -0.00	 -0.79	
  0.00	  0.23	 -0.02	  0.00	  0.06	  0.16	  0.00	  0.29	 -0.29	 -0.01	  0.00	  0.80	 -0.01	 -0.79	
  0.00	  0.23	 -0.02	  0.00	  0.06	  0.16	  0.00	  0.29	 -0.29	 -0.00	  0.00	  0.81	 -0.01	 -0.80	
  0.00	  0.23	 -0.02	  0.00	  0.06	  0.16	  0.00	  0.29	 -0.29	 -0.00	  0.00	  0.81	 -0.01	 -0.80	
  0.00	  0.23	 -0.02	  0.00	  0.06	  0.16	  0.00	  0.29	 -0.29	 -0.00	  0.00	  0.82	 -0.02	 -0.80	
  0.00	  0.23	 -0.02	  0.00	  0.06	  0.16	  0.00	  0.29	 -0.29	  0.00	  0.00	  0.82	 -0.02	 -0.80	
  0.00	  0.23	 -0.02	  0.00	  0.05	  0.16	  0.00	  0.28	 -0.29	  0.00	  0.00	  0.83	 -0.02	 -0.80	
  0.00	  0.22	 -0.01	  0.00	  0.05	  0.16	  0.00	  0.28	 -0.29	  0.00	  0.00	  0.83	 -0.03	 -0.80	
  0.00	  0.22	 -0.01	  0.00	  0.05	  0.16	  0.00	  0.28	 -0.28	  0.01	  0.00	  0.83	 -0.03	 -0.80	
  0.00	  0.22	 -0.01	  0.00	  0.05	  0.16	  0.00	  0.28	 -0.28	  0.01	  0.00	  0.84	 -0.03	 -0.80	
  0.00	  0.22	 -0.01	  0.00	  0.05	  0.16	  0.00	  0.27	 -0.28	  0.01	  0.00	  0.84	 -0.04	 -0.80	
  0.00	  0.22	 -0.01	  0.00	  0.05	  0.16	  0.00	  0.27	 -0.28	  0.01	  0.00	  0.84	 -0.04	 -0.80	
  0.00	  0.22	 -0.01	  0.00	  0.05	  0.16	  0.00	  0.27	 -0.28	  0.01	  0.00	  0.84	 -0.04	 -0.80	
  0.00	  0.22	 -0.01	  0.00	  0.04	  0.16	  0.00	  0.27	 -0.28	  0.01	  0.00	  0.85	 -0.04	 -0.80	
  0.00	  0.21	 -0.01	  0.00	  0.04	  0.16	  0.00	  0.27	 -0.28	  0.01	  0.00	  0.85	 -0.05	 -0.80	
  0.00	  0.21	 -0.00	  0.00	  0.04	  0.16	  0.00	  0.26	 -0.28	  0.02	  0.00	  0.85	 -0.05	 -0.80	
  0.00	  0.21	 -0.00	  0.00	  0.04	  0.16	  0.00	  0.26	 -0.28	  0.02	  0.00	  0.85	 -0.05	 -0.79	
  0.00	  0.21	 -0.00	  0.00	  0.04	  0.16	  0.00	  0.26	 -0.28	  0.02	  0.00	  0.85	 -0.06	 -0.79	
  0.00	  0.21	 -0.00	  0.00	  0.04	  0.16	  0.00	  0.26	 -0.28	  0.02	  0.00	  0.85	 -0.06	 -0.79	
  0.00	  0.20	  0.00	  0.00	  0.04	  0.16	  0.00	  0.25	 -0.27	  0.02	  0.00	  0.85	 -0.06	 -0.79	
  0.00	  0.20	  0.00	  0.00	  0.04	  0.16	  0.00	  0.25	 -0.27	  0.02	  0.00	  0.85	 -0.06	 -0.78	
  0.00	  0.20	  0.00	  0.00	  0.03	  0.16	  0.00	  0.25	 -0.27	  0.02	  0.00	  0.84	 -0.07	 -0.78	
  0.00	  0.20	  0.00	  0.00	  0.03	  0.16	  0.00	  0.25	 -0.27	  0.02	  0.00	  0.84	 -0.07	 -0.77	
  0.00	  0.20	  0.00	  0.00	  0.03	  0.16	  0.00	  0.24	 -0.27	  0.02	  0.00	  0.84	 -0.07	 -0.77	
  0.00	  0.19	  0.01	  0.00	  0.03	  0.16	  0.00	  0.24	 -0.27	  0.03	  0.00	  0.84	 -0.07	 -0.76	
  0.00	  0.19	  0.01	  0.00	  0.03	  0.16	  0.00	  0.24	 -0.27	  0.03	  0.00	  0.83	 -0.08	 -0.76	
  0.00	  0.19	  0.01	  0.00	  0.03	  0.16	  0.00	  0.24	 -0.26	  0.03	  0.00	  0.83	 -0.08	 -0.75	
  0.00	  0.19	  0.01	  0.00	  0.03	  0.16	  0.00	  0.23	 -0.26	  0.03	  0.00	  0.83	 -0.08	 -0.75	
  0.00	  0.19	  0.01	  0.00	  0.03	  0.16	  0.00	  0.23	 -0.26	  0.03	  0.00	  0.82	 -0.08	 -0.74	
  0.00	  0.18	  0.01	  0.00	  0.02	  0.16	  0.00	  0.23	 -0.26	  0.03	  0.00	  0.82	 -0.08	 -0.74	
  0.00	  0.18	  0.01	  0.00	  0.02	  0.16	  0.00	  0.23	 -0.26	  0.03	  0.00	  0.81	 -0.08	 -0.73	
  0.00	  0.18	  0.01	  0.00	  0.02	  0.16	  0.00	  0.22	 -0.26	  0.03	  0.00	  0.81	 -0.09	 -0.72	
  0.00	  0.18	  0.01	  0.00	  0.02	  0.16	  0.00	  0.22	 -0.25	  0.03	  0.00	  0.80	 -0.09	 -0.71	
  0.00	  0.17	  0.01	  0.00	  0.02	  0.16	  0.00	  0.22	 -0.25	  0.03	  0.00	  0.80	 -0.09	 -0.71	
  0.00	  0.17	  0.02	  0.00	  0.02	  0.16	  0.00	  0.22	 -0.25	  0.03	  0.00	  0.79	 -0.09	 -0.70	
  0.00	  0.17	  0.02	  0.00	  0.02	  0.16	  0.00	  0.21	 -0.25	  0.04	  0.00	  0.78	 -0.09	 -0.69	
  0.00	  0.17	  0.02	  0.00	  0.02	  0.16	  0.00	  0.21	 -0.25	  0.04	  0.00	  0.78	 -0.09	 -0.68	
  0.00	  0.17	  0.02	  0.00	  0.01	  0.15	  0.00	  0.21	 -0.24	  0.04	  0.00	  0.77	 -0.09	 -0.68	
  0.00	  0.16	  0.02	  0.00	  0.01	  0.15	  0.00	  0.20	 -0.24	  0.04	  0.00	  0.76	 -0.10	 -0.67	
  0.00	  0.16	  0.02	  0.00	  0.01	  0.15	  0.00	  0.20	 -0.24	  0.04	  0.00	  0.76	 -0.10	 -0.66	
  0.00	  0.16	  0.02	  0.00	  0.01	  0.15	  0.00	  0.20	 -0.24	  0.04	  0.00	  0.75	 -0.10	 -0.65	
  0.00	  0.16	  0.02	  0.00	  0.01	  0.15	  0.00	  0.20	 -0.24	  0.04	  0.00	  0.74	 -0.10	 -0.64	
  0.00	  0.15	  0.02	  0.00	  0.01	  0.15	  0.00	  0.19	 -0.23	  0.04	  0.00	  0.73	 -0.10	 -0.63	
  0.00	  0.15	  0.02	  0.00	  0.01	  0.15	  0.00	  0.19	 -0.23	  0.04	  0.00	  0.72	 -0.10	 -0.62	
  0.00	  0.15	  0.02	  0.00	  0.01	  0.15	  0.00	  0.19	 -0.23	  0.04	  0.00	  0.71	 -0.10	 -0.61	
  0.00	  0.15	  0.02	  0.00	  0.01	  0.15	  0.00	  0.18	 -0.23	  0.04	  0.00	  0.70	 -0.10	 -0.60	
  0.00	  0.14	  0.02	  0.00	  0.01	  0.15	  0.00	  0.18	 -0.22	  0.04	  0.00	  0.70	 -0.10	 -0.60	
  0.00	  0.14	  0.03	  0.00	  0.00	  0.14	  0.00	  0.18	 -0.22	  0.04	  0.00	  0.69	 -0.10	 -0.59	
  0.00	  0.14	  0.03	  0.00	  0.00	  0.14	  0.00	  0.17	 -0.22	  0.04	  0.00	  0.68	 -0.10	 -0.58	
  0.00	  0.13	  0.03	  0.00	  0.00	  0.14	  0.00	  0.17	 -0.21	  0.04	  0.00	  0.67	 -0.10	 -0.57	
  0.00	  0.13	  0.03	  0.00	  0.00	  0.14	  0.00	  0.17	 -0.21	  0.04	  0.00	  0.66	 -0.10	 -0.56	
  0.00	  0.13	  0.03	  0.00	  0.00	  0.14	  0.00	  0.16	 -0.21	  0.04	  0.00	  0.65	 -0.10	 -0.54	
  0.00	  0.13	  0.03	  0.00	 -0.00	  0.14	  0.00	  0.16	 -0.21	  0.04	  0.00	  0.64	 -0.10	 -0.53	
  0.00	  0.12	  0.03	  0.00	 -0.00	  0.14	  0.00	  0.16	 -0.20	  0.04	  0.00	  0.63	 -0.10	 -0.52	
  0.00	  0.12	  0.03	  0.00	 -0.00	  0.14	  0.00	  0.15	 -0.20	  0.04	  0.00	  0.61	 -0.10	 -0.51	
  0.00	  0.12	  0.03	  0.00	 -0.00	  0.13	  0.00	  0.15	 -0.20	  0.05	  0.00	  0.60	 -0.10	 -0.50	
  0.00	  0.12	  0.03	  0.00	 -0.00	  0.13	  0.00	  0.15	 -0.19	  0.05	  0.00	  0.59	 -0.10	 -0.49	
  0.00	  0.11	  0.03	  0.00	 -0.00	  0.13	  0.00	  0.15	 -0.19	  0.04	  0.00	  0.58	 -0.10	 -0.48	
  0.00	  0.11	  0.03	  0.00	 -0.00	  0.13	  0.00	  0.14	 -0.19	  0.04	  0.00	  0.57	 -0.10	 -0.47	
  0.00	  0.11	  0.03	  0.00	 -0.00	  0.12	  0.00	  0.14	 -0.18	  0.04	  0.00	  0.56	 -0.10	 -0.46	
  0.00	  0.10	  0.03	  0.00	 -0.00	  0.12	  0.00	  0.14	 -0.18	  0.04	  0.00	  0.55	 -0.10	 -0.45	
  0.00	  0.10	  0.03	  0.00	  0.00	  0.11	  0.00	  0.14	 -0.17	  0.03	  0.00	  0.54	 -0.10	 -0.44	
  0.00	  0.10	  0.03	  0.00	  0.00	  0.11	  0.00	  0.13	 -0.16	  0.03	  0.00	  0.53	 -0.10	 -0.43	
  0.00	  0.10	  0.03	  0.00	  0.01	  0.10	  0.00	  0.13	 -0.16	  0.03	  0.00	  0.52	 -0.10	 -0.42	
  0.00	  0.09	  0.03	  0.00	  0.01	  0.09	  0.00	  0.13	 -0.15	  0.02	  0.00	  0.51	 -0.10	 -0.41	
  0.00	  0.09	  0.03	  0.00	  0.02	  0.08	  0.00	  0.13	 -0.14	  0.01	  0.00	  0.50	 -0.10	 -0.40	
  0.00	  0.09	  0.03	 -0.00	  0.02	  0.08	 -0.00	  0.13	 -0.14	  0.01	  0.00	  0.49	 -0.10	 -0.39	
  0.00	  0.09	  0.03	 -0.00	  0.03	  0.07	 -0.00	  0.13	 -0.13	  0.00	  0.00	  0.48	 -0.09	 -0.38	
  0.00	  0.08	  0.03	 -0.00	  0.03	  0.06	 -0.00	  0.13	 -0.12	 -0.01	  0.00	  0.47	 -0.09	 -0.37	
  0.00	  0.08	  0.03	 -0.00	  0.04	  0.05	 -0.00	  0.12	 -0.11	 -0.01	  0.00	  0.46	 -0.09	 -0.36	
  0.00	  0.08	  0.03	 -0.00	  0.04	  0.04	 -0.00	  0.12	 -0.10	 -0.02	  0.00	  0.45	 -0.09	 -0.36	
  0.00	  0.08	  0.04	 -0.00	  0.05	  0.03	 -0.00	  0.12	 -0.09	 -0.03	  0.00	  0.44	 -0.09	 -0.35	
  0.00	  0.07	  0.04	 -0.00	  0.06	  0.02	 -0.00	  0.12	 -0.08	 -0.04	  0.00	  0.43	 -0.09	 -0.34	
  0.00	  0.07	  0.04	 -0.00	  0.06	  0.01	 -0.00	  0.12	 -0.07	 -0.05	  0.00	  0.42	 -0.09	 -0.33	
  0.00	  0.07	  0.04	 -0.00	  0.07	 -0.00	 -0.00	  0.12	 -0.06	 -0.06	  0.00	  0.41	 -0.09	 -0.32	
  0.00	  0.07	  0.04	 -0.00	  0.08	 -0.02	 -0.00	  0.12	 -0.05	 -0.07	  0.00	  0.40	 -0.09	 -0.31	
  0.00	  0.07	  0.04	 -0.00	  0.08	 -0.03	 -0.00	  0.12	 -0.04	 -0.07	  0.00	  0.39	 -0.09	 -0.30	
  0.00	  0.06	  0.04	 -0.00	  0.09	 -0.04	 -0.00	  0.12	 -0.03	 -0.08	  0.00	  0.38	 -0.09	 -0.30	
  0.00	  0.06	  0.04	 -0.00	  0.10	 -0.05	 -0.00	  0.12	 -0.02	 -0.09	  0.00	  0.37	 -0.09	 -0.29	
  0.00	  0.06	  0.04	 -0.00	  0.11	 -0.06	 -0.00	  0.12	 -0.01	 -0.10	  0.00	  0.37	 -0.08	 -0.28	
  0.00	  0.06	  0.04	 -0.00	  0.11	 -0.08	 -0.00	  0.11	 -0.00	 -0.11	  0.00	  0.36	 -0.08	 -0.27	
  0.00	  0.06	  0.04	 -0.00	  0.12	 -0.09	 -0.00	  0.11	  0.01	 -0.12	  0.00	  0.35	 -0.08	 -0.27	
  0.00	  0.05	  0.04	 -0.00	  0.13	 -0.10	 -0.00	  0.11	  0.02	 -0.13	  0.00	  0.34	 -0.08	 -0.26	
  0.00	  0.05	  0.04	 -0.00	  0.14	 -0.11	 -0.00	  0.11	  0.03	 -0.14	  0.00	  0.33	 -0.08	 -0.25	
  0.00	  0.05	  0.04	 -0.00	  0.14	 -0.13	 -0.00	  0.11	  0.04	 -0.15	  0.00	  0.32	 -0.08	 -0.24	
  0.00	  0.05	  0.04	 -0.00	  0.15	 -0.14	 -0.00	  0.11	  0.05	 -0.16	  0.00	  0.32	 -0.08	 -0.24	
  0.00	  0.05	  0.04	 -0.00	  0.16	 -0.15	 -0.00	  0.11	  0.07	 -0.17	  0.00	  0.31	 -0.08	 -0.23	
  0.00	  0.04	  0.04	 -0.00	  0.17	 -0.16	 -0.00	  0.11	  0.08	 -0.18	  0.00	  0.30	 -0.08	 -0.22	
  0.00	  0.04	  0.04	 -0.00	  0.17	 -0.18	 -0.00	  0.10	  0.09	 -0.19	  0.00	  0.29	 -0.08	 -0.22	
  0.00	  0.04	  0.04	 -0.00	  0.18	 -0.19	 -0.00	  0.10	  0.10	 -0.20	  0.00	  0.29	 -0.07	 -0.21	
  0.00	  0.04	  0.04	 -0.00	  0.19	 -0.20	 -0.00	  0.10	  0.11	 -0.21	  0.00	  0.28	 -0.07	 -0.20	
  0.00	  0.04	  0.04	 -0.00	  0.19	 -0.21	 -0.00	  0.10	  0.12	 -0.22	  0.00	  0.27	 -0.07	 -0.20	
  0.00	  0.04	  0.04	 -0.00	  0.20	 -0.22	 -0.00	  0.10	  0.13	 -0.23	  0.00	  0.26	 -0.07	 -0.19	
  0.00	  0.03	  0.04	 -0.00	  0.21	 -0.24	 -0.00	  0.09	  0.14	 -0.24	  0.00	  0.26	 -0.07	 -0.19	
  0.00	  0.03	  0.04	 -0.00	  0.21	 -0.25	 -0.00	  0.09	  0.16	 -0.25	  0.00	  0.25	 -0.07	 -0.18	
  0.00	  0.03	  0.04	 -0.00	  0.22	 -0.26	 -0.00	  0.09	  0.17	 -0.26	  0.00	  0.24	 -0.07	 -0.17	
  0.00	  0.03	  0.03	 -0.00	  0.22	 -0.27	 -0.00	  0.09	  0.18	 -0.27	  0.00	  0.24	 -0.07	 -0.17	
  0.00	  0.03	  0.03	 -0.00	  0.23	 -0.28	 -0.00	  0.08	  0.19	 -0.27	  0.00	  0.23	 -0.07	 -0.16	
  0.00	  0.03	  0.03	 -0.00	  0.23	 -0.29	 -0.00	  0.08	  0.20	 -0.28	  0.00	  0.22	 -0.07	 -0.16	
  0.00	  0.03	  0.03	 -0.00	  0.24	 -0.30	 -0.00	  0.08	  0.21	 -0.29	  0.00	  0.22	 -0.06	 -0.15	
  0.00	  0.02	  0.03	 -0.00	  0.24	 -0.31	 -0.00	  0.08	  0.22	 -0.30	  0.00	  0.21	 -0.06	 -0.15	
  0.00	  0.02	  0.03	 -0.00	  0.25	 -0.32	 -0.00	  0.07	  0.23	 -0.30	  0.00	  0.20	 -0.06	 -0.14	
  0.00	  0.02	  0.03	 -0.00	  0.25	 -0.33	 -0.00	  0.07	  0.24	 -0.31	  0.00	  0.20	 -0.06	 -0.14	
  0.00	  0.02	  0.03	 -0.00	  0.25	 -0.34	 -0.00	  0.06	  0.25	 -0.32	  0.00	  0.19	 -0.06	 -0.13	
  0.00	  0.02	  0.03	 -0.00	  0.26	 -0.35	 -0.00	  0.06	  0.26	 -0.32	  0.00	  0.19	 -0.06	 -0.13	
  0.00	  0.02	  0.03	 -0.00	  0.26	 -0.36	 -0.00	  0.06	  0.27	 -0.33	  0.00	  0.18	 -0.06	 -0.12	
  0.00	  0.02	  0.03	 -0.00	  0.26	 -0.37	 -0.00	  0.05	  0.28	 -0.34	  0.00	  0.17	 -0.06	 -0.12	
  0.00	  0.02	  0.03	 -0.00	  0.27	 -0.38	 -0.00	  0.05	  0.29	 -0.34	  0.00	  0.17	 -0.06	 -0.11	
  0.00	  0.01	  0.03	 -0.00	  0.27	 -0.38	 -0.00	  0.04	  0.30	 -0.35	  0.00	  0.16	 -0.05	 -0.11	
  0.00	  0.01	  0.03	 -0.00	  0.27	 -0.39	 -0.00	  0.04	  0.31	 -0.35	  0.00	  0.16	 -0.05	 -0.10	
  0.00	  0.01	  0.03	 -0.00	  0.27	 -0.40	 -0.00	  0.03	  0.32	 -0.36	  0.00	  0.15	 -0.05	 -0.10	
  0.00	  0.01	  0.03	 -0.00	  0.27	 -0.41	 -0.00	  0.03	  0.33	 -0.36	  0.00	  0.15	 -0.05	 -0.10	
  0.00	  0.01	  0.03	 -0.00	  0.27	 -0.41	 -0.00	  0.02	  0.34	 -0.36	  0.00	  0.14	 -0.05	 -0.09	
  0.00	  0.01	  0.03	 -0.00	  0.27	 -0.42	 -0.00	  0.01	  0.35	 -0.37	  0.00	  0.14	 -0.05	 -0.09	
  0.00	  0.01	  0.03	 -0.00	  0.27	 -0.43	 -0.00	  0.01	  0.36	 -0.37	  0.00	  0.13	 -0.05	 -0.08	
  0.00	  0.01	  0.03	 -0.00	  0.27	 -0.43	 -0.00	  0.00	  0.37	 -0.37	  0.00	  0.13	 -0.05	 -0.08	
  0.00	  0.01	  0.03	 -0.00	  0.27	 -0.44	 -0.00	 -0.01	  0.38	 -0.37	  0.00	  0.12	 -0.05	 -0.08	
  0.00	  0.01	  0.03	 -0.00	  0.27	 -0.44	 -0.00	 -0.01	  0.39	 -0.38	  0.00	  0.12	 -0.05	 -0.07	
  0.00	  0.01	  0.03	 -0.00	  0.26	 -0.45	 -0.00	 -0.02	  0.40	 -0.38	  0.00	  0.11	 -0.04	 -0.07	
  0.00	  0.00	  0.03	 -0.00	  0.26	 -0.45	 -0.00	 -0.03	  0.41	 -0.38	  0.00	  0.11	 -0.04	 -0.07	
  0.00	  0.00	  0.03	 -0.00	  0.26	 -0.45	 -0.00	 -0.04	  0.42	 -0.38	  0.00	  0.11	 -0.04	 -0.06	
  0.00	  0.00	  0.03	 -0.00	  0.25	 -0.46	 -0.00	 -0.05	  0.42	 -0.38	  0.00	  0.10	 -0.04	 -0.06	
  0.00	  0.00	  0.03	 -0.00	  0.25	 -0.46	 -0.00	 -0.05	  0.43	 -0.38	  0.00	  0.10	 -0.04	 -0.06	
  0.00	  0.00	  0.03	 -0.00	  0.24	 -0.46	 -0.00	 -0.06	  0.44	 -0.38	  0.00	  0.09	 -0.04	 -0.05	
  0.00	  0.00	  0.03	 -0.00	  0.24	 -0.47	 -0.00	 -0.07	  0.45	 -0.38	  0.00	  0.09	 -0.04	 -0.05	
  0.00	  0.00	  0.03	 -0.00	  0.23	 -0.47	 -0.00	 -0.08	  0.46	 -0.37	  0.00	  0.09	 -0.04	 -0.05	
  0.00	  0.00	  0.02	 -0.00	  0.23	 -0.47	 -0.00	 -0.09	  0.47	 -0.37	  0.00	  0.08	 -0.04	 -0.05	
  0.00	 -0.00	  0.02	 -0.00	  0.22	 -0.47	 -0.00	 -0.10	  0.47	 -0.37	  0.00	  0.08	 -0.03	 -0.04	
  0.00	 -0.00	  0.02	 -0.00	  0.21	 -0.47	 -0.00	 -0.12	  0.48	 -0.37	  0.00	  0.07	 -0.03	 -0.04	
  0.00	 -0.00	  0.02	 -0.00	  0.21	 -0.47	 -0.00	 -0.13	  0.49	 -0.36	  0.00	  0.07	 -0.03	 -0.04	
  0.00	 -0.00	  0.02	 -0.00	  0.20	 -0.47	 -0.00	 -0.14	  0.50	 -0.36	  0.00	  0.07	 -0.03	 -0.04	
  0.00	 -0.00	  0.02	 -0.00	  0.19	 -0.47	 -0.00	 -0.15	  0.50	 -0.35	  0.00	  0.06	 -0.03	 -0.03	
  0.00	 -0.00	  0.02	 -0.00	  0.18	 -0.47	 -0.00	 -0.16	  0.51	 -0.35	  0.00	  0.06	 -0.03	 -0.03	
  0.00	 -0.00	  0.02	 -0.00	  0.17	 -0.47	 -0.00	 -0.18	  0.52	 -0.34	  0.00	  0.06	 -0.03	 -0.03	
  0.00	 -0.00	  0.02	 -0.00	  0.16	 -0.47	 -0.00	 -0.19	  0.53	 -0.34	  0.00	  0.05	 -0.03	 -0.03	
  0.00	 -0.00	  0.02	 -0.00	  0.15	 -0.47	 -0.00	 -0.20	  0.53	 -0.33	  0.00	  0.05	 -0.03	 -0.03	
  0.00	 -0.00	  0.02	 -0.00	  0.14	 -0.47	 -0.00	 -0.22	  0.54	 -0.33	  0.00	  0.05	 -0.03	 -0.02	
  0.00	 -0.00	  0.02	 -0.00	  0.13	 -0.47	 -0.00	 -0.23	  0.55	 -0.32	  0.00	  0.05	 -0.02	 -0.02	
  0.00	 -0.00	  0.02	 -0.00	  0.12	 -0.47	 -0.00	 -0.25	  0.56	 -0.31	  0.00	  0.04	 -0.02	 -0.02	
  0.00	 -0.00	  0.02	 -0.00	  0.11	 -0.46	 -0.00	 -0.26	  0.56	 -0.30	  0.00	  0.04	 -0.02	 -0.02	
  0.00	 -0.00	  0.02	 -0.00	  0.10	 -0.46	 -0.00	 -0.28	  0.57	 -0.29	  0.00	  0.04	 -0.02	 -0.02	
  0.00	 -0.00	  0.02	 -0.00	  0.09	 -0.46	 -0.00	 -0.29	  0.58	 -0.29	  0.00	  0.04	 -0.02	 -0.01	
  0.00	 -0.00	  0.02	 -0.00	  0.07	 -0.46	 -0.00	 -0.31	  0.58	 -0.28	  0.00	  0.03	 -0.02	 -0.01	
  0.00	 -0.00	  0.02	 -0.00	  0.06	 -0.45	 -0.00	 -0.33	  0.59	 -0.27	  0.00	  0.03	 -0.02	 -0.01	
  0.00	 -0.00	  0.01	 -0.00	  0.05	 -0.45	 -0.00	 -0.34	  0.60	 -0.26	  0.00	  0.03	 -0.02	 -0.01	
  0.00	 -0.00	  0.01	 -0.00	  0.04	 -0.45	 -0.00	 -0.36	  0.61	 -0.24	  0.00	  0.03	 -0.02	 -0.01	
  0.00	 -0.00	  0.01	 -0.00	  0.02	 -0.44	 -0.00	 -0.38	  0.61	 -0.23	  0.00	  0.02	 -0.02	 -0.01	
  0.00	 -0.00	  0.01	 -0.00	  0.01	 -0.44	 -0.00	 -0.40	  0.62	 -0.22	  0.00	  0.02	 -0.02	 -0.01	
  0.00	 -0.00	  0.01	 -0.00	 -0.01	 -0.43	 -0.00	 -0.42	  0.62	 -0.21	  0.00	  0.02	 -0.01	 -0.01	
  0.00	 -0.00	  0.01	 -0.00	 -0.02	 -0.43	 -0.00	 -0.43	  0.63	 -0.20	  0.00	  0.02	 -0.01	 -0.01	
  0.00	 -0.00	  0.01	 -0.00	 -0.04	 -0.42	 -0.00	 -0.45	  0.64	 -0.18	  0.00	  0.02	 -0.01	 -0.00	
  0.00	 -0.00	  0.01	 -0.00	 -0.05	 -0.42	 -0.00	 -0.47	  0.64	 -0.17	  0.00	  0.02	 -0.01	 -0.00	
  0.00	 -0.00	  0.01	 -0.00	 -0.07	 -0.41	 -0.00	 -0.49	  0.65	 -0.16	  0.00	  0.01	 -0.01	 -0.00	
  0.00	 -0.00	  0.01	 -0.00	 -0.08	 -0.41	 -0.00	 -0.51	  0.66	 -0.14	  0.00	  0.01	 -0.01	 -0.00	
  0.00	 -0.00	  0.01	 -0.00	 -0.10	 -0.40	 -0.00	 -0.53	  0.66	 -0.13	  0.00	  0.01	 -0.01	 -0.00	
  0.00	 -0.00	  0.01	 -0.00	 -0.11	 -0.40	 -0.00	 -0.56	  0.67	 -0.11	  0.00	  0.01	 -0.01	 -0.00	
  0.00	 -0.00	  0.01	 -0.00	 -0.13	 -0.39	 -0.00	 -0.58	  0.67	 -0.10	  0.00	  0.01	 -0.01	 -0.00	
  0.00	 -0.00	  0.01	 -0.00	 -0.15	 -0.38	 -0.00	 -0.60	  0.68	 -0.08	  0.00	  0.01	 -0.01	 -0.00	
  0.00	 -0.00	  0.00	 -0.00	 -0.16	 -0.38	 -0.00	 -0.62	  0.69	 -0.07	  0.00	  0.01	 -0.00	 -0.00	
  0.00	 -0.00	  0.00	 -0.00	 -0.18	 -0.37	 -0.00	 -0.64	  0.69	 -0.05	  0.00	  0.00	 -0.00	 -0.00	
  0.00	 -0.00	  0.00	 -0.00	 -0.19	 -0.36	 -0.00	 -0.66	  0.70	 -0.03	  0.00	  0.00	 -0.00	 -0.00	
  0.00	 -0.00	  0.00	 -0.00	 -0.21	 -0.36	 -0.00	 -0.69	  0.70	 -0.01	  0.00	  0.00	 -0.00	 -0.00	
  0.00	 -0.00	  0.00	 -0.00	 -0.23	 -0.35	 -0.00	 -0.71	  0.71	  0.00	  0.00	  0.00	 -0.00	 -0.00	
  0.00	 -0.00	  0.00	 -0.00	 -0.24	 -0.35	 -0.00	 -0.73	  0.71	  0.02	  0.00	  0.00	 -0.00	 -0.00	
 -0.00	  0.00	 -0.00	  0.00	 -0.26	 -0.34	  0.00	 -0.76	  0.72	  0.04	 -0.00	  0.00	  0.00	 -0.00	
 -0.00	  0.00	 -0.00	  0.00	 -0.27	 -0.33	  0.00	 -0.78	  0.72	  0.06	 -0.00	 -0.00	  0.00	 -0.00	
 -0.00	  0.00	 -0.00	  0.00	 -0.29	 -0.33	  0.00	 -0.80	  0.73	  0.08	 -0.00	 -0.00	  0.00	 -0.00	
 -0.00	  0.00	 -0.00	  0.00	 -0.31	 -0.32	  0.00	 -0.83	  0.73	  0.10	 -0.00	 -0.00	  0.00	 -0.00	
 -0.00	  0.00	 -0.00	  0.00	 -0.32	 -0.31	  0.00	 -0.86	  0.74	  0.12	 -0.00	 -0.00	  0.00	 -0.00	
 -0.00	  0.00	 -0.00	  0.00	 -0.34	 -0.30	  0.00	 -0.89	  0.75	  0.14	 -0.00	 -0.00	  0.00	 -0.00	
 -0.00	  0.00	 -0.01	  0.00	 -0.36	 -0.30	  0.00	 -0.92	  0.75	  0.16	 -0.00	 -0.00	  0.01	 -0.00	
 -0.00	  0.00	 -0.01	  0.00	 -0.38	 -0.29	  0.00	 -0.95	  0.76	  0.19	 -0.00	 -0.00	  0.01	 -0.00	
 -0.00	  0.01	 -0.01	  0.00	 -0.40	 -0.28	  0.00	 -0.98	  0.76	  0.21	 -0.00	 -0.00	  0.01	 -0.00	
 -0.00	  0.01	 -0.01	  0.00	 -0.42	 -0.27	  0.00	 -1.01	  0.77	  0.24	 -0.00	 -0.00	  0.01	 -0.01	
 -0.00	  0.01	 -0.01	  0.00	 -0.43	 -0.26	  0.00	 -1.04	  0.77	  0.27	 -0.00	 -0.00	  0.01	 -0.01	
 -0.00	  0.01	 -0.01	  0.00	 -0.45	 -0.25	  0.00	 -1.07	  0.78	  0.30	 -0.00	 -0.00	  0.01	 -0.01	
 -0.00	  0.01	 -0.01	  0.00	 -0.47	 -0.24	  0.00	 -1.11	  0.78	  0.33	 -0.00	 -0.00	  0.01	 -0.01	
 -0.00	  0.01	 -0.01	  0.00	 -0.49	 -0.23	  0.00	 -1.14	  0.79	  0.36	 -0.00	 -0.00	  0.01	 -0.01	
 -0.00	  0.01	 -0.01	  0.00	 -0.51	 -0.22	  0.00	 -1.18	  0.79	  0.39	 -0.00	  0.00	  0.01	 -0.01	
 -0.00	  0.01	 -0.01	  0.00	 -0.53	 -0.21	  0.00	 -1.22	  0.79	  0.42	 -0.00	  0.00	  0.01	 -0.01	
 -0.00	  0.01	 -0.01	  0.00	 -0.55	 -0.20	  0.00	 -1.25	  0.80	  0.46	 -0.00	  0.00	  0.01	 -0.01	
 -0.00	  0.01	 -0.01	  0.00	 -0.57	 -0.19	  0.00	 -1.29	  0.80	  0.49	 -0.00	  0.00	  0.01	 -0.01	
 -0.00	  0.01	 -0.01	  0.00	 -0.59	 -0.18	  0.00	 -1.33	  0.80	  0.53	 -0.00	  0.00	  0.01	 -0.02	
 -0.00	  0.01	 -0.01	  0.00	 -0.60	 -0.17	  0.00	 -1.37	  0.80	  0.56	 -0.00	  0.00	  0.01	 -0.02	
 -0.00	  0.01	 -0.01	  0.00	 -0.62	 -0.16	  0.00	 -1.40	  0.80	  0.60	 -0.00	  0.01	  0.01	 -0.02	
 -0.00	  0.02	 -0.02	  0.00	 -0.64	 -0.15	  0.00	 -1.44	  0.81	  0.64	 -0.00	  0.01	  0.01	 -0.02	
 -0.00	  0.02	 -0.02	  0.00	 -0.66	 -0.14	  0.00	 -1.48	  0.81	  0.68	 -0.00	  0.01	  0.01	 -0.02	
 -0.00	  0.02	 -0.02	  0.00	 -0.67	 -0.13	  0.00	 -1.52	  0.80	  0.72	 -0.00	  0.01	  0.01	 -0.02	
 -0.00	  0.02	 -0.02	  0.00	 -0.69	 -0.11	  0.00	 -1.56	  0.80	  0.76	 -0.00	  0.01	  0.01	 -0.03	
 -0.00	  0.02	 -0.02	  0.00	 -0.70	 -0.10	  0.00	 -1.60	  0.80	  0.80	 -0.00	  0.01	  0.02	 -0.03	
 -0.00	  0.02	 -0.02	  0.00	 -0.72	 -0.09	  0.00	 -1.64	  0.80	  0.84	 -0.00	  0.01	  0.02	 -0.03	
 -0.00	  0.02	 -0.02	  0.00	 -0.73	 -0.08	  0.00	 -1.68	  0.80	  0.89	 -0.00	  0.02	  0.02	 -0.03	
 -0.00	  0.02	 -0.02	  0.00	 -0.75	 -0.07	  0.00	 -1.72	  0.79	  0.93	 -0.00	  0.02	  0.02	 -0.03	
 -0.00	  0.02	 -0.02	  0.00	 -0.76	 -0.05	  0.00	 -1.76	  0.79	  0.97	 -0.00	  0.02	  0.02	 -0.04	
 -0.00	  0.02	 -0.02	  0.00	 -0.77	 -0.04	  0.00	 -1.80	  0.78	  1.02	 -0.00	  0.02	  0.02	 -0.04	
 -0.00	  0.03	 -0.02	  0.00	 -0.78	 -0.03	  0.00	 -1.84	  0.77	  1.06	 -0.00	  0.02	  0.02	 -0.04	
 -0.00	  0.03	 -0.02	  0.00	 -0.79	 -0.02	  0.00	 -1.87	  0.77	  1.11	 -0.00	  0.03	  0.02	 -0.04	
 -0.00	  0.03	 -0.02	  0.00	 -0.80	 -0.01	  0.00	 -1.91	  0.76	  1.15	 -0.00	  0.03	  0.02	 -0.05	
 -0.00	  0.03	 -0.02	  0.00	 -0.81	  0.01	  0.00	 -1.95	  0.75	  1.20	 -0.00	  0.03	  0.02	 -0.05	
 -0.00	  0.03	 -0.02	  0.00	 -0.82	  0.02	  0.00	 -1.98	  0.74	  1.24	 -0.00	  0.03	  0.02	 -0.05	
 -0.00	  0.03	 -0.02	  0.00	 -0.83	  0.03	  0.00	 -2.01	  0.73	  1.28	 -0.00	  0.04	  0.02	 -0.05	
 -0.00	  0.03	 -0.02	  0.00	 -0.83	  0.04	  0.00	 -2.05	  0.72	  1.33	 -0.00	  0.04	  0.02	 -0.06	
 -0.00	  0.03	 -0.02	  0.00	 -0.84	  0.05	  0.00	 -2.08	  0.71	  1.37	 -0.00	  0.04	  0.02	 -0.06	
 -0.00	  0.03	 -0.03	  0.00	 -0.84	  0.06	  0.00	 -2.10	  0.69	  1.41	 -0.00	  0.05	  0.02	 -0.06	
 -0.00	  0.04	 -0.03	  0.00	 -0.85	  0.07	  0.00	 -2.13	  0.68	  1.45	 -0.00	  0.05	  0.02	 -0.07	
 -0.00	  0.04	 -0.03	  0.00	 -0.85	  0.08	  0.00	 -2.15	  0.66	  1.49	 -0.00	  0.05	  0.02	 -0.07	
 -0.00	  0.04	 -0.03	  0.00	 -0.85	  0.09	  0.00	 -2.18	  0.65	  1.53	 -0.00	  0.06	  0.02	 -0.07	
 -0.00	  0.04	 -0.03	  0.00	 -0.85	  0.10	  0.00	 -2.20	  0.63	  1.56	 -0.00	  0.06	  0.02	 -0.08	
 -0.00	  0.04	 -0.03	  0.00	 -0.85	  0.11	  0.00	 -2.21	  0.62	  1.59	 -0.00	  0.06	  0.02	 -0.08	
 -0.00	  0.04	 -0.03	  0.00	 -0.85	  0.12	  0.00	 -2.22	  0.60	  1.63	 -0.00	  0.07	  0.02	 -0.08	
 -0.00	  0.04	 -0.03	  0.00	 -0.84	  0.13	  0.00	 -2.24	  0.58	  1.65	 -0.00	  0.07	  0.02	 -0.09	
 -0.00	  0.04	 -0.03	  0.00	 -0.84	  0.14	  0.00	 -2.24	  0.56	  1.68	 -0.00	  0.07	  0.02	 -0.09	
 -0.00	  0.05	 -0.03	  0.00	 -0.84	  0.15	  0.00	 -2.25	  0.54	  1.70	 -0.00	  0.08	  0.02	 -0.09	
 -0.00	  0.05	 -0.03	  0.00	 -0.83	  0.15	  0.00	 -2.25	  0.53	  1.72	 -0.00	  0.08	  0.01	 -0.10	
 -0.00	  0.05	 -0.03	  0.00	 -0.82	  0.16	  0.00	 -2.24	  0.51	  1.74	 -0.00	  0.09	  0.01	 -0.10	
 -0.00	  0.05	 -0.03	  0.00	 -0.82	  0.17	  0.00	 -2.23	  0.49	  1.75	 -0.00	  0.09	  0.01	 -0.10	
 -0.00	  0.05	 -0.03	  0.00	 -0.81	  0.17	  0.00	 -2.22	  0.46	  1.76	 -0.00	  0.09	  0.01	 -0.11	
 -0.00	  0.05	 -0.03	  0.00	 -0.80	  0.18	  0.00	 -2.21	  0.44	  1.76	 -0.00	  0.10	  0.01	 -0.11	
 -0.00	  0.05	 -0.03	  0.00	 -0.79	  0.18	  0.00	 -2.19	  0.42	  1.76	 -0.00	  0.10	  0.01	 -0.12	
 -0.00	  0.06	 -0.03	  0.00	 -0.78	  0.19	  0.00	 -2.16	  0.40	  1.76	 -0.00	  0.11	  0.01	 -0.12	
 -0.00	  0.06	 -0.03	  0.00	 -0.76	  0.19	  0.00	 -2.14	  0.38	  1.75	 -0.00	  0.11	  0.01	 -0.12	
 -0.00	  0.06	 -0.03	  0.00	 -0.75	  0.19	  0.00	 -2.10	  0.36	  1.74	 -0.00	  0.12	  0.01	 -0.13	
 -0.00	  0.06	 -0.03	  0.00	 -0.74	  0.20	  0.00	 -2.07	  0.34	  1.73	 -0.00	  0.12	  0.01	 -0.13	
 -0.00	  0.06	 -0.03	  0.00	 -0.72	  0.20	  0.00	 -2.03	  0.32	  1.71	 -0.00	  0.13	  0.01	 -0.14	
 -0.00	  0.06	 -0.03	  0.00	 -0.71	  0.20	  0.00	 -1.99	  0.30	  1.69	 -0.00	  0.13	  0.01	 -0.14	
 -0.00	  0.06	 -0.03	  0.00	 -0.69	  0.20	  0.00	 -1.94	  0.28	  1.66	 -0.00	  0.14	  0.01	 -0.15	
 -0.00	  0.07	 -0.03	  0.00	 -0.68	  0.20	  0.00	 -1.89	  0.26	  1.63	 -0.00	  0.14	  0.01	 -0.15	
 -0.00	  0.07	 -0.03	  0.00	 -0.66	  0.20	  0.00	 -1.84	  0.24	  1.60	 -0.00	  0.15	  0.01	 -0.16	
 -0.00	  0.07	 -0.03	  0.00	 -0.64	  0.20	  0.00	 -1.79	  0.22	  1.57	 -0.00	  0.15	  0.01	 -0.16	
 -0.00	  0.07	 -0.03	  0.00	 -0.62	  0.20	  0.00	 -1.73	  0.20	  1.53	 -0.00	  0.16	  0.01	 -0.17	
 -0.00	  0.07	 -0.03	  0.00	 -0.60	  0.20	  0.00	 -1.67	  0.19	  1.49	 -0.00	  0.17	  0.00	 -0.17	
 -0.00	  0.07	 -0.03	  0.00	 -0.58	  0.19	  0.00	 -1.61	  0.17	  1.44	 -0.00	  0.17	  0.00	 -0.18	
 -0.00	  0.08	 -0.03	  0.00	 -0.56	  0.19	  0.00	 -1.55	  0.15	  1.39	 -0.00	  0.18	  0.00	 -0.18	
 -0.00	  0.08	 -0.03	  0.00	 -0.54	  0.19	  0.00	 -1.48	  0.14	  1.35	 -0.00	  0.18	  0.00	 -0.19	
 -0.00	  0.08	 -0.03	  0.00	 -0.52	  0.18	  0.00	 -1.42	  0.12	  1.29	 -0.00	  0.19	  0.00	 -0.19	
 -0.00	  0.08	 -0.03	  0.00	 -0.50	  0.18	  0.00	 -1.35	  0.11	  1.24	 -0.00	  0.20	 -0.00	 -0.20	
 -0.00	  0.08	 -0.03	  0.00	 -0.48	  0.18	  0.00	 -1.28	  0.10	  1.19	 -0.00	  0.20	 -0.00	 -0.20	
 -0.00	  0.08	 -0.03	  0.00	 -0.46	  0.17	  0.00	 -1.22	  0.09	  1.13	 -0.00	  0.21	 -0.00	 -0.21	
 -0.00	  0.09	 -0.03	  0.00	 -0.43	  0.16	  0.00	 -1.15	  0.07	  1.07	 -0.00	  0.22	 -0.00	 -0.21	
 -0.00	  0.09	 -0.03	  0.00	 -0.41	  0.16	  0.00	 -1.08	  0.06	  1.02	 -0.00	  0.22	 -0.00	 -0.22	
 -0.00	  0.09	 -0.03	  0.00	 -0.39	  0.15	  0.00	 -1.01	  0.05	  0.96	 -0.00	  0.23	 -0.01	 -0.22	
 -0.00	  0.09	 -0.03	  0.00	 -0.37	  0.15	  0.00	 -0.94	  0.04	  0.90	 -0.00	  0.24	 -0.01	 -0.23	
 -0.00	  0.09	 -0.03	  0.00	 -0.34	  0.14	  0.00	 -0.88	  0.04	  0.84	 -0.00	  0.24	 -0.01	 -0.24	
 -0.00	  0.09	 -0.03	  0.00	 -0.32	  0.13	  0.00	 -0.81	  0.03	  0.78	 -0.00	  0.25	 -0.01	 -0.24	
 -0.00	  0.10	 -0.03	  0.00	 -0.30	  0.13	  0.00	 -0.74	  0.02	  0.72	 -0.00	  0.26	 -0.01	 -0.25	
 -0.00	  0.10	 -0.03	  0.00	 -0.27	  0.12	  0.00	 -0.68	  0.02	  0.66	 -0.00	  0.27	 -0.01	 -0.25	
 -0.00	  0.10	 -0.03	  0.00	 -0.25	  0.11	  0.00	 -0.61	  0.01	  0.60	 -0.00	  0.27	 -0.01	 -0.26	
 -0.00	  0.10	 -0.03	  0.00	 -0.23	  0.10	  0.00	 -0.55	  0.00	  0.54	 -0.00	  0.28	 -0.02	 -0.26	
 -0.00	  0.10	 -0.03	  0.00	 -0.20	  0.10	  0.00	 -0.48	 -0.00	  0.49	 -0.00	  0.29	 -0.02	 -0.27	
 -0.00	  0.11	 -0.03	  0.00	 -0.18	  0.09	  0.00	 -0.42	 -0.01	  0.43	 -0.00	  0.30	 -0.02	 -0.28	
 -0.00	  0.11	 -0.03	  0.00	 -0.16	  0.08	  0.00	 -0.36	 -0.01	  0.37	 -0.00	  0.30	 -0.02	 -0.28	
 -0.00	  0.11	 -0.03	  0.00	 -0.14	  0.07	  0.00	 -0.30	 -0.01	  0.32	 -0.00	  0.31	 -0.02	 -0.29	
 -0.00	  0.11	 -0.03	  0.00	 -0.12	  0.06	  0.00	 -0.24	 -0.02	  0.26	 -0.00	  0.32	 -0.02	 -0.30	
 -0.00	  0.11	 -0.03	  0.00	 -0.10	  0.06	  0.00	 -0.19	 -0.02	  0.21	 -0.00	  0.33	 -0.03	 -0.30	
 -0.00	  0.12	 -0.03	  0.00	 -0.07	  0.05	  0.00	 -0.13	 -0.02	  0.15	 -0.00	  0.34	 -0.03	 -0.31	
 -0.00	  0.12	 -0.03	  0.00	 -0.05	  0.04	  0.00	 -0.08	 -0.02	  0.10	 -0.00	  0.34	 -0.03	 -0.31	
 -0.00	  0.12	 -0.03	  0.00	 -0.03	  0.03	  0.00	 -0.03	 -0.03	  0.05	 -0.00	  0.35	 -0.03	 -0.32	
 -0.00	  0.12	 -0.03	  0.00	 -0.02	  0.03	  0.00	  0.02	 -0.03	  0.01	 -0.00	  0.36	 -0.03	 -0.33	
 -0.00	  0.12	 -0.03	  0.00	  0.00	  0.02	  0.00	  0.07	 -0.03	 -0.04	 -0.00	  0.37	 -0.04	 -0.33	
 -0.00	  0.13	 -0.03	  0.00	  0.02	  0.01	  0.00	  0.12	 -0.03	 -0.08	 -0.00	  0.38	 -0.04	 -0.34	
 -0.00	  0.13	 -0.03	  0.00	  0.04	  0.01	  0.00	  0.16	 -0.04	 -0.13	 -0.00	  0.39	 -0.04	 -0.35	
 -0.00	  0.13	 -0.03	 -0.00	  0.05	  0.00	 -0.00	  0.21	 -0.04	 -0.17	 -0.00	  0.39	 -0.04	 -0.35	
 -0.00	  0.13	 -0.03	 -0.00	  0.07	 -0.00	 -0.00	  0.25	 -0.04	 -0.20	 -0.00	  0.40	 -0.04	 -0.36	
 -0.00	  0.13	 -0.03	 -0.00	  0.08	 -0.01	 -0.00	  0.28	 -0.04	 -0.24	 -0.00	  0.41	 -0.05	 -0.37	
 -0.00	  0.14	 -0.03	 -0.00	  0.09	 -0.01	 -0.00	  0.32	 -0.05	 -0.27	 -0.00	  0.42	 -0.05	 -0.37	
 -0.00	  0.14	 -0.03	 -0.00	  0.11	 -0.01	 -0.00	  0.35	 -0.05	 -0.30	 -0.00	  0.43	 -0.05	 -0.38	
 -0.00	  0.14	 -0.03	 -0.00	  0.12	 -0.02	 -0.00	  0.38	 -0.05	 -0.33	 -0.00	  0.44	 -0.05	 -0.39	
 -0.00	  0.14	 -0.03	 -0.00	  0.13	 -0.02	 -0.00	  0.41	 -0.05	 -0.35	 -0.00	  0.45	 -0.06	 -0.39	
 -0.00	  0.14	 -0.03	 -0.00	  0.14	 -0.02	 -0.00	  0.43	 -0.06	 -0.38	 -0.00	  0.46	 -0.06	 -0.40	
 -0.00	  0.15	 -0.03	 -0.00	  0.14	 -0.02	 -0.00	  0.45	 -0.06	 -0.39	 -0.00	  0.47	 -0.06	 -0.40	
 -0.00	  0.15	 -0.03	 -0.00	  0.15	 -0.03	 -0.00	  0.47	 -0.06	 -0.41	 -0.00	  0.47	 -0.06	 -0.41	
 -0.00	  0.15	 -0.03	 -0.00	  0.15	 -0.03	 -0.00	  0.48	 -0.07	 -0.42	 -0.00	  0.48	 -0.07	 -0.42	
