  0.00	  2.36	 -2.80	 -0.00	  2.36	 -2.80	 -0.00	 -1.57	  2.94	 -2.79	  0.00	 -1.57	  2.94	 -2.79	
  0.00	  2.36	 -2.80	 -0.00	  2.36	 -2.80	 -0.00	 -1.57	  2.94	 -2.78	  0.00	 -1.57	  2.94	 -2.78	
  0.00	  2.36	 -2.80	 -0.00	  2.36	 -2.80	 -0.00	 -1.57	  2.94	 -2.78	  0.00	 -1.57	  2.94	 -2.78	
  0.00	  2.35	 -2.80	 -0.00	  2.35	 -2.80	 -0.00	 -1.57	  2.94	 -2.78	  0.00	 -1.57	  2.94	 -2.78	
  0.00	  2.35	 -2.80	 -0.00	  2.35	 -2.80	 -0.00	 -1.57	  2.94	 -2.78	  0.00	 -1.57	  2.94	 -2.78	
  0.00	  2.35	 -2.80	 -0.00	  2.35	 -2.80	 -0.00	 -1.57	  2.94	 -2.78	  0.00	 -1.57	  2.94	 -2.78	
  0.00	  2.35	 -2.80	 -0.00	  2.35	 -2.80	 -0.00	 -1.57	  2.94	 -2.78	  0.00	 -1.57	  2.94	 -2.78	
  0.00	  2.34	 -2.80	 -0.00	  2.34	 -2.80	 -0.00	 -1.57	  2.94	 -2.78	  0.00	 -1.57	  2.94	 -2.78	
  0.00	  2.34	 -2.80	 -0.00	  2.34	 -2.80	 -0.00	 -1.57	  2.94	 -2.78	  0.00	 -1.57	  2.94	 -2.78	
  0.00	  2.34	 -2.80	 -0.00	  2.34	 -2.80	 -0.00	 -1.57	  2.94	 -2.78	  0.00	 -1.57	  2.94	 -2.78	
  0.00	  2.34	 -2.80	 -0.00	  2.34	 -2.80	 -0.00	 -1.57	  2.94	 -2.78	  0.00	 -1.57	  2.94	 -2.78	
  0.00	  2.34	 -2.80	 -0.00	  2.34	 -2.80	 -0.00	 -1.57	  2.94	 -2.77	  0.00	 -1.57	  2.94	 -2.77	
  0.00	  2.33	 -2.79	 -0.00	  2.33	 -2.79	 -0.00	 -1.57	  2.94	 -2.77	  0.00	 -1.57	  2.94	 -2.77	
  0.00	  2.33	 -2.79	 -0.00	  2.33	 -2.79	 -0.00	 -1.57	  2.94	 -2.77	  0.00	 -1.57	  2.94	 -2.77	
  0.00	  2.33	 -2.79	 -0.00	  2.33	 -2.79	 -0.00	 -1.57	  2.94	 -2.77	  0.00	 -1.57	  2.94	 -2.77	
  0.00	  2.33	 -2.79	 -0.00	  2.33	 -2.79	 -0.00	 -1.57	  2.94	 -2.77	  0.00	 -1.57	  2.94	 -2.77	
  0.00	  2.33	 -2.79	 -0.00	  2.33	 -2.79	 -0.00	 -1.57	  2.94	 -2.77	  0.00	 -1.57	  2.94	 -2.77	
  0.00	  2.32	 -2.79	 -0.00	  2.32	 -2.79	 -0.00	 -1.57	  2.94	 -2.77	  0.00	 -1.57	  2.94	 -2.77	
  0.00	  2.32	 -2.79	 -0.00	  2.32	 -2.79	 -0.00	 -1.57	  2.93	 -2.77	  0.00	 -1.57	  2.93	 -2.77	
  0.00	  2.32	 -2.79	 -0.00	  2.32	 -2.79	 -0.00	 -1.57	  2.93	 -2.77	  0.00	 -1.57	  2.93	 -2.77	
  0.00	  2.32	 -2.79	 -0.00	  2.32	 -2.79	 -0.00	 -1.57	  2.93	 -2.77	  0.00	 -1.57	  2.93	 -2.77	
  0.00	  2.31	 -2.79	 -0.00	  2.31	 -2.79	 -0.00	 -1.57	  2.93	 -2.77	  0.00	 -1.57	  2.93	 -2.77	
  0.00	  2.31	 -2.79	 -0.00	  2.31	 -2.79	 -0.00	 -1.57	  2.93	 -2.76	  0.00	 -1.57	  2.93	 -2.76	
  0.00	  2.31	 -2.79	 -0.00	  2.31	 -2.79	 -0.00	 -1.57	  2.93	 -2.76	  0.00	 -1.57	  2.93	 -2.76	
  0.00	  2.31	 -2.79	 -0.00	  2.31	 -2.79	 -0.00	 -1.57	  2.93	 -2.76	  0.00	 -1.57	  2.93	 -2.76	
  0.00	  2.31	 -2.79	 -0.00	  2.31	 -2.79	 -0.00	 -1.57	  2.93	 -2.76	  0.00	 -1.57	  2.93	 -2.76	
  0.00	  2.30	 -2.79	 -0.00	  2.30	 -2.79	 -0.00	 -1.57	  2.93	 -2.76	  0.00	 -1.57	  2.93	 -2.76	
  0.00	  2.30	 -2.78	 -0.00	  2.30	 -2.78	 -0.00	 -1.57	  2.93	 -2.76	  0.00	 -1.57	  2.93	 -2.76	
  0.00	  2.30	 -2.78	 -0.00	  2.30	 -2.78	 -0.00	 -1.57	  2.93	 -2.76	  0.00	 -1.57	  2.93	 -2.76	
  0.00	  2.30	 -2.78	 -0.00	  2.30	 -2.78	 -0.00	 -1.57	  2.93	 -2.76	  0.00	 -1.57	  2.93	 -2.76	
  0.00	  2.30	 -2.78	 -0.00	  2.30	 -2.78	 -0.00	 -1.57	  2.93	 -2.76	  0.00	 -1.57	  2.93	 -2.76	
  0.00	  2.29	 -2.78	 -0.00	  2.29	 -2.78	 -0.00	 -1.57	  2.93	 -2.76	  0.00	 -1.57	  2.93	 -2.76	
  0.00	  2.29	 -2.78	 -0.00	  2.29	 -2.78	 -0.00	 -1.57	  2.93	 -2.75	  0.00	 -1.57	  2.93	 -2.75	
  0.00	  2.29	 -2.78	 -0.00	  2.29	 -2.78	 -0.00	 -1.57	  2.93	 -2.75	  0.00	 -1.57	  2.93	 -2.75	
  0.00	  2.29	 -2.78	 -0.00	  2.29	 -2.78	 -0.00	 -1.57	  2.93	 -2.75	  0.00	 -1.57	  2.93	 -2.75	
  0.00	  2.29	 -2.78	 -0.00	  2.29	 -2.78	 -0.00	 -1.57	  2.93	 -2.75	  0.00	 -1.57	  2.93	 -2.75	
  0.00	  2.28	 -2.78	 -0.00	  2.28	 -2.78	 -0.00	 -1.57	  2.93	 -2.75	  0.00	 -1.57	  2.93	 -2.75	
  0.00	  2.28	 -2.78	 -0.00	  2.28	 -2.78	 -0.00	 -1.57	  2.93	 -2.75	  0.00	 -1.57	  2.93	 -2.75	
  0.00	  2.28	 -2.78	 -0.00	  2.28	 -2.78	 -0.00	 -1.57	  2.93	 -2.75	  0.00	 -1.57	  2.93	 -2.75	
  0.00	  2.28	 -2.78	 -0.00	  2.28	 -2.78	 -0.00	 -1.57	  2.93	 -2.75	  0.00	 -1.57	  2.93	 -2.75	
  0.00	  2.28	 -2.78	 -0.00	  2.28	 -2.78	 -0.00	 -1.57	  2.93	 -2.75	  0.00	 -1.57	  2.93	 -2.75	
  0.00	  2.27	 -2.77	 -0.00	  2.27	 -2.77	 -0.00	 -1.57	  2.93	 -2.75	  0.00	 -1.57	  2.93	 -2.75	
  0.00	  2.27	 -2.77	 -0.00	  2.27	 -2.77	 -0.00	 -1.57	  2.93	 -2.75	  0.00	 -1.57	  2.93	 -2.75	
  0.00	  2.27	 -2.77	 -0.00	  2.27	 -2.77	 -0.00	 -1.57	  2.93	 -2.74	  0.00	 -1.57	  2.93	 -2.74	
  0.00	  2.27	 -2.77	 -0.00	  2.27	 -2.77	 -0.00	 -1.57	  2.93	 -2.74	  0.00	 -1.57	  2.93	 -2.74	
  0.00	  2.27	 -2.77	 -0.00	  2.27	 -2.77	 -0.00	 -1.57	  2.92	 -2.74	  0.00	 -1.57	  2.92	 -2.74	
  0.00	  2.26	 -2.77	 -0.00	  2.26	 -2.77	 -0.00	 -1.57	  2.92	 -2.74	  0.00	 -1.57	  2.92	 -2.74	
  0.00	  2.26	 -2.77	 -0.00	  2.26	 -2.77	 -0.00	 -1.57	  2.92	 -2.74	  0.00	 -1.57	  2.92	 -2.74	
  0.00	  2.26	 -2.77	 -0.00	  2.26	 -2.77	 -0.00	 -1.57	  2.92	 -2.74	  0.00	 -1.57	  2.92	 -2.74	
  0.00	  2.26	 -2.77	 -0.00	  2.26	 -2.77	 -0.00	 -1.57	  2.92	 -2.74	  0.00	 -1.57	  2.92	 -2.74	
  0.00	  2.26	 -2.77	 -0.00	  2.26	 -2.77	 -0.00	 -1.57	  2.92	 -2.74	  0.00	 -1.57	  2.92	 -2.74	
  0.00	  2.25	 -2.77	 -0.00	  2.25	 -2.77	 -0.00	 -1.57	  2.92	 -2.74	  0.00	 -1.57	  2.92	 -2.74	
  0.00	  2.25	 -2.77	 -0.00	  2.25	 -2.77	 -0.00	 -1.57	  2.92	 -2.74	  0.00	 -1.57	  2.92	 -2.74	
  0.00	  2.25	 -2.77	 -0.00	  2.25	 -2.77	 -0.00	 -1.57	  2.92	 -2.73	  0.00	 -1.57	  2.92	 -2.73	
  0.00	  2.25	 -2.77	 -0.00	  2.25	 -2.77	 -0.00	 -1.57	  2.92	 -2.73	  0.00	 -1.57	  2.92	 -2.73	
  0.00	  2.25	 -2.76	 -0.00	  2.25	 -2.76	 -0.00	 -1.57	  2.92	 -2.73	  0.00	 -1.57	  2.92	 -2.73	
  0.00	  2.24	 -2.76	 -0.00	  2.24	 -2.76	 -0.00	 -1.57	  2.92	 -2.73	  0.00	 -1.57	  2.92	 -2.73	
  0.00	  2.24	 -2.76	 -0.00	  2.24	 -2.76	 -0.00	 -1.57	  2.92	 -2.73	  0.00	 -1.57	  2.92	 -2.73	
  0.00	  2.24	 -2.76	 -0.00	  2.24	 -2.76	 -0.00	 -1.57	  2.92	 -2.73	  0.00	 -1.57	  2.92	 -2.73	
  0.00	  2.24	 -2.76	 -0.00	  2.24	 -2.76	 -0.00	 -1.57	  2.92	 -2.73	  0.00	 -1.57	  2.92	 -2.73	
  0.00	  2.24	 -2.76	 -0.00	  2.24	 -2.76	 -0.00	 -1.57	  2.92	 -2.73	  0.00	 -1.57	  2.92	 -2.73	
  0.00	  2.24	 -2.76	 -0.00	  2.24	 -2.76	 -0.00	 -1.57	  2.92	 -2.73	  0.00	 -1.57	  2.92	 -2.73	
  0.00	  2.23	 -2.76	 -0.00	  2.23	 -2.76	 -0.00	 -1.57	  2.92	 -2.73	  0.00	 -1.57	  2.92	 -2.73	
  0.00	  2.23	 -2.76	 -0.00	  2.23	 -2.76	 -0.00	 -1.57	  2.92	 -2.73	  0.00	 -1.57	  2.92	 -2.73	
  0.00	  2.23	 -2.76	 -0.00	  2.23	 -2.76	 -0.00	 -1.57	  2.92	 -2.72	  0.00	 -1.57	  2.92	 -2.72	
  0.00	  2.23	 -2.76	 -0.00	  2.23	 -2.76	 -0.00	 -1.57	  2.92	 -2.72	  0.00	 -1.57	  2.92	 -2.72	
  0.00	  2.23	 -2.76	 -0.00	  2.23	 -2.76	 -0.00	 -1.57	  2.92	 -2.72	  0.00	 -1.57	  2.92	 -2.72	
  0.00	  2.22	 -2.76	 -0.00	  2.22	 -2.76	 -0.00	 -1.57	  2.92	 -2.72	  0.00	 -1.57	  2.92	 -2.72	
  0.00	  2.22	 -2.76	 -0.00	  2.22	 -2.76	 -0.00	 -1.57	  2.92	 -2.72	  0.00	 -1.57	  2.92	 -2.72	
  0.00	  2.22	 -2.76	 -0.00	  2.22	 -2.76	 -0.00	 -1.57	  2.92	 -2.72	  0.00	 -1.57	  2.92	 -2.72	
  0.00	  2.22	 -2.75	 -0.00	  2.22	 -2.75	 -0.00	 -1.57	  2.92	 -2.72	  0.00	 -1.57	  2.92	 -2.72	
  0.00	  2.22	 -2.75	 -0.00	  2.22	 -2.75	 -0.00	 -1.57	  2.91	 -2.72	  0.00	 -1.57	  2.91	 -2.72	
  0.00	  2.21	 -2.75	 -0.00	  2.21	 -2.75	 -0.00	 -1.57	  2.91	 -2.72	  0.00	 -1.57	  2.91	 -2.72	
  0.00	  2.21	 -2.75	 -0.00	  2.21	 -2.75	 -0.00	 -1.57	  2.91	 -2.72	  0.00	 -1.57	  2.91	 -2.72	
  0.00	  2.21	 -2.75	 -0.00	  2.21	 -2.75	 -0.00	 -1.57	  2.91	 -2.71	  0.00	 -1.57	  2.91	 -2.71	
  0.00	  2.21	 -2.75	 -0.00	  2.21	 -2.75	 -0.00	 -1.57	  2.91	 -2.71	  0.00	 -1.57	  2.91	 -2.71	
  0.00	  2.21	 -2.75	 -0.00	  2.21	 -2.75	 -0.00	 -1.57	  2.91	 -2.71	  0.00	 -1.57	  2.91	 -2.71	
  0.00	  2.21	 -2.75	 -0.00	  2.21	 -2.75	 -0.00	 -1.57	  2.91	 -2.71	  0.00	 -1.57	  2.91	 -2.71	
  0.00	  2.20	 -2.75	 -0.00	  2.20	 -2.75	 -0.00	 -1.57	  2.91	 -2.71	  0.00	 -1.57	  2.91	 -2.71	
  0.00	  2.20	 -2.75	 -0.00	  2.20	 -2.75	 -0.00	 -1.57	  2.91	 -2.71	  0.00	 -1.57	  2.91	 -2.71	
  0.00	  2.20	 -2.75	 -0.00	  2.20	 -2.75	 -0.00	 -1.57	  2.91	 -2.71	  0.00	 -1.57	  2.91	 -2.71	
  0.00	  2.20	 -2.75	 -0.00	  2.20	 -2.75	 -0.00	 -1.57	  2.91	 -2.71	  0.00	 -1.57	  2.91	 -2.71	
  0.00	  2.20	 -2.75	 -0.00	  2.20	 -2.75	 -0.00	 -1.57	  2.91	 -2.71	  0.00	 -1.57	  2.91	 -2.71	
  0.00	  2.19	 -2.75	 -0.00	  2.19	 -2.75	 -0.00	 -1.57	  2.91	 -2.71	  0.00	 -1.57	  2.91	 -2.71	
  0.00	  2.19	 -2.74	 -0.00	  2.19	 -2.74	 -0.00	 -1.57	  2.91	 -2.70	  0.00	 -1.57	  2.91	 -2.70	
  0.00	  2.19	 -2.74	 -0.00	  2.19	 -2.74	 -0.00	 -1.57	  2.91	 -2.70	  0.00	 -1.57	  2.91	 -2.70	
  0.00	  2.19	 -2.74	 -0.00	  2.19	 -2.74	 -0.00	 -1.57	  2.91	 -2.70	  0.00	 -1.57	  2.91	 -2.70	
  0.00	  2.19	 -2.74	 -0.00	  2.19	 -2.74	 -0.00	 -1.57	  2.91	 -2.70	  0.00	 -1.57	  2.91	 -2.70	
  0.00	  2.19	 -2.74	 -0.00	  2.19	 -2.74	 -0.00	 -1.57	  2.91	 -2.70	  0.00	 -1.57	  2.91	 -2.70	
  0.00	  2.18	 -2.74	 -0.00	  2.18	 -2.74	 -0.00	 -1.57	  2.91	 -2.70	  0.00	 -1.57	  2.91	 -2.70	
  0.00	  2.18	 -2.74	 -0.00	  2.18	 -2.74	 -0.00	 -1.57	  2.91	 -2.70	  0.00	 -1.57	  2.91	 -2.70	
  0.00	  2.18	 -2.74	 -0.00	  2.18	 -2.74	 -0.00	 -1.57	  2.91	 -2.70	  0.00	 -1.57	  2.91	 -2.70	
  0.00	  2.18	 -2.74	 -0.00	  2.18	 -2.74	 -0.00	 -1.57	  2.91	 -2.70	  0.00	 -1.57	  2.91	 -2.70	
  0.00	  2.18	 -2.74	 -0.00	  2.18	 -2.74	 -0.00	 -1.57	  2.91	 -2.70	  0.00	 -1.57	  2.91	 -2.70	
  0.00	  2.18	 -2.74	 -0.00	  2.18	 -2.74	 -0.00	 -1.57	  2.91	 -2.70	  0.00	 -1.57	  2.91	 -2.70	
  0.00	  2.17	 -2.74	 -0.00	  2.17	 -2.74	 -0.00	 -1.57	  2.91	 -2.69	  0.00	 -1.57	  2.91	 -2.69	
  0.00	  2.17	 -2.74	 -0.00	  2.17	 -2.74	 -0.00	 -1.57	  2.90	 -2.69	  0.00	 -1.57	  2.90	 -2.69	
  0.00	  2.17	 -2.74	 -0.00	  2.17	 -2.74	 -0.00	 -1.57	  2.90	 -2.69	  0.00	 -1.57	  2.90	 -2.69	
  0.00	  2.17	 -2.73	 -0.00	  2.17	 -2.73	 -0.00	 -1.57	  2.90	 -2.69	  0.00	 -1.57	  2.90	 -2.69	
  0.00	  2.17	 -2.73	 -0.00	  2.17	 -2.73	 -0.00	 -1.57	  2.90	 -2.69	  0.00	 -1.57	  2.90	 -2.69	
  0.00	  2.16	 -2.73	 -0.00	  2.16	 -2.73	 -0.00	 -1.57	  2.90	 -2.69	  0.00	 -1.57	  2.90	 -2.69	
  0.00	  2.16	 -2.73	 -0.00	  2.16	 -2.73	 -0.00	 -1.57	  2.90	 -2.69	  0.00	 -1.57	  2.90	 -2.69	
  0.00	  2.16	 -2.73	 -0.00	  2.16	 -2.73	 -0.00	 -1.57	  2.90	 -2.69	  0.00	 -1.57	  2.90	 -2.69	
  0.00	  2.16	 -2.73	 -0.00	  2.16	 -2.73	 -0.00	 -1.57	  2.90	 -2.69	  0.00	 -1.57	  2.90	 -2.69	
  0.00	  2.16	 -2.73	 -0.00	  2.16	 -2.73	 -0.00	 -1.57	  2.90	 -2.69	  0.00	 -1.57	  2.90	 -2.69	
  0.00	  2.16	 -2.73	 -0.00	  2.16	 -2.73	 -0.00	 -1.57	  2.90	 -2.68	  0.00	 -1.57	  2.90	 -2.68	
  0.00	  2.15	 -2.73	 -0.00	  2.15	 -2.73	 -0.00	 -1.57	  2.90	 -2.68	  0.00	 -1.57	  2.90	 -2.68	
  0.00	  2.15	 -2.73	 -0.00	  2.15	 -2.73	 -0.00	 -1.57	  2.90	 -2.68	  0.00	 -1.57	  2.90	 -2.68	
  0.00	  2.15	 -2.73	 -0.00	  2.15	 -2.73	 -0.00	 -1.57	  2.90	 -2.68	  0.00	 -1.57	  2.90	 -2.68	
  0.00	  2.15	 -2.73	 -0.00	  2.15	 -2.73	 -0.00	 -1.57	  2.90	 -2.68	  0.00	 -1.57	  2.90	 -2.68	
  0.00	  2.15	 -2.73	 -0.00	  2.15	 -2.73	 -0.00	 -1.57	  2.90	 -2.68	  0.00	 -1.57	  2.90	 -2.68	
  0.00	  2.15	 -2.73	 -0.00	  2.15	 -2.73	 -0.00	 -1.57	  2.90	 -2.68	  0.00	 -1.57	  2.90	 -2.68	
  0.00	  2.14	 -2.72	 -0.00	  2.14	 -2.72	 -0.00	 -1.57	  2.90	 -2.68	  0.00	 -1.57	  2.90	 -2.68	
  0.00	  2.14	 -2.72	 -0.00	  2.14	 -2.72	 -0.00	 -1.57	  2.90	 -2.68	  0.00	 -1.57	  2.90	 -2.68	
  0.00	  2.14	 -2.72	 -0.00	  2.14	 -2.72	 -0.00	 -1.57	  2.90	 -2.68	  0.00	 -1.57	  2.90	 -2.68	
  0.00	  2.14	 -2.72	 -0.00	  2.14	 -2.72	 -0.00	 -1.57	  2.90	 -2.68	  0.00	 -1.57	  2.90	 -2.68	
  0.00	  2.14	 -2.72	 -0.00	  2.14	 -2.72	 -0.00	 -1.57	  2.90	 -2.67	  0.00	 -1.57	  2.90	 -2.67	
  0.00	  2.14	 -2.72	 -0.00	  2.14	 -2.72	 -0.00	 -1.57	  2.90	 -2.67	  0.00	 -1.57	  2.90	 -2.67	
  0.00	  2.13	 -2.72	 -0.00	  2.13	 -2.72	 -0.00	 -1.57	  2.90	 -2.67	  0.00	 -1.57	  2.90	 -2.67	
  0.00	  2.13	 -2.72	 -0.00	  2.13	 -2.72	 -0.00	 -1.57	  2.90	 -2.67	  0.00	 -1.57	  2.90	 -2.67	
  0.00	  2.13	 -2.72	 -0.00	  2.13	 -2.72	 -0.00	 -1.57	  2.90	 -2.67	  0.00	 -1.57	  2.90	 -2.67	
  0.00	  2.13	 -2.72	 -0.00	  2.13	 -2.72	 -0.00	 -1.57	  2.90	 -2.67	  0.00	 -1.57	  2.90	 -2.67	
  0.00	  2.13	 -2.72	 -0.00	  2.13	 -2.72	 -0.00	 -1.57	  2.89	 -2.67	  0.00	 -1.57	  2.89	 -2.67	
  0.00	  2.13	 -2.72	 -0.00	  2.13	 -2.72	 -0.00	 -1.57	  2.89	 -2.67	  0.00	 -1.57	  2.89	 -2.67	
  0.00	  2.12	 -2.72	 -0.00	  2.12	 -2.72	 -0.00	 -1.57	  2.89	 -2.67	  0.00	 -1.57	  2.89	 -2.67	
  0.00	  2.12	 -2.71	 -0.00	  2.12	 -2.71	 -0.00	 -1.57	  2.89	 -2.67	  0.00	 -1.57	  2.89	 -2.67	
  0.00	  2.12	 -2.71	 -0.00	  2.12	 -2.71	 -0.00	 -1.57	  2.89	 -2.66	  0.00	 -1.57	  2.89	 -2.66	
  0.00	  2.12	 -2.71	 -0.00	  2.12	 -2.71	 -0.00	 -1.57	  2.89	 -2.66	  0.00	 -1.57	  2.89	 -2.66	
  0.00	  2.12	 -2.71	 -0.00	  2.12	 -2.71	 -0.00	 -1.57	  2.89	 -2.66	  0.00	 -1.57	  2.89	 -2.66	
  0.00	  2.12	 -2.71	 -0.00	  2.12	 -2.71	 -0.00	 -1.57	  2.89	 -2.66	  0.00	 -1.57	  2.89	 -2.66	
  0.00	  2.11	 -2.71	 -0.00	  2.11	 -2.71	 -0.00	 -1.57	  2.89	 -2.66	  0.00	 -1.57	  2.89	 -2.66	
  0.00	  2.11	 -2.71	 -0.00	  2.11	 -2.71	 -0.00	 -1.57	  2.89	 -2.66	  0.00	 -1.57	  2.89	 -2.66	
  0.00	  2.11	 -2.71	 -0.00	  2.11	 -2.71	 -0.00	 -1.57	  2.89	 -2.66	  0.00	 -1.57	  2.89	 -2.66	
  0.00	  2.11	 -2.71	 -0.00	  2.11	 -2.71	 -0.00	 -1.57	  2.89	 -2.66	  0.00	 -1.57	  2.89	 -2.66	
  0.00	  2.11	 -2.71	 -0.00	  2.11	 -2.71	 -0.00	 -1.57	  2.89	 -2.66	  0.00	 -1.57	  2.89	 -2.66	
  0.00	  2.11	 -2.71	 -0.00	  2.11	 -2.71	 -0.00	 -1.57	  2.89	 -2.66	  0.00	 -1.57	  2.89	 -2.66	
  0.00	  2.11	 -2.71	 -0.00	  2.11	 -2.71	 -0.00	 -1.57	  2.89	 -2.65	  0.00	 -1.57	  2.89	 -2.65	
  0.00	  2.10	 -2.71	 -0.00	  2.10	 -2.71	 -0.00	 -1.57	  2.89	 -2.65	  0.00	 -1.57	  2.89	 -2.65	
  0.00	  2.10	 -2.71	 -0.00	  2.10	 -2.71	 -0.00	 -1.57	  2.89	 -2.65	  0.00	 -1.57	  2.89	 -2.65	
  0.00	  2.10	 -2.70	 -0.00	  2.10	 -2.70	 -0.00	 -1.57	  2.89	 -2.65	  0.00	 -1.57	  2.89	 -2.65	
  0.00	  2.10	 -2.70	 -0.00	  2.10	 -2.70	 -0.00	 -1.57	  2.89	 -2.65	  0.00	 -1.57	  2.89	 -2.65	
  0.00	  2.10	 -2.70	 -0.00	  2.10	 -2.70	 -0.00	 -1.57	  2.89	 -2.65	  0.00	 -1.57	  2.89	 -2.65	
  0.00	  2.10	 -2.70	 -0.00	  2.10	 -2.70	 -0.00	 -1.57	  2.89	 -2.65	  0.00	 -1.57	  2.89	 -2.65	
  0.00	  2.09	 -2.70	 -0.00	  2.09	 -2.70	 -0.00	 -1.57	  2.89	 -2.65	  0.00	 -1.57	  2.89	 -2.65	
  0.00	  2.09	 -2.70	 -0.00	  2.09	 -2.70	 -0.00	 -1.57	  2.89	 -2.65	  0.00	 -1.57	  2.89	 -2.65	
  0.00	  2.09	 -2.70	 -0.00	  2.09	 -2.70	 -0.00	 -1.57	  2.89	 -2.65	  0.00	 -1.57	  2.89	 -2.65	
  0.00	  2.09	 -2.70	 -0.00	  2.09	 -2.70	 -0.00	 -1.57	  2.88	 -2.65	  0.00	 -1.57	  2.88	 -2.65	
  0.00	  2.09	 -2.70	 -0.00	  2.09	 -2.70	 -0.00	 -1.57	  2.88	 -2.64	  0.00	 -1.57	  2.88	 -2.64	
  0.00	  2.09	 -2.70	 -0.00	  2.09	 -2.70	 -0.00	 -1.57	  2.88	 -2.64	  0.00	 -1.57	  2.88	 -2.64	
  0.00	  2.08	 -2.70	 -0.00	  2.08	 -2.70	 -0.00	 -1.57	  2.88	 -2.64	  0.00	 -1.57	  2.88	 -2.64	
  0.00	  2.08	 -2.70	 -0.00	  2.08	 -2.70	 -0.00	 -1.57	  2.88	 -2.64	  0.00	 -1.57	  2.88	 -2.64	
  0.00	  2.08	 -2.70	 -0.00	  2.08	 -2.70	 -0.00	 -1.57	  2.88	 -2.64	  0.00	 -1.57	  2.88	 -2.64	
  0.00	  2.08	 -2.70	 -0.00	  2.08	 -2.70	 -0.00	 -1.57	  2.88	 -2.64	  0.00	 -1.57	  2.88	 -2.64	
  0.00	  2.08	 -2.69	 -0.00	  2.08	 -2.69	 -0.00	 -1.57	  2.88	 -2.64	  0.00	 -1.57	  2.88	 -2.64	
  0.00	  2.08	 -2.69	 -0.00	  2.08	 -2.69	 -0.00	 -1.57	  2.88	 -2.64	  0.00	 -1.57	  2.88	 -2.64	
  0.00	  2.08	 -2.69	 -0.00	  2.08	 -2.69	 -0.00	 -1.57	  2.88	 -2.64	  0.00	 -1.57	  2.88	 -2.64	
  0.00	  2.07	 -2.69	 -0.00	  2.07	 -2.69	 -0.00	 -1.57	  2.88	 -2.64	  0.00	 -1.57	  2.88	 -2.64	
  0.00	  2.07	 -2.69	 -0.00	  2.07	 -2.69	 -0.00	 -1.57	  2.88	 -2.63	  0.00	 -1.57	  2.88	 -2.63	
  0.00	  2.07	 -2.69	 -0.00	  2.07	 -2.69	 -0.00	 -1.57	  2.88	 -2.63	  0.00	 -1.57	  2.88	 -2.63	
  0.00	  2.07	 -2.69	 -0.00	  2.07	 -2.69	 -0.00	 -1.57	  2.88	 -2.63	  0.00	 -1.57	  2.88	 -2.63	
  0.00	  2.07	 -2.69	 -0.00	  2.07	 -2.69	 -0.00	 -1.57	  2.88	 -2.63	  0.00	 -1.57	  2.88	 -2.63	
  0.00	  2.07	 -2.69	 -0.00	  2.07	 -2.69	 -0.00	 -1.57	  2.88	 -2.63	  0.00	 -1.57	  2.88	 -2.63	
  0.00	  2.07	 -2.69	 -0.00	  2.07	 -2.69	 -0.00	 -1.57	  2.88	 -2.63	  0.00	 -1.57	  2.88	 -2.63	
  0.00	  2.06	 -2.69	 -0.00	  2.06	 -2.69	 -0.00	 -1.57	  2.88	 -2.63	  0.00	 -1.57	  2.88	 -2.63	
  0.00	  2.06	 -2.69	 -0.00	  2.06	 -2.69	 -0.00	 -1.57	  2.88	 -2.63	  0.00	 -1.57	  2.88	 -2.63	
  0.00	  2.06	 -2.69	 -0.00	  2.06	 -2.69	 -0.00	 -1.57	  2.88	 -2.63	  0.00	 -1.57	  2.88	 -2.63	
  0.00	  2.06	 -2.69	 -0.00	  2.06	 -2.69	 -0.00	 -1.57	  2.88	 -2.63	  0.00	 -1.57	  2.88	 -2.63	
  0.00	  2.06	 -2.68	 -0.00	  2.06	 -2.68	 -0.00	 -1.57	  2.88	 -2.63	  0.00	 -1.57	  2.88	 -2.63	
  0.00	  2.06	 -2.68	 -0.00	  2.06	 -2.68	 -0.00	 -1.57	  2.88	 -2.62	  0.00	 -1.57	  2.88	 -2.62	
  0.00	  2.05	 -2.68	 -0.00	  2.05	 -2.68	 -0.00	 -1.57	  2.88	 -2.62	  0.00	 -1.57	  2.88	 -2.62	
  0.00	  2.05	 -2.68	 -0.00	  2.05	 -2.68	 -0.00	 -1.57	  2.88	 -2.62	  0.00	 -1.57	  2.88	 -2.62	
  0.00	  2.05	 -2.68	 -0.00	  2.05	 -2.68	 -0.00	 -1.57	  2.87	 -2.62	  0.00	 -1.57	  2.87	 -2.62	
  0.00	  2.05	 -2.68	 -0.00	  2.05	 -2.68	 -0.00	 -1.57	  2.87	 -2.62	  0.00	 -1.57	  2.87	 -2.62	
  0.00	  2.05	 -2.68	 -0.00	  2.05	 -2.68	 -0.00	 -1.57	  2.87	 -2.62	  0.00	 -1.57	  2.87	 -2.62	
  0.00	  2.05	 -2.68	 -0.00	  2.05	 -2.68	 -0.00	 -1.57	  2.87	 -2.62	  0.00	 -1.57	  2.87	 -2.62	
  0.00	  2.05	 -2.68	 -0.00	  2.05	 -2.68	 -0.00	 -1.57	  2.87	 -2.62	  0.00	 -1.57	  2.87	 -2.62	
  0.00	  2.04	 -2.68	 -0.00	  2.04	 -2.68	 -0.00	 -1.57	  2.87	 -2.62	  0.00	 -1.57	  2.87	 -2.62	
  0.00	  2.04	 -2.68	 -0.00	  2.04	 -2.68	 -0.00	 -1.57	  2.87	 -2.62	  0.00	 -1.57	  2.87	 -2.62	
  0.00	  2.04	 -2.68	 -0.00	  2.04	 -2.68	 -0.00	 -1.57	  2.87	 -2.61	  0.00	 -1.57	  2.87	 -2.61	
  0.00	  2.04	 -2.68	 -0.00	  2.04	 -2.68	 -0.00	 -1.57	  2.87	 -2.61	  0.00	 -1.57	  2.87	 -2.61	
  0.00	  2.04	 -2.67	 -0.00	  2.04	 -2.67	 -0.00	 -1.57	  2.87	 -2.61	  0.00	 -1.57	  2.87	 -2.61	
  0.00	  2.04	 -2.67	 -0.00	  2.04	 -2.67	 -0.00	 -1.57	  2.87	 -2.61	  0.00	 -1.57	  2.87	 -2.61	
  0.00	  2.04	 -2.67	 -0.00	  2.04	 -2.67	 -0.00	 -1.57	  2.87	 -2.61	  0.00	 -1.57	  2.87	 -2.61	
  0.00	  2.03	 -2.67	 -0.00	  2.03	 -2.67	 -0.00	 -1.57	  2.87	 -2.61	  0.00	 -1.57	  2.87	 -2.61	
  0.00	  2.03	 -2.67	 -0.00	  2.03	 -2.67	 -0.00	 -1.57	  2.87	 -2.61	  0.00	 -1.57	  2.87	 -2.61	
  0.00	  2.03	 -2.67	 -0.00	  2.03	 -2.67	 -0.00	 -1.57	  2.87	 -2.61	  0.00	 -1.57	  2.87	 -2.61	
  0.00	  2.03	 -2.67	 -0.00	  2.03	 -2.67	 -0.00	 -1.57	  2.87	 -2.61	  0.00	 -1.57	  2.87	 -2.61	
  0.00	  2.03	 -2.67	 -0.00	  2.03	 -2.67	 -0.00	 -1.57	  2.87	 -2.61	  0.00	 -1.57	  2.87	 -2.61	
  0.00	  2.03	 -2.67	 -0.00	  2.03	 -2.67	 -0.00	 -1.57	  2.87	 -2.60	  0.00	 -1.57	  2.87	 -2.60	
  0.00	  2.03	 -2.67	 -0.00	  2.03	 -2.67	 -0.00	 -1.57	  2.87	 -2.60	  0.00	 -1.57	  2.87	 -2.60	
  0.00	  2.02	 -2.67	 -0.00	  2.02	 -2.67	 -0.00	 -1.57	  2.87	 -2.60	  0.00	 -1.57	  2.87	 -2.60	
  0.00	  2.02	 -2.67	 -0.00	  2.02	 -2.67	 -0.00	 -1.57	  2.87	 -2.60	  0.00	 -1.57	  2.87	 -2.60	
  0.00	  2.02	 -2.67	 -0.00	  2.02	 -2.67	 -0.00	 -1.57	  2.87	 -2.60	  0.00	 -1.57	  2.87	 -2.60	
  0.00	  2.02	 -2.67	 -0.00	  2.02	 -2.67	 -0.00	 -1.57	  2.87	 -2.60	  0.00	 -1.57	  2.87	 -2.60	
  0.00	  2.02	 -2.66	 -0.00	  2.02	 -2.66	 -0.00	 -1.57	  2.87	 -2.60	  0.00	 -1.57	  2.87	 -2.60	
  0.00	  2.02	 -2.66	 -0.00	  2.02	 -2.66	 -0.00	 -1.57	  2.86	 -2.60	  0.00	 -1.57	  2.86	 -2.60	
  0.00	  2.02	 -2.66	 -0.00	  2.02	 -2.66	 -0.00	 -1.57	  2.86	 -2.60	  0.00	 -1.57	  2.86	 -2.60	
  0.00	  2.01	 -2.66	 -0.00	  2.01	 -2.66	 -0.00	 -1.57	  2.86	 -2.60	  0.00	 -1.57	  2.86	 -2.60	
  0.00	  2.01	 -2.66	 -0.00	  2.01	 -2.66	 -0.00	 -1.57	  2.86	 -2.60	  0.00	 -1.57	  2.86	 -2.60	
  0.00	  2.01	 -2.66	 -0.00	  2.01	 -2.66	 -0.00	 -1.57	  2.86	 -2.59	  0.00	 -1.57	  2.86	 -2.59	
  0.00	  2.01	 -2.66	 -0.00	  2.01	 -2.66	 -0.00	 -1.57	  2.86	 -2.59	  0.00	 -1.57	  2.86	 -2.59	
  0.00	  2.01	 -2.66	 -0.00	  2.01	 -2.66	 -0.00	 -1.57	  2.86	 -2.59	  0.00	 -1.57	  2.86	 -2.59	
  0.00	  2.01	 -2.66	 -0.00	  2.01	 -2.66	 -0.00	 -1.57	  2.86	 -2.59	  0.00	 -1.57	  2.86	 -2.59	
  0.00	  2.01	 -2.66	 -0.00	  2.01	 -2.66	 -0.00	 -1.57	  2.86	 -2.59	  0.00	 -1.57	  2.86	 -2.59	
  0.00	  2.00	 -2.66	 -0.00	  2.00	 -2.66	 -0.00	 -1.57	  2.86	 -2.59	  0.00	 -1.57	  2.86	 -2.59	
  0.00	  2.00	 -2.66	 -0.00	  2.00	 -2.66	 -0.00	 -1.57	  2.86	 -2.59	  0.00	 -1.57	  2.86	 -2.59	
  0.00	  2.00	 -2.66	 -0.00	  2.00	 -2.66	 -0.00	 -1.57	  2.86	 -2.59	  0.00	 -1.57	  2.86	 -2.59	
  0.00	  2.00	 -2.65	 -0.00	  2.00	 -2.65	 -0.00	 -1.57	  2.86	 -2.59	  0.00	 -1.57	  2.86	 -2.59	
  0.00	  2.00	 -2.65	 -0.00	  2.00	 -2.65	 -0.00	 -1.57	  2.86	 -2.59	  0.00	 -1.57	  2.86	 -2.59	
  0.00	  2.00	 -2.65	 -0.00	  2.00	 -2.65	 -0.00	 -1.57	  2.86	 -2.58	  0.00	 -1.57	  2.86	 -2.58	
  0.00	  2.00	 -2.65	 -0.00	  2.00	 -2.65	 -0.00	 -1.57	  2.86	 -2.58	  0.00	 -1.57	  2.86	 -2.58	
  0.00	  1.99	 -2.65	 -0.00	  1.99	 -2.65	 -0.00	 -1.57	  2.86	 -2.58	  0.00	 -1.57	  2.86	 -2.58	
  0.00	  1.99	 -2.65	 -0.00	  1.99	 -2.65	 -0.00	 -1.57	  2.86	 -2.58	  0.00	 -1.57	  2.86	 -2.58	
  0.00	  1.99	 -2.65	 -0.00	  1.99	 -2.65	 -0.00	 -1.57	  2.86	 -2.58	  0.00	 -1.57	  2.86	 -2.58	
  0.00	  1.99	 -2.65	 -0.00	  1.99	 -2.65	 -0.00	 -1.57	  2.86	 -2.58	  0.00	 -1.57	  2.86	 -2.58	
  0.00	  1.99	 -2.65	 -0.00	  1.99	 -2.65	 -0.00	 -1.57	  2.86	 -2.58	  0.00	 -1.57	  2.86	 -2.58	
  0.00	  1.99	 -2.65	 -0.00	  1.99	 -2.65	 -0.00	 -1.57	  2.86	 -2.58	  0.00	 -1.57	  2.86	 -2.58	
  0.00	  1.99	 -2.65	 -0.00	  1.99	 -2.65	 -0.00	 -1.57	  2.86	 -2.58	  0.00	 -1.57	  2.86	 -2.58	
  0.00	  1.99	 -2.65	 -0.00	  1.99	 -2.65	 -0.00	 -1.57	  2.86	 -2.58	  0.00	 -1.57	  2.86	 -2.58	
  0.00	  1.98	 -2.65	 -0.00	  1.98	 -2.65	 -0.00	 -1.57	  2.85	 -2.57	  0.00	 -1.57	  2.85	 -2.57	
  0.00	  1.98	 -2.65	 -0.00	  1.98	 -2.65	 -0.00	 -1.57	  2.85	 -2.57	  0.00	 -1.57	  2.85	 -2.57	
  0.00	  1.98	 -2.64	 -0.00	  1.98	 -2.64	 -0.00	 -1.57	  2.85	 -2.57	  0.00	 -1.57	  2.85	 -2.57	
  0.00	  1.98	 -2.64	 -0.00	  1.98	 -2.64	 -0.00	 -1.57	  2.85	 -2.57	  0.00	 -1.57	  2.85	 -2.57	
  0.00	  1.98	 -2.64	 -0.00	  1.98	 -2.64	 -0.00	 -1.57	  2.85	 -2.57	  0.00	 -1.57	  2.85	 -2.57	
  0.00	  1.98	 -2.64	 -0.00	  1.98	 -2.64	 -0.00	 -1.57	  2.85	 -2.57	  0.00	 -1.57	  2.85	 -2.57	
  0.00	  1.98	 -2.64	 -0.00	  1.98	 -2.64	 -0.00	 -1.57	  2.85	 -2.57	  0.00	 -1.57	  2.85	 -2.57	
  0.00	  1.97	 -2.64	 -0.00	  1.97	 -2.64	 -0.00	 -1.57	  2.85	 -2.57	  0.00	 -1.57	  2.85	 -2.57	
  0.00	  1.97	 -2.64	 -0.00	  1.97	 -2.64	 -0.00	 -1.57	  2.85	 -2.57	  0.00	 -1.57	  2.85	 -2.57	
  0.00	  1.97	 -2.64	 -0.00	  1.97	 -2.64	 -0.00	 -1.57	  2.85	 -2.57	  0.00	 -1.57	  2.85	 -2.57	
  0.00	  1.97	 -2.64	 -0.00	  1.97	 -2.64	 -0.00	 -1.57	  2.85	 -2.56	  0.00	 -1.57	  2.85	 -2.56	
  0.00	  1.97	 -2.64	 -0.00	  1.97	 -2.64	 -0.00	 -1.57	  2.85	 -2.56	  0.00	 -1.57	  2.85	 -2.56	
  0.00	  1.97	 -2.64	 -0.00	  1.97	 -2.64	 -0.00	 -1.57	  2.85	 -2.56	  0.00	 -1.57	  2.85	 -2.56	
  0.00	  1.97	 -2.64	 -0.00	  1.97	 -2.64	 -0.00	 -1.57	  2.85	 -2.56	  0.00	 -1.57	  2.85	 -2.56	
  0.00	  1.97	 -2.64	 -0.00	  1.97	 -2.64	 -0.00	 -1.57	  2.85	 -2.56	  0.00	 -1.57	  2.85	 -2.56	
  0.00	  1.96	 -2.63	 -0.00	  1.96	 -2.63	 -0.00	 -1.57	  2.85	 -2.56	  0.00	 -1.57	  2.85	 -2.56	
  0.00	  1.96	 -2.63	 -0.00	  1.96	 -2.63	 -0.00	 -1.57	  2.85	 -2.56	  0.00	 -1.57	  2.85	 -2.56	
  0.00	  1.96	 -2.63	 -0.00	  1.96	 -2.63	 -0.00	 -1.57	  2.85	 -2.56	  0.00	 -1.57	  2.85	 -2.56	
  0.00	  1.96	 -2.63	 -0.00	  1.96	 -2.63	 -0.00	 -1.57	  2.85	 -2.56	  0.00	 -1.57	  2.85	 -2.56	
  0.00	  1.96	 -2.63	 -0.00	  1.96	 -2.63	 -0.00	 -1.57	  2.85	 -2.56	  0.00	 -1.57	  2.85	 -2.56	
  0.00	  1.96	 -2.63	 -0.00	  1.96	 -2.63	 -0.00	 -1.57	  2.85	 -2.56	  0.00	 -1.57	  2.85	 -2.56	
  0.00	  1.96	 -2.63	 -0.00	  1.96	 -2.63	 -0.00	 -1.57	  2.85	 -2.55	  0.00	 -1.57	  2.85	 -2.55	
  0.00	  1.96	 -2.63	 -0.00	  1.96	 -2.63	 -0.00	 -1.57	  2.85	 -2.55	  0.00	 -1.57	  2.85	 -2.55	
  0.00	  1.95	 -2.63	 -0.00	  1.95	 -2.63	 -0.00	 -1.57	  2.85	 -2.55	  0.00	 -1.57	  2.85	 -2.55	
  0.00	  1.95	 -2.63	 -0.00	  1.95	 -2.63	 -0.00	 -1.57	  2.84	 -2.55	  0.00	 -1.57	  2.84	 -2.55	
  0.00	  1.95	 -2.63	 -0.00	  1.95	 -2.63	 -0.00	 -1.57	  2.84	 -2.55	  0.00	 -1.57	  2.84	 -2.55	
  0.00	  1.95	 -2.63	 -0.00	  1.95	 -2.63	 -0.00	 -1.57	  2.84	 -2.55	  0.00	 -1.57	  2.84	 -2.55	
  0.00	  1.95	 -2.63	 -0.00	  1.95	 -2.63	 -0.00	 -1.57	  2.84	 -2.55	  0.00	 -1.57	  2.84	 -2.55	
  0.00	  1.95	 -2.62	 -0.00	  1.95	 -2.62	 -0.00	 -1.57	  2.84	 -2.55	  0.00	 -1.57	  2.84	 -2.55	
  0.00	  1.95	 -2.62	 -0.00	  1.95	 -2.62	 -0.00	 -1.57	  2.84	 -2.55	  0.00	 -1.57	  2.84	 -2.55	
  0.00	  1.94	 -2.62	 -0.00	  1.94	 -2.62	 -0.00	 -1.57	  2.84	 -2.55	  0.00	 -1.57	  2.84	 -2.55	
  0.00	  1.94	 -2.62	 -0.00	  1.94	 -2.62	 -0.00	 -1.57	  2.84	 -2.54	  0.00	 -1.57	  2.84	 -2.54	
  0.00	  1.94	 -2.62	 -0.00	  1.94	 -2.62	 -0.00	 -1.57	  2.84	 -2.54	  0.00	 -1.57	  2.84	 -2.54	
  0.00	  1.94	 -2.62	 -0.00	  1.94	 -2.62	 -0.00	 -1.57	  2.84	 -2.54	  0.00	 -1.57	  2.84	 -2.54	
  0.00	  1.94	 -2.62	 -0.00	  1.94	 -2.62	 -0.00	 -1.57	  2.84	 -2.54	  0.00	 -1.57	  2.84	 -2.54	
  0.00	  1.94	 -2.62	 -0.00	  1.94	 -2.62	 -0.00	 -1.57	  2.84	 -2.54	  0.00	 -1.57	  2.84	 -2.54	
  0.00	  1.94	 -2.62	 -0.00	  1.94	 -2.62	 -0.00	 -1.57	  2.84	 -2.54	  0.00	 -1.57	  2.84	 -2.54	
  0.00	  1.94	 -2.62	 -0.00	  1.94	 -2.62	 -0.00	 -1.57	  2.84	 -2.54	  0.00	 -1.57	  2.84	 -2.54	
  0.00	  1.93	 -2.62	 -0.00	  1.93	 -2.62	 -0.00	 -1.57	  2.84	 -2.54	  0.00	 -1.57	  2.84	 -2.54	
  0.00	  1.93	 -2.62	 -0.00	  1.93	 -2.62	 -0.00	 -1.57	  2.84	 -2.54	  0.00	 -1.57	  2.84	 -2.54	
  0.00	  1.93	 -2.62	 -0.00	  1.93	 -2.62	 -0.00	 -1.57	  2.84	 -2.54	  0.00	 -1.57	  2.84	 -2.54	
  0.00	  1.93	 -2.62	 -0.00	  1.93	 -2.62	 -0.00	 -1.57	  2.84	 -2.53	  0.00	 -1.57	  2.84	 -2.53	
  0.00	  1.93	 -2.61	 -0.00	  1.93	 -2.61	 -0.00	 -1.57	  2.84	 -2.53	  0.00	 -1.57	  2.84	 -2.53	
  0.00	  1.93	 -2.61	 -0.00	  1.93	 -2.61	 -0.00	 -1.57	  2.84	 -2.53	  0.00	 -1.57	  2.84	 -2.53	
  0.00	  1.93	 -2.61	 -0.00	  1.93	 -2.61	 -0.00	 -1.57	  2.84	 -2.53	  0.00	 -1.57	  2.84	 -2.53	
  0.00	  1.93	 -2.61	 -0.00	  1.93	 -2.61	 -0.00	 -1.57	  2.84	 -2.53	  0.00	 -1.57	  2.84	 -2.53	
  0.00	  1.92	 -2.61	 -0.00	  1.92	 -2.61	 -0.00	 -1.57	  2.84	 -2.53	  0.00	 -1.57	  2.84	 -2.53	
  0.00	  1.92	 -2.61	 -0.00	  1.92	 -2.61	 -0.00	 -1.57	  2.84	 -2.53	  0.00	 -1.57	  2.84	 -2.53	
  0.00	  1.92	 -2.61	 -0.00	  1.92	 -2.61	 -0.00	 -1.57	  2.83	 -2.53	  0.00	 -1.57	  2.83	 -2.53	
  0.00	  1.92	 -2.61	 -0.00	  1.92	 -2.61	 -0.00	 -1.57	  2.83	 -2.53	  0.00	 -1.57	  2.83	 -2.53	
  0.00	  1.92	 -2.61	 -0.00	  1.92	 -2.61	 -0.00	 -1.57	  2.83	 -2.53	  0.00	 -1.57	  2.83	 -2.53	
  0.00	  1.92	 -2.61	 -0.00	  1.92	 -2.61	 -0.00	 -1.57	  2.83	 -2.53	  0.00	 -1.57	  2.83	 -2.53	
  0.00	  1.92	 -2.61	 -0.00	  1.92	 -2.61	 -0.00	 -1.57	  2.83	 -2.52	  0.00	 -1.57	  2.83	 -2.52	
  0.00	  1.92	 -2.61	 -0.00	  1.92	 -2.61	 -0.00	 -1.57	  2.83	 -2.52	  0.00	 -1.57	  2.83	 -2.52	
  0.00	  1.91	 -2.61	 -0.00	  1.91	 -2.61	 -0.00	 -1.57	  2.83	 -2.52	  0.00	 -1.57	  2.83	 -2.52	
  0.00	  1.91	 -2.60	 -0.00	  1.91	 -2.60	 -0.00	 -1.57	  2.83	 -2.52	  0.00	 -1.57	  2.83	 -2.52	
  0.00	  1.91	 -2.60	 -0.00	  1.91	 -2.60	 -0.00	 -1.57	  2.83	 -2.52	  0.00	 -1.57	  2.83	 -2.52	
  0.00	  1.91	 -2.60	 -0.00	  1.91	 -2.60	 -0.00	 -1.57	  2.83	 -2.52	  0.00	 -1.57	  2.83	 -2.52	
  0.00	  1.91	 -2.60	 -0.00	  1.91	 -2.60	 -0.00	 -1.57	  2.83	 -2.52	  0.00	 -1.57	  2.83	 -2.52	
  0.00	  1.91	 -2.60	 -0.00	  1.91	 -2.60	 -0.00	 -1.57	  2.83	 -2.52	  0.00	 -1.57	  2.83	 -2.52	
  0.00	  1.91	 -2.60	 -0.00	  1.91	 -2.60	 -0.00	 -1.57	  2.83	 -2.52	  0.00	 -1.57	  2.83	 -2.52	
  0.00	  1.91	 -2.60	 -0.00	  1.91	 -2.60	 -0.00	 -1.57	  2.83	 -2.52	  0.00	 -1.57	  2.83	 -2.52	
  0.00	  1.91	 -2.60	 -0.00	  1.91	 -2.60	 -0.00	 -1.57	  2.83	 -2.51	  0.00	 -1.57	  2.83	 -2.51	
  0.00	  1.90	 -2.60	 -0.00	  1.90	 -2.60	 -0.00	 -1.57	  2.83	 -2.51	  0.00	 -1.57	  2.83	 -2.51	
  0.00	  1.90	 -2.60	 -0.00	  1.90	 -2.60	 -0.00	 -1.57	  2.83	 -2.51	  0.00	 -1.57	  2.83	 -2.51	
  0.00	  1.90	 -2.60	 -0.00	  1.90	 -2.60	 -0.00	 -1.57	  2.83	 -2.51	  0.00	 -1.57	  2.83	 -2.51	
  0.00	  1.90	 -2.60	 -0.00	  1.90	 -2.60	 -0.00	 -1.57	  2.83	 -2.51	  0.00	 -1.57	  2.83	 -2.51	
  0.00	  1.90	 -2.60	 -0.00	  1.90	 -2.60	 -0.00	 -1.57	  2.83	 -2.51	  0.00	 -1.57	  2.83	 -2.51	
  0.00	  1.90	 -2.59	 -0.00	  1.90	 -2.59	 -0.00	 -1.57	  2.83	 -2.51	  0.00	 -1.57	  2.83	 -2.51	
  0.00	  1.90	 -2.59	 -0.00	  1.90	 -2.59	 -0.00	 -1.57	  2.83	 -2.51	  0.00	 -1.57	  2.83	 -2.51	
  0.00	  1.90	 -2.59	 -0.00	  1.90	 -2.59	 -0.00	 -1.57	  2.83	 -2.51	  0.00	 -1.57	  2.83	 -2.51	
  0.00	  1.89	 -2.59	 -0.00	  1.89	 -2.59	 -0.00	 -1.57	  2.82	 -2.51	  0.00	 -1.57	  2.82	 -2.51	
  0.00	  1.89	 -2.59	 -0.00	  1.89	 -2.59	 -0.00	 -1.57	  2.82	 -2.50	  0.00	 -1.57	  2.82	 -2.50	
  0.00	  1.89	 -2.59	 -0.00	  1.89	 -2.59	 -0.00	 -1.57	  2.82	 -2.50	  0.00	 -1.57	  2.82	 -2.50	
  0.00	  1.89	 -2.59	 -0.00	  1.89	 -2.59	 -0.00	 -1.57	  2.82	 -2.50	  0.00	 -1.57	  2.82	 -2.50	
  0.00	  1.89	 -2.59	 -0.00	  1.89	 -2.59	 -0.00	 -1.57	  2.82	 -2.50	  0.00	 -1.57	  2.82	 -2.50	
  0.00	  1.89	 -2.59	 -0.00	  1.89	 -2.59	 -0.00	 -1.57	  2.82	 -2.50	  0.00	 -1.57	  2.82	 -2.50	
  0.00	  1.89	 -2.59	 -0.00	  1.89	 -2.59	 -0.00	 -1.57	  2.82	 -2.50	  0.00	 -1.57	  2.82	 -2.50	
  0.00	  1.89	 -2.59	 -0.00	  1.89	 -2.59	 -0.00	 -1.57	  2.82	 -2.50	  0.00	 -1.57	  2.82	 -2.50	
  0.00	  1.88	 -2.59	 -0.00	  1.88	 -2.59	 -0.00	 -1.57	  2.82	 -2.50	  0.00	 -1.57	  2.82	 -2.50	
  0.00	  1.88	 -2.59	 -0.00	  1.88	 -2.59	 -0.00	 -1.57	  2.82	 -2.50	  0.00	 -1.57	  2.82	 -2.50	
  0.00	  1.88	 -2.59	 -0.00	  1.88	 -2.59	 -0.00	 -1.57	  2.82	 -2.50	  0.00	 -1.57	  2.82	 -2.50	
  0.00	  1.88	 -2.58	 -0.00	  1.88	 -2.58	 -0.00	 -1.57	  2.82	 -2.49	  0.00	 -1.57	  2.82	 -2.49	
  0.00	  1.88	 -2.58	 -0.00	  1.88	 -2.58	 -0.00	 -1.57	  2.82	 -2.49	  0.00	 -1.57	  2.82	 -2.49	
  0.00	  1.88	 -2.58	 -0.00	  1.88	 -2.58	 -0.00	 -1.57	  2.82	 -2.49	  0.00	 -1.57	  2.82	 -2.49	
  0.00	  1.88	 -2.58	 -0.00	  1.88	 -2.58	 -0.00	 -1.57	  2.82	 -2.49	  0.00	 -1.57	  2.82	 -2.49	
  0.00	  1.88	 -2.58	 -0.00	  1.88	 -2.58	 -0.00	 -1.57	  2.82	 -2.49	  0.00	 -1.57	  2.82	 -2.49	
  0.00	  1.88	 -2.58	 -0.00	  1.88	 -2.58	 -0.00	 -1.57	  2.82	 -2.49	  0.00	 -1.57	  2.82	 -2.49	
  0.00	  1.87	 -2.58	 -0.00	  1.87	 -2.58	 -0.00	 -1.57	  2.82	 -2.49	  0.00	 -1.57	  2.82	 -2.49	
  0.00	  1.87	 -2.58	 -0.00	  1.87	 -2.58	 -0.00	 -1.57	  2.82	 -2.49	  0.00	 -1.57	  2.82	 -2.49	
  0.00	  1.87	 -2.58	 -0.00	  1.87	 -2.58	 -0.00	 -1.57	  2.82	 -2.49	  0.00	 -1.57	  2.82	 -2.49	
  0.00	  1.87	 -2.58	 -0.00	  1.87	 -2.58	 -0.00	 -1.57	  2.82	 -2.49	  0.00	 -1.57	  2.82	 -2.49	
  0.00	  1.87	 -2.58	 -0.00	  1.87	 -2.58	 -0.00	 -1.57	  2.82	 -2.48	  0.00	 -1.57	  2.82	 -2.48	
  0.00	  1.87	 -2.58	 -0.00	  1.87	 -2.58	 -0.00	 -1.57	  2.82	 -2.48	  0.00	 -1.57	  2.82	 -2.48	
  0.00	  1.87	 -2.58	 -0.00	  1.87	 -2.58	 -0.00	 -1.57	  2.81	 -2.48	  0.00	 -1.57	  2.81	 -2.48	
  0.00	  1.87	 -2.57	 -0.00	  1.87	 -2.57	 -0.00	 -1.57	  2.81	 -2.48	  0.00	 -1.57	  2.81	 -2.48	
  0.00	  1.87	 -2.57	 -0.00	  1.87	 -2.57	 -0.00	 -1.57	  2.81	 -2.48	  0.00	 -1.57	  2.81	 -2.48	
  0.00	  1.86	 -2.57	 -0.00	  1.86	 -2.57	 -0.00	 -1.57	  2.81	 -2.48	  0.00	 -1.57	  2.81	 -2.48	
  0.00	  1.86	 -2.57	 -0.00	  1.86	 -2.57	 -0.00	 -1.57	  2.81	 -2.48	  0.00	 -1.57	  2.81	 -2.48	
  0.00	  1.86	 -2.57	 -0.00	  1.86	 -2.57	 -0.00	 -1.57	  2.81	 -2.48	  0.00	 -1.57	  2.81	 -2.48	
  0.00	  1.86	 -2.57	 -0.00	  1.86	 -2.57	 -0.00	 -1.57	  2.81	 -2.48	  0.00	 -1.57	  2.81	 -2.48	
  0.00	  1.86	 -2.57	 -0.00	  1.86	 -2.57	 -0.00	 -1.57	  2.81	 -2.48	  0.00	 -1.57	  2.81	 -2.48	
  0.00	  1.86	 -2.57	 -0.00	  1.86	 -2.57	 -0.00	 -1.57	  2.81	 -2.48	  0.00	 -1.57	  2.81	 -2.48	
  0.00	  1.86	 -2.57	 -0.00	  1.86	 -2.57	 -0.00	 -1.57	  2.81	 -2.47	  0.00	 -1.57	  2.81	 -2.47	
  0.00	  1.86	 -2.57	 -0.00	  1.86	 -2.57	 -0.00	 -1.57	  2.81	 -2.47	  0.00	 -1.57	  2.81	 -2.47	
  0.00	  1.85	 -2.57	 -0.00	  1.85	 -2.57	 -0.00	 -1.57	  2.81	 -2.47	  0.00	 -1.57	  2.81	 -2.47	
  0.00	  1.85	 -2.57	 -0.00	  1.85	 -2.57	 -0.00	 -1.57	  2.81	 -2.47	  0.00	 -1.57	  2.81	 -2.47	
  0.00	  1.85	 -2.57	 -0.00	  1.85	 -2.57	 -0.00	 -1.57	  2.81	 -2.47	  0.00	 -1.57	  2.81	 -2.47	
  0.00	  1.85	 -2.56	 -0.00	  1.85	 -2.56	 -0.00	 -1.57	  2.81	 -2.47	  0.00	 -1.57	  2.81	 -2.47	
  0.00	  1.85	 -2.56	 -0.00	  1.85	 -2.56	 -0.00	 -1.57	  2.81	 -2.47	  0.00	 -1.57	  2.81	 -2.47	
  0.00	  1.85	 -2.56	 -0.00	  1.85	 -2.56	 -0.00	 -1.57	  2.81	 -2.47	  0.00	 -1.57	  2.81	 -2.47	
  0.00	  1.85	 -2.56	 -0.00	  1.85	 -2.56	 -0.00	 -1.57	  2.81	 -2.47	  0.00	 -1.57	  2.81	 -2.47	
  0.00	  1.85	 -2.56	 -0.00	  1.85	 -2.56	 -0.00	 -1.57	  2.81	 -2.47	  0.00	 -1.57	  2.81	 -2.47	
  0.00	  1.85	 -2.56	 -0.00	  1.85	 -2.56	 -0.00	 -1.57	  2.81	 -2.46	  0.00	 -1.57	  2.81	 -2.46	
  0.00	  1.84	 -2.56	 -0.00	  1.84	 -2.56	 -0.00	 -1.57	  2.81	 -2.46	  0.00	 -1.57	  2.81	 -2.46	
  0.00	  1.84	 -2.56	 -0.00	  1.84	 -2.56	 -0.00	 -1.57	  2.81	 -2.46	  0.00	 -1.57	  2.81	 -2.46	
  0.00	  1.84	 -2.56	 -0.00	  1.84	 -2.56	 -0.00	 -1.57	  2.81	 -2.46	  0.00	 -1.57	  2.81	 -2.46	
  0.00	  1.84	 -2.56	 -0.00	  1.84	 -2.56	 -0.00	 -1.57	  2.81	 -2.46	  0.00	 -1.57	  2.81	 -2.46	
  0.00	  1.84	 -2.56	 -0.00	  1.84	 -2.56	 -0.00	 -1.57	  2.80	 -2.46	  0.00	 -1.57	  2.80	 -2.46	
  0.00	  1.84	 -2.56	 -0.00	  1.84	 -2.56	 -0.00	 -1.57	  2.80	 -2.46	  0.00	 -1.57	  2.80	 -2.46	
  0.00	  1.84	 -2.56	 -0.00	  1.84	 -2.56	 -0.00	 -1.57	  2.80	 -2.46	  0.00	 -1.57	  2.80	 -2.46	
  0.00	  1.84	 -2.55	 -0.00	  1.84	 -2.55	 -0.00	 -1.57	  2.80	 -2.46	  0.00	 -1.57	  2.80	 -2.46	
  0.00	  1.84	 -2.55	 -0.00	  1.84	 -2.55	 -0.00	 -1.57	  2.80	 -2.46	  0.00	 -1.57	  2.80	 -2.46	
  0.00	  1.83	 -2.55	 -0.00	  1.83	 -2.55	 -0.00	 -1.57	  2.80	 -2.45	  0.00	 -1.57	  2.80	 -2.45	
  0.00	  1.83	 -2.55	 -0.00	  1.83	 -2.55	 -0.00	 -1.57	  2.80	 -2.45	  0.00	 -1.57	  2.80	 -2.45	
  0.00	  1.83	 -2.55	 -0.00	  1.83	 -2.55	 -0.00	 -1.57	  2.80	 -2.45	  0.00	 -1.57	  2.80	 -2.45	
  0.00	  1.83	 -2.55	 -0.00	  1.83	 -2.55	 -0.00	 -1.57	  2.80	 -2.45	  0.00	 -1.57	  2.80	 -2.45	
  0.00	  1.83	 -2.55	 -0.00	  1.83	 -2.55	 -0.00	 -1.57	  2.80	 -2.45	  0.00	 -1.57	  2.80	 -2.45	
  0.00	  1.83	 -2.55	 -0.00	  1.83	 -2.55	 -0.00	 -1.57	  2.80	 -2.45	  0.00	 -1.57	  2.80	 -2.45	
  0.00	  1.83	 -2.55	 -0.00	  1.83	 -2.55	 -0.00	 -1.57	  2.80	 -2.45	  0.00	 -1.57	  2.80	 -2.45	
  0.00	  1.83	 -2.55	 -0.00	  1.83	 -2.55	 -0.00	 -1.57	  2.80	 -2.45	  0.00	 -1.57	  2.80	 -2.45	
  0.00	  1.83	 -2.55	 -0.00	  1.83	 -2.55	 -0.00	 -1.57	  2.80	 -2.45	  0.00	 -1.57	  2.80	 -2.45	
  0.00	  1.82	 -2.55	 -0.00	  1.82	 -2.55	 -0.00	 -1.57	  2.80	 -2.45	  0.00	 -1.57	  2.80	 -2.45	
  0.00	  1.82	 -2.55	 -0.00	  1.82	 -2.55	 -0.00	 -1.57	  2.80	 -2.44	  0.00	 -1.57	  2.80	 -2.44	
  0.00	  1.82	 -2.54	 -0.00	  1.82	 -2.54	 -0.00	 -1.57	  2.80	 -2.44	  0.00	 -1.57	  2.80	 -2.44	
  0.00	  1.82	 -2.54	 -0.00	  1.82	 -2.54	 -0.00	 -1.57	  2.80	 -2.44	  0.00	 -1.57	  2.80	 -2.44	
  0.00	  1.82	 -2.54	 -0.00	  1.82	 -2.54	 -0.00	 -1.57	  2.80	 -2.44	  0.00	 -1.57	  2.80	 -2.44	
  0.00	  1.82	 -2.54	 -0.00	  1.82	 -2.54	 -0.00	 -1.57	  2.80	 -2.44	  0.00	 -1.57	  2.80	 -2.44	
  0.00	  1.82	 -2.54	 -0.00	  1.82	 -2.54	 -0.00	 -1.57	  2.80	 -2.44	  0.00	 -1.57	  2.80	 -2.44	
  0.00	  1.82	 -2.54	 -0.00	  1.82	 -2.54	 -0.00	 -1.57	  2.80	 -2.44	  0.00	 -1.57	  2.80	 -2.44	
  0.00	  1.82	 -2.54	 -0.00	  1.82	 -2.54	 -0.00	 -1.57	  2.79	 -2.44	  0.00	 -1.57	  2.79	 -2.44	
  0.00	  1.82	 -2.54	 -0.00	  1.82	 -2.54	 -0.00	 -1.57	  2.79	 -2.44	  0.00	 -1.57	  2.79	 -2.44	
  0.00	  1.81	 -2.54	 -0.00	  1.81	 -2.54	 -0.00	 -1.57	  2.79	 -2.44	  0.00	 -1.57	  2.79	 -2.44	
  0.00	  1.81	 -2.54	 -0.00	  1.81	 -2.54	 -0.00	 -1.57	  2.79	 -2.43	  0.00	 -1.57	  2.79	 -2.43	
  0.00	  1.81	 -2.54	 -0.00	  1.81	 -2.54	 -0.00	 -1.57	  2.79	 -2.43	  0.00	 -1.57	  2.79	 -2.43	
  0.00	  1.81	 -2.54	 -0.00	  1.81	 -2.54	 -0.00	 -1.57	  2.79	 -2.43	  0.00	 -1.57	  2.79	 -2.43	
  0.00	  1.81	 -2.54	 -0.00	  1.81	 -2.54	 -0.00	 -1.57	  2.79	 -2.43	  0.00	 -1.57	  2.79	 -2.43	
  0.00	  1.81	 -2.53	 -0.00	  1.81	 -2.53	 -0.00	 -1.57	  2.79	 -2.43	  0.00	 -1.57	  2.79	 -2.43	
  0.00	  1.81	 -2.53	 -0.00	  1.81	 -2.53	 -0.00	 -1.57	  2.79	 -2.43	  0.00	 -1.57	  2.79	 -2.43	
  0.00	  1.81	 -2.53	 -0.00	  1.81	 -2.53	 -0.00	 -1.57	  2.79	 -2.43	  0.00	 -1.57	  2.79	 -2.43	
  0.00	  1.81	 -2.53	 -0.00	  1.81	 -2.53	 -0.00	 -1.57	  2.79	 -2.43	  0.00	 -1.57	  2.79	 -2.43	
  0.00	  1.80	 -2.53	 -0.00	  1.80	 -2.53	 -0.00	 -1.57	  2.79	 -2.43	  0.00	 -1.57	  2.79	 -2.43	
  0.00	  1.80	 -2.53	 -0.00	  1.80	 -2.53	 -0.00	 -1.57	  2.79	 -2.43	  0.00	 -1.57	  2.79	 -2.43	
  0.00	  1.80	 -2.53	 -0.00	  1.80	 -2.53	 -0.00	 -1.57	  2.79	 -2.42	  0.00	 -1.57	  2.79	 -2.42	
  0.00	  1.80	 -2.53	 -0.00	  1.80	 -2.53	 -0.00	 -1.57	  2.79	 -2.42	  0.00	 -1.57	  2.79	 -2.42	
  0.00	  1.80	 -2.53	 -0.00	  1.80	 -2.53	 -0.00	 -1.57	  2.79	 -2.42	  0.00	 -1.57	  2.79	 -2.42	
  0.00	  1.80	 -2.53	 -0.00	  1.80	 -2.53	 -0.00	 -1.57	  2.79	 -2.42	  0.00	 -1.57	  2.79	 -2.42	
  0.00	  1.80	 -2.53	 -0.00	  1.80	 -2.53	 -0.00	 -1.57	  2.79	 -2.42	  0.00	 -1.57	  2.79	 -2.42	
  0.00	  1.80	 -2.53	 -0.00	  1.80	 -2.53	 -0.00	 -1.57	  2.79	 -2.42	  0.00	 -1.57	  2.79	 -2.42	
  0.00	  1.80	 -2.53	 -0.00	  1.80	 -2.53	 -0.00	 -1.57	  2.79	 -2.42	  0.00	 -1.57	  2.79	 -2.42	
  0.00	  1.80	 -2.52	 -0.00	  1.80	 -2.52	 -0.00	 -1.57	  2.79	 -2.42	  0.00	 -1.57	  2.79	 -2.42	
  0.00	  1.79	 -2.52	 -0.00	  1.79	 -2.52	 -0.00	 -1.57	  2.79	 -2.42	  0.00	 -1.57	  2.79	 -2.42	
  0.00	  1.79	 -2.52	 -0.00	  1.79	 -2.52	 -0.00	 -1.57	  2.79	 -2.42	  0.00	 -1.57	  2.79	 -2.42	
  0.00	  1.79	 -2.52	 -0.00	  1.79	 -2.52	 -0.00	 -1.57	  2.78	 -2.41	  0.00	 -1.57	  2.78	 -2.41	
  0.00	  1.79	 -2.52	 -0.00	  1.79	 -2.52	 -0.00	 -1.57	  2.78	 -2.41	  0.00	 -1.57	  2.78	 -2.41	
  0.00	  1.79	 -2.52	 -0.00	  1.79	 -2.52	 -0.00	 -1.57	  2.78	 -2.41	  0.00	 -1.57	  2.78	 -2.41	
  0.00	  1.79	 -2.52	 -0.00	  1.79	 -2.52	 -0.00	 -1.57	  2.78	 -2.41	  0.00	 -1.57	  2.78	 -2.41	
  0.00	  1.79	 -2.52	 -0.00	  1.79	 -2.52	 -0.00	 -1.57	  2.78	 -2.41	  0.00	 -1.57	  2.78	 -2.41	
  0.00	  1.79	 -2.52	 -0.00	  1.79	 -2.52	 -0.00	 -1.57	  2.78	 -2.41	  0.00	 -1.57	  2.78	 -2.41	
  0.00	  1.79	 -2.52	 -0.00	  1.79	 -2.52	 -0.00	 -1.57	  2.78	 -2.41	  0.00	 -1.57	  2.78	 -2.41	
  0.00	  1.78	 -2.52	 -0.00	  1.78	 -2.52	 -0.00	 -1.57	  2.78	 -2.41	  0.00	 -1.57	  2.78	 -2.41	
  0.00	  1.78	 -2.52	 -0.00	  1.78	 -2.52	 -0.00	 -1.57	  2.78	 -2.41	  0.00	 -1.57	  2.78	 -2.41	
  0.00	  1.78	 -2.52	 -0.00	  1.78	 -2.52	 -0.00	 -1.57	  2.78	 -2.41	  0.00	 -1.57	  2.78	 -2.41	
  0.00	  1.78	 -2.51	 -0.00	  1.78	 -2.51	 -0.00	 -1.57	  2.78	 -2.40	  0.00	 -1.57	  2.78	 -2.40	
  0.00	  1.78	 -2.51	 -0.00	  1.78	 -2.51	 -0.00	 -1.57	  2.78	 -2.40	  0.00	 -1.57	  2.78	 -2.40	
  0.00	  1.78	 -2.51	 -0.00	  1.78	 -2.51	 -0.00	 -1.57	  2.78	 -2.40	  0.00	 -1.57	  2.78	 -2.40	
  0.00	  1.78	 -2.51	 -0.00	  1.78	 -2.51	 -0.00	 -1.57	  2.78	 -2.40	  0.00	 -1.57	  2.78	 -2.40	
  0.00	  1.78	 -2.51	 -0.00	  1.78	 -2.51	 -0.00	 -1.57	  2.78	 -2.40	  0.00	 -1.57	  2.78	 -2.40	
  0.00	  1.78	 -2.51	 -0.00	  1.78	 -2.51	 -0.00	 -1.57	  2.78	 -2.40	  0.00	 -1.57	  2.78	 -2.40	
  0.00	  1.78	 -2.51	 -0.00	  1.78	 -2.51	 -0.00	 -1.57	  2.78	 -2.40	  0.00	 -1.57	  2.78	 -2.40	
  0.00	  1.77	 -2.51	 -0.00	  1.77	 -2.51	 -0.00	 -1.57	  2.78	 -2.40	  0.00	 -1.57	  2.78	 -2.40	
  0.00	  1.77	 -2.51	 -0.00	  1.77	 -2.51	 -0.00	 -1.57	  2.78	 -2.40	  0.00	 -1.57	  2.78	 -2.40	
  0.00	  1.77	 -2.51	 -0.00	  1.77	 -2.51	 -0.00	 -1.57	  2.78	 -2.40	  0.00	 -1.57	  2.78	 -2.40	
  0.00	  1.77	 -2.51	 -0.00	  1.77	 -2.51	 -0.00	 -1.57	  2.78	 -2.39	  0.00	 -1.57	  2.78	 -2.39	
  0.00	  1.77	 -2.51	 -0.00	  1.77	 -2.51	 -0.00	 -1.57	  2.78	 -2.39	  0.00	 -1.57	  2.78	 -2.39	
  0.00	  1.77	 -2.51	 -0.00	  1.77	 -2.51	 -0.00	 -1.57	  2.78	 -2.39	  0.00	 -1.57	  2.78	 -2.39	
  0.00	  1.77	 -2.50	 -0.00	  1.77	 -2.50	 -0.00	 -1.57	  2.77	 -2.39	  0.00	 -1.57	  2.77	 -2.39	
  0.00	  1.77	 -2.50	 -0.00	  1.77	 -2.50	 -0.00	 -1.57	  2.77	 -2.39	  0.00	 -1.57	  2.77	 -2.39	
  0.00	  1.77	 -2.50	 -0.00	  1.77	 -2.50	 -0.00	 -1.57	  2.77	 -2.39	  0.00	 -1.57	  2.77	 -2.39	
  0.00	  1.77	 -2.50	 -0.00	  1.77	 -2.50	 -0.00	 -1.57	  2.77	 -2.39	  0.00	 -1.57	  2.77	 -2.39	
  0.00	  1.76	 -2.50	 -0.00	  1.76	 -2.50	 -0.00	 -1.57	  2.77	 -2.39	  0.00	 -1.57	  2.77	 -2.39	
  0.00	  1.76	 -2.50	 -0.00	  1.76	 -2.50	 -0.00	 -1.57	  2.77	 -2.39	  0.00	 -1.57	  2.77	 -2.39	
  0.00	  1.76	 -2.50	 -0.00	  1.76	 -2.50	 -0.00	 -1.57	  2.77	 -2.39	  0.00	 -1.57	  2.77	 -2.39	
  0.00	  1.76	 -2.50	 -0.00	  1.76	 -2.50	 -0.00	 -1.57	  2.77	 -2.38	  0.00	 -1.57	  2.77	 -2.38	
  0.00	  1.76	 -2.50	 -0.00	  1.76	 -2.50	 -0.00	 -1.57	  2.77	 -2.38	  0.00	 -1.57	  2.77	 -2.38	
  0.00	  1.76	 -2.50	 -0.00	  1.76	 -2.50	 -0.00	 -1.57	  2.77	 -2.38	  0.00	 -1.57	  2.77	 -2.38	
  0.00	  1.76	 -2.50	 -0.00	  1.76	 -2.50	 -0.00	 -1.57	  2.77	 -2.38	  0.00	 -1.57	  2.77	 -2.38	
  0.00	  1.76	 -2.50	 -0.00	  1.76	 -2.50	 -0.00	 -1.57	  2.77	 -2.38	  0.00	 -1.57	  2.77	 -2.38	
  0.00	  1.76	 -2.50	 -0.00	  1.76	 -2.50	 -0.00	 -1.57	  2.77	 -2.38	  0.00	 -1.57	  2.77	 -2.38	
  0.00	  1.76	 -2.49	 -0.00	  1.76	 -2.49	 -0.00	 -1.57	  2.77	 -2.38	  0.00	 -1.57	  2.77	 -2.38	
  0.00	  1.75	 -2.49	 -0.00	  1.75	 -2.49	 -0.00	 -1.57	  2.77	 -2.38	  0.00	 -1.57	  2.77	 -2.38	
  0.00	  1.75	 -2.49	 -0.00	  1.75	 -2.49	 -0.00	 -1.57	  2.77	 -2.38	  0.00	 -1.57	  2.77	 -2.38	
  0.00	  1.75	 -2.49	 -0.00	  1.75	 -2.49	 -0.00	 -1.57	  2.77	 -2.38	  0.00	 -1.57	  2.77	 -2.38	
  0.00	  1.75	 -2.49	 -0.00	  1.75	 -2.49	 -0.00	 -1.57	  2.77	 -2.37	  0.00	 -1.57	  2.77	 -2.37	
  0.00	  1.75	 -2.49	 -0.00	  1.75	 -2.49	 -0.00	 -1.57	  2.77	 -2.37	  0.00	 -1.57	  2.77	 -2.37	
  0.00	  1.75	 -2.49	 -0.00	  1.75	 -2.49	 -0.00	 -1.57	  2.77	 -2.37	  0.00	 -1.57	  2.77	 -2.37	
  0.00	  1.75	 -2.49	 -0.00	  1.75	 -2.49	 -0.00	 -1.57	  2.77	 -2.37	  0.00	 -1.57	  2.77	 -2.37	
  0.00	  1.75	 -2.49	 -0.00	  1.75	 -2.49	 -0.00	 -1.57	  2.77	 -2.37	  0.00	 -1.57	  2.77	 -2.37	
  0.00	  1.75	 -2.49	 -0.00	  1.75	 -2.49	 -0.00	 -1.57	  2.76	 -2.37	  0.00	 -1.57	  2.76	 -2.37	
  0.00	  1.75	 -2.49	 -0.00	  1.75	 -2.49	 -0.00	 -1.57	  2.76	 -2.37	  0.00	 -1.57	  2.76	 -2.37	
  0.00	  1.74	 -2.49	 -0.00	  1.74	 -2.49	 -0.00	 -1.57	  2.76	 -2.37	  0.00	 -1.57	  2.76	 -2.37	
  0.00	  1.74	 -2.49	 -0.00	  1.74	 -2.49	 -0.00	 -1.57	  2.76	 -2.37	  0.00	 -1.57	  2.76	 -2.37	
  0.00	  1.74	 -2.48	 -0.00	  1.74	 -2.48	 -0.00	 -1.57	  2.76	 -2.37	  0.00	 -1.57	  2.76	 -2.37	
  0.00	  1.74	 -2.48	 -0.00	  1.74	 -2.48	 -0.00	 -1.57	  2.76	 -2.36	  0.00	 -1.57	  2.76	 -2.36	
  0.00	  1.74	 -2.48	 -0.00	  1.74	 -2.48	 -0.00	 -1.57	  2.76	 -2.36	  0.00	 -1.57	  2.76	 -2.36	
  0.00	  1.74	 -2.48	 -0.00	  1.74	 -2.48	 -0.00	 -1.57	  2.76	 -2.36	  0.00	 -1.57	  2.76	 -2.36	
  0.00	  1.74	 -2.48	 -0.00	  1.74	 -2.48	 -0.00	 -1.57	  2.76	 -2.36	  0.00	 -1.57	  2.76	 -2.36	
  0.00	  1.74	 -2.48	 -0.00	  1.74	 -2.48	 -0.00	 -1.57	  2.76	 -2.36	  0.00	 -1.57	  2.76	 -2.36	
  0.00	  1.74	 -2.48	 -0.00	  1.74	 -2.48	 -0.00	 -1.57	  2.76	 -2.36	  0.00	 -1.57	  2.76	 -2.36	
  0.00	  1.74	 -2.48	 -0.00	  1.74	 -2.48	 -0.00	 -1.57	  2.76	 -2.36	  0.00	 -1.57	  2.76	 -2.36	
  0.00	  1.73	 -2.48	 -0.00	  1.73	 -2.48	 -0.00	 -1.57	  2.76	 -2.36	  0.00	 -1.57	  2.76	 -2.36	
  0.00	  1.73	 -2.48	 -0.00	  1.73	 -2.48	 -0.00	 -1.57	  2.76	 -2.36	  0.00	 -1.57	  2.76	 -2.36	
  0.00	  1.73	 -2.48	 -0.00	  1.73	 -2.48	 -0.00	 -1.57	  2.76	 -2.36	  0.00	 -1.57	  2.76	 -2.36	
  0.00	  1.73	 -2.48	 -0.00	  1.73	 -2.48	 -0.00	 -1.57	  2.76	 -2.35	  0.00	 -1.57	  2.76	 -2.35	
  0.00	  1.73	 -2.47	 -0.00	  1.73	 -2.47	 -0.00	 -1.57	  2.76	 -2.35	  0.00	 -1.57	  2.76	 -2.35	
  0.00	  1.73	 -2.47	 -0.00	  1.73	 -2.47	 -0.00	 -1.57	  2.76	 -2.35	  0.00	 -1.57	  2.76	 -2.35	
  0.00	  1.73	 -2.47	 -0.00	  1.73	 -2.47	 -0.00	 -1.57	  2.76	 -2.35	  0.00	 -1.57	  2.76	 -2.35	
  0.00	  1.73	 -2.47	 -0.00	  1.73	 -2.47	 -0.00	 -1.57	  2.76	 -2.35	  0.00	 -1.57	  2.76	 -2.35	
  0.00	  1.73	 -2.47	 -0.00	  1.73	 -2.47	 -0.00	 -1.57	  2.76	 -2.35	  0.00	 -1.57	  2.76	 -2.35	
  0.00	  1.73	 -2.47	 -0.00	  1.73	 -2.47	 -0.00	 -1.57	  2.76	 -2.35	  0.00	 -1.57	  2.76	 -2.35	
  0.00	  1.73	 -2.47	 -0.00	  1.73	 -2.47	 -0.00	 -1.57	  2.75	 -2.35	  0.00	 -1.57	  2.75	 -2.35	
  0.00	  1.72	 -2.47	 -0.00	  1.72	 -2.47	 -0.00	 -1.57	  2.75	 -2.35	  0.00	 -1.57	  2.75	 -2.35	
  0.00	  1.72	 -2.47	 -0.00	  1.72	 -2.47	 -0.00	 -1.57	  2.75	 -2.35	  0.00	 -1.57	  2.75	 -2.35	
  0.00	  1.72	 -2.47	 -0.00	  1.72	 -2.47	 -0.00	 -1.57	  2.75	 -2.34	  0.00	 -1.57	  2.75	 -2.34	
  0.00	  1.72	 -2.47	 -0.00	  1.72	 -2.47	 -0.00	 -1.57	  2.75	 -2.34	  0.00	 -1.57	  2.75	 -2.34	
  0.00	  1.72	 -2.47	 -0.00	  1.72	 -2.47	 -0.00	 -1.57	  2.75	 -2.34	  0.00	 -1.57	  2.75	 -2.34	
  0.00	  1.72	 -2.47	 -0.00	  1.72	 -2.47	 -0.00	 -1.57	  2.75	 -2.34	  0.00	 -1.57	  2.75	 -2.34	
  0.00	  1.72	 -2.46	 -0.00	  1.72	 -2.46	 -0.00	 -1.57	  2.75	 -2.34	  0.00	 -1.57	  2.75	 -2.34	
  0.00	  1.72	 -2.46	 -0.00	  1.72	 -2.46	 -0.00	 -1.57	  2.75	 -2.34	  0.00	 -1.57	  2.75	 -2.34	
  0.00	  1.72	 -2.46	 -0.00	  1.72	 -2.46	 -0.00	 -1.57	  2.75	 -2.34	  0.00	 -1.57	  2.75	 -2.34	
  0.00	  1.72	 -2.46	 -0.00	  1.72	 -2.46	 -0.00	 -1.57	  2.75	 -2.34	  0.00	 -1.57	  2.75	 -2.34	
  0.00	  1.71	 -2.46	 -0.00	  1.71	 -2.46	 -0.00	 -1.57	  2.75	 -2.34	  0.00	 -1.57	  2.75	 -2.34	
  0.00	  1.71	 -2.46	 -0.00	  1.71	 -2.46	 -0.00	 -1.57	  2.75	 -2.34	  0.00	 -1.57	  2.75	 -2.34	
  0.00	  1.71	 -2.46	 -0.00	  1.71	 -2.46	 -0.00	 -1.57	  2.75	 -2.33	  0.00	 -1.57	  2.75	 -2.33	
  0.00	  1.71	 -2.46	 -0.00	  1.71	 -2.46	 -0.00	 -1.57	  2.75	 -2.33	  0.00	 -1.57	  2.75	 -2.33	
  0.00	  1.71	 -2.46	 -0.00	  1.71	 -2.46	 -0.00	 -1.57	  2.75	 -2.33	  0.00	 -1.57	  2.75	 -2.33	
  0.00	  1.71	 -2.46	 -0.00	  1.71	 -2.46	 -0.00	 -1.57	  2.75	 -2.33	  0.00	 -1.57	  2.75	 -2.33	
  0.00	  1.71	 -2.46	 -0.00	  1.71	 -2.46	 -0.00	 -1.57	  2.75	 -2.33	  0.00	 -1.57	  2.75	 -2.33	
  0.00	  1.71	 -2.46	 -0.00	  1.71	 -2.46	 -0.00	 -1.57	  2.75	 -2.33	  0.00	 -1.57	  2.75	 -2.33	
  0.00	  1.71	 -2.46	 -0.00	  1.71	 -2.46	 -0.00	 -1.57	  2.75	 -2.33	  0.00	 -1.57	  2.75	 -2.33	
  0.00	  1.71	 -2.45	 -0.00	  1.71	 -2.45	 -0.00	 -1.57	  2.75	 -2.33	  0.00	 -1.57	  2.75	 -2.33	
  0.00	  1.71	 -2.45	 -0.00	  1.71	 -2.45	 -0.00	 -1.57	  2.75	 -2.33	  0.00	 -1.57	  2.75	 -2.33	
  0.00	  1.70	 -2.45	 -0.00	  1.70	 -2.45	 -0.00	 -1.57	  2.75	 -2.33	  0.00	 -1.57	  2.75	 -2.33	
  0.00	  1.70	 -2.45	 -0.00	  1.70	 -2.45	 -0.00	 -1.57	  2.74	 -2.32	  0.00	 -1.57	  2.74	 -2.32	
  0.00	  1.70	 -2.45	 -0.00	  1.70	 -2.45	 -0.00	 -1.57	  2.74	 -2.32	  0.00	 -1.57	  2.74	 -2.32	
  0.00	  1.70	 -2.45	 -0.00	  1.70	 -2.45	 -0.00	 -1.57	  2.74	 -2.32	  0.00	 -1.57	  2.74	 -2.32	
  0.00	  1.70	 -2.45	 -0.00	  1.70	 -2.45	 -0.00	 -1.57	  2.74	 -2.32	  0.00	 -1.57	  2.74	 -2.32	
  0.00	  1.70	 -2.45	 -0.00	  1.70	 -2.45	 -0.00	 -1.57	  2.74	 -2.32	  0.00	 -1.57	  2.74	 -2.32	
  0.00	  1.70	 -2.45	 -0.00	  1.70	 -2.45	 -0.00	 -1.57	  2.74	 -2.32	  0.00	 -1.57	  2.74	 -2.32	
  0.00	  1.70	 -2.45	 -0.00	  1.70	 -2.45	 -0.00	 -1.57	  2.74	 -2.32	  0.00	 -1.57	  2.74	 -2.32	
  0.00	  1.70	 -2.45	 -0.00	  1.70	 -2.45	 -0.00	 -1.57	  2.74	 -2.32	  0.00	 -1.57	  2.74	 -2.32	
  0.00	  1.70	 -2.45	 -0.00	  1.70	 -2.45	 -0.00	 -1.57	  2.74	 -2.32	  0.00	 -1.57	  2.74	 -2.32	
  0.00	  1.69	 -2.45	 -0.00	  1.69	 -2.45	 -0.00	 -1.57	  2.74	 -2.32	  0.00	 -1.57	  2.74	 -2.32	
  0.00	  1.69	 -2.44	 -0.00	  1.69	 -2.44	 -0.00	 -1.57	  2.74	 -2.31	  0.00	 -1.57	  2.74	 -2.31	
  0.00	  1.69	 -2.44	 -0.00	  1.69	 -2.44	 -0.00	 -1.57	  2.74	 -2.31	  0.00	 -1.57	  2.74	 -2.31	
  0.00	  1.69	 -2.44	 -0.00	  1.69	 -2.44	 -0.00	 -1.57	  2.74	 -2.31	  0.00	 -1.57	  2.74	 -2.31	
  0.00	  1.69	 -2.44	 -0.00	  1.69	 -2.44	 -0.00	 -1.57	  2.74	 -2.31	  0.00	 -1.57	  2.74	 -2.31	
  0.00	  1.69	 -2.44	 -0.00	  1.69	 -2.44	 -0.00	 -1.57	  2.74	 -2.31	  0.00	 -1.57	  2.74	 -2.31	
  0.00	  1.69	 -2.44	 -0.00	  1.69	 -2.44	 -0.00	 -1.57	  2.74	 -2.31	  0.00	 -1.57	  2.74	 -2.31	
  0.00	  1.69	 -2.44	 -0.00	  1.69	 -2.44	 -0.00	 -1.57	  2.74	 -2.31	  0.00	 -1.57	  2.74	 -2.31	
  0.00	  1.69	 -2.44	 -0.00	  1.69	 -2.44	 -0.00	 -1.57	  2.74	 -2.31	  0.00	 -1.57	  2.74	 -2.31	
  0.00	  1.69	 -2.44	 -0.00	  1.69	 -2.44	 -0.00	 -1.57	  2.74	 -2.31	  0.00	 -1.57	  2.74	 -2.31	
  0.00	  1.69	 -2.44	 -0.00	  1.69	 -2.44	 -0.00	 -1.57	  2.74	 -2.31	  0.00	 -1.57	  2.74	 -2.31	
  0.00	  1.68	 -2.44	 -0.00	  1.68	 -2.44	 -0.00	 -1.57	  2.74	 -2.30	  0.00	 -1.57	  2.74	 -2.30	
  0.00	  1.68	 -2.44	 -0.00	  1.68	 -2.44	 -0.00	 -1.57	  2.74	 -2.30	  0.00	 -1.57	  2.74	 -2.30	
  0.00	  1.68	 -2.43	 -0.00	  1.68	 -2.43	 -0.00	 -1.57	  2.73	 -2.30	  0.00	 -1.57	  2.73	 -2.30	
  0.00	  1.68	 -2.43	 -0.00	  1.68	 -2.43	 -0.00	 -1.57	  2.73	 -2.30	  0.00	 -1.57	  2.73	 -2.30	
  0.00	  1.68	 -2.43	 -0.00	  1.68	 -2.43	 -0.00	 -1.57	  2.73	 -2.30	  0.00	 -1.57	  2.73	 -2.30	
  0.00	  1.68	 -2.43	 -0.00	  1.68	 -2.43	 -0.00	 -1.57	  2.73	 -2.30	  0.00	 -1.57	  2.73	 -2.30	
  0.00	  1.68	 -2.43	 -0.00	  1.68	 -2.43	 -0.00	 -1.57	  2.73	 -2.30	  0.00	 -1.57	  2.73	 -2.30	
  0.00	  1.68	 -2.43	 -0.00	  1.68	 -2.43	 -0.00	 -1.57	  2.73	 -2.30	  0.00	 -1.57	  2.73	 -2.30	
  0.00	  1.68	 -2.43	 -0.00	  1.68	 -2.43	 -0.00	 -1.57	  2.73	 -2.30	  0.00	 -1.57	  2.73	 -2.30	
  0.00	  1.68	 -2.43	 -0.00	  1.68	 -2.43	 -0.00	 -1.57	  2.73	 -2.30	  0.00	 -1.57	  2.73	 -2.30	
  0.00	  1.68	 -2.43	 -0.00	  1.68	 -2.43	 -0.00	 -1.57	  2.73	 -2.29	  0.00	 -1.57	  2.73	 -2.29	
  0.00	  1.67	 -2.43	 -0.00	  1.67	 -2.43	 -0.00	 -1.57	  2.73	 -2.29	  0.00	 -1.57	  2.73	 -2.29	
  0.00	  1.67	 -2.43	 -0.00	  1.67	 -2.43	 -0.00	 -1.57	  2.73	 -2.29	  0.00	 -1.57	  2.73	 -2.29	
  0.00	  1.67	 -2.43	 -0.00	  1.67	 -2.43	 -0.00	 -1.57	  2.73	 -2.29	  0.00	 -1.57	  2.73	 -2.29	
  0.00	  1.67	 -2.43	 -0.00	  1.67	 -2.43	 -0.00	 -1.57	  2.73	 -2.29	  0.00	 -1.57	  2.73	 -2.29	
  0.00	  1.67	 -2.42	 -0.00	  1.67	 -2.42	 -0.00	 -1.57	  2.73	 -2.29	  0.00	 -1.57	  2.73	 -2.29	
  0.00	  1.67	 -2.42	 -0.00	  1.67	 -2.42	 -0.00	 -1.57	  2.73	 -2.29	  0.00	 -1.57	  2.73	 -2.29	
  0.00	  1.67	 -2.42	 -0.00	  1.67	 -2.42	 -0.00	 -1.57	  2.73	 -2.29	  0.00	 -1.57	  2.73	 -2.29	
  0.00	  1.67	 -2.42	 -0.00	  1.67	 -2.42	 -0.00	 -1.57	  2.73	 -2.29	  0.00	 -1.57	  2.73	 -2.29	
  0.00	  1.67	 -2.42	 -0.00	  1.67	 -2.42	 -0.00	 -1.57	  2.73	 -2.29	  0.00	 -1.57	  2.73	 -2.29	
  0.00	  1.67	 -2.42	 -0.00	  1.67	 -2.42	 -0.00	 -1.57	  2.73	 -2.28	  0.00	 -1.57	  2.73	 -2.28	
  0.00	  1.67	 -2.42	 -0.00	  1.67	 -2.42	 -0.00	 -1.57	  2.73	 -2.28	  0.00	 -1.57	  2.73	 -2.28	
  0.00	  1.66	 -2.42	 -0.00	  1.66	 -2.42	 -0.00	 -1.57	  2.73	 -2.28	  0.00	 -1.57	  2.73	 -2.28	
  0.00	  1.66	 -2.42	 -0.00	  1.66	 -2.42	 -0.00	 -1.57	  2.72	 -2.28	  0.00	 -1.57	  2.72	 -2.28	
  0.00	  1.66	 -2.42	 -0.00	  1.66	 -2.42	 -0.00	 -1.57	  2.72	 -2.28	  0.00	 -1.57	  2.72	 -2.28	
  0.00	  1.66	 -2.42	 -0.00	  1.66	 -2.42	 -0.00	 -1.57	  2.72	 -2.28	  0.00	 -1.57	  2.72	 -2.28	
  0.00	  1.66	 -2.42	 -0.00	  1.66	 -2.42	 -0.00	 -1.57	  2.72	 -2.28	  0.00	 -1.57	  2.72	 -2.28	
  0.00	  1.66	 -2.42	 -0.00	  1.66	 -2.42	 -0.00	 -1.57	  2.72	 -2.28	  0.00	 -1.57	  2.72	 -2.28	
  0.00	  1.66	 -2.41	 -0.00	  1.66	 -2.41	 -0.00	 -1.57	  2.72	 -2.28	  0.00	 -1.57	  2.72	 -2.28	
  0.00	  1.66	 -2.41	 -0.00	  1.66	 -2.41	 -0.00	 -1.57	  2.72	 -2.27	  0.00	 -1.57	  2.72	 -2.27	
  0.00	  1.66	 -2.41	 -0.00	  1.66	 -2.41	 -0.00	 -1.57	  2.72	 -2.27	  0.00	 -1.57	  2.72	 -2.27	
  0.00	  1.66	 -2.41	 -0.00	  1.66	 -2.41	 -0.00	 -1.57	  2.72	 -2.27	  0.00	 -1.57	  2.72	 -2.27	
  0.00	  1.66	 -2.41	 -0.00	  1.66	 -2.41	 -0.00	 -1.57	  2.72	 -2.27	  0.00	 -1.57	  2.72	 -2.27	
  0.00	  1.66	 -2.41	 -0.00	  1.66	 -2.41	 -0.00	 -1.57	  2.72	 -2.27	  0.00	 -1.57	  2.72	 -2.27	
  0.00	  1.65	 -2.41	 -0.00	  1.65	 -2.41	 -0.00	 -1.57	  2.72	 -2.27	  0.00	 -1.57	  2.72	 -2.27	
  0.00	  1.65	 -2.41	 -0.00	  1.65	 -2.41	 -0.00	 -1.57	  2.72	 -2.27	  0.00	 -1.57	  2.72	 -2.27	
  0.00	  1.65	 -2.41	 -0.00	  1.65	 -2.41	 -0.00	 -1.57	  2.72	 -2.27	  0.00	 -1.57	  2.72	 -2.27	
  0.00	  1.65	 -2.41	 -0.00	  1.65	 -2.41	 -0.00	 -1.57	  2.72	 -2.27	  0.00	 -1.57	  2.72	 -2.27	
  0.00	  1.65	 -2.41	 -0.00	  1.65	 -2.41	 -0.00	 -1.57	  2.72	 -2.27	  0.00	 -1.57	  2.72	 -2.27	
  0.00	  1.65	 -2.41	 -0.00	  1.65	 -2.41	 -0.00	 -1.57	  2.72	 -2.26	  0.00	 -1.57	  2.72	 -2.26	
  0.00	  1.65	 -2.40	 -0.00	  1.65	 -2.40	 -0.00	 -1.57	  2.72	 -2.26	  0.00	 -1.57	  2.72	 -2.26	
  0.00	  1.65	 -2.40	 -0.00	  1.65	 -2.40	 -0.00	 -1.57	  2.72	 -2.26	  0.00	 -1.57	  2.72	 -2.26	
  0.00	  1.65	 -2.40	 -0.00	  1.65	 -2.40	 -0.00	 -1.57	  2.72	 -2.26	  0.00	 -1.57	  2.72	 -2.26	
  0.00	  1.65	 -2.40	 -0.00	  1.65	 -2.40	 -0.00	 -1.57	  2.72	 -2.26	  0.00	 -1.57	  2.72	 -2.26	
  0.00	  1.65	 -2.40	 -0.00	  1.65	 -2.40	 -0.00	 -1.57	  2.72	 -2.26	  0.00	 -1.57	  2.72	 -2.26	
  0.00	  1.64	 -2.40	 -0.00	  1.64	 -2.40	 -0.00	 -1.57	  2.71	 -2.26	  0.00	 -1.57	  2.71	 -2.26	
  0.00	  1.64	 -2.40	 -0.00	  1.64	 -2.40	 -0.00	 -1.57	  2.71	 -2.26	  0.00	 -1.57	  2.71	 -2.26	
  0.00	  1.64	 -2.40	 -0.00	  1.64	 -2.40	 -0.00	 -1.57	  2.71	 -2.26	  0.00	 -1.57	  2.71	 -2.26	
  0.00	  1.64	 -2.40	 -0.00	  1.64	 -2.40	 -0.00	 -1.57	  2.71	 -2.26	  0.00	 -1.57	  2.71	 -2.26	
  0.00	  1.64	 -2.40	 -0.00	  1.64	 -2.40	 -0.00	 -1.57	  2.71	 -2.25	  0.00	 -1.57	  2.71	 -2.25	
  0.00	  1.64	 -2.40	 -0.00	  1.64	 -2.40	 -0.00	 -1.57	  2.71	 -2.25	  0.00	 -1.57	  2.71	 -2.25	
  0.00	  1.64	 -2.40	 -0.00	  1.64	 -2.40	 -0.00	 -1.57	  2.71	 -2.25	  0.00	 -1.57	  2.71	 -2.25	
  0.00	  1.64	 -2.40	 -0.00	  1.64	 -2.40	 -0.00	 -1.57	  2.71	 -2.25	  0.00	 -1.57	  2.71	 -2.25	
  0.00	  1.64	 -2.39	 -0.00	  1.64	 -2.39	 -0.00	 -1.57	  2.71	 -2.25	  0.00	 -1.57	  2.71	 -2.25	
  0.00	  1.64	 -2.39	 -0.00	  1.64	 -2.39	 -0.00	 -1.57	  2.71	 -2.25	  0.00	 -1.57	  2.71	 -2.25	
  0.00	  1.64	 -2.39	 -0.00	  1.64	 -2.39	 -0.00	 -1.57	  2.71	 -2.25	  0.00	 -1.57	  2.71	 -2.25	
  0.00	  1.64	 -2.39	 -0.00	  1.64	 -2.39	 -0.00	 -1.57	  2.71	 -2.25	  0.00	 -1.57	  2.71	 -2.25	
  0.00	  1.63	 -2.39	 -0.00	  1.63	 -2.39	 -0.00	 -1.57	  2.71	 -2.25	  0.00	 -1.57	  2.71	 -2.25	
  0.00	  1.63	 -2.39	 -0.00	  1.63	 -2.39	 -0.00	 -1.57	  2.71	 -2.25	  0.00	 -1.57	  2.71	 -2.25	
  0.00	  1.63	 -2.39	 -0.00	  1.63	 -2.39	 -0.00	 -1.57	  2.71	 -2.24	  0.00	 -1.57	  2.71	 -2.24	
  0.00	  1.63	 -2.39	 -0.00	  1.63	 -2.39	 -0.00	 -1.57	  2.71	 -2.24	  0.00	 -1.57	  2.71	 -2.24	
  0.00	  1.63	 -2.39	 -0.00	  1.63	 -2.39	 -0.00	 -1.57	  2.71	 -2.24	  0.00	 -1.57	  2.71	 -2.24	
  0.00	  1.63	 -2.39	 -0.00	  1.63	 -2.39	 -0.00	 -1.57	  2.71	 -2.24	  0.00	 -1.57	  2.71	 -2.24	
  0.00	  1.63	 -2.39	 -0.00	  1.63	 -2.39	 -0.00	 -1.57	  2.71	 -2.24	  0.00	 -1.57	  2.71	 -2.24	
  0.00	  1.63	 -2.39	 -0.00	  1.63	 -2.39	 -0.00	 -1.57	  2.71	 -2.24	  0.00	 -1.57	  2.71	 -2.24	
  0.00	  1.63	 -2.38	 -0.00	  1.63	 -2.38	 -0.00	 -1.57	  2.71	 -2.24	  0.00	 -1.57	  2.71	 -2.24	
  0.00	  1.63	 -2.38	 -0.00	  1.63	 -2.38	 -0.00	 -1.57	  2.71	 -2.24	  0.00	 -1.57	  2.71	 -2.24	
  0.00	  1.63	 -2.38	 -0.00	  1.63	 -2.38	 -0.00	 -1.57	  2.70	 -2.24	  0.00	 -1.57	  2.70	 -2.24	
  0.00	  1.62	 -2.38	 -0.00	  1.62	 -2.38	 -0.00	 -1.57	  2.70	 -2.23	  0.00	 -1.57	  2.70	 -2.23	
  0.00	  1.62	 -2.38	 -0.00	  1.62	 -2.38	 -0.00	 -1.57	  2.70	 -2.23	  0.00	 -1.57	  2.70	 -2.23	
  0.00	  1.62	 -2.38	 -0.00	  1.62	 -2.38	 -0.00	 -1.57	  2.70	 -2.23	  0.00	 -1.57	  2.70	 -2.23	
  0.00	  1.62	 -2.38	 -0.00	  1.62	 -2.38	 -0.00	 -1.57	  2.70	 -2.23	  0.00	 -1.57	  2.70	 -2.23	
  0.00	  1.62	 -2.38	 -0.00	  1.62	 -2.38	 -0.00	 -1.57	  2.70	 -2.23	  0.00	 -1.57	  2.70	 -2.23	
  0.00	  1.62	 -2.38	 -0.00	  1.62	 -2.38	 -0.00	 -1.57	  2.70	 -2.23	  0.00	 -1.57	  2.70	 -2.23	
  0.00	  1.62	 -2.38	 -0.00	  1.62	 -2.38	 -0.00	 -1.57	  2.70	 -2.23	  0.00	 -1.57	  2.70	 -2.23	
  0.00	  1.62	 -2.38	 -0.00	  1.62	 -2.38	 -0.00	 -1.57	  2.70	 -2.23	  0.00	 -1.57	  2.70	 -2.23	
  0.00	  1.62	 -2.38	 -0.00	  1.62	 -2.38	 -0.00	 -1.57	  2.70	 -2.23	  0.00	 -1.57	  2.70	 -2.23	
  0.00	  1.62	 -2.38	 -0.00	  1.62	 -2.38	 -0.00	 -1.57	  2.70	 -2.23	  0.00	 -1.57	  2.70	 -2.23	
  0.00	  1.62	 -2.37	 -0.00	  1.62	 -2.37	 -0.00	 -1.57	  2.70	 -2.22	  0.00	 -1.57	  2.70	 -2.22	
  0.00	  1.62	 -2.37	 -0.00	  1.62	 -2.37	 -0.00	 -1.57	  2.70	 -2.22	  0.00	 -1.57	  2.70	 -2.22	
  0.00	  1.61	 -2.37	 -0.00	  1.61	 -2.37	 -0.00	 -1.57	  2.70	 -2.22	  0.00	 -1.57	  2.70	 -2.22	
  0.00	  1.61	 -2.37	 -0.00	  1.61	 -2.37	 -0.00	 -1.57	  2.70	 -2.22	  0.00	 -1.57	  2.70	 -2.22	
  0.00	  1.61	 -2.37	 -0.00	  1.61	 -2.37	 -0.00	 -1.57	  2.70	 -2.22	  0.00	 -1.57	  2.70	 -2.22	
  0.00	  1.61	 -2.37	 -0.00	  1.61	 -2.37	 -0.00	 -1.57	  2.70	 -2.22	  0.00	 -1.57	  2.70	 -2.22	
  0.00	  1.61	 -2.37	 -0.00	  1.61	 -2.37	 -0.00	 -1.57	  2.70	 -2.22	  0.00	 -1.57	  2.70	 -2.22	
  0.00	  1.61	 -2.37	 -0.00	  1.61	 -2.37	 -0.00	 -1.57	  2.70	 -2.22	  0.00	 -1.57	  2.70	 -2.22	
  0.00	  1.61	 -2.37	 -0.00	  1.61	 -2.37	 -0.00	 -1.57	  2.70	 -2.22	  0.00	 -1.57	  2.70	 -2.22	
  0.00	  1.61	 -2.37	 -0.00	  1.61	 -2.37	 -0.00	 -1.57	  2.70	 -2.22	  0.00	 -1.57	  2.70	 -2.22	
  0.00	  1.61	 -2.37	 -0.00	  1.61	 -2.37	 -0.00	 -1.57	  2.69	 -2.21	  0.00	 -1.57	  2.69	 -2.21	
  0.00	  1.61	 -2.37	 -0.00	  1.61	 -2.37	 -0.00	 -1.57	  2.69	 -2.21	  0.00	 -1.57	  2.69	 -2.21	
  0.00	  1.61	 -2.36	 -0.00	  1.61	 -2.36	 -0.00	 -1.57	  2.69	 -2.21	  0.00	 -1.57	  2.69	 -2.21	
  0.00	  1.61	 -2.36	 -0.00	  1.61	 -2.36	 -0.00	 -1.57	  2.69	 -2.21	  0.00	 -1.57	  2.69	 -2.21	
  0.00	  1.60	 -2.36	 -0.00	  1.60	 -2.36	 -0.00	 -1.57	  2.69	 -2.21	  0.00	 -1.57	  2.69	 -2.21	
  0.00	  1.60	 -2.36	 -0.00	  1.60	 -2.36	 -0.00	 -1.57	  2.69	 -2.21	  0.00	 -1.57	  2.69	 -2.21	
  0.00	  1.60	 -2.36	 -0.00	  1.60	 -2.36	 -0.00	 -1.57	  2.69	 -2.21	  0.00	 -1.57	  2.69	 -2.21	
  0.00	  1.60	 -2.36	 -0.00	  1.60	 -2.36	 -0.00	 -1.57	  2.69	 -2.21	  0.00	 -1.57	  2.69	 -2.21	
  0.00	  1.60	 -2.36	 -0.00	  1.60	 -2.36	 -0.00	 -1.57	  2.69	 -2.21	  0.00	 -1.57	  2.69	 -2.21	
  0.00	  1.60	 -2.36	 -0.00	  1.60	 -2.36	 -0.00	 -1.57	  2.69	 -2.20	  0.00	 -1.57	  2.69	 -2.20	
  0.00	  1.60	 -2.36	 -0.00	  1.60	 -2.36	 -0.00	 -1.57	  2.69	 -2.20	  0.00	 -1.57	  2.69	 -2.20	
  0.00	  1.60	 -2.36	 -0.00	  1.60	 -2.36	 -0.00	 -1.57	  2.69	 -2.20	  0.00	 -1.57	  2.69	 -2.20	
  0.00	  1.60	 -2.36	 -0.00	  1.60	 -2.36	 -0.00	 -1.57	  2.69	 -2.20	  0.00	 -1.57	  2.69	 -2.20	
  0.00	  1.60	 -2.36	 -0.00	  1.60	 -2.36	 -0.00	 -1.57	  2.69	 -2.20	  0.00	 -1.57	  2.69	 -2.20	
  0.00	  1.60	 -2.36	 -0.00	  1.60	 -2.36	 -0.00	 -1.57	  2.69	 -2.20	  0.00	 -1.57	  2.69	 -2.20	
  0.00	  1.60	 -2.35	 -0.00	  1.60	 -2.35	 -0.00	 -1.57	  2.69	 -2.20	  0.00	 -1.57	  2.69	 -2.20	
  0.00	  1.59	 -2.35	 -0.00	  1.59	 -2.35	 -0.00	 -1.57	  2.69	 -2.20	  0.00	 -1.57	  2.69	 -2.20	
  0.00	  1.59	 -2.35	 -0.00	  1.59	 -2.35	 -0.00	 -1.57	  2.69	 -2.20	  0.00	 -1.57	  2.69	 -2.20	
  0.00	  1.59	 -2.35	 -0.00	  1.59	 -2.35	 -0.00	 -1.57	  2.69	 -2.20	  0.00	 -1.57	  2.69	 -2.20	
  0.00	  1.59	 -2.35	 -0.00	  1.59	 -2.35	 -0.00	 -1.57	  2.69	 -2.19	  0.00	 -1.57	  2.69	 -2.19	
  0.00	  1.59	 -2.35	 -0.00	  1.59	 -2.35	 -0.00	 -1.57	  2.69	 -2.19	  0.00	 -1.57	  2.69	 -2.19	
  0.00	  1.59	 -2.35	 -0.00	  1.59	 -2.35	 -0.00	 -1.57	  2.68	 -2.19	  0.00	 -1.57	  2.68	 -2.19	
  0.00	  1.59	 -2.35	 -0.00	  1.59	 -2.35	 -0.00	 -1.57	  2.68	 -2.19	  0.00	 -1.57	  2.68	 -2.19	
  0.00	  1.59	 -2.35	 -0.00	  1.59	 -2.35	 -0.00	 -1.57	  2.68	 -2.19	  0.00	 -1.57	  2.68	 -2.19	
  0.00	  1.59	 -2.35	 -0.00	  1.59	 -2.35	 -0.00	 -1.57	  2.68	 -2.19	  0.00	 -1.57	  2.68	 -2.19	
  0.00	  1.59	 -2.35	 -0.00	  1.59	 -2.35	 -0.00	 -1.57	  2.68	 -2.19	  0.00	 -1.57	  2.68	 -2.19	
  0.00	  1.59	 -2.35	 -0.00	  1.59	 -2.35	 -0.00	 -1.57	  2.68	 -2.19	  0.00	 -1.57	  2.68	 -2.19	
  0.00	  1.59	 -2.34	 -0.00	  1.59	 -2.34	 -0.00	 -1.57	  2.68	 -2.19	  0.00	 -1.57	  2.68	 -2.19	
  0.00	  1.58	 -2.34	 -0.00	  1.58	 -2.34	 -0.00	 -1.57	  2.68	 -2.19	  0.00	 -1.57	  2.68	 -2.19	
  0.00	  1.58	 -2.34	 -0.00	  1.58	 -2.34	 -0.00	 -1.57	  2.68	 -2.18	  0.00	 -1.57	  2.68	 -2.18	
  0.00	  1.58	 -2.34	 -0.00	  1.58	 -2.34	 -0.00	 -1.57	  2.68	 -2.18	  0.00	 -1.57	  2.68	 -2.18	
  0.00	  1.58	 -2.34	 -0.00	  1.58	 -2.34	 -0.00	 -1.57	  2.68	 -2.18	  0.00	 -1.57	  2.68	 -2.18	
  0.00	  1.58	 -2.34	 -0.00	  1.58	 -2.34	 -0.00	 -1.57	  2.68	 -2.18	  0.00	 -1.57	  2.68	 -2.18	
  0.00	  1.58	 -2.34	 -0.00	  1.58	 -2.34	 -0.00	 -1.57	  2.68	 -2.18	  0.00	 -1.57	  2.68	 -2.18	
  0.00	  1.58	 -2.34	 -0.00	  1.58	 -2.34	 -0.00	 -1.57	  2.68	 -2.18	  0.00	 -1.57	  2.68	 -2.18	
  0.00	  1.58	 -2.34	 -0.00	  1.58	 -2.34	 -0.00	 -1.57	  2.68	 -2.18	  0.00	 -1.57	  2.68	 -2.18	
  0.00	  1.58	 -2.34	 -0.00	  1.58	 -2.34	 -0.00	 -1.57	  2.68	 -2.18	  0.00	 -1.57	  2.68	 -2.18	
  0.00	  1.58	 -2.34	 -0.00	  1.58	 -2.34	 -0.00	 -1.57	  2.68	 -2.18	  0.00	 -1.57	  2.68	 -2.18	
  0.00	  1.58	 -2.34	 -0.00	  1.58	 -2.34	 -0.00	 -1.57	  2.68	 -2.17	  0.00	 -1.57	  2.68	 -2.17	
  0.00	  1.58	 -2.33	 -0.00	  1.58	 -2.33	 -0.00	 -1.57	  2.68	 -2.17	  0.00	 -1.57	  2.68	 -2.17	
  0.00	  1.57	 -2.33	 -0.00	  1.57	 -2.33	 -0.00	 -1.57	  2.68	 -2.17	  0.00	 -1.57	  2.68	 -2.17	
  0.00	  1.57	 -2.33	 -0.00	  1.57	 -2.33	 -0.00	 -1.57	  2.68	 -2.17	  0.00	 -1.57	  2.68	 -2.17	
  0.00	  1.57	 -2.33	 -0.00	  1.57	 -2.33	 -0.00	 -1.57	  2.67	 -2.17	  0.00	 -1.57	  2.67	 -2.17	
  0.00	  1.57	 -2.33	 -0.00	  1.57	 -2.33	 -0.00	 -1.57	  2.67	 -2.17	  0.00	 -1.57	  2.67	 -2.17	
  0.00	  1.57	 -2.33	 -0.00	  1.57	 -2.33	 -0.00	 -1.57	  2.67	 -2.17	  0.00	 -1.57	  2.67	 -2.17	
  0.00	  1.57	 -2.33	 -0.00	  1.57	 -2.33	 -0.00	 -1.57	  2.67	 -2.17	  0.00	 -1.57	  2.67	 -2.17	
  0.00	  1.57	 -2.33	 -0.00	  1.57	 -2.33	 -0.00	 -1.57	  2.67	 -2.17	  0.00	 -1.57	  2.67	 -2.17	
  0.00	  1.57	 -2.33	 -0.00	  1.57	 -2.33	 -0.00	 -1.57	  2.67	 -2.17	  0.00	 -1.57	  2.67	 -2.17	
  0.00	  1.57	 -2.33	 -0.00	  1.57	 -2.33	 -0.00	 -1.57	  2.67	 -2.16	  0.00	 -1.57	  2.67	 -2.16	
  0.00	  1.57	 -2.33	 -0.00	  1.57	 -2.33	 -0.00	 -1.57	  2.67	 -2.16	  0.00	 -1.57	  2.67	 -2.16	
  0.00	  1.57	 -2.33	 -0.00	  1.57	 -2.33	 -0.00	 -1.57	  2.67	 -2.16	  0.00	 -1.57	  2.67	 -2.16	
  0.00	  1.57	 -2.33	 -0.00	  1.57	 -2.33	 -0.00	 -1.57	  2.67	 -2.16	  0.00	 -1.57	  2.67	 -2.16	
  0.00	  1.56	 -2.32	 -0.00	  1.56	 -2.32	 -0.00	 -1.57	  2.67	 -2.16	  0.00	 -1.57	  2.67	 -2.16	
  0.00	  1.56	 -2.32	 -0.00	  1.56	 -2.32	 -0.00	 -1.57	  2.67	 -2.16	  0.00	 -1.57	  2.67	 -2.16	
  0.00	  1.56	 -2.32	 -0.00	  1.56	 -2.32	 -0.00	 -1.57	  2.67	 -2.16	  0.00	 -1.57	  2.67	 -2.16	
  0.00	  1.56	 -2.32	 -0.00	  1.56	 -2.32	 -0.00	 -1.57	  2.67	 -2.16	  0.00	 -1.57	  2.67	 -2.16	
  0.00	  1.56	 -2.32	 -0.00	  1.56	 -2.32	 -0.00	 -1.57	  2.67	 -2.16	  0.00	 -1.57	  2.67	 -2.16	
  0.00	  1.56	 -2.32	 -0.00	  1.56	 -2.32	 -0.00	 -1.57	  2.67	 -2.15	  0.00	 -1.57	  2.67	 -2.15	
  0.00	  1.56	 -2.32	 -0.00	  1.56	 -2.32	 -0.00	 -1.57	  2.67	 -2.15	  0.00	 -1.57	  2.67	 -2.15	
  0.00	  1.56	 -2.32	 -0.00	  1.56	 -2.32	 -0.00	 -1.57	  2.67	 -2.15	  0.00	 -1.57	  2.67	 -2.15	
  0.00	  1.56	 -2.32	 -0.00	  1.56	 -2.32	 -0.00	 -1.57	  2.67	 -2.15	  0.00	 -1.57	  2.67	 -2.15	
  0.00	  1.56	 -2.32	 -0.00	  1.56	 -2.32	 -0.00	 -1.57	  2.67	 -2.15	  0.00	 -1.57	  2.67	 -2.15	
  0.00	  1.56	 -2.32	 -0.00	  1.56	 -2.32	 -0.00	 -1.57	  2.67	 -2.15	  0.00	 -1.57	  2.67	 -2.15	
  0.00	  1.56	 -2.32	 -0.00	  1.56	 -2.32	 -0.00	 -1.57	  2.66	 -2.15	  0.00	 -1.57	  2.66	 -2.15	
  0.00	  1.56	 -2.31	 -0.00	  1.56	 -2.31	 -0.00	 -1.57	  2.66	 -2.15	  0.00	 -1.57	  2.66	 -2.15	
  0.00	  1.55	 -2.31	 -0.00	  1.55	 -2.31	 -0.00	 -1.57	  2.66	 -2.15	  0.00	 -1.57	  2.66	 -2.15	
  0.00	  1.55	 -2.31	 -0.00	  1.55	 -2.31	 -0.00	 -1.57	  2.66	 -2.15	  0.00	 -1.57	  2.66	 -2.15	
  0.00	  1.55	 -2.31	 -0.00	  1.55	 -2.31	 -0.00	 -1.57	  2.66	 -2.14	  0.00	 -1.57	  2.66	 -2.14	
  0.00	  1.55	 -2.31	 -0.00	  1.55	 -2.31	 -0.00	 -1.57	  2.66	 -2.14	  0.00	 -1.57	  2.66	 -2.14	
  0.00	  1.55	 -2.31	 -0.00	  1.55	 -2.31	 -0.00	 -1.57	  2.66	 -2.14	  0.00	 -1.57	  2.66	 -2.14	
  0.00	  1.55	 -2.31	 -0.00	  1.55	 -2.31	 -0.00	 -1.57	  2.66	 -2.14	  0.00	 -1.57	  2.66	 -2.14	
  0.00	  1.55	 -2.31	 -0.00	  1.55	 -2.31	 -0.00	 -1.57	  2.66	 -2.14	  0.00	 -1.57	  2.66	 -2.14	
  0.00	  1.55	 -2.31	 -0.00	  1.55	 -2.31	 -0.00	 -1.57	  2.66	 -2.14	  0.00	 -1.57	  2.66	 -2.14	
  0.00	  1.55	 -2.31	 -0.00	  1.55	 -2.31	 -0.00	 -1.57	  2.66	 -2.14	  0.00	 -1.57	  2.66	 -2.14	
  0.00	  1.55	 -2.31	 -0.00	  1.55	 -2.31	 -0.00	 -1.57	  2.66	 -2.14	  0.00	 -1.57	  2.66	 -2.14	
  0.00	  1.55	 -2.31	 -0.00	  1.55	 -2.31	 -0.00	 -1.57	  2.66	 -2.14	  0.00	 -1.57	  2.66	 -2.14	
  0.00	  1.55	 -2.30	 -0.00	  1.55	 -2.30	 -0.00	 -1.57	  2.66	 -2.13	  0.00	 -1.57	  2.66	 -2.13	
  0.00	  1.54	 -2.30	 -0.00	  1.54	 -2.30	 -0.00	 -1.57	  2.66	 -2.13	  0.00	 -1.57	  2.66	 -2.13	
  0.00	  1.54	 -2.30	 -0.00	  1.54	 -2.30	 -0.00	 -1.57	  2.66	 -2.13	  0.00	 -1.57	  2.66	 -2.13	
  0.00	  1.54	 -2.30	 -0.00	  1.54	 -2.30	 -0.00	 -1.57	  2.66	 -2.13	  0.00	 -1.57	  2.66	 -2.13	
  0.00	  1.54	 -2.30	 -0.00	  1.54	 -2.30	 -0.00	 -1.57	  2.66	 -2.13	  0.00	 -1.57	  2.66	 -2.13	
  0.00	  1.54	 -2.30	 -0.00	  1.54	 -2.30	 -0.00	 -1.57	  2.66	 -2.13	  0.00	 -1.57	  2.66	 -2.13	
  0.00	  1.54	 -2.30	 -0.00	  1.54	 -2.30	 -0.00	 -1.57	  2.66	 -2.13	  0.00	 -1.57	  2.66	 -2.13	
  0.00	  1.54	 -2.30	 -0.00	  1.54	 -2.30	 -0.00	 -1.57	  2.66	 -2.13	  0.00	 -1.57	  2.66	 -2.13	
  0.00	  1.54	 -2.30	 -0.00	  1.54	 -2.30	 -0.00	 -1.57	  2.65	 -2.13	  0.00	 -1.57	  2.65	 -2.13	
  0.00	  1.54	 -2.30	 -0.00	  1.54	 -2.30	 -0.00	 -1.57	  2.65	 -2.13	  0.00	 -1.57	  2.65	 -2.13	
  0.00	  1.54	 -2.30	 -0.00	  1.54	 -2.30	 -0.00	 -1.57	  2.65	 -2.12	  0.00	 -1.57	  2.65	 -2.12	
  0.00	  1.54	 -2.30	 -0.00	  1.54	 -2.30	 -0.00	 -1.57	  2.65	 -2.12	  0.00	 -1.57	  2.65	 -2.12	
  0.00	  1.54	 -2.29	 -0.00	  1.54	 -2.29	 -0.00	 -1.57	  2.65	 -2.12	  0.00	 -1.57	  2.65	 -2.12	
  0.00	  1.54	 -2.29	 -0.00	  1.54	 -2.29	 -0.00	 -1.57	  2.65	 -2.12	  0.00	 -1.57	  2.65	 -2.12	
  0.00	  1.53	 -2.29	 -0.00	  1.53	 -2.29	 -0.00	 -1.57	  2.65	 -2.12	  0.00	 -1.57	  2.65	 -2.12	
  0.00	  1.53	 -2.29	 -0.00	  1.53	 -2.29	 -0.00	 -1.57	  2.65	 -2.12	  0.00	 -1.57	  2.65	 -2.12	
  0.00	  1.53	 -2.29	 -0.00	  1.53	 -2.29	 -0.00	 -1.57	  2.65	 -2.12	  0.00	 -1.57	  2.65	 -2.12	
  0.00	  1.53	 -2.29	 -0.00	  1.53	 -2.29	 -0.00	 -1.57	  2.65	 -2.12	  0.00	 -1.57	  2.65	 -2.12	
  0.00	  1.53	 -2.29	 -0.00	  1.53	 -2.29	 -0.00	 -1.57	  2.65	 -2.12	  0.00	 -1.57	  2.65	 -2.12	
  0.00	  1.53	 -2.29	 -0.00	  1.53	 -2.29	 -0.00	 -1.57	  2.65	 -2.11	  0.00	 -1.57	  2.65	 -2.11	
  0.00	  1.53	 -2.29	 -0.00	  1.53	 -2.29	 -0.00	 -1.57	  2.65	 -2.11	  0.00	 -1.57	  2.65	 -2.11	
  0.00	  1.53	 -2.29	 -0.00	  1.53	 -2.29	 -0.00	 -1.57	  2.65	 -2.11	  0.00	 -1.57	  2.65	 -2.11	
  0.00	  1.53	 -2.29	 -0.00	  1.53	 -2.29	 -0.00	 -1.57	  2.65	 -2.11	  0.00	 -1.57	  2.65	 -2.11	
  0.00	  1.53	 -2.29	 -0.00	  1.53	 -2.29	 -0.00	 -1.57	  2.65	 -2.11	  0.00	 -1.57	  2.65	 -2.11	
  0.00	  1.53	 -2.29	 -0.00	  1.53	 -2.29	 -0.00	 -1.57	  2.65	 -2.11	  0.00	 -1.57	  2.65	 -2.11	
  0.00	  1.53	 -2.28	 -0.00	  1.53	 -2.28	 -0.00	 -1.57	  2.65	 -2.11	  0.00	 -1.57	  2.65	 -2.11	
  0.00	  1.53	 -2.28	 -0.00	  1.53	 -2.28	 -0.00	 -1.57	  2.65	 -2.11	  0.00	 -1.57	  2.65	 -2.11	
  0.00	  1.52	 -2.28	 -0.00	  1.52	 -2.28	 -0.00	 -1.57	  2.65	 -2.11	  0.00	 -1.57	  2.65	 -2.11	
  0.00	  1.52	 -2.28	 -0.00	  1.52	 -2.28	 -0.00	 -1.57	  2.65	 -2.11	  0.00	 -1.57	  2.65	 -2.11	
  0.00	  1.52	 -2.28	 -0.00	  1.52	 -2.28	 -0.00	 -1.57	  2.64	 -2.10	  0.00	 -1.57	  2.64	 -2.10	
  0.00	  1.52	 -2.28	 -0.00	  1.52	 -2.28	 -0.00	 -1.57	  2.64	 -2.10	  0.00	 -1.57	  2.64	 -2.10	
  0.00	  1.52	 -2.28	 -0.00	  1.52	 -2.28	 -0.00	 -1.57	  2.64	 -2.10	  0.00	 -1.57	  2.64	 -2.10	
  0.00	  1.52	 -2.28	 -0.00	  1.52	 -2.28	 -0.00	 -1.57	  2.64	 -2.10	  0.00	 -1.57	  2.64	 -2.10	
  0.00	  1.52	 -2.28	 -0.00	  1.52	 -2.28	 -0.00	 -1.57	  2.64	 -2.10	  0.00	 -1.57	  2.64	 -2.10	
  0.00	  1.52	 -2.28	 -0.00	  1.52	 -2.28	 -0.00	 -1.57	  2.64	 -2.10	  0.00	 -1.57	  2.64	 -2.10	
  0.00	  1.52	 -2.28	 -0.00	  1.52	 -2.28	 -0.00	 -1.57	  2.64	 -2.10	  0.00	 -1.57	  2.64	 -2.10	
  0.00	  1.52	 -2.28	 -0.00	  1.52	 -2.28	 -0.00	 -1.57	  2.64	 -2.10	  0.00	 -1.57	  2.64	 -2.10	
  0.00	  1.52	 -2.27	 -0.00	  1.52	 -2.27	 -0.00	 -1.57	  2.64	 -2.10	  0.00	 -1.57	  2.64	 -2.10	
  0.00	  1.52	 -2.27	 -0.00	  1.52	 -2.27	 -0.00	 -1.57	  2.64	 -2.09	  0.00	 -1.57	  2.64	 -2.09	
  0.00	  1.52	 -2.27	 -0.00	  1.52	 -2.27	 -0.00	 -1.57	  2.64	 -2.09	  0.00	 -1.57	  2.64	 -2.09	
  0.00	  1.51	 -2.27	 -0.00	  1.51	 -2.27	 -0.00	 -1.57	  2.64	 -2.09	  0.00	 -1.57	  2.64	 -2.09	
  0.00	  1.51	 -2.27	 -0.00	  1.51	 -2.27	 -0.00	 -1.57	  2.64	 -2.09	  0.00	 -1.57	  2.64	 -2.09	
  0.00	  1.51	 -2.27	 -0.00	  1.51	 -2.27	 -0.00	 -1.57	  2.64	 -2.09	  0.00	 -1.57	  2.64	 -2.09	
  0.00	  1.51	 -2.27	 -0.00	  1.51	 -2.27	 -0.00	 -1.57	  2.64	 -2.09	  0.00	 -1.57	  2.64	 -2.09	
  0.00	  1.51	 -2.27	 -0.00	  1.51	 -2.27	 -0.00	 -1.57	  2.64	 -2.09	  0.00	 -1.57	  2.64	 -2.09	
  0.00	  1.51	 -2.27	 -0.00	  1.51	 -2.27	 -0.00	 -1.57	  2.64	 -2.09	  0.00	 -1.57	  2.64	 -2.09	
  0.00	  1.51	 -2.27	 -0.00	  1.51	 -2.27	 -0.00	 -1.57	  2.64	 -2.09	  0.00	 -1.57	  2.64	 -2.09	
  0.00	  1.51	 -2.27	 -0.00	  1.51	 -2.27	 -0.00	 -1.57	  2.64	 -2.08	  0.00	 -1.57	  2.64	 -2.08	
  0.00	  1.51	 -2.27	 -0.00	  1.51	 -2.27	 -0.00	 -1.57	  2.64	 -2.08	  0.00	 -1.57	  2.64	 -2.08	
  0.00	  1.51	 -2.26	 -0.00	  1.51	 -2.26	 -0.00	 -1.57	  2.63	 -2.08	  0.00	 -1.57	  2.63	 -2.08	
  0.00	  1.51	 -2.26	 -0.00	  1.51	 -2.26	 -0.00	 -1.57	  2.63	 -2.08	  0.00	 -1.57	  2.63	 -2.08	
  0.00	  1.51	 -2.26	 -0.00	  1.51	 -2.26	 -0.00	 -1.57	  2.63	 -2.08	  0.00	 -1.57	  2.63	 -2.08	
  0.00	  1.51	 -2.26	 -0.00	  1.51	 -2.26	 -0.00	 -1.57	  2.63	 -2.08	  0.00	 -1.57	  2.63	 -2.08	
  0.00	  1.50	 -2.26	 -0.00	  1.50	 -2.26	 -0.00	 -1.57	  2.63	 -2.08	  0.00	 -1.57	  2.63	 -2.08	
  0.00	  1.50	 -2.26	 -0.00	  1.50	 -2.26	 -0.00	 -1.57	  2.63	 -2.08	  0.00	 -1.57	  2.63	 -2.08	
  0.00	  1.50	 -2.26	 -0.00	  1.50	 -2.26	 -0.00	 -1.57	  2.63	 -2.08	  0.00	 -1.57	  2.63	 -2.08	
  0.00	  1.50	 -2.26	 -0.00	  1.50	 -2.26	 -0.00	 -1.57	  2.63	 -2.08	  0.00	 -1.57	  2.63	 -2.08	
  0.00	  1.50	 -2.26	 -0.00	  1.50	 -2.26	 -0.00	 -1.57	  2.63	 -2.07	  0.00	 -1.57	  2.63	 -2.07	
  0.00	  1.50	 -2.26	 -0.00	  1.50	 -2.26	 -0.00	 -1.57	  2.63	 -2.07	  0.00	 -1.57	  2.63	 -2.07	
  0.00	  1.50	 -2.26	 -0.00	  1.50	 -2.26	 -0.00	 -1.57	  2.63	 -2.07	  0.00	 -1.57	  2.63	 -2.07	
  0.00	  1.50	 -2.26	 -0.00	  1.50	 -2.26	 -0.00	 -1.57	  2.63	 -2.07	  0.00	 -1.57	  2.63	 -2.07	
  0.00	  1.50	 -2.25	 -0.00	  1.50	 -2.25	 -0.00	 -1.57	  2.63	 -2.07	  0.00	 -1.57	  2.63	 -2.07	
  0.00	  1.50	 -2.25	 -0.00	  1.50	 -2.25	 -0.00	 -1.57	  2.63	 -2.07	  0.00	 -1.57	  2.63	 -2.07	
  0.00	  1.50	 -2.25	 -0.00	  1.50	 -2.25	 -0.00	 -1.57	  2.63	 -2.07	  0.00	 -1.57	  2.63	 -2.07	
  0.00	  1.50	 -2.25	 -0.00	  1.50	 -2.25	 -0.00	 -1.57	  2.63	 -2.07	  0.00	 -1.57	  2.63	 -2.07	
  0.00	  1.50	 -2.25	 -0.00	  1.50	 -2.25	 -0.00	 -1.57	  2.63	 -2.07	  0.00	 -1.57	  2.63	 -2.07	
  0.00	  1.49	 -2.25	 -0.00	  1.49	 -2.25	 -0.00	 -1.57	  2.63	 -2.06	  0.00	 -1.57	  2.63	 -2.06	
  0.00	  1.49	 -2.25	 -0.00	  1.49	 -2.25	 -0.00	 -1.57	  2.63	 -2.06	  0.00	 -1.57	  2.63	 -2.06	
  0.00	  1.49	 -2.25	 -0.00	  1.49	 -2.25	 -0.00	 -1.57	  2.63	 -2.06	  0.00	 -1.57	  2.63	 -2.06	
  0.00	  1.49	 -2.25	 -0.00	  1.49	 -2.25	 -0.00	 -1.57	  2.63	 -2.06	  0.00	 -1.57	  2.63	 -2.06	
  0.00	  1.49	 -2.25	 -0.00	  1.49	 -2.25	 -0.00	 -1.57	  2.62	 -2.06	  0.00	 -1.57	  2.62	 -2.06	
  0.00	  1.49	 -2.25	 -0.00	  1.49	 -2.25	 -0.00	 -1.57	  2.62	 -2.06	  0.00	 -1.57	  2.62	 -2.06	
  0.00	  1.49	 -2.25	 -0.00	  1.49	 -2.25	 -0.00	 -1.57	  2.62	 -2.06	  0.00	 -1.57	  2.62	 -2.06	
  0.00	  1.49	 -2.24	 -0.00	  1.49	 -2.24	 -0.00	 -1.57	  2.62	 -2.06	  0.00	 -1.57	  2.62	 -2.06	
  0.00	  1.49	 -2.24	 -0.00	  1.49	 -2.24	 -0.00	 -1.57	  2.62	 -2.06	  0.00	 -1.57	  2.62	 -2.06	
  0.00	  1.49	 -2.24	 -0.00	  1.49	 -2.24	 -0.00	 -1.57	  2.62	 -2.05	  0.00	 -1.57	  2.62	 -2.05	
  0.00	  1.49	 -2.24	 -0.00	  1.49	 -2.24	 -0.00	 -1.57	  2.62	 -2.05	  0.00	 -1.57	  2.62	 -2.05	
  0.00	  1.49	 -2.24	 -0.00	  1.49	 -2.24	 -0.00	 -1.57	  2.62	 -2.05	  0.00	 -1.57	  2.62	 -2.05	
  0.00	  1.49	 -2.24	 -0.00	  1.49	 -2.24	 -0.00	 -1.57	  2.62	 -2.05	  0.00	 -1.57	  2.62	 -2.05	
  0.00	  1.48	 -2.24	 -0.00	  1.48	 -2.24	 -0.00	 -1.57	  2.62	 -2.05	  0.00	 -1.57	  2.62	 -2.05	
  0.00	  1.48	 -2.24	 -0.00	  1.48	 -2.24	 -0.00	 -1.57	  2.62	 -2.05	  0.00	 -1.57	  2.62	 -2.05	
  0.00	  1.48	 -2.24	 -0.00	  1.48	 -2.24	 -0.00	 -1.57	  2.62	 -2.05	  0.00	 -1.57	  2.62	 -2.05	
  0.00	  1.48	 -2.24	 -0.00	  1.48	 -2.24	 -0.00	 -1.57	  2.62	 -2.05	  0.00	 -1.57	  2.62	 -2.05	
  0.00	  1.48	 -2.24	 -0.00	  1.48	 -2.24	 -0.00	 -1.57	  2.62	 -2.05	  0.00	 -1.57	  2.62	 -2.05	
  0.00	  1.48	 -2.24	 -0.00	  1.48	 -2.24	 -0.00	 -1.57	  2.62	 -2.04	  0.00	 -1.57	  2.62	 -2.04	
  0.00	  1.48	 -2.23	 -0.00	  1.48	 -2.23	 -0.00	 -1.57	  2.62	 -2.04	  0.00	 -1.57	  2.62	 -2.04	
  0.00	  1.48	 -2.23	 -0.00	  1.48	 -2.23	 -0.00	 -1.57	  2.62	 -2.04	  0.00	 -1.57	  2.62	 -2.04	
  0.00	  1.48	 -2.23	 -0.00	  1.48	 -2.23	 -0.00	 -1.57	  2.62	 -2.04	  0.00	 -1.57	  2.62	 -2.04	
  0.00	  1.48	 -2.23	 -0.00	  1.48	 -2.23	 -0.00	 -1.57	  2.62	 -2.04	  0.00	 -1.57	  2.62	 -2.04	
  0.00	  1.48	 -2.23	 -0.00	  1.48	 -2.23	 -0.00	 -1.57	  2.62	 -2.04	  0.00	 -1.57	  2.62	 -2.04	
  0.00	  1.48	 -2.23	 -0.00	  1.48	 -2.23	 -0.00	 -1.57	  2.61	 -2.04	  0.00	 -1.57	  2.61	 -2.04	
  0.00	  1.48	 -2.23	 -0.00	  1.48	 -2.23	 -0.00	 -1.57	  2.61	 -2.04	  0.00	 -1.57	  2.61	 -2.04	
  0.00	  1.47	 -2.23	 -0.00	  1.47	 -2.23	 -0.00	 -1.57	  2.61	 -2.04	  0.00	 -1.57	  2.61	 -2.04	
  0.00	  1.47	 -2.23	 -0.00	  1.47	 -2.23	 -0.00	 -1.57	  2.61	 -2.04	  0.00	 -1.57	  2.61	 -2.04	
  0.00	  1.47	 -2.23	 -0.00	  1.47	 -2.23	 -0.00	 -1.57	  2.61	 -2.03	  0.00	 -1.57	  2.61	 -2.03	
  0.00	  1.47	 -2.23	 -0.00	  1.47	 -2.23	 -0.00	 -1.57	  2.61	 -2.03	  0.00	 -1.57	  2.61	 -2.03	
  0.00	  1.47	 -2.23	 -0.00	  1.47	 -2.23	 -0.00	 -1.57	  2.61	 -2.03	  0.00	 -1.57	  2.61	 -2.03	
  0.00	  1.47	 -2.22	 -0.00	  1.47	 -2.22	 -0.00	 -1.57	  2.61	 -2.03	  0.00	 -1.57	  2.61	 -2.03	
  0.00	  1.47	 -2.22	 -0.00	  1.47	 -2.22	 -0.00	 -1.57	  2.61	 -2.03	  0.00	 -1.57	  2.61	 -2.03	
  0.00	  1.47	 -2.22	 -0.00	  1.47	 -2.22	 -0.00	 -1.57	  2.61	 -2.03	  0.00	 -1.57	  2.61	 -2.03	
  0.00	  1.47	 -2.22	 -0.00	  1.47	 -2.22	 -0.00	 -1.57	  2.61	 -2.03	  0.00	 -1.57	  2.61	 -2.03	
  0.00	  1.47	 -2.22	 -0.00	  1.47	 -2.22	 -0.00	 -1.57	  2.61	 -2.03	  0.00	 -1.57	  2.61	 -2.03	
  0.00	  1.47	 -2.22	 -0.00	  1.47	 -2.22	 -0.00	 -1.57	  2.61	 -2.03	  0.00	 -1.57	  2.61	 -2.03	
  0.00	  1.47	 -2.22	 -0.00	  1.47	 -2.22	 -0.00	 -1.57	  2.61	 -2.02	  0.00	 -1.57	  2.61	 -2.02	
  0.00	  1.47	 -2.22	 -0.00	  1.47	 -2.22	 -0.00	 -1.57	  2.61	 -2.02	  0.00	 -1.57	  2.61	 -2.02	
  0.00	  1.47	 -2.22	 -0.00	  1.47	 -2.22	 -0.00	 -1.57	  2.61	 -2.02	  0.00	 -1.57	  2.61	 -2.02	
  0.00	  1.46	 -2.22	 -0.00	  1.46	 -2.22	 -0.00	 -1.57	  2.61	 -2.02	  0.00	 -1.57	  2.61	 -2.02	
  0.00	  1.46	 -2.22	 -0.00	  1.46	 -2.22	 -0.00	 -1.57	  2.61	 -2.02	  0.00	 -1.57	  2.61	 -2.02	
  0.00	  1.46	 -2.22	 -0.00	  1.46	 -2.22	 -0.00	 -1.57	  2.61	 -2.02	  0.00	 -1.57	  2.61	 -2.02	
  0.00	  1.46	 -2.21	 -0.00	  1.46	 -2.21	 -0.00	 -1.57	  2.61	 -2.02	  0.00	 -1.57	  2.61	 -2.02	
  0.00	  1.46	 -2.21	 -0.00	  1.46	 -2.21	 -0.00	 -1.57	  2.60	 -2.02	  0.00	 -1.57	  2.60	 -2.02	
  0.00	  1.46	 -2.21	 -0.00	  1.46	 -2.21	 -0.00	 -1.57	  2.60	 -2.02	  0.00	 -1.57	  2.60	 -2.02	
  0.00	  1.46	 -2.21	 -0.00	  1.46	 -2.21	 -0.00	 -1.57	  2.60	 -2.01	  0.00	 -1.57	  2.60	 -2.01	
  0.00	  1.46	 -2.21	 -0.00	  1.46	 -2.21	 -0.00	 -1.57	  2.60	 -2.01	  0.00	 -1.57	  2.60	 -2.01	
  0.00	  1.46	 -2.21	 -0.00	  1.46	 -2.21	 -0.00	 -1.57	  2.60	 -2.01	  0.00	 -1.57	  2.60	 -2.01	
  0.00	  1.46	 -2.21	 -0.00	  1.46	 -2.21	 -0.00	 -1.57	  2.60	 -2.01	  0.00	 -1.57	  2.60	 -2.01	
  0.00	  1.46	 -2.21	 -0.00	  1.46	 -2.21	 -0.00	 -1.57	  2.60	 -2.01	  0.00	 -1.57	  2.60	 -2.01	
  0.00	  1.46	 -2.21	 -0.00	  1.46	 -2.21	 -0.00	 -1.57	  2.60	 -2.01	  0.00	 -1.57	  2.60	 -2.01	
  0.00	  1.46	 -2.21	 -0.00	  1.46	 -2.21	 -0.00	 -1.57	  2.60	 -2.01	  0.00	 -1.57	  2.60	 -2.01	
  0.00	  1.45	 -2.21	 -0.00	  1.45	 -2.21	 -0.00	 -1.57	  2.60	 -2.01	  0.00	 -1.57	  2.60	 -2.01	
  0.00	  1.45	 -2.21	 -0.00	  1.45	 -2.21	 -0.00	 -1.57	  2.60	 -2.01	  0.00	 -1.57	  2.60	 -2.01	
  0.00	  1.45	 -2.20	 -0.00	  1.45	 -2.20	 -0.00	 -1.57	  2.60	 -2.00	  0.00	 -1.57	  2.60	 -2.00	
  0.00	  1.45	 -2.20	 -0.00	  1.45	 -2.20	 -0.00	 -1.57	  2.60	 -2.00	  0.00	 -1.57	  2.60	 -2.00	
  0.00	  1.45	 -2.20	 -0.00	  1.45	 -2.20	 -0.00	 -1.57	  2.60	 -2.00	  0.00	 -1.57	  2.60	 -2.00	
  0.00	  1.45	 -2.20	 -0.00	  1.45	 -2.20	 -0.00	 -1.57	  2.60	 -2.00	  0.00	 -1.57	  2.60	 -2.00	
  0.00	  1.45	 -2.20	 -0.00	  1.45	 -2.20	 -0.00	 -1.57	  2.60	 -2.00	  0.00	 -1.57	  2.60	 -2.00	
  0.00	  1.45	 -2.20	 -0.00	  1.45	 -2.20	 -0.00	 -1.57	  2.60	 -2.00	  0.00	 -1.57	  2.60	 -2.00	
  0.00	  1.45	 -2.20	 -0.00	  1.45	 -2.20	 -0.00	 -1.57	  2.60	 -2.00	  0.00	 -1.57	  2.60	 -2.00	
  0.00	  1.45	 -2.20	 -0.00	  1.45	 -2.20	 -0.00	 -1.57	  2.60	 -2.00	  0.00	 -1.57	  2.60	 -2.00	
  0.00	  1.45	 -2.20	 -0.00	  1.45	 -2.20	 -0.00	 -1.57	  2.60	 -2.00	  0.00	 -1.57	  2.60	 -2.00	
  0.00	  1.45	 -2.20	 -0.00	  1.45	 -2.20	 -0.00	 -1.57	  2.59	 -1.99	  0.00	 -1.57	  2.59	 -1.99	
  0.00	  1.45	 -2.20	 -0.00	  1.45	 -2.20	 -0.00	 -1.57	  2.59	 -1.99	  0.00	 -1.57	  2.59	 -1.99	
  0.00	  1.45	 -2.20	 -0.00	  1.45	 -2.20	 -0.00	 -1.57	  2.59	 -1.99	  0.00	 -1.57	  2.59	 -1.99	
  0.00	  1.44	 -2.19	 -0.00	  1.44	 -2.19	 -0.00	 -1.57	  2.59	 -1.99	  0.00	 -1.57	  2.59	 -1.99	
  0.00	  1.44	 -2.19	 -0.00	  1.44	 -2.19	 -0.00	 -1.57	  2.59	 -1.99	  0.00	 -1.57	  2.59	 -1.99	
  0.00	  1.44	 -2.19	 -0.00	  1.44	 -2.19	 -0.00	 -1.57	  2.59	 -1.99	  0.00	 -1.57	  2.59	 -1.99	
  0.00	  1.44	 -2.19	 -0.00	  1.44	 -2.19	 -0.00	 -1.57	  2.59	 -1.99	  0.00	 -1.57	  2.59	 -1.99	
  0.00	  1.44	 -2.19	 -0.00	  1.44	 -2.19	 -0.00	 -1.57	  2.59	 -1.99	  0.00	 -1.57	  2.59	 -1.99	
  0.00	  1.44	 -2.19	 -0.00	  1.44	 -2.19	 -0.00	 -1.57	  2.59	 -1.99	  0.00	 -1.57	  2.59	 -1.99	
  0.00	  1.44	 -2.19	 -0.00	  1.44	 -2.19	 -0.00	 -1.57	  2.59	 -1.98	  0.00	 -1.57	  2.59	 -1.98	
  0.00	  1.44	 -2.19	 -0.00	  1.44	 -2.19	 -0.00	 -1.57	  2.59	 -1.98	  0.00	 -1.57	  2.59	 -1.98	
  0.00	  1.44	 -2.19	 -0.00	  1.44	 -2.19	 -0.00	 -1.57	  2.59	 -1.98	  0.00	 -1.57	  2.59	 -1.98	
  0.00	  1.44	 -2.19	 -0.00	  1.44	 -2.19	 -0.00	 -1.57	  2.59	 -1.98	  0.00	 -1.57	  2.59	 -1.98	
  0.00	  1.44	 -2.19	 -0.00	  1.44	 -2.19	 -0.00	 -1.57	  2.59	 -1.98	  0.00	 -1.57	  2.59	 -1.98	
  0.00	  1.44	 -2.19	 -0.00	  1.44	 -2.19	 -0.00	 -1.57	  2.59	 -1.98	  0.00	 -1.57	  2.59	 -1.98	
  0.00	  1.44	 -2.18	 -0.00	  1.44	 -2.18	 -0.00	 -1.57	  2.59	 -1.98	  0.00	 -1.57	  2.59	 -1.98	
  0.00	  1.44	 -2.18	 -0.00	  1.44	 -2.18	 -0.00	 -1.57	  2.59	 -1.98	  0.00	 -1.57	  2.59	 -1.98	
  0.00	  1.43	 -2.18	 -0.00	  1.43	 -2.18	 -0.00	 -1.57	  2.59	 -1.98	  0.00	 -1.57	  2.59	 -1.98	
  0.00	  1.43	 -2.18	 -0.00	  1.43	 -2.18	 -0.00	 -1.57	  2.59	 -1.97	  0.00	 -1.57	  2.59	 -1.97	
  0.00	  1.43	 -2.18	 -0.00	  1.43	 -2.18	 -0.00	 -1.57	  2.59	 -1.97	  0.00	 -1.57	  2.59	 -1.97	
  0.00	  1.43	 -2.18	 -0.00	  1.43	 -2.18	 -0.00	 -1.57	  2.58	 -1.97	  0.00	 -1.57	  2.58	 -1.97	
  0.00	  1.43	 -2.18	 -0.00	  1.43	 -2.18	 -0.00	 -1.57	  2.58	 -1.97	  0.00	 -1.57	  2.58	 -1.97	
  0.00	  1.43	 -2.18	 -0.00	  1.43	 -2.18	 -0.00	 -1.57	  2.58	 -1.97	  0.00	 -1.57	  2.58	 -1.97	
  0.00	  1.43	 -2.18	 -0.00	  1.43	 -2.18	 -0.00	 -1.57	  2.58	 -1.97	  0.00	 -1.57	  2.58	 -1.97	
  0.00	  1.43	 -2.18	 -0.00	  1.43	 -2.18	 -0.00	 -1.57	  2.58	 -1.97	  0.00	 -1.57	  2.58	 -1.97	
  0.00	  1.43	 -2.18	 -0.00	  1.43	 -2.18	 -0.00	 -1.57	  2.58	 -1.97	  0.00	 -1.57	  2.58	 -1.97	
  0.00	  1.43	 -2.18	 -0.00	  1.43	 -2.18	 -0.00	 -1.57	  2.58	 -1.97	  0.00	 -1.57	  2.58	 -1.97	
  0.00	  1.43	 -2.17	 -0.00	  1.43	 -2.17	 -0.00	 -1.57	  2.58	 -1.96	  0.00	 -1.57	  2.58	 -1.96	
  0.00	  1.43	 -2.17	 -0.00	  1.43	 -2.17	 -0.00	 -1.57	  2.58	 -1.96	  0.00	 -1.57	  2.58	 -1.96	
  0.00	  1.43	 -2.17	 -0.00	  1.43	 -2.17	 -0.00	 -1.57	  2.58	 -1.96	  0.00	 -1.57	  2.58	 -1.96	
  0.00	  1.42	 -2.17	 -0.00	  1.42	 -2.17	 -0.00	 -1.57	  2.58	 -1.96	  0.00	 -1.57	  2.58	 -1.96	
  0.00	  1.42	 -2.17	 -0.00	  1.42	 -2.17	 -0.00	 -1.57	  2.58	 -1.96	  0.00	 -1.57	  2.58	 -1.96	
  0.00	  1.42	 -2.17	 -0.00	  1.42	 -2.17	 -0.00	 -1.57	  2.58	 -1.96	  0.00	 -1.57	  2.58	 -1.96	
  0.00	  1.42	 -2.17	 -0.00	  1.42	 -2.17	 -0.00	 -1.57	  2.58	 -1.96	  0.00	 -1.57	  2.58	 -1.96	
  0.00	  1.42	 -2.17	 -0.00	  1.42	 -2.17	 -0.00	 -1.57	  2.58	 -1.96	  0.00	 -1.57	  2.58	 -1.96	
  0.00	  1.42	 -2.17	 -0.00	  1.42	 -2.17	 -0.00	 -1.57	  2.58	 -1.96	  0.00	 -1.57	  2.58	 -1.96	
  0.00	  1.42	 -2.17	 -0.00	  1.42	 -2.17	 -0.00	 -1.57	  2.58	 -1.95	  0.00	 -1.57	  2.58	 -1.95	
  0.00	  1.42	 -2.17	 -0.00	  1.42	 -2.17	 -0.00	 -1.57	  2.58	 -1.95	  0.00	 -1.57	  2.58	 -1.95	
  0.00	  1.42	 -2.16	 -0.00	  1.42	 -2.16	 -0.00	 -1.57	  2.58	 -1.95	  0.00	 -1.57	  2.58	 -1.95	
  0.00	  1.42	 -2.16	 -0.00	  1.42	 -2.16	 -0.00	 -1.57	  2.58	 -1.95	  0.00	 -1.57	  2.58	 -1.95	
  0.00	  1.42	 -2.16	 -0.00	  1.42	 -2.16	 -0.00	 -1.57	  2.57	 -1.95	  0.00	 -1.57	  2.57	 -1.95	
  0.00	  1.42	 -2.16	 -0.00	  1.42	 -2.16	 -0.00	 -1.57	  2.57	 -1.95	  0.00	 -1.57	  2.57	 -1.95	
  0.00	  1.42	 -2.16	 -0.00	  1.42	 -2.16	 -0.00	 -1.57	  2.57	 -1.95	  0.00	 -1.57	  2.57	 -1.95	
  0.00	  1.42	 -2.16	 -0.00	  1.42	 -2.16	 -0.00	 -1.57	  2.57	 -1.95	  0.00	 -1.57	  2.57	 -1.95	
  0.00	  1.41	 -2.16	 -0.00	  1.41	 -2.16	 -0.00	 -1.57	  2.57	 -1.95	  0.00	 -1.57	  2.57	 -1.95	
  0.00	  1.41	 -2.16	 -0.00	  1.41	 -2.16	 -0.00	 -1.57	  2.57	 -1.94	  0.00	 -1.57	  2.57	 -1.94	
  0.00	  1.41	 -2.16	 -0.00	  1.41	 -2.16	 -0.00	 -1.57	  2.57	 -1.94	  0.00	 -1.57	  2.57	 -1.94	
  0.00	  1.41	 -2.16	 -0.00	  1.41	 -2.16	 -0.00	 -1.57	  2.57	 -1.94	  0.00	 -1.57	  2.57	 -1.94	
  0.00	  1.41	 -2.16	 -0.00	  1.41	 -2.16	 -0.00	 -1.57	  2.57	 -1.94	  0.00	 -1.57	  2.57	 -1.94	
  0.00	  1.41	 -2.16	 -0.00	  1.41	 -2.16	 -0.00	 -1.57	  2.57	 -1.94	  0.00	 -1.57	  2.57	 -1.94	
  0.00	  1.41	 -2.15	 -0.00	  1.41	 -2.15	 -0.00	 -1.57	  2.57	 -1.94	  0.00	 -1.57	  2.57	 -1.94	
  0.00	  1.41	 -2.15	 -0.00	  1.41	 -2.15	 -0.00	 -1.57	  2.57	 -1.94	  0.00	 -1.57	  2.57	 -1.94	
  0.00	  1.41	 -2.15	 -0.00	  1.41	 -2.15	 -0.00	 -1.57	  2.57	 -1.94	  0.00	 -1.57	  2.57	 -1.94	
  0.00	  1.41	 -2.15	 -0.00	  1.41	 -2.15	 -0.00	 -1.57	  2.57	 -1.94	  0.00	 -1.57	  2.57	 -1.94	
  0.00	  1.41	 -2.15	 -0.00	  1.41	 -2.15	 -0.00	 -1.57	  2.57	 -1.93	  0.00	 -1.57	  2.57	 -1.93	
  0.00	  1.41	 -2.15	 -0.00	  1.41	 -2.15	 -0.00	 -1.57	  2.57	 -1.93	  0.00	 -1.57	  2.57	 -1.93	
  0.00	  1.41	 -2.15	 -0.00	  1.41	 -2.15	 -0.00	 -1.57	  2.57	 -1.93	  0.00	 -1.57	  2.57	 -1.93	
  0.00	  1.41	 -2.15	 -0.00	  1.41	 -2.15	 -0.00	 -1.57	  2.57	 -1.93	  0.00	 -1.57	  2.57	 -1.93	
  0.00	  1.40	 -2.15	 -0.00	  1.40	 -2.15	 -0.00	 -1.57	  2.57	 -1.93	  0.00	 -1.57	  2.57	 -1.93	
  0.00	  1.40	 -2.15	 -0.00	  1.40	 -2.15	 -0.00	 -1.57	  2.56	 -1.93	  0.00	 -1.57	  2.56	 -1.93	
  0.00	  1.40	 -2.15	 -0.00	  1.40	 -2.15	 -0.00	 -1.57	  2.56	 -1.93	  0.00	 -1.57	  2.56	 -1.93	
  0.00	  1.40	 -2.15	 -0.00	  1.40	 -2.15	 -0.00	 -1.57	  2.56	 -1.93	  0.00	 -1.57	  2.56	 -1.93	
  0.00	  1.40	 -2.14	 -0.00	  1.40	 -2.14	 -0.00	 -1.57	  2.56	 -1.93	  0.00	 -1.57	  2.56	 -1.93	
  0.00	  1.40	 -2.14	 -0.00	  1.40	 -2.14	 -0.00	 -1.57	  2.56	 -1.92	  0.00	 -1.57	  2.56	 -1.92	
  0.00	  1.40	 -2.14	 -0.00	  1.40	 -2.14	 -0.00	 -1.57	  2.56	 -1.92	  0.00	 -1.57	  2.56	 -1.92	
  0.00	  1.40	 -2.14	 -0.00	  1.40	 -2.14	 -0.00	 -1.57	  2.56	 -1.92	  0.00	 -1.57	  2.56	 -1.92	
  0.00	  1.40	 -2.14	 -0.00	  1.40	 -2.14	 -0.00	 -1.57	  2.56	 -1.92	  0.00	 -1.57	  2.56	 -1.92	
  0.00	  1.40	 -2.14	 -0.00	  1.40	 -2.14	 -0.00	 -1.57	  2.56	 -1.92	  0.00	 -1.57	  2.56	 -1.92	
  0.00	  1.40	 -2.14	 -0.00	  1.40	 -2.14	 -0.00	 -1.57	  2.56	 -1.92	  0.00	 -1.57	  2.56	 -1.92	
  0.00	  1.40	 -2.14	 -0.00	  1.40	 -2.14	 -0.00	 -1.57	  2.56	 -1.92	  0.00	 -1.57	  2.56	 -1.92	
  0.00	  1.40	 -2.14	 -0.00	  1.40	 -2.14	 -0.00	 -1.57	  2.56	 -1.92	  0.00	 -1.57	  2.56	 -1.92	
  0.00	  1.40	 -2.14	 -0.00	  1.40	 -2.14	 -0.00	 -1.57	  2.56	 -1.92	  0.00	 -1.57	  2.56	 -1.92	
  0.00	  1.39	 -2.14	 -0.00	  1.39	 -2.14	 -0.00	 -1.57	  2.56	 -1.91	  0.00	 -1.57	  2.56	 -1.91	
  0.00	  1.39	 -2.13	 -0.00	  1.39	 -2.13	 -0.00	 -1.57	  2.56	 -1.91	  0.00	 -1.57	  2.56	 -1.91	
  0.00	  1.39	 -2.13	 -0.00	  1.39	 -2.13	 -0.00	 -1.57	  2.56	 -1.91	  0.00	 -1.57	  2.56	 -1.91	
  0.00	  1.39	 -2.13	 -0.00	  1.39	 -2.13	 -0.00	 -1.57	  2.56	 -1.91	  0.00	 -1.57	  2.56	 -1.91	
  0.00	  1.39	 -2.13	 -0.00	  1.39	 -2.13	 -0.00	 -1.57	  2.56	 -1.91	  0.00	 -1.57	  2.56	 -1.91	
  0.00	  1.39	 -2.13	 -0.00	  1.39	 -2.13	 -0.00	 -1.57	  2.56	 -1.91	  0.00	 -1.57	  2.56	 -1.91	
  0.00	  1.39	 -2.13	 -0.00	  1.39	 -2.13	 -0.00	 -1.57	  2.56	 -1.91	  0.00	 -1.57	  2.56	 -1.91	
  0.00	  1.39	 -2.13	 -0.00	  1.39	 -2.13	 -0.00	 -1.57	  2.55	 -1.91	  0.00	 -1.57	  2.55	 -1.91	
  0.00	  1.39	 -2.13	 -0.00	  1.39	 -2.13	 -0.00	 -1.57	  2.55	 -1.91	  0.00	 -1.57	  2.55	 -1.91	
  0.00	  1.39	 -2.13	 -0.00	  1.39	 -2.13	 -0.00	 -1.57	  2.55	 -1.90	  0.00	 -1.57	  2.55	 -1.90	
  0.00	  1.39	 -2.13	 -0.00	  1.39	 -2.13	 -0.00	 -1.57	  2.55	 -1.90	  0.00	 -1.57	  2.55	 -1.90	
  0.00	  1.39	 -2.13	 -0.00	  1.39	 -2.13	 -0.00	 -1.57	  2.55	 -1.90	  0.00	 -1.57	  2.55	 -1.90	
  0.00	  1.39	 -2.13	 -0.00	  1.39	 -2.13	 -0.00	 -1.57	  2.55	 -1.90	  0.00	 -1.57	  2.55	 -1.90	
  0.00	  1.39	 -2.12	 -0.00	  1.39	 -2.12	 -0.00	 -1.57	  2.55	 -1.90	  0.00	 -1.57	  2.55	 -1.90	
  0.00	  1.39	 -2.12	 -0.00	  1.39	 -2.12	 -0.00	 -1.57	  2.55	 -1.90	  0.00	 -1.57	  2.55	 -1.90	
  0.00	  1.38	 -2.12	 -0.00	  1.38	 -2.12	 -0.00	 -1.57	  2.55	 -1.90	  0.00	 -1.57	  2.55	 -1.90	
  0.00	  1.38	 -2.12	 -0.00	  1.38	 -2.12	 -0.00	 -1.57	  2.55	 -1.90	  0.00	 -1.57	  2.55	 -1.90	
  0.00	  1.38	 -2.12	 -0.00	  1.38	 -2.12	 -0.00	 -1.57	  2.55	 -1.90	  0.00	 -1.57	  2.55	 -1.90	
  0.00	  1.38	 -2.12	 -0.00	  1.38	 -2.12	 -0.00	 -1.57	  2.55	 -1.89	  0.00	 -1.57	  2.55	 -1.89	
  0.00	  1.38	 -2.12	 -0.00	  1.38	 -2.12	 -0.00	 -1.57	  2.55	 -1.89	  0.00	 -1.57	  2.55	 -1.89	
  0.00	  1.38	 -2.12	 -0.00	  1.38	 -2.12	 -0.00	 -1.57	  2.55	 -1.89	  0.00	 -1.57	  2.55	 -1.89	
  0.00	  1.38	 -2.12	 -0.00	  1.38	 -2.12	 -0.00	 -1.57	  2.55	 -1.89	  0.00	 -1.57	  2.55	 -1.89	
  0.00	  1.38	 -2.12	 -0.00	  1.38	 -2.12	 -0.00	 -1.57	  2.55	 -1.89	  0.00	 -1.57	  2.55	 -1.89	
  0.00	  1.38	 -2.12	 -0.00	  1.38	 -2.12	 -0.00	 -1.57	  2.55	 -1.89	  0.00	 -1.57	  2.55	 -1.89	
  0.00	  1.38	 -2.12	 -0.00	  1.38	 -2.12	 -0.00	 -1.57	  2.55	 -1.89	  0.00	 -1.57	  2.55	 -1.89	
  0.00	  1.38	 -2.11	 -0.00	  1.38	 -2.11	 -0.00	 -1.57	  2.55	 -1.89	  0.00	 -1.57	  2.55	 -1.89	
  0.00	  1.38	 -2.11	 -0.00	  1.38	 -2.11	 -0.00	 -1.57	  2.54	 -1.88	  0.00	 -1.57	  2.54	 -1.88	
  0.00	  1.38	 -2.11	 -0.00	  1.38	 -2.11	 -0.00	 -1.57	  2.54	 -1.88	  0.00	 -1.57	  2.54	 -1.88	
  0.00	  1.38	 -2.11	 -0.00	  1.38	 -2.11	 -0.00	 -1.57	  2.54	 -1.88	  0.00	 -1.57	  2.54	 -1.88	
  0.00	  1.37	 -2.11	 -0.00	  1.37	 -2.11	 -0.00	 -1.57	  2.54	 -1.88	  0.00	 -1.57	  2.54	 -1.88	
  0.00	  1.37	 -2.11	 -0.00	  1.37	 -2.11	 -0.00	 -1.57	  2.54	 -1.88	  0.00	 -1.57	  2.54	 -1.88	
  0.00	  1.37	 -2.11	 -0.00	  1.37	 -2.11	 -0.00	 -1.57	  2.54	 -1.88	  0.00	 -1.57	  2.54	 -1.88	
  0.00	  1.37	 -2.11	 -0.00	  1.37	 -2.11	 -0.00	 -1.57	  2.54	 -1.88	  0.00	 -1.57	  2.54	 -1.88	
  0.00	  1.37	 -2.11	 -0.00	  1.37	 -2.11	 -0.00	 -1.57	  2.54	 -1.88	  0.00	 -1.57	  2.54	 -1.88	
  0.00	  1.37	 -2.11	 -0.00	  1.37	 -2.11	 -0.00	 -1.57	  2.54	 -1.88	  0.00	 -1.57	  2.54	 -1.88	
  0.00	  1.37	 -2.11	 -0.00	  1.37	 -2.11	 -0.00	 -1.57	  2.54	 -1.87	  0.00	 -1.57	  2.54	 -1.87	
  0.00	  1.37	 -2.10	 -0.00	  1.37	 -2.10	 -0.00	 -1.57	  2.54	 -1.87	  0.00	 -1.57	  2.54	 -1.87	
  0.00	  1.37	 -2.10	 -0.00	  1.37	 -2.10	 -0.00	 -1.57	  2.54	 -1.87	  0.00	 -1.57	  2.54	 -1.87	
  0.00	  1.37	 -2.10	 -0.00	  1.37	 -2.10	 -0.00	 -1.57	  2.54	 -1.87	  0.00	 -1.57	  2.54	 -1.87	
  0.00	  1.37	 -2.10	 -0.00	  1.37	 -2.10	 -0.00	 -1.57	  2.54	 -1.87	  0.00	 -1.57	  2.54	 -1.87	
  0.00	  1.37	 -2.10	 -0.00	  1.37	 -2.10	 -0.00	 -1.57	  2.54	 -1.87	  0.00	 -1.57	  2.54	 -1.87	
  0.00	  1.37	 -2.10	 -0.00	  1.37	 -2.10	 -0.00	 -1.57	  2.54	 -1.87	  0.00	 -1.57	  2.54	 -1.87	
  0.00	  1.37	 -2.10	 -0.00	  1.37	 -2.10	 -0.00	 -1.57	  2.54	 -1.87	  0.00	 -1.57	  2.54	 -1.87	
  0.00	  1.36	 -2.10	 -0.00	  1.36	 -2.10	 -0.00	 -1.57	  2.54	 -1.87	  0.00	 -1.57	  2.54	 -1.87	
  0.00	  1.36	 -2.10	 -0.00	  1.36	 -2.10	 -0.00	 -1.57	  2.54	 -1.86	  0.00	 -1.57	  2.54	 -1.86	
  0.00	  1.36	 -2.10	 -0.00	  1.36	 -2.10	 -0.00	 -1.57	  2.53	 -1.86	  0.00	 -1.57	  2.53	 -1.86	
  0.00	  1.36	 -2.10	 -0.00	  1.36	 -2.10	 -0.00	 -1.57	  2.53	 -1.86	  0.00	 -1.57	  2.53	 -1.86	
  0.00	  1.36	 -2.10	 -0.00	  1.36	 -2.10	 -0.00	 -1.57	  2.53	 -1.86	  0.00	 -1.57	  2.53	 -1.86	
  0.00	  1.36	 -2.09	 -0.00	  1.36	 -2.09	 -0.00	 -1.57	  2.53	 -1.86	  0.00	 -1.57	  2.53	 -1.86	
  0.00	  1.36	 -2.09	 -0.00	  1.36	 -2.09	 -0.00	 -1.57	  2.53	 -1.86	  0.00	 -1.57	  2.53	 -1.86	
  0.00	  1.36	 -2.09	 -0.00	  1.36	 -2.09	 -0.00	 -1.57	  2.53	 -1.86	  0.00	 -1.57	  2.53	 -1.86	
  0.00	  1.36	 -2.09	 -0.00	  1.36	 -2.09	 -0.00	 -1.57	  2.53	 -1.86	  0.00	 -1.57	  2.53	 -1.86	
  0.00	  1.36	 -2.09	 -0.00	  1.36	 -2.09	 -0.00	 -1.57	  2.53	 -1.85	  0.00	 -1.57	  2.53	 -1.85	
  0.00	  1.36	 -2.09	 -0.00	  1.36	 -2.09	 -0.00	 -1.57	  2.53	 -1.85	  0.00	 -1.57	  2.53	 -1.85	
  0.00	  1.36	 -2.09	 -0.00	  1.36	 -2.09	 -0.00	 -1.57	  2.53	 -1.85	  0.00	 -1.57	  2.53	 -1.85	
  0.00	  1.36	 -2.09	 -0.00	  1.36	 -2.09	 -0.00	 -1.57	  2.53	 -1.85	  0.00	 -1.57	  2.53	 -1.85	
  0.00	  1.36	 -2.09	 -0.00	  1.36	 -2.09	 -0.00	 -1.57	  2.53	 -1.85	  0.00	 -1.57	  2.53	 -1.85	
  0.00	  1.35	 -2.09	 -0.00	  1.35	 -2.09	 -0.00	 -1.57	  2.53	 -1.85	  0.00	 -1.57	  2.53	 -1.85	
  0.00	  1.35	 -2.09	 -0.00	  1.35	 -2.09	 -0.00	 -1.57	  2.53	 -1.85	  0.00	 -1.57	  2.53	 -1.85	
  0.00	  1.35	 -2.08	 -0.00	  1.35	 -2.08	 -0.00	 -1.57	  2.53	 -1.85	  0.00	 -1.57	  2.53	 -1.85	
  0.00	  1.35	 -2.08	 -0.00	  1.35	 -2.08	 -0.00	 -1.57	  2.53	 -1.85	  0.00	 -1.57	  2.53	 -1.85	
  0.00	  1.35	 -2.08	 -0.00	  1.35	 -2.08	 -0.00	 -1.57	  2.53	 -1.84	  0.00	 -1.57	  2.53	 -1.84	
  0.00	  1.35	 -2.08	 -0.00	  1.35	 -2.08	 -0.00	 -1.57	  2.53	 -1.84	  0.00	 -1.57	  2.53	 -1.84	
  0.00	  1.35	 -2.08	 -0.00	  1.35	 -2.08	 -0.00	 -1.57	  2.53	 -1.84	  0.00	 -1.57	  2.53	 -1.84	
  0.00	  1.35	 -2.08	 -0.00	  1.35	 -2.08	 -0.00	 -1.57	  2.52	 -1.84	  0.00	 -1.57	  2.52	 -1.84	
  0.00	  1.35	 -2.08	 -0.00	  1.35	 -2.08	 -0.00	 -1.57	  2.52	 -1.84	  0.00	 -1.57	  2.52	 -1.84	
  0.00	  1.35	 -2.08	 -0.00	  1.35	 -2.08	 -0.00	 -1.57	  2.52	 -1.84	  0.00	 -1.57	  2.52	 -1.84	
  0.00	  1.35	 -2.08	 -0.00	  1.35	 -2.08	 -0.00	 -1.57	  2.52	 -1.84	  0.00	 -1.57	  2.52	 -1.84	
  0.00	  1.35	 -2.08	 -0.00	  1.35	 -2.08	 -0.00	 -1.57	  2.52	 -1.84	  0.00	 -1.57	  2.52	 -1.84	
  0.00	  1.35	 -2.08	 -0.00	  1.35	 -2.08	 -0.00	 -1.57	  2.52	 -1.84	  0.00	 -1.57	  2.52	 -1.84	
  0.00	  1.35	 -2.08	 -0.00	  1.35	 -2.08	 -0.00	 -1.57	  2.52	 -1.83	  0.00	 -1.57	  2.52	 -1.83	
  0.00	  1.35	 -2.07	 -0.00	  1.35	 -2.07	 -0.00	 -1.57	  2.52	 -1.83	  0.00	 -1.57	  2.52	 -1.83	
  0.00	  1.34	 -2.07	 -0.00	  1.34	 -2.07	 -0.00	 -1.57	  2.52	 -1.83	  0.00	 -1.57	  2.52	 -1.83	
  0.00	  1.34	 -2.07	 -0.00	  1.34	 -2.07	 -0.00	 -1.57	  2.52	 -1.83	  0.00	 -1.57	  2.52	 -1.83	
  0.00	  1.34	 -2.07	 -0.00	  1.34	 -2.07	 -0.00	 -1.57	  2.52	 -1.83	  0.00	 -1.57	  2.52	 -1.83	
  0.00	  1.34	 -2.07	 -0.00	  1.34	 -2.07	 -0.00	 -1.57	  2.52	 -1.83	  0.00	 -1.57	  2.52	 -1.83	
  0.00	  1.34	 -2.07	 -0.00	  1.34	 -2.07	 -0.00	 -1.57	  2.52	 -1.83	  0.00	 -1.57	  2.52	 -1.83	
  0.00	  1.34	 -2.07	 -0.00	  1.34	 -2.07	 -0.00	 -1.57	  2.52	 -1.83	  0.00	 -1.57	  2.52	 -1.83	
  0.00	  1.34	 -2.07	 -0.00	  1.34	 -2.07	 -0.00	 -1.57	  2.52	 -1.82	  0.00	 -1.57	  2.52	 -1.82	
  0.00	  1.34	 -2.07	 -0.00	  1.34	 -2.07	 -0.00	 -1.57	  2.52	 -1.82	  0.00	 -1.57	  2.52	 -1.82	
  0.00	  1.34	 -2.07	 -0.00	  1.34	 -2.07	 -0.00	 -1.57	  2.52	 -1.82	  0.00	 -1.57	  2.52	 -1.82	
  0.00	  1.34	 -2.07	 -0.00	  1.34	 -2.07	 -0.00	 -1.57	  2.52	 -1.82	  0.00	 -1.57	  2.52	 -1.82	
  0.00	  1.34	 -2.06	 -0.00	  1.34	 -2.06	 -0.00	 -1.57	  2.51	 -1.82	  0.00	 -1.57	  2.51	 -1.82	
  0.00	  1.34	 -2.06	 -0.00	  1.34	 -2.06	 -0.00	 -1.57	  2.51	 -1.82	  0.00	 -1.57	  2.51	 -1.82	
  0.00	  1.34	 -2.06	 -0.00	  1.34	 -2.06	 -0.00	 -1.57	  2.51	 -1.82	  0.00	 -1.57	  2.51	 -1.82	
  0.00	  1.34	 -2.06	 -0.00	  1.34	 -2.06	 -0.00	 -1.57	  2.51	 -1.82	  0.00	 -1.57	  2.51	 -1.82	
  0.00	  1.33	 -2.06	 -0.00	  1.33	 -2.06	 -0.00	 -1.57	  2.51	 -1.82	  0.00	 -1.57	  2.51	 -1.82	
  0.00	  1.33	 -2.06	 -0.00	  1.33	 -2.06	 -0.00	 -1.57	  2.51	 -1.81	  0.00	 -1.57	  2.51	 -1.81	
  0.00	  1.33	 -2.06	 -0.00	  1.33	 -2.06	 -0.00	 -1.57	  2.51	 -1.81	  0.00	 -1.57	  2.51	 -1.81	
  0.00	  1.33	 -2.06	 -0.00	  1.33	 -2.06	 -0.00	 -1.57	  2.51	 -1.81	  0.00	 -1.57	  2.51	 -1.81	
  0.00	  1.33	 -2.06	 -0.00	  1.33	 -2.06	 -0.00	 -1.57	  2.51	 -1.81	  0.00	 -1.57	  2.51	 -1.81	
  0.00	  1.33	 -2.06	 -0.00	  1.33	 -2.06	 -0.00	 -1.57	  2.51	 -1.81	  0.00	 -1.57	  2.51	 -1.81	
  0.00	  1.33	 -2.06	 -0.00	  1.33	 -2.06	 -0.00	 -1.57	  2.51	 -1.81	  0.00	 -1.57	  2.51	 -1.81	
  0.00	  1.33	 -2.06	 -0.00	  1.33	 -2.06	 -0.00	 -1.57	  2.51	 -1.81	  0.00	 -1.57	  2.51	 -1.81	
  0.00	  1.33	 -2.05	 -0.00	  1.33	 -2.05	 -0.00	 -1.57	  2.51	 -1.81	  0.00	 -1.57	  2.51	 -1.81	
  0.00	  1.33	 -2.05	 -0.00	  1.33	 -2.05	 -0.00	 -1.57	  2.51	 -1.80	  0.00	 -1.57	  2.51	 -1.80	
  0.00	  1.33	 -2.05	 -0.00	  1.33	 -2.05	 -0.00	 -1.57	  2.51	 -1.80	  0.00	 -1.57	  2.51	 -1.80	
  0.00	  1.33	 -2.05	 -0.00	  1.33	 -2.05	 -0.00	 -1.57	  2.51	 -1.80	  0.00	 -1.57	  2.51	 -1.80	
  0.00	  1.33	 -2.05	 -0.00	  1.33	 -2.05	 -0.00	 -1.57	  2.51	 -1.80	  0.00	 -1.57	  2.51	 -1.80	
  0.00	  1.33	 -2.05	 -0.00	  1.33	 -2.05	 -0.00	 -1.57	  2.51	 -1.80	  0.00	 -1.57	  2.51	 -1.80	
  0.00	  1.33	 -2.05	 -0.00	  1.33	 -2.05	 -0.00	 -1.57	  2.51	 -1.80	  0.00	 -1.57	  2.51	 -1.80	
  0.00	  1.32	 -2.05	 -0.00	  1.32	 -2.05	 -0.00	 -1.57	  2.50	 -1.80	  0.00	 -1.57	  2.50	 -1.80	
  0.00	  1.32	 -2.05	 -0.00	  1.32	 -2.05	 -0.00	 -1.57	  2.50	 -1.80	  0.00	 -1.57	  2.50	 -1.80	
  0.00	  1.32	 -2.05	 -0.00	  1.32	 -2.05	 -0.00	 -1.57	  2.50	 -1.80	  0.00	 -1.57	  2.50	 -1.80	
  0.00	  1.32	 -2.05	 -0.00	  1.32	 -2.05	 -0.00	 -1.57	  2.50	 -1.79	  0.00	 -1.57	  2.50	 -1.79	
  0.00	  1.32	 -2.04	 -0.00	  1.32	 -2.04	 -0.00	 -1.57	  2.50	 -1.79	  0.00	 -1.57	  2.50	 -1.79	
  0.00	  1.32	 -2.04	 -0.00	  1.32	 -2.04	 -0.00	 -1.57	  2.50	 -1.79	  0.00	 -1.57	  2.50	 -1.79	
  0.00	  1.32	 -2.04	 -0.00	  1.32	 -2.04	 -0.00	 -1.57	  2.50	 -1.79	  0.00	 -1.57	  2.50	 -1.79	
  0.00	  1.32	 -2.04	 -0.00	  1.32	 -2.04	 -0.00	 -1.57	  2.50	 -1.79	  0.00	 -1.57	  2.50	 -1.79	
  0.00	  1.32	 -2.04	 -0.00	  1.32	 -2.04	 -0.00	 -1.57	  2.50	 -1.79	  0.00	 -1.57	  2.50	 -1.79	
  0.00	  1.32	 -2.04	 -0.00	  1.32	 -2.04	 -0.00	 -1.57	  2.50	 -1.79	  0.00	 -1.57	  2.50	 -1.79	
  0.00	  1.32	 -2.04	 -0.00	  1.32	 -2.04	 -0.00	 -1.57	  2.50	 -1.79	  0.00	 -1.57	  2.50	 -1.79	
  0.00	  1.32	 -2.04	 -0.00	  1.32	 -2.04	 -0.00	 -1.57	  2.50	 -1.78	  0.00	 -1.57	  2.50	 -1.78	
  0.00	  1.32	 -2.04	 -0.00	  1.32	 -2.04	 -0.00	 -1.57	  2.50	 -1.78	  0.00	 -1.57	  2.50	 -1.78	
  0.00	  1.32	 -2.04	 -0.00	  1.32	 -2.04	 -0.00	 -1.57	  2.50	 -1.78	  0.00	 -1.57	  2.50	 -1.78	
  0.00	  1.32	 -2.04	 -0.00	  1.32	 -2.04	 -0.00	 -1.57	  2.50	 -1.78	  0.00	 -1.57	  2.50	 -1.78	
  0.00	  1.31	 -2.03	 -0.00	  1.31	 -2.03	 -0.00	 -1.57	  2.50	 -1.78	  0.00	 -1.57	  2.50	 -1.78	
  0.00	  1.31	 -2.03	 -0.00	  1.31	 -2.03	 -0.00	 -1.57	  2.50	 -1.78	  0.00	 -1.57	  2.50	 -1.78	
  0.00	  1.31	 -2.03	 -0.00	  1.31	 -2.03	 -0.00	 -1.57	  2.50	 -1.78	  0.00	 -1.57	  2.50	 -1.78	
  0.00	  1.31	 -2.03	 -0.00	  1.31	 -2.03	 -0.00	 -1.57	  2.49	 -1.78	  0.00	 -1.57	  2.49	 -1.78	
  0.00	  1.31	 -2.03	 -0.00	  1.31	 -2.03	 -0.00	 -1.57	  2.49	 -1.78	  0.00	 -1.57	  2.49	 -1.78	
  0.00	  1.31	 -2.03	 -0.00	  1.31	 -2.03	 -0.00	 -1.57	  2.49	 -1.77	  0.00	 -1.57	  2.49	 -1.77	
  0.00	  1.31	 -2.03	 -0.00	  1.31	 -2.03	 -0.00	 -1.57	  2.49	 -1.77	  0.00	 -1.57	  2.49	 -1.77	
  0.00	  1.31	 -2.03	 -0.00	  1.31	 -2.03	 -0.00	 -1.57	  2.49	 -1.77	  0.00	 -1.57	  2.49	 -1.77	
  0.00	  1.31	 -2.03	 -0.00	  1.31	 -2.03	 -0.00	 -1.57	  2.49	 -1.77	  0.00	 -1.57	  2.49	 -1.77	
  0.00	  1.31	 -2.03	 -0.00	  1.31	 -2.03	 -0.00	 -1.57	  2.49	 -1.77	  0.00	 -1.57	  2.49	 -1.77	
  0.00	  1.31	 -2.03	 -0.00	  1.31	 -2.03	 -0.00	 -1.57	  2.49	 -1.77	  0.00	 -1.57	  2.49	 -1.77	
  0.00	  1.31	 -2.03	 -0.00	  1.31	 -2.03	 -0.00	 -1.57	  2.49	 -1.77	  0.00	 -1.57	  2.49	 -1.77	
  0.00	  1.31	 -2.02	 -0.00	  1.31	 -2.02	 -0.00	 -1.57	  2.49	 -1.77	  0.00	 -1.57	  2.49	 -1.77	
  0.00	  1.31	 -2.02	 -0.00	  1.31	 -2.02	 -0.00	 -1.57	  2.49	 -1.76	  0.00	 -1.57	  2.49	 -1.76	
  0.00	  1.30	 -2.02	 -0.00	  1.30	 -2.02	 -0.00	 -1.57	  2.49	 -1.76	  0.00	 -1.57	  2.49	 -1.76	
  0.00	  1.30	 -2.02	 -0.00	  1.30	 -2.02	 -0.00	 -1.57	  2.49	 -1.76	  0.00	 -1.57	  2.49	 -1.76	
  0.00	  1.30	 -2.02	 -0.00	  1.30	 -2.02	 -0.00	 -1.57	  2.49	 -1.76	  0.00	 -1.57	  2.49	 -1.76	
  0.00	  1.30	 -2.02	 -0.00	  1.30	 -2.02	 -0.00	 -1.57	  2.49	 -1.76	  0.00	 -1.57	  2.49	 -1.76	
  0.00	  1.30	 -2.02	 -0.00	  1.30	 -2.02	 -0.00	 -1.57	  2.49	 -1.76	  0.00	 -1.57	  2.49	 -1.76	
  0.00	  1.30	 -2.02	 -0.00	  1.30	 -2.02	 -0.00	 -1.57	  2.49	 -1.76	  0.00	 -1.57	  2.49	 -1.76	
  0.00	  1.30	 -2.02	 -0.00	  1.30	 -2.02	 -0.00	 -1.57	  2.49	 -1.76	  0.00	 -1.57	  2.49	 -1.76	
  0.00	  1.30	 -2.02	 -0.00	  1.30	 -2.02	 -0.00	 -1.57	  2.49	 -1.75	  0.00	 -1.57	  2.49	 -1.75	
  0.00	  1.30	 -2.02	 -0.00	  1.30	 -2.02	 -0.00	 -1.57	  2.48	 -1.75	  0.00	 -1.57	  2.48	 -1.75	
  0.00	  1.30	 -2.01	 -0.00	  1.30	 -2.01	 -0.00	 -1.57	  2.48	 -1.75	  0.00	 -1.57	  2.48	 -1.75	
  0.00	  1.30	 -2.01	 -0.00	  1.30	 -2.01	 -0.00	 -1.57	  2.48	 -1.75	  0.00	 -1.57	  2.48	 -1.75	
  0.00	  1.30	 -2.01	 -0.00	  1.30	 -2.01	 -0.00	 -1.57	  2.48	 -1.75	  0.00	 -1.57	  2.48	 -1.75	
  0.00	  1.30	 -2.01	 -0.00	  1.30	 -2.01	 -0.00	 -1.57	  2.48	 -1.75	  0.00	 -1.57	  2.48	 -1.75	
  0.00	  1.30	 -2.01	 -0.00	  1.30	 -2.01	 -0.00	 -1.57	  2.48	 -1.75	  0.00	 -1.57	  2.48	 -1.75	
  0.00	  1.30	 -2.01	 -0.00	  1.30	 -2.01	 -0.00	 -1.57	  2.48	 -1.75	  0.00	 -1.57	  2.48	 -1.75	
  0.00	  1.29	 -2.01	 -0.00	  1.29	 -2.01	 -0.00	 -1.57	  2.48	 -1.75	  0.00	 -1.57	  2.48	 -1.75	
  0.00	  1.29	 -2.01	 -0.00	  1.29	 -2.01	 -0.00	 -1.57	  2.48	 -1.74	  0.00	 -1.57	  2.48	 -1.74	
  0.00	  1.29	 -2.01	 -0.00	  1.29	 -2.01	 -0.00	 -1.57	  2.48	 -1.74	  0.00	 -1.57	  2.48	 -1.74	
  0.00	  1.29	 -2.01	 -0.00	  1.29	 -2.01	 -0.00	 -1.57	  2.48	 -1.74	  0.00	 -1.57	  2.48	 -1.74	
  0.00	  1.29	 -2.01	 -0.00	  1.29	 -2.01	 -0.00	 -1.57	  2.48	 -1.74	  0.00	 -1.57	  2.48	 -1.74	
  0.00	  1.29	 -2.00	 -0.00	  1.29	 -2.00	 -0.00	 -1.57	  2.48	 -1.74	  0.00	 -1.57	  2.48	 -1.74	
  0.00	  1.29	 -2.00	 -0.00	  1.29	 -2.00	 -0.00	 -1.57	  2.48	 -1.74	  0.00	 -1.57	  2.48	 -1.74	
  0.00	  1.29	 -2.00	 -0.00	  1.29	 -2.00	 -0.00	 -1.57	  2.48	 -1.74	  0.00	 -1.57	  2.48	 -1.74	
  0.00	  1.29	 -2.00	 -0.00	  1.29	 -2.00	 -0.00	 -1.57	  2.48	 -1.74	  0.00	 -1.57	  2.48	 -1.74	
  0.00	  1.29	 -2.00	 -0.00	  1.29	 -2.00	 -0.00	 -1.57	  2.48	 -1.73	  0.00	 -1.57	  2.48	 -1.73	
  0.00	  1.29	 -2.00	 -0.00	  1.29	 -2.00	 -0.00	 -1.57	  2.48	 -1.73	  0.00	 -1.57	  2.48	 -1.73	
  0.00	  1.29	 -2.00	 -0.00	  1.29	 -2.00	 -0.00	 -1.57	  2.47	 -1.73	  0.00	 -1.57	  2.47	 -1.73	
  0.00	  1.29	 -2.00	 -0.00	  1.29	 -2.00	 -0.00	 -1.57	  2.47	 -1.73	  0.00	 -1.57	  2.47	 -1.73	
  0.00	  1.29	 -2.00	 -0.00	  1.29	 -2.00	 -0.00	 -1.57	  2.47	 -1.73	  0.00	 -1.57	  2.47	 -1.73	
  0.00	  1.29	 -2.00	 -0.00	  1.29	 -2.00	 -0.00	 -1.57	  2.47	 -1.73	  0.00	 -1.57	  2.47	 -1.73	
  0.00	  1.28	 -2.00	 -0.00	  1.28	 -2.00	 -0.00	 -1.57	  2.47	 -1.73	  0.00	 -1.57	  2.47	 -1.73	
  0.00	  1.28	 -1.99	 -0.00	  1.28	 -1.99	 -0.00	 -1.57	  2.47	 -1.73	  0.00	 -1.57	  2.47	 -1.73	
  0.00	  1.28	 -1.99	 -0.00	  1.28	 -1.99	 -0.00	 -1.57	  2.47	 -1.72	  0.00	 -1.57	  2.47	 -1.72	
  0.00	  1.28	 -1.99	 -0.00	  1.28	 -1.99	 -0.00	 -1.57	  2.47	 -1.72	  0.00	 -1.57	  2.47	 -1.72	
  0.00	  1.28	 -1.99	 -0.00	  1.28	 -1.99	 -0.00	 -1.57	  2.47	 -1.72	  0.00	 -1.57	  2.47	 -1.72	
  0.00	  1.28	 -1.99	 -0.00	  1.28	 -1.99	 -0.00	 -1.57	  2.47	 -1.72	  0.00	 -1.57	  2.47	 -1.72	
  0.00	  1.28	 -1.99	 -0.00	  1.28	 -1.99	 -0.00	 -1.57	  2.47	 -1.72	  0.00	 -1.57	  2.47	 -1.72	
  0.00	  1.28	 -1.99	 -0.00	  1.28	 -1.99	 -0.00	 -1.57	  2.47	 -1.72	  0.00	 -1.57	  2.47	 -1.72	
  0.00	  1.28	 -1.99	 -0.00	  1.28	 -1.99	 -0.00	 -1.57	  2.47	 -1.72	  0.00	 -1.57	  2.47	 -1.72	
  0.00	  1.28	 -1.99	 -0.00	  1.28	 -1.99	 -0.00	 -1.57	  2.47	 -1.72	  0.00	 -1.57	  2.47	 -1.72	
  0.00	  1.28	 -1.99	 -0.00	  1.28	 -1.99	 -0.00	 -1.57	  2.47	 -1.71	  0.00	 -1.57	  2.47	 -1.71	
  0.00	  1.28	 -1.99	 -0.00	  1.28	 -1.99	 -0.00	 -1.57	  2.47	 -1.71	  0.00	 -1.57	  2.47	 -1.71	
  0.00	  1.28	 -1.99	 -0.00	  1.28	 -1.99	 -0.00	 -1.57	  2.47	 -1.71	  0.00	 -1.57	  2.47	 -1.71	
  0.00	  1.28	 -1.98	 -0.00	  1.28	 -1.98	 -0.00	 -1.57	  2.47	 -1.71	  0.00	 -1.57	  2.47	 -1.71	
  0.00	  1.28	 -1.98	 -0.00	  1.28	 -1.98	 -0.00	 -1.57	  2.46	 -1.71	  0.00	 -1.57	  2.46	 -1.71	
  0.00	  1.27	 -1.98	 -0.00	  1.27	 -1.98	 -0.00	 -1.57	  2.46	 -1.71	  0.00	 -1.57	  2.46	 -1.71	
  0.00	  1.27	 -1.98	 -0.00	  1.27	 -1.98	 -0.00	 -1.57	  2.46	 -1.71	  0.00	 -1.57	  2.46	 -1.71	
  0.00	  1.27	 -1.98	 -0.00	  1.27	 -1.98	 -0.00	 -1.57	  2.46	 -1.71	  0.00	 -1.57	  2.46	 -1.71	
  0.00	  1.27	 -1.98	 -0.00	  1.27	 -1.98	 -0.00	 -1.57	  2.46	 -1.70	  0.00	 -1.57	  2.46	 -1.70	
  0.00	  1.27	 -1.98	 -0.00	  1.27	 -1.98	 -0.00	 -1.57	  2.46	 -1.70	  0.00	 -1.57	  2.46	 -1.70	
  0.00	  1.27	 -1.98	 -0.00	  1.27	 -1.98	 -0.00	 -1.57	  2.46	 -1.70	  0.00	 -1.57	  2.46	 -1.70	
  0.00	  1.27	 -1.98	 -0.00	  1.27	 -1.98	 -0.00	 -1.57	  2.46	 -1.70	  0.00	 -1.57	  2.46	 -1.70	
  0.00	  1.27	 -1.98	 -0.00	  1.27	 -1.98	 -0.00	 -1.57	  2.46	 -1.70	  0.00	 -1.57	  2.46	 -1.70	
  0.00	  1.27	 -1.98	 -0.00	  1.27	 -1.98	 -0.00	 -1.57	  2.46	 -1.70	  0.00	 -1.57	  2.46	 -1.70	
  0.00	  1.27	 -1.97	 -0.00	  1.27	 -1.97	 -0.00	 -1.57	  2.46	 -1.70	  0.00	 -1.57	  2.46	 -1.70	
  0.00	  1.27	 -1.97	 -0.00	  1.27	 -1.97	 -0.00	 -1.57	  2.46	 -1.70	  0.00	 -1.57	  2.46	 -1.70	
  0.00	  1.27	 -1.97	 -0.00	  1.27	 -1.97	 -0.00	 -1.57	  2.46	 -1.70	  0.00	 -1.57	  2.46	 -1.70	
  0.00	  1.27	 -1.97	 -0.00	  1.27	 -1.97	 -0.00	 -1.57	  2.46	 -1.69	  0.00	 -1.57	  2.46	 -1.69	
  0.00	  1.27	 -1.97	 -0.00	  1.27	 -1.97	 -0.00	 -1.57	  2.46	 -1.69	  0.00	 -1.57	  2.46	 -1.69	
  0.00	  1.27	 -1.97	 -0.00	  1.27	 -1.97	 -0.00	 -1.57	  2.46	 -1.69	  0.00	 -1.57	  2.46	 -1.69	
  0.00	  1.26	 -1.97	 -0.00	  1.26	 -1.97	 -0.00	 -1.57	  2.46	 -1.69	  0.00	 -1.57	  2.46	 -1.69	
  0.00	  1.26	 -1.97	 -0.00	  1.26	 -1.97	 -0.00	 -1.57	  2.45	 -1.69	  0.00	 -1.57	  2.45	 -1.69	
  0.00	  1.26	 -1.97	 -0.00	  1.26	 -1.97	 -0.00	 -1.57	  2.45	 -1.69	  0.00	 -1.57	  2.45	 -1.69	
  0.00	  1.26	 -1.97	 -0.00	  1.26	 -1.97	 -0.00	 -1.57	  2.45	 -1.69	  0.00	 -1.57	  2.45	 -1.69	
  0.00	  1.26	 -1.97	 -0.00	  1.26	 -1.97	 -0.00	 -1.57	  2.45	 -1.69	  0.00	 -1.57	  2.45	 -1.69	
  0.00	  1.26	 -1.96	 -0.00	  1.26	 -1.96	 -0.00	 -1.57	  2.45	 -1.68	  0.00	 -1.57	  2.45	 -1.68	
  0.00	  1.26	 -1.96	 -0.00	  1.26	 -1.96	 -0.00	 -1.57	  2.45	 -1.68	  0.00	 -1.57	  2.45	 -1.68	
  0.00	  1.26	 -1.96	 -0.00	  1.26	 -1.96	 -0.00	 -1.57	  2.45	 -1.68	  0.00	 -1.57	  2.45	 -1.68	
  0.00	  1.26	 -1.96	 -0.00	  1.26	 -1.96	 -0.00	 -1.57	  2.45	 -1.68	  0.00	 -1.57	  2.45	 -1.68	
  0.00	  1.26	 -1.96	 -0.00	  1.26	 -1.96	 -0.00	 -1.57	  2.45	 -1.68	  0.00	 -1.57	  2.45	 -1.68	
  0.00	  1.26	 -1.96	 -0.00	  1.26	 -1.96	 -0.00	 -1.57	  2.45	 -1.68	  0.00	 -1.57	  2.45	 -1.68	
  0.00	  1.26	 -1.96	 -0.00	  1.26	 -1.96	 -0.00	 -1.57	  2.45	 -1.68	  0.00	 -1.57	  2.45	 -1.68	
  0.00	  1.26	 -1.96	 -0.00	  1.26	 -1.96	 -0.00	 -1.57	  2.45	 -1.68	  0.00	 -1.57	  2.45	 -1.68	
  0.00	  1.26	 -1.96	 -0.00	  1.26	 -1.96	 -0.00	 -1.57	  2.45	 -1.67	  0.00	 -1.57	  2.45	 -1.67	
  0.00	  1.26	 -1.96	 -0.00	  1.26	 -1.96	 -0.00	 -1.57	  2.45	 -1.67	  0.00	 -1.57	  2.45	 -1.67	
  0.00	  1.25	 -1.96	 -0.00	  1.25	 -1.96	 -0.00	 -1.57	  2.45	 -1.67	  0.00	 -1.57	  2.45	 -1.67	
  0.00	  1.25	 -1.95	 -0.00	  1.25	 -1.95	 -0.00	 -1.57	  2.45	 -1.67	  0.00	 -1.57	  2.45	 -1.67	
  0.00	  1.25	 -1.95	 -0.00	  1.25	 -1.95	 -0.00	 -1.57	  2.45	 -1.67	  0.00	 -1.57	  2.45	 -1.67	
  0.00	  1.25	 -1.95	 -0.00	  1.25	 -1.95	 -0.00	 -1.57	  2.45	 -1.67	  0.00	 -1.57	  2.45	 -1.67	
  0.00	  1.25	 -1.95	 -0.00	  1.25	 -1.95	 -0.00	 -1.57	  2.44	 -1.67	  0.00	 -1.57	  2.44	 -1.67	
  0.00	  1.25	 -1.95	 -0.00	  1.25	 -1.95	 -0.00	 -1.57	  2.44	 -1.67	  0.00	 -1.57	  2.44	 -1.67	
  0.00	  1.25	 -1.95	 -0.00	  1.25	 -1.95	 -0.00	 -1.57	  2.44	 -1.66	  0.00	 -1.57	  2.44	 -1.66	
  0.00	  1.25	 -1.95	 -0.00	  1.25	 -1.95	 -0.00	 -1.57	  2.44	 -1.66	  0.00	 -1.57	  2.44	 -1.66	
  0.00	  1.25	 -1.95	 -0.00	  1.25	 -1.95	 -0.00	 -1.57	  2.44	 -1.66	  0.00	 -1.57	  2.44	 -1.66	
  0.00	  1.25	 -1.95	 -0.00	  1.25	 -1.95	 -0.00	 -1.57	  2.44	 -1.66	  0.00	 -1.57	  2.44	 -1.66	
  0.00	  1.25	 -1.95	 -0.00	  1.25	 -1.95	 -0.00	 -1.57	  2.44	 -1.66	  0.00	 -1.57	  2.44	 -1.66	
  0.00	  1.25	 -1.95	 -0.00	  1.25	 -1.95	 -0.00	 -1.57	  2.44	 -1.66	  0.00	 -1.57	  2.44	 -1.66	
  0.00	  1.25	 -1.94	 -0.00	  1.25	 -1.94	 -0.00	 -1.57	  2.44	 -1.66	  0.00	 -1.57	  2.44	 -1.66	
  0.00	  1.25	 -1.94	 -0.00	  1.25	 -1.94	 -0.00	 -1.57	  2.44	 -1.66	  0.00	 -1.57	  2.44	 -1.66	
  0.00	  1.24	 -1.94	 -0.00	  1.24	 -1.94	 -0.00	 -1.57	  2.44	 -1.65	  0.00	 -1.57	  2.44	 -1.65	
  0.00	  1.24	 -1.94	 -0.00	  1.24	 -1.94	 -0.00	 -1.57	  2.44	 -1.65	  0.00	 -1.57	  2.44	 -1.65	
  0.00	  1.24	 -1.94	 -0.00	  1.24	 -1.94	 -0.00	 -1.57	  2.44	 -1.65	  0.00	 -1.57	  2.44	 -1.65	
  0.00	  1.24	 -1.94	 -0.00	  1.24	 -1.94	 -0.00	 -1.57	  2.44	 -1.65	  0.00	 -1.57	  2.44	 -1.65	
  0.00	  1.24	 -1.94	 -0.00	  1.24	 -1.94	 -0.00	 -1.57	  2.44	 -1.65	  0.00	 -1.57	  2.44	 -1.65	
  0.00	  1.24	 -1.94	 -0.00	  1.24	 -1.94	 -0.00	 -1.57	  2.44	 -1.65	  0.00	 -1.57	  2.44	 -1.65	
  0.00	  1.24	 -1.94	 -0.00	  1.24	 -1.94	 -0.00	 -1.57	  2.44	 -1.65	  0.00	 -1.57	  2.44	 -1.65	
  0.00	  1.24	 -1.94	 -0.00	  1.24	 -1.94	 -0.00	 -1.57	  2.43	 -1.65	  0.00	 -1.57	  2.43	 -1.65	
  0.00	  1.24	 -1.94	 -0.00	  1.24	 -1.94	 -0.00	 -1.57	  2.43	 -1.64	  0.00	 -1.57	  2.43	 -1.64	
  0.00	  1.24	 -1.93	 -0.00	  1.24	 -1.93	 -0.00	 -1.57	  2.43	 -1.64	  0.00	 -1.57	  2.43	 -1.64	
  0.00	  1.24	 -1.93	 -0.00	  1.24	 -1.93	 -0.00	 -1.57	  2.43	 -1.64	  0.00	 -1.57	  2.43	 -1.64	
  0.00	  1.24	 -1.93	 -0.00	  1.24	 -1.93	 -0.00	 -1.57	  2.43	 -1.64	  0.00	 -1.57	  2.43	 -1.64	
  0.00	  1.24	 -1.93	 -0.00	  1.24	 -1.93	 -0.00	 -1.57	  2.43	 -1.64	  0.00	 -1.57	  2.43	 -1.64	
  0.00	  1.24	 -1.93	 -0.00	  1.24	 -1.93	 -0.00	 -1.57	  2.43	 -1.64	  0.00	 -1.57	  2.43	 -1.64	
  0.00	  1.24	 -1.93	 -0.00	  1.24	 -1.93	 -0.00	 -1.57	  2.43	 -1.64	  0.00	 -1.57	  2.43	 -1.64	
  0.00	  1.23	 -1.93	 -0.00	  1.23	 -1.93	 -0.00	 -1.57	  2.43	 -1.64	  0.00	 -1.57	  2.43	 -1.64	
  0.00	  1.23	 -1.93	 -0.00	  1.23	 -1.93	 -0.00	 -1.57	  2.43	 -1.63	  0.00	 -1.57	  2.43	 -1.63	
  0.00	  1.23	 -1.93	 -0.00	  1.23	 -1.93	 -0.00	 -1.57	  2.43	 -1.63	  0.00	 -1.57	  2.43	 -1.63	
  0.00	  1.23	 -1.93	 -0.00	  1.23	 -1.93	 -0.00	 -1.57	  2.43	 -1.63	  0.00	 -1.57	  2.43	 -1.63	
  0.00	  1.23	 -1.93	 -0.00	  1.23	 -1.93	 -0.00	 -1.57	  2.43	 -1.63	  0.00	 -1.57	  2.43	 -1.63	
  0.00	  1.23	 -1.92	 -0.00	  1.23	 -1.92	 -0.00	 -1.57	  2.43	 -1.63	  0.00	 -1.57	  2.43	 -1.63	
  0.00	  1.23	 -1.92	 -0.00	  1.23	 -1.92	 -0.00	 -1.57	  2.43	 -1.63	  0.00	 -1.57	  2.43	 -1.63	
  0.00	  1.23	 -1.92	 -0.00	  1.23	 -1.92	 -0.00	 -1.57	  2.43	 -1.63	  0.00	 -1.57	  2.43	 -1.63	
  0.00	  1.23	 -1.92	 -0.00	  1.23	 -1.92	 -0.00	 -1.57	  2.43	 -1.62	  0.00	 -1.57	  2.43	 -1.62	
  0.00	  1.23	 -1.92	 -0.00	  1.23	 -1.92	 -0.00	 -1.57	  2.43	 -1.62	  0.00	 -1.57	  2.43	 -1.62	
  0.00	  1.23	 -1.92	 -0.00	  1.23	 -1.92	 -0.00	 -1.57	  2.42	 -1.62	  0.00	 -1.57	  2.42	 -1.62	
  0.00	  1.23	 -1.92	 -0.00	  1.23	 -1.92	 -0.00	 -1.57	  2.42	 -1.62	  0.00	 -1.57	  2.42	 -1.62	
  0.00	  1.23	 -1.92	 -0.00	  1.23	 -1.92	 -0.00	 -1.57	  2.42	 -1.62	  0.00	 -1.57	  2.42	 -1.62	
  0.00	  1.23	 -1.92	 -0.00	  1.23	 -1.92	 -0.00	 -1.57	  2.42	 -1.62	  0.00	 -1.57	  2.42	 -1.62	
  0.00	  1.23	 -1.92	 -0.00	  1.23	 -1.92	 -0.00	 -1.57	  2.42	 -1.62	  0.00	 -1.57	  2.42	 -1.62	
  0.00	  1.23	 -1.91	 -0.00	  1.23	 -1.91	 -0.00	 -1.57	  2.42	 -1.62	  0.00	 -1.57	  2.42	 -1.62	
  0.00	  1.22	 -1.91	 -0.00	  1.22	 -1.91	 -0.00	 -1.57	  2.42	 -1.61	  0.00	 -1.57	  2.42	 -1.61	
  0.00	  1.22	 -1.91	 -0.00	  1.22	 -1.91	 -0.00	 -1.57	  2.42	 -1.61	  0.00	 -1.57	  2.42	 -1.61	
  0.00	  1.22	 -1.91	 -0.00	  1.22	 -1.91	 -0.00	 -1.57	  2.42	 -1.61	  0.00	 -1.57	  2.42	 -1.61	
  0.00	  1.22	 -1.91	 -0.00	  1.22	 -1.91	 -0.00	 -1.57	  2.42	 -1.61	  0.00	 -1.57	  2.42	 -1.61	
  0.00	  1.22	 -1.91	 -0.00	  1.22	 -1.91	 -0.00	 -1.57	  2.42	 -1.61	  0.00	 -1.57	  2.42	 -1.61	
  0.00	  1.22	 -1.91	 -0.00	  1.22	 -1.91	 -0.00	 -1.57	  2.42	 -1.61	  0.00	 -1.57	  2.42	 -1.61	
  0.00	  1.22	 -1.91	 -0.00	  1.22	 -1.91	 -0.00	 -1.57	  2.42	 -1.61	  0.00	 -1.57	  2.42	 -1.61	
  0.00	  1.22	 -1.91	 -0.00	  1.22	 -1.91	 -0.00	 -1.57	  2.42	 -1.61	  0.00	 -1.57	  2.42	 -1.61	
  0.00	  1.22	 -1.91	 -0.00	  1.22	 -1.91	 -0.00	 -1.57	  2.42	 -1.60	  0.00	 -1.57	  2.42	 -1.60	
  0.00	  1.22	 -1.91	 -0.00	  1.22	 -1.91	 -0.00	 -1.57	  2.42	 -1.60	  0.00	 -1.57	  2.42	 -1.60	
  0.00	  1.22	 -1.90	 -0.00	  1.22	 -1.90	 -0.00	 -1.57	  2.42	 -1.60	  0.00	 -1.57	  2.42	 -1.60	
  0.00	  1.22	 -1.90	 -0.00	  1.22	 -1.90	 -0.00	 -1.57	  2.41	 -1.60	  0.00	 -1.57	  2.41	 -1.60	
  0.00	  1.22	 -1.90	 -0.00	  1.22	 -1.90	 -0.00	 -1.57	  2.41	 -1.60	  0.00	 -1.57	  2.41	 -1.60	
  0.00	  1.22	 -1.90	 -0.00	  1.22	 -1.90	 -0.00	 -1.57	  2.41	 -1.60	  0.00	 -1.57	  2.41	 -1.60	
  0.00	  1.22	 -1.90	 -0.00	  1.22	 -1.90	 -0.00	 -1.57	  2.41	 -1.60	  0.00	 -1.57	  2.41	 -1.60	
  0.00	  1.21	 -1.90	 -0.00	  1.21	 -1.90	 -0.00	 -1.57	  2.41	 -1.60	  0.00	 -1.57	  2.41	 -1.60	
  0.00	  1.21	 -1.90	 -0.00	  1.21	 -1.90	 -0.00	 -1.57	  2.41	 -1.59	  0.00	 -1.57	  2.41	 -1.59	
  0.00	  1.21	 -1.90	 -0.00	  1.21	 -1.90	 -0.00	 -1.57	  2.41	 -1.59	  0.00	 -1.57	  2.41	 -1.59	
  0.00	  1.21	 -1.90	 -0.00	  1.21	 -1.90	 -0.00	 -1.57	  2.41	 -1.59	  0.00	 -1.57	  2.41	 -1.59	
  0.00	  1.21	 -1.90	 -0.00	  1.21	 -1.90	 -0.00	 -1.57	  2.41	 -1.59	  0.00	 -1.57	  2.41	 -1.59	
  0.00	  1.21	 -1.90	 -0.00	  1.21	 -1.90	 -0.00	 -1.57	  2.41	 -1.59	  0.00	 -1.57	  2.41	 -1.59	
  0.00	  1.21	 -1.89	 -0.00	  1.21	 -1.89	 -0.00	 -1.57	  2.41	 -1.59	  0.00	 -1.57	  2.41	 -1.59	
  0.00	  1.21	 -1.89	 -0.00	  1.21	 -1.89	 -0.00	 -1.57	  2.41	 -1.59	  0.00	 -1.57	  2.41	 -1.59	
  0.00	  1.21	 -1.89	 -0.00	  1.21	 -1.89	 -0.00	 -1.57	  2.41	 -1.59	  0.00	 -1.57	  2.41	 -1.59	
  0.00	  1.21	 -1.89	 -0.00	  1.21	 -1.89	 -0.00	 -1.57	  2.41	 -1.58	  0.00	 -1.57	  2.41	 -1.58	
  0.00	  1.21	 -1.89	 -0.00	  1.21	 -1.89	 -0.00	 -1.57	  2.41	 -1.58	  0.00	 -1.57	  2.41	 -1.58	
  0.00	  1.21	 -1.89	 -0.00	  1.21	 -1.89	 -0.00	 -1.57	  2.41	 -1.58	  0.00	 -1.57	  2.41	 -1.58	
  0.00	  1.21	 -1.89	 -0.00	  1.21	 -1.89	 -0.00	 -1.57	  2.40	 -1.58	  0.00	 -1.57	  2.40	 -1.58	
  0.00	  1.21	 -1.89	 -0.00	  1.21	 -1.89	 -0.00	 -1.57	  2.40	 -1.58	  0.00	 -1.57	  2.40	 -1.58	
  0.00	  1.21	 -1.89	 -0.00	  1.21	 -1.89	 -0.00	 -1.57	  2.40	 -1.58	  0.00	 -1.57	  2.40	 -1.58	
  0.00	  1.20	 -1.89	 -0.00	  1.20	 -1.89	 -0.00	 -1.57	  2.40	 -1.58	  0.00	 -1.57	  2.40	 -1.58	
  0.00	  1.20	 -1.89	 -0.00	  1.20	 -1.89	 -0.00	 -1.57	  2.40	 -1.57	  0.00	 -1.57	  2.40	 -1.57	
  0.00	  1.20	 -1.88	 -0.00	  1.20	 -1.88	 -0.00	 -1.57	  2.40	 -1.57	  0.00	 -1.57	  2.40	 -1.57	
  0.00	  1.20	 -1.88	 -0.00	  1.20	 -1.88	 -0.00	 -1.57	  2.40	 -1.57	  0.00	 -1.57	  2.40	 -1.57	
  0.00	  1.20	 -1.88	 -0.00	  1.20	 -1.88	 -0.00	 -1.57	  2.40	 -1.57	  0.00	 -1.57	  2.40	 -1.57	
  0.00	  1.20	 -1.88	 -0.00	  1.20	 -1.88	 -0.00	 -1.57	  2.40	 -1.57	  0.00	 -1.57	  2.40	 -1.57	
  0.00	  1.20	 -1.88	 -0.00	  1.20	 -1.88	 -0.00	 -1.57	  2.40	 -1.57	  0.00	 -1.57	  2.40	 -1.57	
  0.00	  1.20	 -1.88	 -0.00	  1.20	 -1.88	 -0.00	 -1.57	  2.40	 -1.57	  0.00	 -1.57	  2.40	 -1.57	
  0.00	  1.20	 -1.88	 -0.00	  1.20	 -1.88	 -0.00	 -1.57	  2.40	 -1.57	  0.00	 -1.57	  2.40	 -1.57	
  0.00	  1.20	 -1.88	 -0.00	  1.20	 -1.88	 -0.00	 -1.57	  2.40	 -1.56	  0.00	 -1.57	  2.40	 -1.56	
  0.00	  1.20	 -1.88	 -0.00	  1.20	 -1.88	 -0.00	 -1.57	  2.40	 -1.56	  0.00	 -1.57	  2.40	 -1.56	
  0.00	  1.20	 -1.88	 -0.00	  1.20	 -1.88	 -0.00	 -1.57	  2.40	 -1.56	  0.00	 -1.57	  2.40	 -1.56	
  0.00	  1.20	 -1.88	 -0.00	  1.20	 -1.88	 -0.00	 -1.57	  2.40	 -1.56	  0.00	 -1.57	  2.40	 -1.56	
  0.00	  1.20	 -1.87	 -0.00	  1.20	 -1.87	 -0.00	 -1.57	  2.40	 -1.56	  0.00	 -1.57	  2.40	 -1.56	
  0.00	  1.20	 -1.87	 -0.00	  1.20	 -1.87	 -0.00	 -1.57	  2.39	 -1.56	  0.00	 -1.57	  2.39	 -1.56	
  0.00	  1.19	 -1.87	 -0.00	  1.19	 -1.87	 -0.00	 -1.57	  2.39	 -1.56	  0.00	 -1.57	  2.39	 -1.56	
  0.00	  1.19	 -1.87	 -0.00	  1.19	 -1.87	 -0.00	 -1.57	  2.39	 -1.56	  0.00	 -1.57	  2.39	 -1.56	
  0.00	  1.19	 -1.87	 -0.00	  1.19	 -1.87	 -0.00	 -1.57	  2.39	 -1.55	  0.00	 -1.57	  2.39	 -1.55	
  0.00	  1.19	 -1.87	 -0.00	  1.19	 -1.87	 -0.00	 -1.57	  2.39	 -1.55	  0.00	 -1.57	  2.39	 -1.55	
  0.00	  1.19	 -1.87	 -0.00	  1.19	 -1.87	 -0.00	 -1.57	  2.39	 -1.55	  0.00	 -1.57	  2.39	 -1.55	
  0.00	  1.19	 -1.87	 -0.00	  1.19	 -1.87	 -0.00	 -1.57	  2.39	 -1.55	  0.00	 -1.57	  2.39	 -1.55	
  0.00	  1.19	 -1.87	 -0.00	  1.19	 -1.87	 -0.00	 -1.57	  2.39	 -1.55	  0.00	 -1.57	  2.39	 -1.55	
  0.00	  1.19	 -1.87	 -0.00	  1.19	 -1.87	 -0.00	 -1.57	  2.39	 -1.55	  0.00	 -1.57	  2.39	 -1.55	
  0.00	  1.19	 -1.86	 -0.00	  1.19	 -1.86	 -0.00	 -1.57	  2.39	 -1.55	  0.00	 -1.57	  2.39	 -1.55	
  0.00	  1.19	 -1.86	 -0.00	  1.19	 -1.86	 -0.00	 -1.57	  2.39	 -1.54	  0.00	 -1.57	  2.39	 -1.54	
  0.00	  1.19	 -1.86	 -0.00	  1.19	 -1.86	 -0.00	 -1.57	  2.39	 -1.54	  0.00	 -1.57	  2.39	 -1.54	
  0.00	  1.19	 -1.86	 -0.00	  1.19	 -1.86	 -0.00	 -1.57	  2.39	 -1.54	  0.00	 -1.57	  2.39	 -1.54	
  0.00	  1.19	 -1.86	 -0.00	  1.19	 -1.86	 -0.00	 -1.57	  2.39	 -1.54	  0.00	 -1.57	  2.39	 -1.54	
  0.00	  1.19	 -1.86	 -0.00	  1.19	 -1.86	 -0.00	 -1.57	  2.39	 -1.54	  0.00	 -1.57	  2.39	 -1.54	
  0.00	  1.19	 -1.86	 -0.00	  1.19	 -1.86	 -0.00	 -1.57	  2.39	 -1.54	  0.00	 -1.57	  2.39	 -1.54	
  0.00	  1.18	 -1.86	 -0.00	  1.18	 -1.86	 -0.00	 -1.57	  2.39	 -1.54	  0.00	 -1.57	  2.39	 -1.54	
  0.00	  1.18	 -1.86	 -0.00	  1.18	 -1.86	 -0.00	 -1.57	  2.38	 -1.54	  0.00	 -1.57	  2.38	 -1.54	
  0.00	  1.18	 -1.86	 -0.00	  1.18	 -1.86	 -0.00	 -1.57	  2.38	 -1.53	  0.00	 -1.57	  2.38	 -1.53	
  0.00	  1.18	 -1.86	 -0.00	  1.18	 -1.86	 -0.00	 -1.57	  2.38	 -1.53	  0.00	 -1.57	  2.38	 -1.53	
  0.00	  1.18	 -1.85	 -0.00	  1.18	 -1.85	 -0.00	 -1.57	  2.38	 -1.53	  0.00	 -1.57	  2.38	 -1.53	
  0.00	  1.18	 -1.85	 -0.00	  1.18	 -1.85	 -0.00	 -1.57	  2.38	 -1.53	  0.00	 -1.57	  2.38	 -1.53	
  0.00	  1.18	 -1.85	 -0.00	  1.18	 -1.85	 -0.00	 -1.57	  2.38	 -1.53	  0.00	 -1.57	  2.38	 -1.53	
  0.00	  1.18	 -1.85	 -0.00	  1.18	 -1.85	 -0.00	 -1.57	  2.38	 -1.53	  0.00	 -1.57	  2.38	 -1.53	
  0.00	  1.18	 -1.85	 -0.00	  1.18	 -1.85	 -0.00	 -1.57	  2.38	 -1.53	  0.00	 -1.57	  2.38	 -1.53	
  0.00	  1.18	 -1.85	 -0.00	  1.18	 -1.85	 -0.00	 -1.57	  2.38	 -1.52	  0.00	 -1.57	  2.38	 -1.52	
  0.00	  1.18	 -1.85	 -0.00	  1.18	 -1.85	 -0.00	 -1.57	  2.38	 -1.52	  0.00	 -1.57	  2.38	 -1.52	
  0.00	  1.18	 -1.85	 -0.00	  1.18	 -1.85	 -0.00	 -1.57	  2.38	 -1.52	  0.00	 -1.57	  2.38	 -1.52	
  0.00	  1.18	 -1.85	 -0.00	  1.18	 -1.85	 -0.00	 -1.57	  2.38	 -1.52	  0.00	 -1.57	  2.38	 -1.52	
  0.00	  1.18	 -1.85	 -0.00	  1.18	 -1.85	 -0.00	 -1.57	  2.38	 -1.52	  0.00	 -1.57	  2.38	 -1.52	
  0.00	  1.18	 -1.84	 -0.00	  1.18	 -1.84	 -0.00	 -1.57	  2.38	 -1.52	  0.00	 -1.57	  2.38	 -1.52	
  0.00	  1.17	 -1.84	 -0.00	  1.17	 -1.84	 -0.00	 -1.57	  2.38	 -1.52	  0.00	 -1.57	  2.38	 -1.52	
  0.00	  1.17	 -1.84	 -0.00	  1.17	 -1.84	 -0.00	 -1.57	  2.38	 -1.52	  0.00	 -1.57	  2.38	 -1.52	
  0.00	  1.17	 -1.84	 -0.00	  1.17	 -1.84	 -0.00	 -1.57	  2.37	 -1.51	  0.00	 -1.57	  2.37	 -1.51	
  0.00	  1.17	 -1.84	 -0.00	  1.17	 -1.84	 -0.00	 -1.57	  2.37	 -1.51	  0.00	 -1.57	  2.37	 -1.51	
  0.00	  1.17	 -1.84	 -0.00	  1.17	 -1.84	 -0.00	 -1.57	  2.37	 -1.51	  0.00	 -1.57	  2.37	 -1.51	
  0.00	  1.17	 -1.84	 -0.00	  1.17	 -1.84	 -0.00	 -1.57	  2.37	 -1.51	  0.00	 -1.57	  2.37	 -1.51	
  0.00	  1.17	 -1.84	 -0.00	  1.17	 -1.84	 -0.00	 -1.57	  2.37	 -1.51	  0.00	 -1.57	  2.37	 -1.51	
  0.00	  1.17	 -1.84	 -0.00	  1.17	 -1.84	 -0.00	 -1.57	  2.37	 -1.51	  0.00	 -1.57	  2.37	 -1.51	
  0.00	  1.17	 -1.84	 -0.00	  1.17	 -1.84	 -0.00	 -1.57	  2.37	 -1.51	  0.00	 -1.57	  2.37	 -1.51	
  0.00	  1.17	 -1.84	 -0.00	  1.17	 -1.84	 -0.00	 -1.57	  2.37	 -1.50	  0.00	 -1.57	  2.37	 -1.50	
  0.00	  1.17	 -1.83	 -0.00	  1.17	 -1.83	 -0.00	 -1.57	  2.37	 -1.50	  0.00	 -1.57	  2.37	 -1.50	
  0.00	  1.17	 -1.83	 -0.00	  1.17	 -1.83	 -0.00	 -1.57	  2.37	 -1.50	  0.00	 -1.57	  2.37	 -1.50	
  0.00	  1.17	 -1.83	 -0.00	  1.17	 -1.83	 -0.00	 -1.57	  2.37	 -1.50	  0.00	 -1.57	  2.37	 -1.50	
  0.00	  1.17	 -1.83	 -0.00	  1.17	 -1.83	 -0.00	 -1.57	  2.37	 -1.50	  0.00	 -1.57	  2.37	 -1.50	
  0.00	  1.17	 -1.83	 -0.00	  1.17	 -1.83	 -0.00	 -1.57	  2.37	 -1.50	  0.00	 -1.57	  2.37	 -1.50	
  0.00	  1.16	 -1.83	 -0.00	  1.16	 -1.83	 -0.00	 -1.57	  2.37	 -1.50	  0.00	 -1.57	  2.37	 -1.50	
  0.00	  1.16	 -1.83	 -0.00	  1.16	 -1.83	 -0.00	 -1.57	  2.37	 -1.49	  0.00	 -1.57	  2.37	 -1.49	
  0.00	  1.16	 -1.83	 -0.00	  1.16	 -1.83	 -0.00	 -1.57	  2.37	 -1.49	  0.00	 -1.57	  2.37	 -1.49	
  0.00	  1.16	 -1.83	 -0.00	  1.16	 -1.83	 -0.00	 -1.57	  2.36	 -1.49	  0.00	 -1.57	  2.36	 -1.49	
  0.00	  1.16	 -1.83	 -0.00	  1.16	 -1.83	 -0.00	 -1.57	  2.36	 -1.49	  0.00	 -1.57	  2.36	 -1.49	
  0.00	  1.16	 -1.83	 -0.00	  1.16	 -1.83	 -0.00	 -1.57	  2.36	 -1.49	  0.00	 -1.57	  2.36	 -1.49	
  0.00	  1.16	 -1.82	 -0.00	  1.16	 -1.82	 -0.00	 -1.57	  2.36	 -1.49	  0.00	 -1.57	  2.36	 -1.49	
  0.00	  1.16	 -1.82	 -0.00	  1.16	 -1.82	 -0.00	 -1.57	  2.36	 -1.49	  0.00	 -1.57	  2.36	 -1.49	
  0.00	  1.16	 -1.82	 -0.00	  1.16	 -1.82	 -0.00	 -1.57	  2.36	 -1.49	  0.00	 -1.57	  2.36	 -1.49	
  0.00	  1.16	 -1.82	 -0.00	  1.16	 -1.82	 -0.00	 -1.57	  2.36	 -1.48	  0.00	 -1.57	  2.36	 -1.48	
  0.00	  1.16	 -1.82	 -0.00	  1.16	 -1.82	 -0.00	 -1.57	  2.36	 -1.48	  0.00	 -1.57	  2.36	 -1.48	
  0.00	  1.16	 -1.82	 -0.00	  1.16	 -1.82	 -0.00	 -1.57	  2.36	 -1.48	  0.00	 -1.57	  2.36	 -1.48	
  0.00	  1.16	 -1.82	 -0.00	  1.16	 -1.82	 -0.00	 -1.57	  2.36	 -1.48	  0.00	 -1.57	  2.36	 -1.48	
  0.00	  1.16	 -1.82	 -0.00	  1.16	 -1.82	 -0.00	 -1.57	  2.36	 -1.48	  0.00	 -1.57	  2.36	 -1.48	
  0.00	  1.16	 -1.82	 -0.00	  1.16	 -1.82	 -0.00	 -1.57	  2.36	 -1.48	  0.00	 -1.57	  2.36	 -1.48	
  0.00	  1.15	 -1.82	 -0.00	  1.15	 -1.82	 -0.00	 -1.57	  2.36	 -1.48	  0.00	 -1.57	  2.36	 -1.48	
  0.00	  1.15	 -1.81	 -0.00	  1.15	 -1.81	 -0.00	 -1.57	  2.36	 -1.47	  0.00	 -1.57	  2.36	 -1.47	
  0.00	  1.15	 -1.81	 -0.00	  1.15	 -1.81	 -0.00	 -1.57	  2.36	 -1.47	  0.00	 -1.57	  2.36	 -1.47	
  0.00	  1.15	 -1.81	 -0.00	  1.15	 -1.81	 -0.00	 -1.57	  2.36	 -1.47	  0.00	 -1.57	  2.36	 -1.47	
  0.00	  1.15	 -1.81	 -0.00	  1.15	 -1.81	 -0.00	 -1.57	  2.35	 -1.47	  0.00	 -1.57	  2.35	 -1.47	
  0.00	  1.15	 -1.81	 -0.00	  1.15	 -1.81	 -0.00	 -1.57	  2.35	 -1.47	  0.00	 -1.57	  2.35	 -1.47	
  0.00	  1.15	 -1.81	 -0.00	  1.15	 -1.81	 -0.00	 -1.57	  2.35	 -1.47	  0.00	 -1.57	  2.35	 -1.47	
  0.00	  1.15	 -1.81	 -0.00	  1.15	 -1.81	 -0.00	 -1.57	  2.35	 -1.47	  0.00	 -1.57	  2.35	 -1.47	
  0.00	  1.15	 -1.81	 -0.00	  1.15	 -1.81	 -0.00	 -1.57	  2.35	 -1.46	  0.00	 -1.57	  2.35	 -1.46	
  0.00	  1.15	 -1.81	 -0.00	  1.15	 -1.81	 -0.00	 -1.57	  2.35	 -1.46	  0.00	 -1.57	  2.35	 -1.46	
  0.00	  1.15	 -1.81	 -0.00	  1.15	 -1.81	 -0.00	 -1.57	  2.35	 -1.46	  0.00	 -1.57	  2.35	 -1.46	
  0.00	  1.15	 -1.80	 -0.00	  1.15	 -1.80	 -0.00	 -1.57	  2.35	 -1.46	  0.00	 -1.57	  2.35	 -1.46	
  0.00	  1.15	 -1.80	 -0.00	  1.15	 -1.80	 -0.00	 -1.57	  2.35	 -1.46	  0.00	 -1.57	  2.35	 -1.46	
  0.00	  1.15	 -1.80	 -0.00	  1.15	 -1.80	 -0.00	 -1.57	  2.35	 -1.46	  0.00	 -1.57	  2.35	 -1.46	
  0.00	  1.15	 -1.80	 -0.00	  1.15	 -1.80	 -0.00	 -1.57	  2.35	 -1.46	  0.00	 -1.57	  2.35	 -1.46	
  0.00	  1.14	 -1.80	 -0.00	  1.14	 -1.80	 -0.00	 -1.57	  2.35	 -1.46	  0.00	 -1.57	  2.35	 -1.46	
  0.00	  1.14	 -1.80	 -0.00	  1.14	 -1.80	 -0.00	 -1.57	  2.35	 -1.45	  0.00	 -1.57	  2.35	 -1.45	
  0.00	  1.14	 -1.80	 -0.00	  1.14	 -1.80	 -0.00	 -1.57	  2.35	 -1.45	  0.00	 -1.57	  2.35	 -1.45	
  0.00	  1.14	 -1.80	 -0.00	  1.14	 -1.80	 -0.00	 -1.57	  2.35	 -1.45	  0.00	 -1.57	  2.35	 -1.45	
  0.00	  1.14	 -1.80	 -0.00	  1.14	 -1.80	 -0.00	 -1.57	  2.35	 -1.45	  0.00	 -1.57	  2.35	 -1.45	
  0.00	  1.14	 -1.80	 -0.00	  1.14	 -1.80	 -0.00	 -1.57	  2.34	 -1.45	  0.00	 -1.57	  2.34	 -1.45	
  0.00	  1.14	 -1.80	 -0.00	  1.14	 -1.80	 -0.00	 -1.57	  2.34	 -1.45	  0.00	 -1.57	  2.34	 -1.45	
  0.00	  1.14	 -1.79	 -0.00	  1.14	 -1.79	 -0.00	 -1.57	  2.34	 -1.45	  0.00	 -1.57	  2.34	 -1.45	
  0.00	  1.14	 -1.79	 -0.00	  1.14	 -1.79	 -0.00	 -1.57	  2.34	 -1.44	  0.00	 -1.57	  2.34	 -1.44	
  0.00	  1.14	 -1.79	 -0.00	  1.14	 -1.79	 -0.00	 -1.57	  2.34	 -1.44	  0.00	 -1.57	  2.34	 -1.44	
  0.00	  1.14	 -1.79	 -0.00	  1.14	 -1.79	 -0.00	 -1.57	  2.34	 -1.44	  0.00	 -1.57	  2.34	 -1.44	
  0.00	  1.14	 -1.79	 -0.00	  1.14	 -1.79	 -0.00	 -1.57	  2.34	 -1.44	  0.00	 -1.57	  2.34	 -1.44	
  0.00	  1.14	 -1.79	 -0.00	  1.14	 -1.79	 -0.00	 -1.57	  2.34	 -1.44	  0.00	 -1.57	  2.34	 -1.44	
  0.00	  1.14	 -1.79	 -0.00	  1.14	 -1.79	 -0.00	 -1.57	  2.34	 -1.44	  0.00	 -1.57	  2.34	 -1.44	
  0.00	  1.14	 -1.79	 -0.00	  1.14	 -1.79	 -0.00	 -1.57	  2.34	 -1.44	  0.00	 -1.57	  2.34	 -1.44	
  0.00	  1.14	 -1.79	 -0.00	  1.14	 -1.79	 -0.00	 -1.57	  2.34	 -1.43	  0.00	 -1.57	  2.34	 -1.43	
  0.00	  1.13	 -1.79	 -0.00	  1.13	 -1.79	 -0.00	 -1.57	  2.34	 -1.43	  0.00	 -1.57	  2.34	 -1.43	
  0.00	  1.13	 -1.78	 -0.00	  1.13	 -1.78	 -0.00	 -1.57	  2.34	 -1.43	  0.00	 -1.57	  2.34	 -1.43	
  0.00	  1.13	 -1.78	 -0.00	  1.13	 -1.78	 -0.00	 -1.57	  2.34	 -1.43	  0.00	 -1.57	  2.34	 -1.43	
  0.00	  1.13	 -1.78	 -0.00	  1.13	 -1.78	 -0.00	 -1.57	  2.34	 -1.43	  0.00	 -1.57	  2.34	 -1.43	
  0.00	  1.13	 -1.78	 -0.00	  1.13	 -1.78	 -0.00	 -1.57	  2.33	 -1.43	  0.00	 -1.57	  2.33	 -1.43	
  0.00	  1.13	 -1.78	 -0.00	  1.13	 -1.78	 -0.00	 -1.57	  2.33	 -1.43	  0.00	 -1.57	  2.33	 -1.43	
  0.00	  1.13	 -1.78	 -0.00	  1.13	 -1.78	 -0.00	 -1.57	  2.33	 -1.42	  0.00	 -1.57	  2.33	 -1.42	
  0.00	  1.13	 -1.78	 -0.00	  1.13	 -1.78	 -0.00	 -1.57	  2.33	 -1.42	  0.00	 -1.57	  2.33	 -1.42	
  0.00	  1.13	 -1.78	 -0.00	  1.13	 -1.78	 -0.00	 -1.57	  2.33	 -1.42	  0.00	 -1.57	  2.33	 -1.42	
  0.00	  1.13	 -1.78	 -0.00	  1.13	 -1.78	 -0.00	 -1.57	  2.33	 -1.42	  0.00	 -1.57	  2.33	 -1.42	
  0.00	  1.13	 -1.78	 -0.00	  1.13	 -1.78	 -0.00	 -1.57	  2.33	 -1.42	  0.00	 -1.57	  2.33	 -1.42	
  0.00	  1.13	 -1.77	 -0.00	  1.13	 -1.77	 -0.00	 -1.57	  2.33	 -1.42	  0.00	 -1.57	  2.33	 -1.42	
  0.00	  1.13	 -1.77	 -0.00	  1.13	 -1.77	 -0.00	 -1.57	  2.33	 -1.42	  0.00	 -1.57	  2.33	 -1.42	
  0.00	  1.13	 -1.77	 -0.00	  1.13	 -1.77	 -0.00	 -1.57	  2.33	 -1.41	  0.00	 -1.57	  2.33	 -1.41	
  0.00	  1.13	 -1.77	 -0.00	  1.13	 -1.77	 -0.00	 -1.57	  2.33	 -1.41	  0.00	 -1.57	  2.33	 -1.41	
  0.00	  1.12	 -1.77	 -0.00	  1.12	 -1.77	 -0.00	 -1.57	  2.33	 -1.41	  0.00	 -1.57	  2.33	 -1.41	
  0.00	  1.12	 -1.77	 -0.00	  1.12	 -1.77	 -0.00	 -1.57	  2.33	 -1.41	  0.00	 -1.57	  2.33	 -1.41	
  0.00	  1.12	 -1.77	 -0.00	  1.12	 -1.77	 -0.00	 -1.57	  2.33	 -1.41	  0.00	 -1.57	  2.33	 -1.41	
  0.00	  1.12	 -1.77	 -0.00	  1.12	 -1.77	 -0.00	 -1.57	  2.33	 -1.41	  0.00	 -1.57	  2.33	 -1.41	
  0.00	  1.12	 -1.77	 -0.00	  1.12	 -1.77	 -0.00	 -1.57	  2.33	 -1.41	  0.00	 -1.57	  2.33	 -1.41	
  0.00	  1.12	 -1.77	 -0.00	  1.12	 -1.77	 -0.00	 -1.57	  2.32	 -1.40	  0.00	 -1.57	  2.32	 -1.40	
  0.00	  1.12	 -1.77	 -0.00	  1.12	 -1.77	 -0.00	 -1.57	  2.32	 -1.40	  0.00	 -1.57	  2.32	 -1.40	
  0.00	  1.12	 -1.76	 -0.00	  1.12	 -1.76	 -0.00	 -1.57	  2.32	 -1.40	  0.00	 -1.57	  2.32	 -1.40	
  0.00	  1.12	 -1.76	 -0.00	  1.12	 -1.76	 -0.00	 -1.57	  2.32	 -1.40	  0.00	 -1.57	  2.32	 -1.40	
  0.00	  1.12	 -1.76	 -0.00	  1.12	 -1.76	 -0.00	 -1.57	  2.32	 -1.40	  0.00	 -1.57	  2.32	 -1.40	
  0.00	  1.12	 -1.76	 -0.00	  1.12	 -1.76	 -0.00	 -1.57	  2.32	 -1.40	  0.00	 -1.57	  2.32	 -1.40	
  0.00	  1.12	 -1.76	 -0.00	  1.12	 -1.76	 -0.00	 -1.57	  2.32	 -1.40	  0.00	 -1.57	  2.32	 -1.40	
  0.00	  1.12	 -1.76	 -0.00	  1.12	 -1.76	 -0.00	 -1.57	  2.32	 -1.39	  0.00	 -1.57	  2.32	 -1.39	
  0.00	  1.12	 -1.76	 -0.00	  1.12	 -1.76	 -0.00	 -1.57	  2.32	 -1.39	  0.00	 -1.57	  2.32	 -1.39	
  0.00	  1.12	 -1.76	 -0.00	  1.12	 -1.76	 -0.00	 -1.57	  2.32	 -1.39	  0.00	 -1.57	  2.32	 -1.39	
  0.00	  1.11	 -1.76	 -0.00	  1.11	 -1.76	 -0.00	 -1.57	  2.32	 -1.39	  0.00	 -1.57	  2.32	 -1.39	
  0.00	  1.11	 -1.76	 -0.00	  1.11	 -1.76	 -0.00	 -1.57	  2.32	 -1.39	  0.00	 -1.57	  2.32	 -1.39	
  0.00	  1.11	 -1.75	 -0.00	  1.11	 -1.75	 -0.00	 -1.57	  2.32	 -1.39	  0.00	 -1.57	  2.32	 -1.39	
  0.00	  1.11	 -1.75	 -0.00	  1.11	 -1.75	 -0.00	 -1.57	  2.32	 -1.39	  0.00	 -1.57	  2.32	 -1.39	
  0.00	  1.11	 -1.75	 -0.00	  1.11	 -1.75	 -0.00	 -1.57	  2.32	 -1.38	  0.00	 -1.57	  2.32	 -1.38	
  0.00	  1.11	 -1.75	 -0.00	  1.11	 -1.75	 -0.00	 -1.57	  2.31	 -1.38	  0.00	 -1.57	  2.31	 -1.38	
  0.00	  1.11	 -1.75	 -0.00	  1.11	 -1.75	 -0.00	 -1.57	  2.31	 -1.38	  0.00	 -1.57	  2.31	 -1.38	
  0.00	  1.11	 -1.75	 -0.00	  1.11	 -1.75	 -0.00	 -1.57	  2.31	 -1.38	  0.00	 -1.57	  2.31	 -1.38	
  0.00	  1.11	 -1.75	 -0.00	  1.11	 -1.75	 -0.00	 -1.57	  2.31	 -1.38	  0.00	 -1.57	  2.31	 -1.38	
  0.00	  1.11	 -1.75	 -0.00	  1.11	 -1.75	 -0.00	 -1.57	  2.31	 -1.38	  0.00	 -1.57	  2.31	 -1.38	
  0.00	  1.11	 -1.75	 -0.00	  1.11	 -1.75	 -0.00	 -1.57	  2.31	 -1.38	  0.00	 -1.57	  2.31	 -1.38	
  0.00	  1.11	 -1.75	 -0.00	  1.11	 -1.75	 -0.00	 -1.57	  2.31	 -1.37	  0.00	 -1.57	  2.31	 -1.37	
  0.00	  1.11	 -1.74	 -0.00	  1.11	 -1.74	 -0.00	 -1.57	  2.31	 -1.37	  0.00	 -1.57	  2.31	 -1.37	
  0.00	  1.11	 -1.74	 -0.00	  1.11	 -1.74	 -0.00	 -1.57	  2.31	 -1.37	  0.00	 -1.57	  2.31	 -1.37	
  0.00	  1.11	 -1.74	 -0.00	  1.11	 -1.74	 -0.00	 -1.57	  2.31	 -1.37	  0.00	 -1.57	  2.31	 -1.37	
  0.00	  1.10	 -1.74	 -0.00	  1.10	 -1.74	 -0.00	 -1.57	  2.31	 -1.37	  0.00	 -1.57	  2.31	 -1.37	
  0.00	  1.10	 -1.74	 -0.00	  1.10	 -1.74	 -0.00	 -1.57	  2.31	 -1.37	  0.00	 -1.57	  2.31	 -1.37	
  0.00	  1.10	 -1.74	 -0.00	  1.10	 -1.74	 -0.00	 -1.57	  2.31	 -1.37	  0.00	 -1.57	  2.31	 -1.37	
  0.00	  1.10	 -1.74	 -0.00	  1.10	 -1.74	 -0.00	 -1.57	  2.31	 -1.36	  0.00	 -1.57	  2.31	 -1.36	
  0.00	  1.10	 -1.74	 -0.00	  1.10	 -1.74	 -0.00	 -1.57	  2.31	 -1.36	  0.00	 -1.57	  2.31	 -1.36	
  0.00	  1.10	 -1.74	 -0.00	  1.10	 -1.74	 -0.00	 -1.57	  2.30	 -1.36	  0.00	 -1.57	  2.30	 -1.36	
  0.00	  1.10	 -1.74	 -0.00	  1.10	 -1.74	 -0.00	 -1.57	  2.30	 -1.36	  0.00	 -1.57	  2.30	 -1.36	
  0.00	  1.10	 -1.73	 -0.00	  1.10	 -1.73	 -0.00	 -1.57	  2.30	 -1.36	  0.00	 -1.57	  2.30	 -1.36	
  0.00	  1.10	 -1.73	 -0.00	  1.10	 -1.73	 -0.00	 -1.57	  2.30	 -1.36	  0.00	 -1.57	  2.30	 -1.36	
  0.00	  1.10	 -1.73	 -0.00	  1.10	 -1.73	 -0.00	 -1.57	  2.30	 -1.35	  0.00	 -1.57	  2.30	 -1.35	
  0.00	  1.10	 -1.73	 -0.00	  1.10	 -1.73	 -0.00	 -1.57	  2.30	 -1.35	  0.00	 -1.57	  2.30	 -1.35	
  0.00	  1.10	 -1.73	 -0.00	  1.10	 -1.73	 -0.00	 -1.57	  2.30	 -1.35	  0.00	 -1.57	  2.30	 -1.35	
  0.00	  1.10	 -1.73	 -0.00	  1.10	 -1.73	 -0.00	 -1.57	  2.30	 -1.35	  0.00	 -1.57	  2.30	 -1.35	
  0.00	  1.10	 -1.73	 -0.00	  1.10	 -1.73	 -0.00	 -1.57	  2.30	 -1.35	  0.00	 -1.57	  2.30	 -1.35	
  0.00	  1.10	 -1.73	 -0.00	  1.10	 -1.73	 -0.00	 -1.57	  2.30	 -1.35	  0.00	 -1.57	  2.30	 -1.35	
  0.00	  1.09	 -1.73	 -0.00	  1.09	 -1.73	 -0.00	 -1.57	  2.30	 -1.35	  0.00	 -1.57	  2.30	 -1.35	
  0.00	  1.09	 -1.73	 -0.00	  1.09	 -1.73	 -0.00	 -1.57	  2.30	 -1.34	  0.00	 -1.57	  2.30	 -1.34	
  0.00	  1.09	 -1.72	 -0.00	  1.09	 -1.72	 -0.00	 -1.57	  2.30	 -1.34	  0.00	 -1.57	  2.30	 -1.34	
  0.00	  1.09	 -1.72	 -0.00	  1.09	 -1.72	 -0.00	 -1.57	  2.30	 -1.34	  0.00	 -1.57	  2.30	 -1.34	
  0.00	  1.09	 -1.72	 -0.00	  1.09	 -1.72	 -0.00	 -1.57	  2.30	 -1.34	  0.00	 -1.57	  2.30	 -1.34	
  0.00	  1.09	 -1.72	 -0.00	  1.09	 -1.72	 -0.00	 -1.57	  2.29	 -1.34	  0.00	 -1.57	  2.29	 -1.34	
  0.00	  1.09	 -1.72	 -0.00	  1.09	 -1.72	 -0.00	 -1.57	  2.29	 -1.34	  0.00	 -1.57	  2.29	 -1.34	
  0.00	  1.09	 -1.72	 -0.00	  1.09	 -1.72	 -0.00	 -1.57	  2.29	 -1.34	  0.00	 -1.57	  2.29	 -1.34	
  0.00	  1.09	 -1.72	 -0.00	  1.09	 -1.72	 -0.00	 -1.57	  2.29	 -1.33	  0.00	 -1.57	  2.29	 -1.33	
  0.00	  1.09	 -1.72	 -0.00	  1.09	 -1.72	 -0.00	 -1.57	  2.29	 -1.33	  0.00	 -1.57	  2.29	 -1.33	
  0.00	  1.09	 -1.72	 -0.00	  1.09	 -1.72	 -0.00	 -1.57	  2.29	 -1.33	  0.00	 -1.57	  2.29	 -1.33	
  0.00	  1.09	 -1.72	 -0.00	  1.09	 -1.72	 -0.00	 -1.57	  2.29	 -1.33	  0.00	 -1.57	  2.29	 -1.33	
  0.00	  1.09	 -1.71	 -0.00	  1.09	 -1.71	 -0.00	 -1.57	  2.29	 -1.33	  0.00	 -1.57	  2.29	 -1.33	
  0.00	  1.09	 -1.71	 -0.00	  1.09	 -1.71	 -0.00	 -1.57	  2.29	 -1.33	  0.00	 -1.57	  2.29	 -1.33	
  0.00	  1.09	 -1.71	 -0.00	  1.09	 -1.71	 -0.00	 -1.57	  2.29	 -1.33	  0.00	 -1.57	  2.29	 -1.33	
  0.00	  1.08	 -1.71	 -0.00	  1.08	 -1.71	 -0.00	 -1.57	  2.29	 -1.32	  0.00	 -1.57	  2.29	 -1.32	
  0.00	  1.08	 -1.71	 -0.00	  1.08	 -1.71	 -0.00	 -1.57	  2.29	 -1.32	  0.00	 -1.57	  2.29	 -1.32	
  0.00	  1.08	 -1.71	 -0.00	  1.08	 -1.71	 -0.00	 -1.57	  2.29	 -1.32	  0.00	 -1.57	  2.29	 -1.32	
  0.00	  1.08	 -1.71	 -0.00	  1.08	 -1.71	 -0.00	 -1.57	  2.29	 -1.32	  0.00	 -1.57	  2.29	 -1.32	
  0.00	  1.08	 -1.71	 -0.00	  1.08	 -1.71	 -0.00	 -1.57	  2.28	 -1.32	  0.00	 -1.57	  2.28	 -1.32	
  0.00	  1.08	 -1.71	 -0.00	  1.08	 -1.71	 -0.00	 -1.57	  2.28	 -1.32	  0.00	 -1.57	  2.28	 -1.32	
  0.00	  1.08	 -1.71	 -0.00	  1.08	 -1.71	 -0.00	 -1.57	  2.28	 -1.31	  0.00	 -1.57	  2.28	 -1.31	
  0.00	  1.08	 -1.70	 -0.00	  1.08	 -1.70	 -0.00	 -1.57	  2.28	 -1.31	  0.00	 -1.57	  2.28	 -1.31	
  0.00	  1.08	 -1.70	 -0.00	  1.08	 -1.70	 -0.00	 -1.57	  2.28	 -1.31	  0.00	 -1.57	  2.28	 -1.31	
  0.00	  1.08	 -1.70	 -0.00	  1.08	 -1.70	 -0.00	 -1.57	  2.28	 -1.31	  0.00	 -1.57	  2.28	 -1.31	
  0.00	  1.08	 -1.70	 -0.00	  1.08	 -1.70	 -0.00	 -1.57	  2.28	 -1.31	  0.00	 -1.57	  2.28	 -1.31	
  0.00	  1.08	 -1.70	 -0.00	  1.08	 -1.70	 -0.00	 -1.57	  2.28	 -1.31	  0.00	 -1.57	  2.28	 -1.31	
  0.00	  1.08	 -1.70	 -0.00	  1.08	 -1.70	 -0.00	 -1.57	  2.28	 -1.31	  0.00	 -1.57	  2.28	 -1.31	
  0.00	  1.08	 -1.70	 -0.00	  1.08	 -1.70	 -0.00	 -1.57	  2.28	 -1.30	  0.00	 -1.57	  2.28	 -1.30	
  0.00	  1.08	 -1.70	 -0.00	  1.08	 -1.70	 -0.00	 -1.57	  2.28	 -1.30	  0.00	 -1.57	  2.28	 -1.30	
  0.00	  1.07	 -1.70	 -0.00	  1.07	 -1.70	 -0.00	 -1.57	  2.28	 -1.30	  0.00	 -1.57	  2.28	 -1.30	
  0.00	  1.07	 -1.70	 -0.00	  1.07	 -1.70	 -0.00	 -1.57	  2.28	 -1.30	  0.00	 -1.57	  2.28	 -1.30	
  0.00	  1.07	 -1.69	 -0.00	  1.07	 -1.69	 -0.00	 -1.57	  2.28	 -1.30	  0.00	 -1.57	  2.28	 -1.30	
  0.00	  1.07	 -1.69	 -0.00	  1.07	 -1.69	 -0.00	 -1.57	  2.28	 -1.30	  0.00	 -1.57	  2.28	 -1.30	
  0.00	  1.07	 -1.69	 -0.00	  1.07	 -1.69	 -0.00	 -1.57	  2.27	 -1.29	  0.00	 -1.57	  2.27	 -1.29	
  0.00	  1.07	 -1.69	 -0.00	  1.07	 -1.69	 -0.00	 -1.57	  2.27	 -1.29	  0.00	 -1.57	  2.27	 -1.29	
  0.00	  1.07	 -1.69	 -0.00	  1.07	 -1.69	 -0.00	 -1.57	  2.27	 -1.29	  0.00	 -1.57	  2.27	 -1.29	
  0.00	  1.07	 -1.69	 -0.00	  1.07	 -1.69	 -0.00	 -1.57	  2.27	 -1.29	  0.00	 -1.57	  2.27	 -1.29	
  0.00	  1.07	 -1.69	 -0.00	  1.07	 -1.69	 -0.00	 -1.57	  2.27	 -1.29	  0.00	 -1.57	  2.27	 -1.29	
  0.00	  1.07	 -1.69	 -0.00	  1.07	 -1.69	 -0.00	 -1.57	  2.27	 -1.29	  0.00	 -1.57	  2.27	 -1.29	
  0.00	  1.07	 -1.69	 -0.00	  1.07	 -1.69	 -0.00	 -1.57	  2.27	 -1.29	  0.00	 -1.57	  2.27	 -1.29	
  0.00	  1.07	 -1.69	 -0.00	  1.07	 -1.69	 -0.00	 -1.57	  2.27	 -1.28	  0.00	 -1.57	  2.27	 -1.28	
  0.00	  1.07	 -1.68	 -0.00	  1.07	 -1.68	 -0.00	 -1.57	  2.27	 -1.28	  0.00	 -1.57	  2.27	 -1.28	
  0.00	  1.07	 -1.68	 -0.00	  1.07	 -1.68	 -0.00	 -1.57	  2.27	 -1.28	  0.00	 -1.57	  2.27	 -1.28	
  0.00	  1.07	 -1.68	 -0.00	  1.07	 -1.68	 -0.00	 -1.57	  2.27	 -1.28	  0.00	 -1.57	  2.27	 -1.28	
  0.00	  1.06	 -1.68	 -0.00	  1.06	 -1.68	 -0.00	 -1.57	  2.27	 -1.28	  0.00	 -1.57	  2.27	 -1.28	
  0.00	  1.06	 -1.68	 -0.00	  1.06	 -1.68	 -0.00	 -1.57	  2.27	 -1.28	  0.00	 -1.57	  2.27	 -1.28	
  0.00	  1.06	 -1.68	 -0.00	  1.06	 -1.68	 -0.00	 -1.57	  2.27	 -1.27	  0.00	 -1.57	  2.27	 -1.27	
  0.00	  1.06	 -1.68	 -0.00	  1.06	 -1.68	 -0.00	 -1.57	  2.26	 -1.27	  0.00	 -1.57	  2.26	 -1.27	
  0.00	  1.06	 -1.68	 -0.00	  1.06	 -1.68	 -0.00	 -1.57	  2.26	 -1.27	  0.00	 -1.57	  2.26	 -1.27	
  0.00	  1.06	 -1.68	 -0.00	  1.06	 -1.68	 -0.00	 -1.57	  2.26	 -1.27	  0.00	 -1.57	  2.26	 -1.27	
  0.00	  1.06	 -1.68	 -0.00	  1.06	 -1.68	 -0.00	 -1.57	  2.26	 -1.27	  0.00	 -1.57	  2.26	 -1.27	
  0.00	  1.06	 -1.67	 -0.00	  1.06	 -1.67	 -0.00	 -1.57	  2.26	 -1.27	  0.00	 -1.57	  2.26	 -1.27	
  0.00	  1.06	 -1.67	 -0.00	  1.06	 -1.67	 -0.00	 -1.57	  2.26	 -1.27	  0.00	 -1.57	  2.26	 -1.27	
  0.00	  1.06	 -1.67	 -0.00	  1.06	 -1.67	 -0.00	 -1.57	  2.26	 -1.26	  0.00	 -1.57	  2.26	 -1.26	
  0.00	  1.06	 -1.67	 -0.00	  1.06	 -1.67	 -0.00	 -1.57	  2.26	 -1.26	  0.00	 -1.57	  2.26	 -1.26	
  0.00	  1.06	 -1.67	 -0.00	  1.06	 -1.67	 -0.00	 -1.57	  2.26	 -1.26	  0.00	 -1.57	  2.26	 -1.26	
  0.00	  1.06	 -1.67	 -0.00	  1.06	 -1.67	 -0.00	 -1.57	  2.26	 -1.26	  0.00	 -1.57	  2.26	 -1.26	
  0.00	  1.06	 -1.67	 -0.00	  1.06	 -1.67	 -0.00	 -1.57	  2.26	 -1.26	  0.00	 -1.57	  2.26	 -1.26	
  0.00	  1.06	 -1.67	 -0.00	  1.06	 -1.67	 -0.00	 -1.57	  2.26	 -1.26	  0.00	 -1.57	  2.26	 -1.26	
  0.00	  1.05	 -1.67	 -0.00	  1.05	 -1.67	 -0.00	 -1.57	  2.26	 -1.25	  0.00	 -1.57	  2.26	 -1.25	
  0.00	  1.05	 -1.67	 -0.00	  1.05	 -1.67	 -0.00	 -1.57	  2.26	 -1.25	  0.00	 -1.57	  2.26	 -1.25	
  0.00	  1.05	 -1.66	 -0.00	  1.05	 -1.66	 -0.00	 -1.57	  2.25	 -1.25	  0.00	 -1.57	  2.25	 -1.25	
  0.00	  1.05	 -1.66	 -0.00	  1.05	 -1.66	 -0.00	 -1.57	  2.25	 -1.25	  0.00	 -1.57	  2.25	 -1.25	
  0.00	  1.05	 -1.66	 -0.00	  1.05	 -1.66	 -0.00	 -1.57	  2.25	 -1.25	  0.00	 -1.57	  2.25	 -1.25	
  0.00	  1.05	 -1.66	 -0.00	  1.05	 -1.66	 -0.00	 -1.57	  2.25	 -1.25	  0.00	 -1.57	  2.25	 -1.25	
  0.00	  1.05	 -1.66	 -0.00	  1.05	 -1.66	 -0.00	 -1.57	  2.25	 -1.24	  0.00	 -1.57	  2.25	 -1.24	
  0.00	  1.05	 -1.66	 -0.00	  1.05	 -1.66	 -0.00	 -1.57	  2.25	 -1.24	  0.00	 -1.57	  2.25	 -1.24	
  0.00	  1.05	 -1.66	 -0.00	  1.05	 -1.66	 -0.00	 -1.57	  2.25	 -1.24	  0.00	 -1.57	  2.25	 -1.24	
  0.00	  1.05	 -1.66	 -0.00	  1.05	 -1.66	 -0.00	 -1.57	  2.25	 -1.24	  0.00	 -1.57	  2.25	 -1.24	
  0.00	  1.05	 -1.66	 -0.00	  1.05	 -1.66	 -0.00	 -1.57	  2.25	 -1.24	  0.00	 -1.57	  2.25	 -1.24	
  0.00	  1.05	 -1.66	 -0.00	  1.05	 -1.66	 -0.00	 -1.57	  2.25	 -1.24	  0.00	 -1.57	  2.25	 -1.24	
  0.00	  1.05	 -1.65	 -0.00	  1.05	 -1.65	 -0.00	 -1.57	  2.25	 -1.24	  0.00	 -1.57	  2.25	 -1.24	
  0.00	  1.05	 -1.65	 -0.00	  1.05	 -1.65	 -0.00	 -1.57	  2.25	 -1.23	  0.00	 -1.57	  2.25	 -1.23	
  0.00	  1.05	 -1.65	 -0.00	  1.05	 -1.65	 -0.00	 -1.57	  2.25	 -1.23	  0.00	 -1.57	  2.25	 -1.23	
  0.00	  1.04	 -1.65	 -0.00	  1.04	 -1.65	 -0.00	 -1.57	  2.25	 -1.23	  0.00	 -1.57	  2.25	 -1.23	
  0.00	  1.04	 -1.65	 -0.00	  1.04	 -1.65	 -0.00	 -1.57	  2.24	 -1.23	  0.00	 -1.57	  2.24	 -1.23	
  0.00	  1.04	 -1.65	 -0.00	  1.04	 -1.65	 -0.00	 -1.57	  2.24	 -1.23	  0.00	 -1.57	  2.24	 -1.23	
  0.00	  1.04	 -1.65	 -0.00	  1.04	 -1.65	 -0.00	 -1.57	  2.24	 -1.23	  0.00	 -1.57	  2.24	 -1.23	
  0.00	  1.04	 -1.65	 -0.00	  1.04	 -1.65	 -0.00	 -1.57	  2.24	 -1.22	  0.00	 -1.57	  2.24	 -1.22	
  0.00	  1.04	 -1.65	 -0.00	  1.04	 -1.65	 -0.00	 -1.57	  2.24	 -1.22	  0.00	 -1.57	  2.24	 -1.22	
  0.00	  1.04	 -1.64	 -0.00	  1.04	 -1.64	 -0.00	 -1.57	  2.24	 -1.22	  0.00	 -1.57	  2.24	 -1.22	
  0.00	  1.04	 -1.64	 -0.00	  1.04	 -1.64	 -0.00	 -1.57	  2.24	 -1.22	  0.00	 -1.57	  2.24	 -1.22	
  0.00	  1.04	 -1.64	 -0.00	  1.04	 -1.64	 -0.00	 -1.57	  2.24	 -1.22	  0.00	 -1.57	  2.24	 -1.22	
  0.00	  1.04	 -1.64	 -0.00	  1.04	 -1.64	 -0.00	 -1.57	  2.24	 -1.22	  0.00	 -1.57	  2.24	 -1.22	
  0.00	  1.04	 -1.64	 -0.00	  1.04	 -1.64	 -0.00	 -1.57	  2.24	 -1.21	  0.00	 -1.57	  2.24	 -1.21	
  0.00	  1.04	 -1.64	 -0.00	  1.04	 -1.64	 -0.00	 -1.57	  2.24	 -1.21	  0.00	 -1.57	  2.24	 -1.21	
  0.00	  1.04	 -1.64	 -0.00	  1.04	 -1.64	 -0.00	 -1.57	  2.24	 -1.21	  0.00	 -1.57	  2.24	 -1.21	
  0.00	  1.04	 -1.64	 -0.00	  1.04	 -1.64	 -0.00	 -1.57	  2.24	 -1.21	  0.00	 -1.57	  2.24	 -1.21	
  0.00	  1.04	 -1.64	 -0.00	  1.04	 -1.64	 -0.00	 -1.57	  2.23	 -1.21	  0.00	 -1.57	  2.23	 -1.21	
  0.00	  1.03	 -1.64	 -0.00	  1.03	 -1.64	 -0.00	 -1.57	  2.23	 -1.21	  0.00	 -1.57	  2.23	 -1.21	
  0.00	  1.03	 -1.63	 -0.00	  1.03	 -1.63	 -0.00	 -1.57	  2.23	 -1.20	  0.00	 -1.57	  2.23	 -1.20	
  0.00	  1.03	 -1.63	 -0.00	  1.03	 -1.63	 -0.00	 -1.57	  2.23	 -1.20	  0.00	 -1.57	  2.23	 -1.20	
  0.00	  1.03	 -1.63	 -0.00	  1.03	 -1.63	 -0.00	 -1.57	  2.23	 -1.20	  0.00	 -1.57	  2.23	 -1.20	
  0.00	  1.03	 -1.63	 -0.00	  1.03	 -1.63	 -0.00	 -1.57	  2.23	 -1.20	  0.00	 -1.57	  2.23	 -1.20	
  0.00	  1.03	 -1.63	 -0.00	  1.03	 -1.63	 -0.00	 -1.57	  2.23	 -1.20	  0.00	 -1.57	  2.23	 -1.20	
  0.00	  1.03	 -1.63	 -0.00	  1.03	 -1.63	 -0.00	 -1.57	  2.23	 -1.20	  0.00	 -1.57	  2.23	 -1.20	
  0.00	  1.03	 -1.63	 -0.00	  1.03	 -1.63	 -0.00	 -1.57	  2.23	 -1.20	  0.00	 -1.57	  2.23	 -1.20	
  0.00	  1.03	 -1.63	 -0.00	  1.03	 -1.63	 -0.00	 -1.57	  2.23	 -1.19	  0.00	 -1.57	  2.23	 -1.19	
  0.00	  1.03	 -1.63	 -0.00	  1.03	 -1.63	 -0.00	 -1.57	  2.23	 -1.19	  0.00	 -1.57	  2.23	 -1.19	
  0.00	  1.03	 -1.63	 -0.00	  1.03	 -1.63	 -0.00	 -1.57	  2.23	 -1.19	  0.00	 -1.57	  2.23	 -1.19	
  0.00	  1.03	 -1.62	 -0.00	  1.03	 -1.62	 -0.00	 -1.57	  2.23	 -1.19	  0.00	 -1.57	  2.23	 -1.19	
  0.00	  1.03	 -1.62	 -0.00	  1.03	 -1.62	 -0.00	 -1.57	  2.23	 -1.19	  0.00	 -1.57	  2.23	 -1.19	
  0.00	  1.03	 -1.62	 -0.00	  1.03	 -1.62	 -0.00	 -1.57	  2.22	 -1.19	  0.00	 -1.57	  2.22	 -1.19	
  0.00	  1.03	 -1.62	 -0.00	  1.03	 -1.62	 -0.00	 -1.57	  2.22	 -1.18	  0.00	 -1.57	  2.22	 -1.18	
  0.00	  1.02	 -1.62	 -0.00	  1.02	 -1.62	 -0.00	 -1.57	  2.22	 -1.18	  0.00	 -1.57	  2.22	 -1.18	
  0.00	  1.02	 -1.62	 -0.00	  1.02	 -1.62	 -0.00	 -1.57	  2.22	 -1.18	  0.00	 -1.57	  2.22	 -1.18	
  0.00	  1.02	 -1.62	 -0.00	  1.02	 -1.62	 -0.00	 -1.57	  2.22	 -1.18	  0.00	 -1.57	  2.22	 -1.18	
  0.00	  1.02	 -1.62	 -0.00	  1.02	 -1.62	 -0.00	 -1.57	  2.22	 -1.18	  0.00	 -1.57	  2.22	 -1.18	
  0.00	  1.02	 -1.62	 -0.00	  1.02	 -1.62	 -0.00	 -1.57	  2.22	 -1.18	  0.00	 -1.57	  2.22	 -1.18	
  0.00	  1.02	 -1.61	 -0.00	  1.02	 -1.61	 -0.00	 -1.57	  2.22	 -1.17	  0.00	 -1.57	  2.22	 -1.17	
  0.00	  1.02	 -1.61	 -0.00	  1.02	 -1.61	 -0.00	 -1.57	  2.22	 -1.17	  0.00	 -1.57	  2.22	 -1.17	
  0.00	  1.02	 -1.61	 -0.00	  1.02	 -1.61	 -0.00	 -1.57	  2.22	 -1.17	  0.00	 -1.57	  2.22	 -1.17	
  0.00	  1.02	 -1.61	 -0.00	  1.02	 -1.61	 -0.00	 -1.57	  2.22	 -1.17	  0.00	 -1.57	  2.22	 -1.17	
  0.00	  1.02	 -1.61	 -0.00	  1.02	 -1.61	 -0.00	 -1.57	  2.22	 -1.17	  0.00	 -1.57	  2.22	 -1.17	
  0.00	  1.02	 -1.61	 -0.00	  1.02	 -1.61	 -0.00	 -1.57	  2.22	 -1.17	  0.00	 -1.57	  2.22	 -1.17	
  0.00	  1.02	 -1.61	 -0.00	  1.02	 -1.61	 -0.00	 -1.57	  2.21	 -1.16	  0.00	 -1.57	  2.21	 -1.16	
  0.00	  1.02	 -1.61	 -0.00	  1.02	 -1.61	 -0.00	 -1.57	  2.21	 -1.16	  0.00	 -1.57	  2.21	 -1.16	
  0.00	  1.02	 -1.61	 -0.00	  1.02	 -1.61	 -0.00	 -1.57	  2.21	 -1.16	  0.00	 -1.57	  2.21	 -1.16	
  0.00	  1.02	 -1.61	 -0.00	  1.02	 -1.61	 -0.00	 -1.57	  2.21	 -1.16	  0.00	 -1.57	  2.21	 -1.16	
  0.00	  1.01	 -1.60	 -0.00	  1.01	 -1.60	 -0.00	 -1.57	  2.21	 -1.16	  0.00	 -1.57	  2.21	 -1.16	
  0.00	  1.01	 -1.60	 -0.00	  1.01	 -1.60	 -0.00	 -1.57	  2.21	 -1.16	  0.00	 -1.57	  2.21	 -1.16	
  0.00	  1.01	 -1.60	 -0.00	  1.01	 -1.60	 -0.00	 -1.57	  2.21	 -1.15	  0.00	 -1.57	  2.21	 -1.15	
  0.00	  1.01	 -1.60	 -0.00	  1.01	 -1.60	 -0.00	 -1.57	  2.21	 -1.15	  0.00	 -1.57	  2.21	 -1.15	
  0.00	  1.01	 -1.60	 -0.00	  1.01	 -1.60	 -0.00	 -1.57	  2.21	 -1.15	  0.00	 -1.57	  2.21	 -1.15	
  0.00	  1.01	 -1.60	 -0.00	  1.01	 -1.60	 -0.00	 -1.57	  2.21	 -1.15	  0.00	 -1.57	  2.21	 -1.15	
  0.00	  1.01	 -1.60	 -0.00	  1.01	 -1.60	 -0.00	 -1.57	  2.21	 -1.15	  0.00	 -1.57	  2.21	 -1.15	
  0.00	  1.01	 -1.60	 -0.00	  1.01	 -1.60	 -0.00	 -1.57	  2.21	 -1.14	  0.00	 -1.57	  2.21	 -1.14	
  0.00	  1.01	 -1.60	 -0.00	  1.01	 -1.60	 -0.00	 -1.57	  2.21	 -1.14	  0.00	 -1.57	  2.21	 -1.14	
  0.00	  1.01	 -1.59	 -0.00	  1.01	 -1.59	 -0.00	 -1.57	  2.20	 -1.14	  0.00	 -1.57	  2.20	 -1.14	
  0.00	  1.01	 -1.59	 -0.00	  1.01	 -1.59	 -0.00	 -1.57	  2.20	 -1.14	  0.00	 -1.57	  2.20	 -1.14	
  0.00	  1.01	 -1.59	 -0.00	  1.01	 -1.59	 -0.00	 -1.57	  2.20	 -1.14	  0.00	 -1.57	  2.20	 -1.14	
  0.00	  1.01	 -1.59	 -0.00	  1.01	 -1.59	 -0.00	 -1.57	  2.20	 -1.14	  0.00	 -1.57	  2.20	 -1.14	
  0.00	  1.01	 -1.59	 -0.00	  1.01	 -1.59	 -0.00	 -1.57	  2.20	 -1.13	  0.00	 -1.57	  2.20	 -1.13	
  0.00	  1.01	 -1.59	 -0.00	  1.01	 -1.59	 -0.00	 -1.57	  2.20	 -1.13	  0.00	 -1.57	  2.20	 -1.13	
  0.00	  1.00	 -1.59	 -0.00	  1.00	 -1.59	 -0.00	 -1.57	  2.20	 -1.13	  0.00	 -1.57	  2.20	 -1.13	
  0.00	  1.00	 -1.59	 -0.00	  1.00	 -1.59	 -0.00	 -1.57	  2.20	 -1.13	  0.00	 -1.57	  2.20	 -1.13	
  0.00	  1.00	 -1.59	 -0.00	  1.00	 -1.59	 -0.00	 -1.57	  2.20	 -1.13	  0.00	 -1.57	  2.20	 -1.13	
  0.00	  1.00	 -1.59	 -0.00	  1.00	 -1.59	 -0.00	 -1.57	  2.20	 -1.13	  0.00	 -1.57	  2.20	 -1.13	
  0.00	  1.00	 -1.58	 -0.00	  1.00	 -1.58	 -0.00	 -1.57	  2.20	 -1.12	  0.00	 -1.57	  2.20	 -1.12	
  0.00	  1.00	 -1.58	 -0.00	  1.00	 -1.58	 -0.00	 -1.57	  2.20	 -1.12	  0.00	 -1.57	  2.20	 -1.12	
  0.00	  1.00	 -1.58	 -0.00	  1.00	 -1.58	 -0.00	 -1.57	  2.19	 -1.12	  0.00	 -1.57	  2.19	 -1.12	
  0.00	  1.00	 -1.58	 -0.00	  1.00	 -1.58	 -0.00	 -1.57	  2.19	 -1.12	  0.00	 -1.57	  2.19	 -1.12	
  0.00	  1.00	 -1.58	 -0.00	  1.00	 -1.58	 -0.00	 -1.57	  2.19	 -1.12	  0.00	 -1.57	  2.19	 -1.12	
  0.00	  1.00	 -1.58	 -0.00	  1.00	 -1.58	 -0.00	 -1.57	  2.19	 -1.12	  0.00	 -1.57	  2.19	 -1.12	
  0.00	  1.00	 -1.58	 -0.00	  1.00	 -1.58	 -0.00	 -1.57	  2.19	 -1.11	  0.00	 -1.57	  2.19	 -1.11	
  0.00	  1.00	 -1.58	 -0.00	  1.00	 -1.58	 -0.00	 -1.57	  2.19	 -1.11	  0.00	 -1.57	  2.19	 -1.11	
  0.00	  1.00	 -1.58	 -0.00	  1.00	 -1.58	 -0.00	 -1.57	  2.19	 -1.11	  0.00	 -1.57	  2.19	 -1.11	
  0.00	  1.00	 -1.57	 -0.00	  1.00	 -1.57	 -0.00	 -1.57	  2.19	 -1.11	  0.00	 -1.57	  2.19	 -1.11	
  0.00	  0.99	 -1.57	 -0.00	  0.99	 -1.57	 -0.00	 -1.57	  2.19	 -1.11	  0.00	 -1.57	  2.19	 -1.11	
  0.00	  0.99	 -1.57	 -0.00	  0.99	 -1.57	 -0.00	 -1.57	  2.19	 -1.10	  0.00	 -1.57	  2.19	 -1.10	
  0.00	  0.99	 -1.57	 -0.00	  0.99	 -1.57	 -0.00	 -1.57	  2.19	 -1.10	  0.00	 -1.57	  2.19	 -1.10	
  0.00	  0.99	 -1.57	 -0.00	  0.99	 -1.57	 -0.00	 -1.57	  2.19	 -1.10	  0.00	 -1.57	  2.19	 -1.10	
  0.00	  0.99	 -1.57	 -0.00	  0.99	 -1.57	 -0.00	 -1.57	  2.19	 -1.10	  0.00	 -1.57	  2.19	 -1.10	
  0.00	  0.99	 -1.57	 -0.00	  0.99	 -1.57	 -0.00	 -1.57	  2.18	 -1.10	  0.00	 -1.57	  2.18	 -1.10	
  0.00	  0.99	 -1.57	 -0.00	  0.99	 -1.57	 -0.00	 -1.57	  2.18	 -1.10	  0.00	 -1.57	  2.18	 -1.10	
  0.00	  0.99	 -1.57	 -0.00	  0.99	 -1.57	 -0.00	 -1.57	  2.18	 -1.09	  0.00	 -1.57	  2.18	 -1.09	
  0.00	  0.99	 -1.56	 -0.00	  0.99	 -1.56	 -0.00	 -1.57	  2.18	 -1.09	  0.00	 -1.57	  2.18	 -1.09	
  0.00	  0.99	 -1.56	 -0.00	  0.99	 -1.56	 -0.00	 -1.57	  2.18	 -1.09	  0.00	 -1.57	  2.18	 -1.09	
  0.00	  0.99	 -1.56	 -0.00	  0.99	 -1.56	 -0.00	 -1.57	  2.18	 -1.09	  0.00	 -1.57	  2.18	 -1.09	
  0.00	  0.99	 -1.56	 -0.00	  0.99	 -1.56	 -0.00	 -1.57	  2.18	 -1.09	  0.00	 -1.57	  2.18	 -1.09	
  0.00	  0.99	 -1.56	 -0.00	  0.99	 -1.56	 -0.00	 -1.57	  2.18	 -1.09	  0.00	 -1.57	  2.18	 -1.09	
  0.00	  0.99	 -1.56	 -0.00	  0.99	 -1.56	 -0.00	 -1.57	  2.18	 -1.08	  0.00	 -1.57	  2.18	 -1.08	
  0.00	  0.99	 -1.56	 -0.00	  0.99	 -1.56	 -0.00	 -1.57	  2.18	 -1.08	  0.00	 -1.57	  2.18	 -1.08	
  0.00	  0.98	 -1.56	 -0.00	  0.98	 -1.56	 -0.00	 -1.57	  2.18	 -1.08	  0.00	 -1.57	  2.18	 -1.08	
  0.00	  0.98	 -1.56	 -0.00	  0.98	 -1.56	 -0.00	 -1.57	  2.18	 -1.08	  0.00	 -1.57	  2.18	 -1.08	
  0.00	  0.98	 -1.56	 -0.00	  0.98	 -1.56	 -0.00	 -1.57	  2.17	 -1.08	  0.00	 -1.57	  2.17	 -1.08	
  0.00	  0.98	 -1.55	 -0.00	  0.98	 -1.55	 -0.00	 -1.57	  2.17	 -1.07	  0.00	 -1.57	  2.17	 -1.07	
  0.00	  0.98	 -1.55	 -0.00	  0.98	 -1.55	 -0.00	 -1.57	  2.17	 -1.07	  0.00	 -1.57	  2.17	 -1.07	
  0.00	  0.98	 -1.55	 -0.00	  0.98	 -1.55	 -0.00	 -1.57	  2.17	 -1.07	  0.00	 -1.57	  2.17	 -1.07	
  0.00	  0.98	 -1.55	 -0.00	  0.98	 -1.55	 -0.00	 -1.57	  2.17	 -1.07	  0.00	 -1.57	  2.17	 -1.07	
  0.00	  0.98	 -1.55	 -0.00	  0.98	 -1.55	 -0.00	 -1.57	  2.17	 -1.07	  0.00	 -1.57	  2.17	 -1.07	
  0.00	  0.98	 -1.55	 -0.00	  0.98	 -1.55	 -0.00	 -1.57	  2.17	 -1.07	  0.00	 -1.57	  2.17	 -1.07	
  0.00	  0.98	 -1.55	 -0.00	  0.98	 -1.55	 -0.00	 -1.57	  2.17	 -1.06	  0.00	 -1.57	  2.17	 -1.06	
  0.00	  0.98	 -1.55	 -0.00	  0.98	 -1.55	 -0.00	 -1.57	  2.17	 -1.06	  0.00	 -1.57	  2.17	 -1.06	
  0.00	  0.98	 -1.55	 -0.00	  0.98	 -1.55	 -0.00	 -1.57	  2.17	 -1.06	  0.00	 -1.57	  2.17	 -1.06	
  0.00	  0.98	 -1.54	 -0.00	  0.98	 -1.54	 -0.00	 -1.57	  2.17	 -1.06	  0.00	 -1.57	  2.17	 -1.06	
  0.00	  0.98	 -1.54	 -0.00	  0.98	 -1.54	 -0.00	 -1.57	  2.17	 -1.06	  0.00	 -1.57	  2.17	 -1.06	
  0.00	  0.98	 -1.54	 -0.00	  0.98	 -1.54	 -0.00	 -1.57	  2.16	 -1.05	  0.00	 -1.57	  2.16	 -1.05	
  0.00	  0.97	 -1.54	 -0.00	  0.97	 -1.54	 -0.00	 -1.57	  2.16	 -1.05	  0.00	 -1.57	  2.16	 -1.05	
  0.00	  0.97	 -1.54	 -0.00	  0.97	 -1.54	 -0.00	 -1.57	  2.16	 -1.05	  0.00	 -1.57	  2.16	 -1.05	
  0.00	  0.97	 -1.54	 -0.00	  0.97	 -1.54	 -0.00	 -1.57	  2.16	 -1.05	  0.00	 -1.57	  2.16	 -1.05	
  0.00	  0.97	 -1.54	 -0.00	  0.97	 -1.54	 -0.00	 -1.57	  2.16	 -1.05	  0.00	 -1.57	  2.16	 -1.05	
  0.00	  0.97	 -1.54	 -0.00	  0.97	 -1.54	 -0.00	 -1.57	  2.16	 -1.05	  0.00	 -1.57	  2.16	 -1.05	
  0.00	  0.97	 -1.54	 -0.00	  0.97	 -1.54	 -0.00	 -1.57	  2.16	 -1.04	  0.00	 -1.57	  2.16	 -1.04	
  0.00	  0.97	 -1.53	 -0.00	  0.97	 -1.53	 -0.00	 -1.57	  2.16	 -1.04	  0.00	 -1.57	  2.16	 -1.04	
  0.00	  0.97	 -1.53	 -0.00	  0.97	 -1.53	 -0.00	 -1.57	  2.16	 -1.04	  0.00	 -1.57	  2.16	 -1.04	
  0.00	  0.97	 -1.53	 -0.00	  0.97	 -1.53	 -0.00	 -1.57	  2.16	 -1.04	  0.00	 -1.57	  2.16	 -1.04	
  0.00	  0.97	 -1.53	 -0.00	  0.97	 -1.53	 -0.00	 -1.57	  2.16	 -1.04	  0.00	 -1.57	  2.16	 -1.04	
  0.00	  0.97	 -1.53	 -0.00	  0.97	 -1.53	 -0.00	 -1.57	  2.16	 -1.03	  0.00	 -1.57	  2.16	 -1.03	
  0.00	  0.97	 -1.53	 -0.00	  0.97	 -1.53	 -0.00	 -1.57	  2.15	 -1.03	  0.00	 -1.57	  2.15	 -1.03	
  0.00	  0.97	 -1.53	 -0.00	  0.97	 -1.53	 -0.00	 -1.57	  2.15	 -1.03	  0.00	 -1.57	  2.15	 -1.03	
  0.00	  0.97	 -1.53	 -0.00	  0.97	 -1.53	 -0.00	 -1.57	  2.15	 -1.03	  0.00	 -1.57	  2.15	 -1.03	
  0.00	  0.96	 -1.53	 -0.00	  0.96	 -1.53	 -0.00	 -1.57	  2.15	 -1.03	  0.00	 -1.57	  2.15	 -1.03	
  0.00	  0.96	 -1.52	 -0.00	  0.96	 -1.52	 -0.00	 -1.57	  2.15	 -1.02	  0.00	 -1.57	  2.15	 -1.02	
  0.00	  0.96	 -1.52	 -0.00	  0.96	 -1.52	 -0.00	 -1.57	  2.15	 -1.02	  0.00	 -1.57	  2.15	 -1.02	
  0.00	  0.96	 -1.52	 -0.00	  0.96	 -1.52	 -0.00	 -1.57	  2.15	 -1.02	  0.00	 -1.57	  2.15	 -1.02	
  0.00	  0.96	 -1.52	 -0.00	  0.96	 -1.52	 -0.00	 -1.57	  2.15	 -1.02	  0.00	 -1.57	  2.15	 -1.02	
  0.00	  0.96	 -1.52	 -0.00	  0.96	 -1.52	 -0.00	 -1.57	  2.15	 -1.02	  0.00	 -1.57	  2.15	 -1.02	
  0.00	  0.96	 -1.52	 -0.00	  0.96	 -1.52	 -0.00	 -1.57	  2.15	 -1.02	  0.00	 -1.57	  2.15	 -1.02	
  0.00	  0.96	 -1.52	 -0.00	  0.96	 -1.52	 -0.00	 -1.57	  2.15	 -1.01	  0.00	 -1.57	  2.15	 -1.01	
  0.00	  0.96	 -1.52	 -0.00	  0.96	 -1.52	 -0.00	 -1.57	  2.15	 -1.01	  0.00	 -1.57	  2.15	 -1.01	
  0.00	  0.96	 -1.52	 -0.00	  0.96	 -1.52	 -0.00	 -1.57	  2.14	 -1.01	  0.00	 -1.57	  2.14	 -1.01	
  0.00	  0.96	 -1.52	 -0.00	  0.96	 -1.52	 -0.00	 -1.57	  2.14	 -1.01	  0.00	 -1.57	  2.14	 -1.01	
  0.00	  0.96	 -1.51	 -0.00	  0.96	 -1.51	 -0.00	 -1.57	  2.14	 -1.01	  0.00	 -1.57	  2.14	 -1.01	
  0.00	  0.96	 -1.51	 -0.00	  0.96	 -1.51	 -0.00	 -1.57	  2.14	 -1.00	  0.00	 -1.57	  2.14	 -1.00	
  0.00	  0.96	 -1.51	 -0.00	  0.96	 -1.51	 -0.00	 -1.57	  2.14	 -1.00	  0.00	 -1.57	  2.14	 -1.00	
  0.00	  0.96	 -1.51	 -0.00	  0.96	 -1.51	 -0.00	 -1.57	  2.14	 -1.00	  0.00	 -1.57	  2.14	 -1.00	
  0.00	  0.95	 -1.51	 -0.00	  0.95	 -1.51	 -0.00	 -1.57	  2.14	 -1.00	  0.00	 -1.57	  2.14	 -1.00	
  0.00	  0.95	 -1.51	 -0.00	  0.95	 -1.51	 -0.00	 -1.57	  2.14	 -1.00	  0.00	 -1.57	  2.14	 -1.00	
  0.00	  0.95	 -1.51	 -0.00	  0.95	 -1.51	 -0.00	 -1.57	  2.14	 -0.99	  0.00	 -1.57	  2.14	 -0.99	
  0.00	  0.95	 -1.51	 -0.00	  0.95	 -1.51	 -0.00	 -1.57	  2.14	 -0.99	  0.00	 -1.57	  2.14	 -0.99	
  0.00	  0.95	 -1.51	 -0.00	  0.95	 -1.51	 -0.00	 -1.57	  2.14	 -0.99	  0.00	 -1.57	  2.14	 -0.99	
  0.00	  0.95	 -1.50	 -0.00	  0.95	 -1.50	 -0.00	 -1.57	  2.13	 -0.99	  0.00	 -1.57	  2.13	 -0.99	
  0.00	  0.95	 -1.50	 -0.00	  0.95	 -1.50	 -0.00	 -1.57	  2.13	 -0.99	  0.00	 -1.57	  2.13	 -0.99	
  0.00	  0.95	 -1.50	 -0.00	  0.95	 -1.50	 -0.00	 -1.57	  2.13	 -0.98	  0.00	 -1.57	  2.13	 -0.98	
  0.00	  0.95	 -1.50	 -0.00	  0.95	 -1.50	 -0.00	 -1.57	  2.13	 -0.98	  0.00	 -1.57	  2.13	 -0.98	
  0.00	  0.95	 -1.50	 -0.00	  0.95	 -1.50	 -0.00	 -1.57	  2.13	 -0.98	  0.00	 -1.57	  2.13	 -0.98	
  0.00	  0.95	 -1.50	 -0.00	  0.95	 -1.50	 -0.00	 -1.57	  2.13	 -0.98	  0.00	 -1.57	  2.13	 -0.98	
  0.00	  0.95	 -1.50	 -0.00	  0.95	 -1.50	 -0.00	 -1.57	  2.13	 -0.98	  0.00	 -1.57	  2.13	 -0.98	
  0.00	  0.95	 -1.50	 -0.00	  0.95	 -1.50	 -0.00	 -1.57	  2.13	 -0.97	  0.00	 -1.57	  2.13	 -0.97	
  0.00	  0.95	 -1.50	 -0.00	  0.95	 -1.50	 -0.00	 -1.57	  2.13	 -0.97	  0.00	 -1.57	  2.13	 -0.97	
  0.00	  0.94	 -1.49	 -0.00	  0.94	 -1.49	 -0.00	 -1.57	  2.13	 -0.97	  0.00	 -1.57	  2.13	 -0.97	
  0.00	  0.94	 -1.49	 -0.00	  0.94	 -1.49	 -0.00	 -1.57	  2.13	 -0.97	  0.00	 -1.57	  2.13	 -0.97	
  0.00	  0.94	 -1.49	 -0.00	  0.94	 -1.49	 -0.00	 -1.57	  2.12	 -0.97	  0.00	 -1.57	  2.12	 -0.97	
  0.00	  0.94	 -1.49	 -0.00	  0.94	 -1.49	 -0.00	 -1.57	  2.12	 -0.96	  0.00	 -1.57	  2.12	 -0.96	
  0.00	  0.94	 -1.49	 -0.00	  0.94	 -1.49	 -0.00	 -1.57	  2.12	 -0.96	  0.00	 -1.57	  2.12	 -0.96	
  0.00	  0.94	 -1.49	 -0.00	  0.94	 -1.49	 -0.00	 -1.57	  2.12	 -0.96	  0.00	 -1.57	  2.12	 -0.96	
  0.00	  0.94	 -1.49	 -0.00	  0.94	 -1.49	 -0.00	 -1.57	  2.12	 -0.96	  0.00	 -1.57	  2.12	 -0.96	
  0.00	  0.94	 -1.49	 -0.00	  0.94	 -1.49	 -0.00	 -1.57	  2.12	 -0.96	  0.00	 -1.57	  2.12	 -0.96	
  0.00	  0.94	 -1.49	 -0.00	  0.94	 -1.49	 -0.00	 -1.57	  2.12	 -0.95	  0.00	 -1.57	  2.12	 -0.95	
  0.00	  0.94	 -1.48	 -0.00	  0.94	 -1.48	 -0.00	 -1.57	  2.12	 -0.95	  0.00	 -1.57	  2.12	 -0.95	
  0.00	  0.94	 -1.48	 -0.00	  0.94	 -1.48	 -0.00	 -1.57	  2.12	 -0.95	  0.00	 -1.57	  2.12	 -0.95	
  0.00	  0.94	 -1.48	 -0.00	  0.94	 -1.48	 -0.00	 -1.57	  2.12	 -0.95	  0.00	 -1.57	  2.12	 -0.95	
  0.00	  0.94	 -1.48	 -0.00	  0.94	 -1.48	 -0.00	 -1.57	  2.12	 -0.95	  0.00	 -1.57	  2.12	 -0.95	
  0.00	  0.94	 -1.48	 -0.00	  0.94	 -1.48	 -0.00	 -1.57	  2.11	 -0.94	  0.00	 -1.57	  2.11	 -0.94	
  0.00	  0.94	 -1.48	 -0.00	  0.94	 -1.48	 -0.00	 -1.57	  2.11	 -0.94	  0.00	 -1.57	  2.11	 -0.94	
  0.00	  0.93	 -1.48	 -0.00	  0.93	 -1.48	 -0.00	 -1.57	  2.11	 -0.94	  0.00	 -1.57	  2.11	 -0.94	
  0.00	  0.93	 -1.48	 -0.00	  0.93	 -1.48	 -0.00	 -1.57	  2.11	 -0.94	  0.00	 -1.57	  2.11	 -0.94	
  0.00	  0.93	 -1.47	 -0.00	  0.93	 -1.47	 -0.00	 -1.57	  2.11	 -0.94	  0.00	 -1.57	  2.11	 -0.94	
  0.00	  0.93	 -1.47	 -0.00	  0.93	 -1.47	 -0.00	 -1.57	  2.11	 -0.93	  0.00	 -1.57	  2.11	 -0.93	
  0.00	  0.93	 -1.47	 -0.00	  0.93	 -1.47	 -0.00	 -1.57	  2.11	 -0.93	  0.00	 -1.57	  2.11	 -0.93	
  0.00	  0.93	 -1.47	 -0.00	  0.93	 -1.47	 -0.00	 -1.57	  2.11	 -0.93	  0.00	 -1.57	  2.11	 -0.93	
  0.00	  0.93	 -1.47	 -0.00	  0.93	 -1.47	 -0.00	 -1.57	  2.11	 -0.93	  0.00	 -1.57	  2.11	 -0.93	
  0.00	  0.93	 -1.47	 -0.00	  0.93	 -1.47	 -0.00	 -1.57	  2.11	 -0.93	  0.00	 -1.57	  2.11	 -0.93	
  0.00	  0.93	 -1.47	 -0.00	  0.93	 -1.47	 -0.00	 -1.57	  2.11	 -0.92	  0.00	 -1.57	  2.11	 -0.92	
  0.00	  0.93	 -1.47	 -0.00	  0.93	 -1.47	 -0.00	 -1.57	  2.10	 -0.92	  0.00	 -1.57	  2.10	 -0.92	
  0.00	  0.93	 -1.47	 -0.00	  0.93	 -1.47	 -0.00	 -1.57	  2.10	 -0.92	  0.00	 -1.57	  2.10	 -0.92	
  0.00	  0.93	 -1.46	 -0.00	  0.93	 -1.46	 -0.00	 -1.57	  2.10	 -0.92	  0.00	 -1.57	  2.10	 -0.92	
  0.00	  0.93	 -1.46	 -0.00	  0.93	 -1.46	 -0.00	 -1.57	  2.10	 -0.92	  0.00	 -1.57	  2.10	 -0.92	
  0.00	  0.93	 -1.46	 -0.00	  0.93	 -1.46	 -0.00	 -1.57	  2.10	 -0.91	  0.00	 -1.57	  2.10	 -0.91	
  0.00	  0.92	 -1.46	 -0.00	  0.92	 -1.46	 -0.00	 -1.57	  2.10	 -0.91	  0.00	 -1.57	  2.10	 -0.91	
  0.00	  0.92	 -1.46	 -0.00	  0.92	 -1.46	 -0.00	 -1.57	  2.10	 -0.91	  0.00	 -1.57	  2.10	 -0.91	
  0.00	  0.92	 -1.46	 -0.00	  0.92	 -1.46	 -0.00	 -1.57	  2.10	 -0.91	  0.00	 -1.57	  2.10	 -0.91	
  0.00	  0.92	 -1.46	 -0.00	  0.92	 -1.46	 -0.00	 -1.57	  2.10	 -0.91	  0.00	 -1.57	  2.10	 -0.91	
  0.00	  0.92	 -1.46	 -0.00	  0.92	 -1.46	 -0.00	 -1.57	  2.10	 -0.90	  0.00	 -1.57	  2.10	 -0.90	
  0.00	  0.92	 -1.46	 -0.00	  0.92	 -1.46	 -0.00	 -1.57	  2.10	 -0.90	  0.00	 -1.57	  2.10	 -0.90	
  0.00	  0.92	 -1.45	 -0.00	  0.92	 -1.45	 -0.00	 -1.57	  2.09	 -0.90	  0.00	 -1.57	  2.09	 -0.90	
  0.00	  0.92	 -1.45	 -0.00	  0.92	 -1.45	 -0.00	 -1.57	  2.09	 -0.90	  0.00	 -1.57	  2.09	 -0.90	
  0.00	  0.92	 -1.45	 -0.00	  0.92	 -1.45	 -0.00	 -1.57	  2.09	 -0.89	  0.00	 -1.57	  2.09	 -0.89	
  0.00	  0.92	 -1.45	 -0.00	  0.92	 -1.45	 -0.00	 -1.57	  2.09	 -0.89	  0.00	 -1.57	  2.09	 -0.89	
  0.00	  0.92	 -1.45	 -0.00	  0.92	 -1.45	 -0.00	 -1.57	  2.09	 -0.89	  0.00	 -1.57	  2.09	 -0.89	
  0.00	  0.92	 -1.45	 -0.00	  0.92	 -1.45	 -0.00	 -1.57	  2.09	 -0.89	  0.00	 -1.57	  2.09	 -0.89	
  0.00	  0.92	 -1.45	 -0.00	  0.92	 -1.45	 -0.00	 -1.57	  2.09	 -0.89	  0.00	 -1.57	  2.09	 -0.89	
  0.00	  0.92	 -1.45	 -0.00	  0.92	 -1.45	 -0.00	 -1.57	  2.09	 -0.88	  0.00	 -1.57	  2.09	 -0.88	
  0.00	  0.91	 -1.45	 -0.00	  0.91	 -1.45	 -0.00	 -1.57	  2.09	 -0.88	  0.00	 -1.57	  2.09	 -0.88	
  0.00	  0.91	 -1.44	 -0.00	  0.91	 -1.44	 -0.00	 -1.57	  2.09	 -0.88	  0.00	 -1.57	  2.09	 -0.88	
  0.00	  0.91	 -1.44	 -0.00	  0.91	 -1.44	 -0.00	 -1.57	  2.08	 -0.88	  0.00	 -1.57	  2.08	 -0.88	
  0.00	  0.91	 -1.44	 -0.00	  0.91	 -1.44	 -0.00	 -1.57	  2.08	 -0.88	  0.00	 -1.57	  2.08	 -0.88	
  0.00	  0.91	 -1.44	 -0.00	  0.91	 -1.44	 -0.00	 -1.57	  2.08	 -0.87	  0.00	 -1.57	  2.08	 -0.87	
  0.00	  0.91	 -1.44	 -0.00	  0.91	 -1.44	 -0.00	 -1.57	  2.08	 -0.87	  0.00	 -1.57	  2.08	 -0.87	
  0.00	  0.91	 -1.44	 -0.00	  0.91	 -1.44	 -0.00	 -1.57	  2.08	 -0.87	  0.00	 -1.57	  2.08	 -0.87	
  0.00	  0.91	 -1.44	 -0.00	  0.91	 -1.44	 -0.00	 -1.57	  2.08	 -0.87	  0.00	 -1.57	  2.08	 -0.87	
  0.00	  0.91	 -1.44	 -0.00	  0.91	 -1.44	 -0.00	 -1.57	  2.08	 -0.86	  0.00	 -1.57	  2.08	 -0.86	
  0.00	  0.91	 -1.44	 -0.00	  0.91	 -1.44	 -0.00	 -1.57	  2.08	 -0.86	  0.00	 -1.57	  2.08	 -0.86	
  0.00	  0.91	 -1.43	 -0.00	  0.91	 -1.43	 -0.00	 -1.57	  2.08	 -0.86	  0.00	 -1.57	  2.08	 -0.86	
  0.00	  0.91	 -1.43	 -0.00	  0.91	 -1.43	 -0.00	 -1.57	  2.08	 -0.86	  0.00	 -1.57	  2.08	 -0.86	
  0.00	  0.91	 -1.43	 -0.00	  0.91	 -1.43	 -0.00	 -1.57	  2.07	 -0.86	  0.00	 -1.57	  2.07	 -0.86	
  0.00	  0.91	 -1.43	 -0.00	  0.91	 -1.43	 -0.00	 -1.57	  2.07	 -0.85	  0.00	 -1.57	  2.07	 -0.85	
  0.00	  0.90	 -1.43	 -0.00	  0.90	 -1.43	 -0.00	 -1.57	  2.07	 -0.85	  0.00	 -1.57	  2.07	 -0.85	
  0.00	  0.90	 -1.43	 -0.00	  0.90	 -1.43	 -0.00	 -1.57	  2.07	 -0.85	  0.00	 -1.57	  2.07	 -0.85	
  0.00	  0.90	 -1.43	 -0.00	  0.90	 -1.43	 -0.00	 -1.57	  2.07	 -0.85	  0.00	 -1.57	  2.07	 -0.85	
  0.00	  0.90	 -1.43	 -0.00	  0.90	 -1.43	 -0.00	 -1.57	  2.07	 -0.84	  0.00	 -1.57	  2.07	 -0.84	
  0.00	  0.90	 -1.42	 -0.00	  0.90	 -1.42	 -0.00	 -1.57	  2.07	 -0.84	  0.00	 -1.57	  2.07	 -0.84	
  0.00	  0.90	 -1.42	 -0.00	  0.90	 -1.42	 -0.00	 -1.57	  2.07	 -0.84	  0.00	 -1.57	  2.07	 -0.84	
  0.00	  0.90	 -1.42	 -0.00	  0.90	 -1.42	 -0.00	 -1.57	  2.07	 -0.84	  0.00	 -1.57	  2.07	 -0.84	
  0.00	  0.90	 -1.42	 -0.00	  0.90	 -1.42	 -0.00	 -1.57	  2.07	 -0.84	  0.00	 -1.57	  2.07	 -0.84	
  0.00	  0.90	 -1.42	 -0.00	  0.90	 -1.42	 -0.00	 -1.57	  2.06	 -0.83	  0.00	 -1.57	  2.06	 -0.83	
  0.00	  0.90	 -1.42	 -0.00	  0.90	 -1.42	 -0.00	 -1.57	  2.06	 -0.83	  0.00	 -1.57	  2.06	 -0.83	
  0.00	  0.90	 -1.42	 -0.00	  0.90	 -1.42	 -0.00	 -1.57	  2.06	 -0.83	  0.00	 -1.57	  2.06	 -0.83	
  0.00	  0.90	 -1.42	 -0.00	  0.90	 -1.42	 -0.00	 -1.57	  2.06	 -0.83	  0.00	 -1.57	  2.06	 -0.83	
  0.00	  0.90	 -1.42	 -0.00	  0.90	 -1.42	 -0.00	 -1.57	  2.06	 -0.82	  0.00	 -1.57	  2.06	 -0.82	
  0.00	  0.90	 -1.41	 -0.00	  0.90	 -1.41	 -0.00	 -1.57	  2.06	 -0.82	  0.00	 -1.57	  2.06	 -0.82	
  0.00	  0.89	 -1.41	 -0.00	  0.89	 -1.41	 -0.00	 -1.57	  2.06	 -0.82	  0.00	 -1.57	  2.06	 -0.82	
  0.00	  0.89	 -1.41	 -0.00	  0.89	 -1.41	 -0.00	 -1.57	  2.06	 -0.82	  0.00	 -1.57	  2.06	 -0.82	
  0.00	  0.89	 -1.41	 -0.00	  0.89	 -1.41	 -0.00	 -1.57	  2.06	 -0.81	  0.00	 -1.57	  2.06	 -0.81	
  0.00	  0.89	 -1.41	 -0.00	  0.89	 -1.41	 -0.00	 -1.57	  2.05	 -0.81	  0.00	 -1.57	  2.05	 -0.81	
  0.00	  0.89	 -1.41	 -0.00	  0.89	 -1.41	 -0.00	 -1.57	  2.05	 -0.81	  0.00	 -1.57	  2.05	 -0.81	
  0.00	  0.89	 -1.41	 -0.00	  0.89	 -1.41	 -0.00	 -1.57	  2.05	 -0.81	  0.00	 -1.57	  2.05	 -0.81	
  0.00	  0.89	 -1.41	 -0.00	  0.89	 -1.41	 -0.00	 -1.57	  2.05	 -0.81	  0.00	 -1.57	  2.05	 -0.81	
  0.00	  0.89	 -1.41	 -0.00	  0.89	 -1.41	 -0.00	 -1.57	  2.05	 -0.80	  0.00	 -1.57	  2.05	 -0.80	
  0.00	  0.89	 -1.40	 -0.00	  0.89	 -1.40	 -0.00	 -1.57	  2.05	 -0.80	  0.00	 -1.57	  2.05	 -0.80	
  0.00	  0.89	 -1.40	 -0.00	  0.89	 -1.40	 -0.00	 -1.57	  2.05	 -0.80	  0.00	 -1.57	  2.05	 -0.80	
