 -0.00	  1.22	 -2.09	 -0.00	  1.22	 -2.09	 -0.00	 -1.32	  2.78	 -1.63	 -0.00	 -1.32	  2.78	 -1.63	
 -0.00	  1.22	 -2.09	 -0.00	  1.22	 -2.09	 -0.00	 -1.32	  2.78	 -1.64	 -0.00	 -1.32	  2.78	 -1.64	
 -0.00	  1.23	 -2.09	 -0.00	  1.23	 -2.09	 -0.00	 -1.31	  2.78	 -1.64	 -0.00	 -1.31	  2.78	 -1.64	
 -0.00	  1.23	 -2.09	 -0.00	  1.23	 -2.09	 -0.00	 -1.31	  2.78	 -1.65	 -0.00	 -1.31	  2.78	 -1.65	
 -0.00	  1.23	 -2.09	 -0.00	  1.23	 -2.09	 -0.00	 -1.30	  2.78	 -1.65	 -0.00	 -1.30	  2.78	 -1.65	
 -0.00	  1.23	 -2.10	 -0.00	  1.23	 -2.10	 -0.00	 -1.30	  2.78	 -1.65	 -0.00	 -1.30	  2.78	 -1.65	
 -0.00	  1.23	 -2.10	 -0.00	  1.23	 -2.10	 -0.00	 -1.29	  2.78	 -1.66	 -0.00	 -1.29	  2.78	 -1.66	
 -0.00	  1.23	 -2.10	 -0.00	  1.23	 -2.10	 -0.00	 -1.29	  2.78	 -1.66	 -0.00	 -1.29	  2.78	 -1.66	
 -0.00	  1.24	 -2.10	 -0.00	  1.24	 -2.10	 -0.00	 -1.28	  2.77	 -1.67	 -0.00	 -1.28	  2.77	 -1.67	
 -0.00	  1.24	 -2.10	 -0.00	  1.24	 -2.10	 -0.00	 -1.28	  2.77	 -1.67	 -0.00	 -1.28	  2.77	 -1.67	
 -0.00	  1.24	 -2.10	 -0.00	  1.24	 -2.10	 -0.00	 -1.27	  2.77	 -1.68	 -0.00	 -1.27	  2.77	 -1.68	
 -0.00	  1.24	 -2.10	 -0.00	  1.24	 -2.10	 -0.00	 -1.26	  2.77	 -1.68	 -0.00	 -1.26	  2.77	 -1.68	
 -0.00	  1.24	 -2.10	 -0.00	  1.24	 -2.10	 -0.00	 -1.26	  2.77	 -1.69	 -0.00	 -1.26	  2.77	 -1.69	
 -0.00	  1.24	 -2.10	 -0.00	  1.24	 -2.10	 -0.00	 -1.25	  2.77	 -1.69	 -0.00	 -1.25	  2.77	 -1.69	
 -0.00	  1.25	 -2.10	 -0.00	  1.25	 -2.10	 -0.00	 -1.25	  2.77	 -1.70	 -0.00	 -1.25	  2.77	 -1.70	
 -0.00	  1.25	 -2.10	 -0.00	  1.25	 -2.10	 -0.00	 -1.24	  2.77	 -1.70	 -0.00	 -1.24	  2.77	 -1.70	
 -0.00	  1.25	 -2.10	 -0.00	  1.25	 -2.10	 -0.00	 -1.23	  2.77	 -1.71	 -0.00	 -1.23	  2.77	 -1.71	
 -0.00	  1.25	 -2.10	 -0.00	  1.25	 -2.10	 -0.00	 -1.23	  2.77	 -1.71	 -0.00	 -1.23	  2.77	 -1.71	
 -0.00	  1.25	 -2.10	 -0.00	  1.25	 -2.10	 -0.00	 -1.22	  2.76	 -1.72	 -0.00	 -1.22	  2.76	 -1.72	
 -0.00	  1.26	 -2.10	 -0.00	  1.26	 -2.10	 -0.00	 -1.22	  2.76	 -1.72	 -0.00	 -1.22	  2.76	 -1.72	
 -0.00	  1.26	 -2.10	 -0.00	  1.26	 -2.10	 -0.00	 -1.21	  2.76	 -1.73	 -0.00	 -1.21	  2.76	 -1.73	
 -0.00	  1.26	 -2.10	 -0.00	  1.26	 -2.10	 -0.00	 -1.20	  2.76	 -1.73	 -0.00	 -1.20	  2.76	 -1.73	
 -0.00	  1.26	 -2.10	 -0.00	  1.26	 -2.10	 -0.00	 -1.20	  2.76	 -1.74	 -0.00	 -1.20	  2.76	 -1.74	
 -0.00	  1.26	 -2.10	 -0.00	  1.26	 -2.10	 -0.00	 -1.19	  2.76	 -1.74	 -0.00	 -1.19	  2.76	 -1.74	
 -0.00	  1.26	 -2.10	 -0.00	  1.26	 -2.10	 -0.00	 -1.18	  2.76	 -1.75	 -0.00	 -1.18	  2.76	 -1.75	
 -0.00	  1.27	 -2.10	 -0.00	  1.27	 -2.10	 -0.00	 -1.18	  2.76	 -1.75	 -0.00	 -1.18	  2.76	 -1.75	
 -0.00	  1.27	 -2.10	 -0.00	  1.27	 -2.10	 -0.00	 -1.17	  2.75	 -1.76	 -0.00	 -1.17	  2.75	 -1.76	
 -0.00	  1.27	 -2.10	 -0.00	  1.27	 -2.10	 -0.00	 -1.16	  2.75	 -1.76	 -0.00	 -1.16	  2.75	 -1.76	
 -0.00	  1.27	 -2.10	 -0.00	  1.27	 -2.10	 -0.00	 -1.16	  2.75	 -1.77	 -0.00	 -1.16	  2.75	 -1.77	
 -0.00	  1.27	 -2.10	 -0.00	  1.27	 -2.10	 -0.00	 -1.15	  2.75	 -1.77	 -0.00	 -1.15	  2.75	 -1.77	
 -0.00	  1.28	 -2.10	 -0.00	  1.28	 -2.10	 -0.00	 -1.14	  2.75	 -1.78	 -0.00	 -1.14	  2.75	 -1.78	
 -0.00	  1.28	 -2.10	 -0.00	  1.28	 -2.10	 -0.00	 -1.14	  2.75	 -1.78	 -0.00	 -1.14	  2.75	 -1.78	
 -0.00	  1.28	 -2.10	 -0.00	  1.28	 -2.10	 -0.00	 -1.13	  2.75	 -1.79	 -0.00	 -1.13	  2.75	 -1.79	
 -0.00	  1.28	 -2.10	 -0.00	  1.28	 -2.10	 -0.00	 -1.12	  2.74	 -1.79	 -0.00	 -1.12	  2.74	 -1.79	
 -0.00	  1.28	 -2.10	 -0.00	  1.28	 -2.10	 -0.00	 -1.12	  2.74	 -1.80	 -0.00	 -1.12	  2.74	 -1.80	
 -0.00	  1.29	 -2.10	 -0.00	  1.29	 -2.10	 -0.00	 -1.11	  2.74	 -1.81	 -0.00	 -1.11	  2.74	 -1.81	
 -0.00	  1.29	 -2.10	 -0.00	  1.29	 -2.10	 -0.00	 -1.10	  2.74	 -1.81	 -0.00	 -1.10	  2.74	 -1.81	
 -0.00	  1.29	 -2.10	 -0.00	  1.29	 -2.10	 -0.00	 -1.10	  2.74	 -1.82	 -0.00	 -1.10	  2.74	 -1.82	
 -0.00	  1.29	 -2.10	 -0.00	  1.29	 -2.10	 -0.00	 -1.09	  2.74	 -1.82	 -0.00	 -1.09	  2.74	 -1.82	
 -0.00	  1.29	 -2.10	 -0.00	  1.29	 -2.10	 -0.00	 -1.08	  2.73	 -1.83	 -0.00	 -1.08	  2.73	 -1.83	
 -0.00	  1.30	 -2.10	 -0.00	  1.30	 -2.10	 -0.00	 -1.08	  2.73	 -1.83	 -0.00	 -1.08	  2.73	 -1.83	
 -0.00	  1.30	 -2.10	 -0.00	  1.30	 -2.10	 -0.00	 -1.07	  2.73	 -1.84	 -0.00	 -1.07	  2.73	 -1.84	
 -0.00	  1.30	 -2.10	 -0.00	  1.30	 -2.10	 -0.00	 -1.06	  2.73	 -1.84	 -0.00	 -1.06	  2.73	 -1.84	
 -0.00	  1.30	 -2.10	 -0.00	  1.30	 -2.10	 -0.00	 -1.06	  2.73	 -1.85	 -0.00	 -1.06	  2.73	 -1.85	
 -0.00	  1.30	 -2.10	 -0.00	  1.30	 -2.10	 -0.00	 -1.05	  2.73	 -1.85	 -0.00	 -1.05	  2.73	 -1.85	
 -0.00	  1.31	 -2.10	 -0.00	  1.31	 -2.10	 -0.00	 -1.04	  2.72	 -1.86	 -0.00	 -1.04	  2.72	 -1.86	
 -0.00	  1.31	 -2.10	 -0.00	  1.31	 -2.10	 -0.00	 -1.03	  2.72	 -1.86	 -0.00	 -1.03	  2.72	 -1.86	
 -0.00	  1.31	 -2.10	 -0.00	  1.31	 -2.10	 -0.00	 -1.03	  2.72	 -1.87	 -0.00	 -1.03	  2.72	 -1.87	
 -0.00	  1.31	 -2.10	 -0.00	  1.31	 -2.10	 -0.00	 -1.02	  2.72	 -1.87	 -0.00	 -1.02	  2.72	 -1.87	
 -0.00	  1.31	 -2.10	 -0.00	  1.31	 -2.10	 -0.00	 -1.01	  2.72	 -1.88	 -0.00	 -1.01	  2.72	 -1.88	
 -0.00	  1.32	 -2.10	 -0.00	  1.32	 -2.10	 -0.00	 -1.01	  2.71	 -1.88	 -0.00	 -1.01	  2.71	 -1.88	
 -0.00	  1.32	 -2.10	 -0.00	  1.32	 -2.10	 -0.00	 -1.00	  2.71	 -1.89	 -0.00	 -1.00	  2.71	 -1.89	
 -0.00	  1.32	 -2.10	 -0.00	  1.32	 -2.10	 -0.00	 -0.99	  2.71	 -1.89	 -0.00	 -0.99	  2.71	 -1.89	
 -0.00	  1.32	 -2.10	 -0.00	  1.32	 -2.10	 -0.00	 -0.99	  2.71	 -1.90	 -0.00	 -0.99	  2.71	 -1.90	
 -0.00	  1.32	 -2.09	 -0.00	  1.32	 -2.09	 -0.00	 -0.98	  2.71	 -1.90	 -0.00	 -0.98	  2.71	 -1.90	
 -0.00	  1.33	 -2.09	 -0.00	  1.33	 -2.09	 -0.00	 -0.97	  2.70	 -1.91	 -0.00	 -0.97	  2.70	 -1.91	
 -0.00	  1.33	 -2.09	 -0.00	  1.33	 -2.09	 -0.00	 -0.97	  2.70	 -1.91	 -0.00	 -0.97	  2.70	 -1.91	
 -0.00	  1.33	 -2.09	 -0.00	  1.33	 -2.09	 -0.00	 -0.96	  2.70	 -1.92	 -0.00	 -0.96	  2.70	 -1.92	
 -0.00	  1.33	 -2.09	 -0.00	  1.33	 -2.09	 -0.00	 -0.95	  2.70	 -1.92	 -0.00	 -0.95	  2.70	 -1.92	
 -0.00	  1.33	 -2.09	 -0.00	  1.33	 -2.09	 -0.00	 -0.95	  2.70	 -1.92	 -0.00	 -0.95	  2.70	 -1.92	
 -0.00	  1.34	 -2.09	 -0.00	  1.34	 -2.09	 -0.00	 -0.94	  2.69	 -1.93	 -0.00	 -0.94	  2.69	 -1.93	
 -0.00	  1.34	 -2.09	 -0.00	  1.34	 -2.09	 -0.00	 -0.93	  2.69	 -1.93	 -0.00	 -0.93	  2.69	 -1.93	
 -0.00	  1.34	 -2.09	 -0.00	  1.34	 -2.09	 -0.00	 -0.93	  2.69	 -1.94	 -0.00	 -0.93	  2.69	 -1.94	
 -0.00	  1.34	 -2.09	 -0.00	  1.34	 -2.09	 -0.00	 -0.92	  2.69	 -1.94	 -0.00	 -0.92	  2.69	 -1.94	
 -0.00	  1.34	 -2.09	 -0.00	  1.34	 -2.09	 -0.00	 -0.91	  2.68	 -1.95	 -0.00	 -0.91	  2.68	 -1.95	
 -0.00	  1.35	 -2.09	 -0.00	  1.35	 -2.09	 -0.00	 -0.91	  2.68	 -1.95	 -0.00	 -0.91	  2.68	 -1.95	
 -0.00	  1.35	 -2.09	 -0.00	  1.35	 -2.09	 -0.00	 -0.90	  2.68	 -1.96	 -0.00	 -0.90	  2.68	 -1.96	
 -0.00	  1.35	 -2.09	 -0.00	  1.35	 -2.09	 -0.00	 -0.89	  2.68	 -1.96	 -0.00	 -0.89	  2.68	 -1.96	
 -0.00	  1.35	 -2.09	 -0.00	  1.35	 -2.09	 -0.00	 -0.89	  2.68	 -1.96	 -0.00	 -0.89	  2.68	 -1.96	
 -0.00	  1.35	 -2.09	 -0.00	  1.35	 -2.09	 -0.00	 -0.88	  2.67	 -1.97	 -0.00	 -0.88	  2.67	 -1.97	
 -0.00	  1.36	 -2.09	 -0.00	  1.36	 -2.09	 -0.00	 -0.87	  2.67	 -1.97	 -0.00	 -0.87	  2.67	 -1.97	
 -0.00	  1.36	 -2.09	 -0.00	  1.36	 -2.09	 -0.00	 -0.87	  2.67	 -1.98	 -0.00	 -0.87	  2.67	 -1.98	
 -0.00	  1.36	 -2.09	 -0.00	  1.36	 -2.09	 -0.00	 -0.86	  2.67	 -1.98	 -0.00	 -0.86	  2.67	 -1.98	
 -0.00	  1.36	 -2.09	 -0.00	  1.36	 -2.09	 -0.00	 -0.85	  2.66	 -1.98	 -0.00	 -0.85	  2.66	 -1.98	
 -0.00	  1.36	 -2.09	 -0.00	  1.36	 -2.09	 -0.00	 -0.85	  2.66	 -1.99	 -0.00	 -0.85	  2.66	 -1.99	
 -0.00	  1.36	 -2.09	 -0.00	  1.36	 -2.09	 -0.00	 -0.84	  2.66	 -1.99	 -0.00	 -0.84	  2.66	 -1.99	
 -0.00	  1.37	 -2.09	 -0.00	  1.37	 -2.09	 -0.00	 -0.84	  2.66	 -2.00	 -0.00	 -0.84	  2.66	 -2.00	
 -0.00	  1.37	 -2.08	 -0.00	  1.37	 -2.08	 -0.00	 -0.83	  2.66	 -2.00	 -0.00	 -0.83	  2.66	 -2.00	
 -0.00	  1.37	 -2.08	 -0.00	  1.37	 -2.08	 -0.00	 -0.82	  2.65	 -2.00	 -0.00	 -0.82	  2.65	 -2.00	
 -0.00	  1.37	 -2.08	 -0.00	  1.37	 -2.08	 -0.00	 -0.82	  2.65	 -2.01	 -0.00	 -0.82	  2.65	 -2.01	
 -0.00	  1.37	 -2.08	 -0.00	  1.37	 -2.08	 -0.00	 -0.81	  2.65	 -2.01	 -0.00	 -0.81	  2.65	 -2.01	
 -0.00	  1.38	 -2.08	 -0.00	  1.38	 -2.08	 -0.00	 -0.81	  2.65	 -2.01	 -0.00	 -0.81	  2.65	 -2.01	
 -0.00	  1.38	 -2.08	 -0.00	  1.38	 -2.08	 -0.00	 -0.80	  2.64	 -2.02	 -0.00	 -0.80	  2.64	 -2.02	
 -0.00	  1.38	 -2.08	 -0.00	  1.38	 -2.08	 -0.00	 -0.79	  2.64	 -2.02	 -0.00	 -0.79	  2.64	 -2.02	
 -0.00	  1.38	 -2.08	 -0.00	  1.38	 -2.08	 -0.00	 -0.79	  2.64	 -2.02	 -0.00	 -0.79	  2.64	 -2.02	
 -0.00	  1.38	 -2.08	 -0.00	  1.38	 -2.08	 -0.00	 -0.78	  2.64	 -2.03	 -0.00	 -0.78	  2.64	 -2.03	
 -0.00	  1.38	 -2.08	 -0.00	  1.38	 -2.08	 -0.00	 -0.78	  2.63	 -2.03	 -0.00	 -0.78	  2.63	 -2.03	
 -0.00	  1.39	 -2.08	 -0.00	  1.39	 -2.08	 -0.00	 -0.77	  2.63	 -2.03	 -0.00	 -0.77	  2.63	 -2.03	
 -0.00	  1.39	 -2.08	 -0.00	  1.39	 -2.08	 -0.00	 -0.77	  2.63	 -2.04	 -0.00	 -0.77	  2.63	 -2.04	
 -0.00	  1.39	 -2.08	 -0.00	  1.39	 -2.08	 -0.00	 -0.76	  2.63	 -2.04	 -0.00	 -0.76	  2.63	 -2.04	
 -0.00	  1.39	 -2.08	 -0.00	  1.39	 -2.08	 -0.00	 -0.75	  2.62	 -2.04	 -0.00	 -0.75	  2.62	 -2.04	
 -0.00	  1.39	 -2.07	 -0.00	  1.39	 -2.07	 -0.00	 -0.75	  2.62	 -2.05	 -0.00	 -0.75	  2.62	 -2.05	
 -0.00	  1.39	 -2.07	 -0.00	  1.39	 -2.07	 -0.00	 -0.74	  2.62	 -2.05	 -0.00	 -0.74	  2.62	 -2.05	
 -0.00	  1.39	 -2.07	 -0.00	  1.39	 -2.07	 -0.00	 -0.74	  2.62	 -2.05	 -0.00	 -0.74	  2.62	 -2.05	
 -0.00	  1.40	 -2.07	 -0.00	  1.40	 -2.07	 -0.00	 -0.73	  2.61	 -2.06	 -0.00	 -0.73	  2.61	 -2.06	
 -0.00	  1.40	 -2.07	 -0.00	  1.40	 -2.07	 -0.00	 -0.73	  2.61	 -2.06	 -0.00	 -0.73	  2.61	 -2.06	
 -0.00	  1.40	 -2.07	 -0.00	  1.40	 -2.07	 -0.00	 -0.72	  2.61	 -2.06	 -0.00	 -0.72	  2.61	 -2.06	
 -0.00	  1.40	 -2.07	 -0.00	  1.40	 -2.07	 -0.00	 -0.72	  2.61	 -2.06	 -0.00	 -0.72	  2.61	 -2.06	
 -0.00	  1.40	 -2.07	 -0.00	  1.40	 -2.07	 -0.00	 -0.71	  2.61	 -2.07	 -0.00	 -0.71	  2.61	 -2.07	
 -0.00	  1.40	 -2.07	 -0.00	  1.40	 -2.07	 -0.00	 -0.71	  2.60	 -2.07	 -0.00	 -0.71	  2.60	 -2.07	
 -0.00	  1.41	 -2.07	 -0.00	  1.41	 -2.07	 -0.00	 -0.70	  2.60	 -2.07	 -0.00	 -0.70	  2.60	 -2.07	
 -0.00	  1.41	 -2.07	 -0.00	  1.41	 -2.07	 -0.00	 -0.70	  2.60	 -2.07	 -0.00	 -0.70	  2.60	 -2.07	
 -0.00	  1.41	 -2.07	 -0.00	  1.41	 -2.07	 -0.00	 -0.69	  2.60	 -2.08	 -0.00	 -0.69	  2.60	 -2.08	
 -0.00	  1.41	 -2.07	 -0.00	  1.41	 -2.07	 -0.00	 -0.69	  2.59	 -2.08	 -0.00	 -0.69	  2.59	 -2.08	
 -0.00	  1.41	 -2.06	 -0.00	  1.41	 -2.06	 -0.00	 -0.68	  2.59	 -2.08	 -0.00	 -0.68	  2.59	 -2.08	
 -0.00	  1.41	 -2.06	 -0.00	  1.41	 -2.06	 -0.00	 -0.68	  2.59	 -2.08	 -0.00	 -0.68	  2.59	 -2.08	
 -0.00	  1.41	 -2.06	 -0.00	  1.41	 -2.06	 -0.00	 -0.67	  2.59	 -2.09	 -0.00	 -0.67	  2.59	 -2.09	
 -0.00	  1.41	 -2.06	 -0.00	  1.41	 -2.06	 -0.00	 -0.67	  2.58	 -2.09	 -0.00	 -0.67	  2.58	 -2.09	
 -0.00	  1.42	 -2.06	 -0.00	  1.42	 -2.06	 -0.00	 -0.66	  2.58	 -2.09	 -0.00	 -0.66	  2.58	 -2.09	
 -0.00	  1.42	 -2.06	 -0.00	  1.42	 -2.06	 -0.00	 -0.66	  2.58	 -2.09	 -0.00	 -0.66	  2.58	 -2.09	
 -0.00	  1.42	 -2.06	 -0.00	  1.42	 -2.06	 -0.00	 -0.66	  2.58	 -2.10	 -0.00	 -0.66	  2.58	 -2.10	
 -0.00	  1.42	 -2.06	 -0.00	  1.42	 -2.06	 -0.00	 -0.65	  2.57	 -2.10	 -0.00	 -0.65	  2.57	 -2.10	
 -0.00	  1.42	 -2.06	 -0.00	  1.42	 -2.06	 -0.00	 -0.65	  2.57	 -2.10	 -0.00	 -0.65	  2.57	 -2.10	
 -0.00	  1.42	 -2.06	 -0.00	  1.42	 -2.06	 -0.00	 -0.64	  2.57	 -2.10	 -0.00	 -0.64	  2.57	 -2.10	
 -0.00	  1.42	 -2.06	 -0.00	  1.42	 -2.06	 -0.00	 -0.64	  2.57	 -2.10	 -0.00	 -0.64	  2.57	 -2.10	
 -0.00	  1.42	 -2.05	 -0.00	  1.42	 -2.05	 -0.00	 -0.63	  2.57	 -2.11	 -0.00	 -0.63	  2.57	 -2.11	
 -0.00	  1.43	 -2.05	 -0.00	  1.43	 -2.05	 -0.00	 -0.63	  2.56	 -2.11	 -0.00	 -0.63	  2.56	 -2.11	
 -0.00	  1.43	 -2.05	 -0.00	  1.43	 -2.05	 -0.00	 -0.63	  2.56	 -2.11	 -0.00	 -0.63	  2.56	 -2.11	
 -0.00	  1.43	 -2.05	 -0.00	  1.43	 -2.05	 -0.00	 -0.62	  2.56	 -2.11	 -0.00	 -0.62	  2.56	 -2.11	
 -0.00	  1.43	 -2.05	 -0.00	  1.43	 -2.05	 -0.00	 -0.62	  2.56	 -2.11	 -0.00	 -0.62	  2.56	 -2.11	
 -0.00	  1.43	 -2.05	 -0.00	  1.43	 -2.05	 -0.00	 -0.61	  2.55	 -2.11	 -0.00	 -0.61	  2.55	 -2.11	
 -0.00	  1.43	 -2.05	 -0.00	  1.43	 -2.05	 -0.00	 -0.61	  2.55	 -2.12	 -0.00	 -0.61	  2.55	 -2.12	
 -0.00	  1.43	 -2.05	 -0.00	  1.43	 -2.05	 -0.00	 -0.61	  2.55	 -2.12	 -0.00	 -0.61	  2.55	 -2.12	
 -0.00	  1.43	 -2.05	 -0.00	  1.43	 -2.05	 -0.00	 -0.60	  2.55	 -2.12	 -0.00	 -0.60	  2.55	 -2.12	
 -0.00	  1.43	 -2.05	 -0.00	  1.43	 -2.05	 -0.00	 -0.60	  2.55	 -2.12	 -0.00	 -0.60	  2.55	 -2.12	
 -0.00	  1.43	 -2.05	 -0.00	  1.43	 -2.05	 -0.00	 -0.60	  2.54	 -2.12	 -0.00	 -0.60	  2.54	 -2.12	
 -0.00	  1.44	 -2.04	 -0.00	  1.44	 -2.04	 -0.00	 -0.59	  2.54	 -2.12	 -0.00	 -0.59	  2.54	 -2.12	
 -0.00	  1.44	 -2.04	 -0.00	  1.44	 -2.04	 -0.00	 -0.59	  2.54	 -2.13	 -0.00	 -0.59	  2.54	 -2.13	
 -0.00	  1.44	 -2.04	 -0.00	  1.44	 -2.04	 -0.00	 -0.58	  2.54	 -2.13	 -0.00	 -0.58	  2.54	 -2.13	
 -0.00	  1.44	 -2.04	 -0.00	  1.44	 -2.04	 -0.00	 -0.58	  2.53	 -2.13	 -0.00	 -0.58	  2.53	 -2.13	
 -0.00	  1.44	 -2.04	 -0.00	  1.44	 -2.04	 -0.00	 -0.58	  2.53	 -2.13	 -0.00	 -0.58	  2.53	 -2.13	
 -0.00	  1.44	 -2.04	 -0.00	  1.44	 -2.04	 -0.00	 -0.57	  2.53	 -2.13	 -0.00	 -0.57	  2.53	 -2.13	
 -0.00	  1.44	 -2.04	 -0.00	  1.44	 -2.04	 -0.00	 -0.57	  2.53	 -2.13	 -0.00	 -0.57	  2.53	 -2.13	
 -0.00	  1.44	 -2.04	 -0.00	  1.44	 -2.04	 -0.00	 -0.57	  2.53	 -2.13	 -0.00	 -0.57	  2.53	 -2.13	
 -0.00	  1.44	 -2.04	 -0.00	  1.44	 -2.04	 -0.00	 -0.57	  2.52	 -2.13	 -0.00	 -0.57	  2.52	 -2.13	
 -0.00	  1.44	 -2.04	 -0.00	  1.44	 -2.04	 -0.00	 -0.56	  2.52	 -2.14	 -0.00	 -0.56	  2.52	 -2.14	
 -0.00	  1.44	 -2.04	 -0.00	  1.44	 -2.04	 -0.00	 -0.56	  2.52	 -2.14	 -0.00	 -0.56	  2.52	 -2.14	
 -0.00	  1.44	 -2.03	 -0.00	  1.44	 -2.03	 -0.00	 -0.56	  2.52	 -2.14	 -0.00	 -0.56	  2.52	 -2.14	
 -0.00	  1.45	 -2.03	 -0.00	  1.45	 -2.03	 -0.00	 -0.55	  2.52	 -2.14	 -0.00	 -0.55	  2.52	 -2.14	
 -0.00	  1.45	 -2.03	 -0.00	  1.45	 -2.03	 -0.00	 -0.55	  2.52	 -2.14	 -0.00	 -0.55	  2.52	 -2.14	
 -0.00	  1.45	 -2.03	 -0.00	  1.45	 -2.03	 -0.00	 -0.55	  2.51	 -2.14	 -0.00	 -0.55	  2.51	 -2.14	
 -0.00	  1.45	 -2.03	 -0.00	  1.45	 -2.03	 -0.00	 -0.55	  2.51	 -2.14	 -0.00	 -0.55	  2.51	 -2.14	
 -0.00	  1.45	 -2.03	 -0.00	  1.45	 -2.03	 -0.00	 -0.54	  2.51	 -2.14	 -0.00	 -0.54	  2.51	 -2.14	
 -0.00	  1.45	 -2.03	 -0.00	  1.45	 -2.03	 -0.00	 -0.54	  2.51	 -2.14	 -0.00	 -0.54	  2.51	 -2.14	
 -0.00	  1.45	 -2.03	 -0.00	  1.45	 -2.03	 -0.00	 -0.54	  2.51	 -2.14	 -0.00	 -0.54	  2.51	 -2.14	
 -0.00	  1.45	 -2.03	 -0.00	  1.45	 -2.03	 -0.00	 -0.53	  2.50	 -2.14	 -0.00	 -0.53	  2.50	 -2.14	
 -0.00	  1.45	 -2.03	 -0.00	  1.45	 -2.03	 -0.00	 -0.53	  2.50	 -2.14	 -0.00	 -0.53	  2.50	 -2.15	
 -0.00	  1.45	 -2.03	 -0.00	  1.45	 -2.03	 -0.00	 -0.53	  2.50	 -2.15	 -0.00	 -0.53	  2.50	 -2.15	
 -0.00	  1.45	 -2.02	 -0.00	  1.45	 -2.02	 -0.00	 -0.53	  2.50	 -2.15	 -0.00	 -0.53	  2.50	 -2.15	
 -0.00	  1.45	 -2.02	 -0.00	  1.45	 -2.02	 -0.00	 -0.53	  2.50	 -2.15	 -0.00	 -0.53	  2.50	 -2.15	
 -0.00	  1.45	 -2.02	 -0.00	  1.45	 -2.02	 -0.00	 -0.52	  2.50	 -2.15	 -0.00	 -0.52	  2.50	 -2.15	
 -0.00	  1.45	 -2.02	 -0.00	  1.45	 -2.02	 -0.00	 -0.52	  2.50	 -2.15	 -0.00	 -0.52	  2.50	 -2.15	
 -0.00	  1.45	 -2.02	 -0.00	  1.45	 -2.02	 -0.00	 -0.52	  2.49	 -2.15	 -0.00	 -0.52	  2.49	 -2.15	
 -0.00	  1.45	 -2.02	 -0.00	  1.45	 -2.02	 -0.00	 -0.52	  2.49	 -2.15	 -0.00	 -0.52	  2.49	 -2.15	
 -0.00	  1.46	 -2.02	 -0.00	  1.45	 -2.02	 -0.00	 -0.52	  2.49	 -2.15	 -0.00	 -0.52	  2.49	 -2.15	
 -0.00	  1.46	 -2.02	 -0.00	  1.45	 -2.02	 -0.00	 -0.51	  2.49	 -2.15	 -0.00	 -0.51	  2.49	 -2.15	
 -0.00	  1.46	 -2.02	 -0.00	  1.46	 -2.02	 -0.00	 -0.51	  2.49	 -2.15	 -0.00	 -0.51	  2.49	 -2.15	
 -0.00	  1.46	 -2.02	 -0.00	  1.46	 -2.02	 -0.00	 -0.51	  2.49	 -2.15	 -0.00	 -0.51	  2.49	 -2.15	
 -0.00	  1.46	 -2.02	 -0.00	  1.46	 -2.02	 -0.00	 -0.51	  2.48	 -2.15	 -0.00	 -0.51	  2.49	 -2.15	
 -0.00	  1.46	 -2.02	 -0.00	  1.46	 -2.02	 -0.00	 -0.51	  2.48	 -2.15	 -0.00	 -0.51	  2.49	 -2.16	
 -0.00	  1.46	 -2.02	 -0.00	  1.46	 -2.02	 -0.00	 -0.50	  2.48	 -2.15	 -0.00	 -0.50	  2.49	 -2.16	
 -0.00	  1.46	 -2.02	 -0.00	  1.46	 -2.01	 -0.00	 -0.50	  2.48	 -2.15	 -0.00	 -0.50	  2.49	 -2.16	
 -0.00	  1.46	 -2.02	 -0.00	  1.46	 -2.01	 -0.00	 -0.50	  2.48	 -2.15	 -0.00	 -0.50	  2.49	 -2.16	
 -0.00	  1.46	 -2.02	 -0.00	  1.46	 -2.01	 -0.00	 -0.50	  2.48	 -2.15	 -0.00	 -0.50	  2.48	 -2.16	
 -0.00	  1.46	 -2.02	 -0.00	  1.46	 -2.01	 -0.00	 -0.50	  2.48	 -2.15	 -0.00	 -0.50	  2.48	 -2.16	
 -0.00	  1.46	 -2.02	 -0.00	  1.46	 -2.01	 -0.00	 -0.50	  2.48	 -2.15	 -0.00	 -0.49	  2.48	 -2.16	
 -0.00	  1.47	 -2.02	 -0.00	  1.46	 -2.01	 -0.00	 -0.50	  2.47	 -2.15	 -0.00	 -0.49	  2.48	 -2.17	
 -0.00	  1.47	 -2.02	 -0.00	  1.46	 -2.01	 -0.00	 -0.49	  2.47	 -2.15	 -0.00	 -0.49	  2.48	 -2.17	
 -0.00	  1.47	 -2.02	 -0.00	  1.46	 -2.01	 -0.00	 -0.49	  2.47	 -2.15	 -0.00	 -0.49	  2.48	 -2.17	
 -0.00	  1.47	 -2.02	 -0.00	  1.46	 -2.01	 -0.00	 -0.49	  2.47	 -2.15	 -0.00	 -0.49	  2.48	 -2.17	
 -0.00	  1.47	 -2.03	 -0.00	  1.46	 -2.01	 -0.00	 -0.49	  2.47	 -2.15	 -0.00	 -0.49	  2.49	 -2.17	
 -0.00	  1.47	 -2.03	 -0.00	  1.46	 -2.01	 -0.00	 -0.49	  2.47	 -2.15	 -0.00	 -0.49	  2.49	 -2.17	
 -0.00	  1.47	 -2.03	 -0.00	  1.46	 -2.01	 -0.00	 -0.49	  2.47	 -2.15	 -0.00	 -0.48	  2.49	 -2.18	
 -0.00	  1.47	 -2.03	 -0.00	  1.46	 -2.01	 -0.00	 -0.49	  2.47	 -2.16	 -0.00	 -0.48	  2.49	 -2.18	
 -0.00	  1.48	 -2.03	 -0.00	  1.46	 -2.01	 -0.00	 -0.49	  2.47	 -2.16	 -0.00	 -0.48	  2.49	 -2.18	
 -0.00	  1.48	 -2.03	 -0.00	  1.46	 -2.00	 -0.00	 -0.48	  2.47	 -2.16	 -0.00	 -0.48	  2.49	 -2.18	
 -0.00	  1.48	 -2.03	 -0.00	  1.46	 -2.00	 -0.00	 -0.48	  2.46	 -2.16	 -0.00	 -0.48	  2.49	 -2.19	
 -0.00	  1.48	 -2.04	 -0.00	  1.46	 -2.00	 -0.00	 -0.48	  2.46	 -2.16	 -0.00	 -0.48	  2.49	 -2.19	
 -0.00	  1.48	 -2.04	 -0.00	  1.46	 -2.00	 -0.00	 -0.48	  2.46	 -2.16	 -0.00	 -0.48	  2.49	 -2.19	
 -0.00	  1.48	 -2.04	 -0.00	  1.46	 -2.00	 -0.00	 -0.48	  2.46	 -2.16	 -0.00	 -0.48	  2.49	 -2.19	
 -0.00	  1.49	 -2.04	 -0.00	  1.46	 -2.00	 -0.00	 -0.48	  2.46	 -2.16	 -0.00	 -0.47	  2.50	 -2.20	
 -0.00	  1.49	 -2.04	 -0.00	  1.46	 -2.00	 -0.00	 -0.48	  2.46	 -2.16	 -0.00	 -0.47	  2.50	 -2.20	
 -0.00	  1.49	 -2.05	 -0.00	  1.46	 -2.00	 -0.00	 -0.48	  2.46	 -2.16	 -0.00	 -0.47	  2.50	 -2.20	
 -0.00	  1.49	 -2.05	 -0.00	  1.46	 -2.00	 -0.00	 -0.48	  2.46	 -2.16	 -0.00	 -0.47	  2.50	 -2.20	
 -0.00	  1.49	 -2.05	 -0.00	  1.46	 -2.00	 -0.00	 -0.48	  2.46	 -2.16	 -0.00	 -0.47	  2.50	 -2.21	
 -0.00	  1.49	 -2.06	 -0.00	  1.46	 -2.00	 -0.00	 -0.48	  2.46	 -2.16	 -0.00	 -0.47	  2.50	 -2.21	
 -0.00	  1.50	 -2.06	 -0.00	  1.46	 -2.00	 -0.00	 -0.47	  2.46	 -2.16	 -0.00	 -0.47	  2.51	 -2.21	
 -0.00	  1.50	 -2.06	 -0.00	  1.46	 -2.00	 -0.00	 -0.47	  2.45	 -2.16	 -0.00	 -0.47	  2.51	 -2.22	
 -0.00	  1.50	 -2.06	 -0.00	  1.46	 -2.00	 -0.00	 -0.47	  2.45	 -2.16	 -0.00	 -0.47	  2.51	 -2.22	
 -0.00	  1.50	 -2.07	 -0.00	  1.46	 -2.00	 -0.00	 -0.47	  2.45	 -2.16	 -0.00	 -0.47	  2.51	 -2.22	
 -0.00	  1.50	 -2.07	 -0.00	  1.46	 -2.00	 -0.00	 -0.47	  2.45	 -2.16	 -0.00	 -0.47	  2.52	 -2.23	
 -0.00	  1.50	 -2.07	 -0.00	  1.46	 -2.00	 -0.00	 -0.47	  2.45	 -2.15	 -0.00	 -0.47	  2.52	 -2.23	
 -0.00	  1.51	 -2.08	 -0.00	  1.46	 -2.00	 -0.00	 -0.47	  2.45	 -2.15	 -0.00	 -0.47	  2.52	 -2.23	
 -0.00	  1.51	 -2.08	 -0.00	  1.46	 -1.99	 -0.00	 -0.47	  2.45	 -2.15	 -0.00	 -0.46	  2.53	 -2.23	
 -0.00	  1.51	 -2.08	 -0.00	  1.46	 -1.99	 -0.00	 -0.47	  2.45	 -2.15	 -0.00	 -0.46	  2.53	 -2.24	
 -0.00	  1.51	 -2.09	 -0.00	  1.46	 -1.99	 -0.00	 -0.47	  2.45	 -2.15	 -0.00	 -0.46	  2.53	 -2.24	
 -0.00	  1.51	 -2.09	 -0.00	  1.46	 -1.99	 -0.00	 -0.47	  2.45	 -2.15	 -0.00	 -0.46	  2.53	 -2.24	
 -0.00	  1.52	 -2.09	 -0.00	  1.46	 -1.99	 -0.00	 -0.47	  2.45	 -2.15	 -0.00	 -0.46	  2.54	 -2.25	
 -0.00	  1.52	 -2.10	 -0.00	  1.46	 -1.99	 -0.00	 -0.47	  2.45	 -2.15	 -0.00	 -0.46	  2.54	 -2.25	
 -0.00	  1.52	 -2.10	 -0.00	  1.46	 -1.99	 -0.00	 -0.47	  2.45	 -2.15	 -0.00	 -0.46	  2.54	 -2.25	
 -0.00	  1.52	 -2.10	 -0.00	  1.46	 -1.99	 -0.00	 -0.47	  2.45	 -2.15	 -0.00	 -0.47	  2.55	 -2.26	
 -0.00	  1.52	 -2.11	 -0.00	  1.46	 -1.99	 -0.00	 -0.47	  2.45	 -2.15	 -0.00	 -0.47	  2.55	 -2.26	
 -0.00	  1.52	 -2.11	 -0.00	  1.46	 -1.99	 -0.00	 -0.47	  2.45	 -2.15	 -0.00	 -0.47	  2.56	 -2.26	
 -0.00	  1.53	 -2.12	 -0.00	  1.46	 -1.99	 -0.00	 -0.47	  2.44	 -2.15	 -0.00	 -0.47	  2.56	 -2.27	
 -0.00	  1.53	 -2.12	 -0.00	  1.46	 -1.99	 -0.00	 -0.47	  2.44	 -2.15	 -0.00	 -0.47	  2.56	 -2.27	
 -0.00	  1.53	 -2.12	 -0.00	  1.46	 -1.99	 -0.00	 -0.47	  2.44	 -2.15	 -0.00	 -0.47	  2.57	 -2.27	
 -0.00	  1.53	 -2.13	 -0.00	  1.46	 -1.99	 -0.00	 -0.47	  2.44	 -2.15	 -0.00	 -0.47	  2.57	 -2.28	
 -0.00	  1.53	 -2.13	 -0.00	  1.46	 -1.99	 -0.00	 -0.46	  2.44	 -2.15	 -0.00	 -0.47	  2.58	 -2.28	
 -0.00	  1.53	 -2.14	 -0.00	  1.46	 -1.99	 -0.00	 -0.46	  2.44	 -2.15	 -0.00	 -0.47	  2.58	 -2.28	
 -0.00	  1.53	 -2.14	 -0.00	  1.46	 -1.99	 -0.00	 -0.46	  2.44	 -2.15	 -0.00	 -0.47	  2.58	 -2.29	
 -0.00	  1.54	 -2.14	 -0.00	  1.46	 -1.99	 -0.00	 -0.46	  2.44	 -2.15	 -0.00	 -0.48	  2.59	 -2.29	
 -0.00	  1.54	 -2.15	 -0.00	  1.46	 -1.99	 -0.00	 -0.46	  2.44	 -2.15	 -0.00	 -0.48	  2.59	 -2.29	
 -0.00	  1.54	 -2.15	 -0.00	  1.46	 -1.99	 -0.00	 -0.46	  2.44	 -2.15	 -0.00	 -0.48	  2.60	 -2.29	
 -0.00	  1.54	 -2.16	 -0.00	  1.46	 -1.99	 -0.00	 -0.46	  2.44	 -2.15	 -0.00	 -0.48	  2.60	 -2.30	
 -0.00	  1.54	 -2.16	 -0.00	  1.46	 -1.99	 -0.00	 -0.46	  2.44	 -2.15	 -0.00	 -0.48	  2.61	 -2.30	
 -0.00	  1.54	 -2.16	 -0.00	  1.46	 -1.99	 -0.00	 -0.46	  2.44	 -2.15	 -0.00	 -0.49	  2.61	 -2.30	
 -0.00	  1.54	 -2.17	 -0.00	  1.46	 -1.99	 -0.00	 -0.46	  2.44	 -2.15	 -0.00	 -0.49	  2.62	 -2.30	
 -0.00	  1.54	 -2.17	 -0.00	  1.46	 -1.99	 -0.00	 -0.46	  2.44	 -2.15	 -0.00	 -0.49	  2.62	 -2.30	
 -0.00	  1.54	 -2.18	 -0.00	  1.46	 -1.99	 -0.00	 -0.46	  2.44	 -2.15	 -0.00	 -0.50	  2.63	 -2.31	
 -0.00	  1.54	 -2.18	 -0.00	  1.46	 -1.98	 -0.00	 -0.46	  2.44	 -2.15	 -0.00	 -0.50	  2.63	 -2.31	
 -0.00	  1.54	 -2.18	 -0.00	  1.46	 -1.98	 -0.00	 -0.46	  2.44	 -2.15	 -0.00	 -0.50	  2.64	 -2.31	
 -0.00	  1.54	 -2.19	 -0.00	  1.46	 -1.98	 -0.00	 -0.46	  2.44	 -2.15	 -0.00	 -0.51	  2.64	 -2.31	
 -0.00	  1.54	 -2.19	 -0.00	  1.46	 -1.98	 -0.00	 -0.46	  2.44	 -2.15	 -0.00	 -0.51	  2.65	 -2.31	
 -0.00	  1.54	 -2.19	 -0.00	  1.46	 -1.98	 -0.00	 -0.46	  2.44	 -2.15	 -0.00	 -0.52	  2.65	 -2.31	
 -0.00	  1.54	 -2.20	 -0.00	  1.46	 -1.98	 -0.00	 -0.46	  2.44	 -2.15	 -0.00	 -0.52	  2.66	 -2.31	
 -0.00	  1.54	 -2.20	 -0.00	  1.46	 -1.98	 -0.00	 -0.46	  2.44	 -2.15	 -0.00	 -0.53	  2.66	 -2.31	
 -0.00	  1.54	 -2.21	 -0.00	  1.46	 -1.98	 -0.00	 -0.46	  2.44	 -2.15	 -0.00	 -0.53	  2.67	 -2.31	
 -0.00	  1.54	 -2.21	 -0.00	  1.46	 -1.98	 -0.00	 -0.46	  2.44	 -2.15	 -0.00	 -0.54	  2.68	 -2.31	
 -0.00	  1.54	 -2.21	 -0.00	  1.46	 -1.98	 -0.00	 -0.46	  2.44	 -2.15	 -0.00	 -0.54	  2.68	 -2.31	
 -0.00	  1.54	 -2.22	 -0.00	  1.46	 -1.98	 -0.00	 -0.46	  2.44	 -2.15	 -0.00	 -0.55	  2.69	 -2.31	
 -0.00	  1.53	 -2.22	 -0.00	  1.46	 -1.98	 -0.00	 -0.46	  2.44	 -2.15	 -0.00	 -0.56	  2.69	 -2.31	
 -0.00	  1.53	 -2.22	 -0.00	  1.46	 -1.98	 -0.00	 -0.46	  2.44	 -2.15	 -0.00	 -0.57	  2.70	 -2.31	
 -0.00	  1.53	 -2.23	 -0.00	  1.46	 -1.98	 -0.00	 -0.46	  2.44	 -2.15	 -0.00	 -0.57	  2.70	 -2.31	
 -0.00	  1.53	 -2.23	 -0.00	  1.46	 -1.98	 -0.00	 -0.46	  2.44	 -2.15	 -0.00	 -0.58	  2.71	 -2.30	
 -0.00	  1.53	 -2.23	 -0.00	  1.46	 -1.98	 -0.00	 -0.46	  2.44	 -2.15	 -0.00	 -0.59	  2.72	 -2.30	
 -0.00	  1.52	 -2.23	 -0.00	  1.46	 -1.98	 -0.00	 -0.46	  2.44	 -2.15	 -0.00	 -0.60	  2.72	 -2.30	
 -0.00	  1.52	 -2.24	 -0.00	  1.46	 -1.98	 -0.00	 -0.46	  2.44	 -2.15	 -0.00	 -0.61	  2.73	 -2.29	
 -0.00	  1.52	 -2.24	 -0.00	  1.46	 -1.98	 -0.00	 -0.46	  2.44	 -2.15	 -0.00	 -0.62	  2.74	 -2.29	
 -0.00	  1.52	 -2.24	 -0.00	  1.46	 -1.98	 -0.00	 -0.46	  2.44	 -2.15	 -0.00	 -0.63	  2.74	 -2.28	
 -0.00	  1.51	 -2.24	 -0.00	  1.46	 -1.98	 -0.00	 -0.46	  2.44	 -2.15	 -0.00	 -0.64	  2.75	 -2.28	
 -0.00	  1.51	 -2.25	 -0.00	  1.46	 -1.98	 -0.00	 -0.46	  2.44	 -2.15	 -0.00	 -0.66	  2.75	 -2.27	
 -0.00	  1.51	 -2.25	 -0.00	  1.46	 -1.98	 -0.00	 -0.46	  2.44	 -2.15	 -0.00	 -0.67	  2.76	 -2.27	
 -0.00	  1.50	 -2.25	 -0.00	  1.46	 -1.98	 -0.00	 -0.46	  2.44	 -2.15	 -0.00	 -0.68	  2.77	 -2.26	
 -0.00	  1.50	 -2.25	 -0.00	  1.46	 -1.98	 -0.00	 -0.46	  2.44	 -2.15	 -0.00	 -0.70	  2.77	 -2.25	
 -0.00	  1.49	 -2.26	 -0.00	  1.46	 -1.98	 -0.00	 -0.46	  2.44	 -2.15	 -0.00	 -0.71	  2.78	 -2.25	
 -0.00	  1.49	 -2.26	 -0.00	  1.46	 -1.98	 -0.00	 -0.46	  2.44	 -2.15	 -0.00	 -0.73	  2.79	 -2.24	
 -0.00	  1.49	 -2.26	 -0.00	  1.46	 -1.98	 -0.00	 -0.46	  2.44	 -2.15	 -0.00	 -0.74	  2.79	 -2.23	
 -0.00	  1.48	 -2.26	 -0.00	  1.46	 -1.98	 -0.00	 -0.46	  2.44	 -2.15	 -0.00	 -0.76	  2.80	 -2.22	
 -0.00	  1.48	 -2.26	 -0.00	  1.46	 -1.98	 -0.00	 -0.46	  2.44	 -2.15	 -0.00	 -0.78	  2.81	 -2.21	
 -0.00	  1.47	 -2.26	 -0.00	  1.46	 -1.98	 -0.00	 -0.46	  2.43	 -2.15	 -0.00	 -0.80	  2.82	 -2.19	
 -0.00	  1.47	 -2.27	 -0.00	  1.46	 -1.98	 -0.00	 -0.46	  2.43	 -2.15	 -0.00	 -0.82	  2.82	 -2.18	
 -0.00	  1.46	 -2.27	 -0.00	  1.46	 -1.98	 -0.00	 -0.46	  2.43	 -2.15	 -0.00	 -0.84	  2.83	 -2.17	
 -0.00	  1.46	 -2.27	 -0.00	  1.46	 -1.98	 -0.00	 -0.46	  2.43	 -2.15	 -0.00	 -0.86	  2.84	 -2.15	
 -0.00	  1.45	 -2.27	 -0.00	  1.46	 -1.98	 -0.00	 -0.46	  2.43	 -2.15	 -0.00	 -0.88	  2.84	 -2.14	
 -0.00	  1.44	 -2.27	 -0.00	  1.46	 -1.98	 -0.00	 -0.46	  2.43	 -2.15	 -0.00	 -0.90	  2.85	 -2.12	
 -0.00	  1.44	 -2.27	 -0.00	  1.46	 -1.98	 -0.00	 -0.46	  2.43	 -2.15	 -0.00	 -0.93	  2.86	 -2.11	
 -0.00	  1.43	 -2.27	 -0.00	  1.46	 -1.98	 -0.00	 -0.46	  2.43	 -2.15	 -0.00	 -0.95	  2.87	 -2.09	
 -0.00	  1.43	 -2.27	 -0.00	  1.46	 -1.98	 -0.00	 -0.46	  2.44	 -2.15	 -0.00	 -0.98	  2.87	 -2.07	
 -0.00	  1.42	 -2.27	 -0.00	  1.46	 -1.98	 -0.00	 -0.46	  2.44	 -2.15	 -0.00	 -1.01	  2.88	 -2.05	
 -0.00	  1.41	 -2.27	 -0.00	  1.46	 -1.98	 -0.00	 -0.46	  2.44	 -2.15	 -0.00	 -1.04	  2.89	 -2.02	
 -0.00	  1.41	 -2.27	 -0.00	  1.46	 -1.98	 -0.00	 -0.46	  2.44	 -2.15	 -0.00	 -1.07	  2.90	 -2.00	
 -0.00	  1.40	 -2.27	 -0.00	  1.46	 -1.98	 -0.00	 -0.46	  2.44	 -2.15	 -0.00	 -1.11	  2.90	 -1.97	
 -0.00	  1.39	 -2.27	 -0.00	  1.46	 -1.98	 -0.00	 -0.46	  2.44	 -2.15	 -0.00	 -1.14	  2.91	 -1.95	
 -0.00	  1.38	 -2.27	 -0.00	  1.46	 -1.98	 -0.00	 -0.46	  2.44	 -2.15	 -0.00	 -1.18	  2.92	 -1.92	
 -0.00	  1.38	 -2.27	 -0.00	  1.46	 -1.98	 -0.00	 -0.46	  2.44	 -2.15	 -0.00	 -1.22	  2.93	 -1.89	
 -0.00	  1.37	 -2.27	 -0.00	  1.46	 -1.98	 -0.00	 -0.46	  2.44	 -2.15	 -0.00	 -1.26	  2.94	 -1.85	
 -0.00	  1.36	 -2.27	 -0.00	  1.46	 -1.98	 -0.00	 -0.46	  2.44	 -2.15	 -0.00	 -1.30	  2.94	 -1.82	
 -0.00	  1.35	 -2.27	 -0.00	  1.46	 -1.98	 -0.00	 -0.46	  2.44	 -2.15	 -0.00	 -1.34	  2.95	 -1.78	
 -0.00	  1.34	 -2.27	 -0.00	  1.46	 -1.98	 -0.00	 -0.46	  2.44	 -2.15	 -0.00	 -1.39	  2.96	 -1.75	
 -0.00	  1.33	 -2.27	 -0.00	  1.46	 -1.98	 -0.00	 -0.46	  2.44	 -2.15	 -0.00	 -1.44	  2.97	 -1.70	
 -0.00	  1.33	 -2.27	 -0.00	  1.46	 -1.98	 -0.00	 -0.46	  2.44	 -2.15	 -0.00	 -1.49	  2.98	 -1.66	
 -0.00	  1.32	 -2.27	 -0.00	  1.46	 -1.98	 -0.00	 -0.46	  2.44	 -2.15	 -0.00	 -1.54	  2.98	 -1.62	
 -0.00	  1.31	 -2.27	 -0.00	  1.46	 -1.98	 -0.00	 -0.46	  2.44	 -2.15	 -0.00	 -1.60	  2.99	 -1.57	
 -0.00	  1.30	 -2.26	 -0.00	  1.46	 -1.98	 -0.00	 -0.46	  2.44	 -2.15	 -0.00	 -1.65	  3.00	 -1.52	
 -0.00	  1.29	 -2.26	 -0.00	  1.46	 -1.98	 -0.00	 -0.46	  2.44	 -2.15	 -0.00	 -1.71	  3.01	 -1.47	
 -0.00	  1.28	 -2.26	 -0.00	  1.46	 -1.98	 -0.00	 -0.46	  2.44	 -2.15	 -0.00	 -1.77	  3.01	 -1.42	
 -0.00	  1.27	 -2.26	 -0.00	  1.46	 -1.98	 -0.00	 -0.46	  2.44	 -2.15	 -0.00	 -1.84	  3.02	 -1.36	
 -0.00	  1.26	 -2.26	 -0.00	  1.46	 -1.98	 -0.00	 -0.46	  2.44	 -2.15	 -0.00	 -1.90	  3.03	 -1.30	
 -0.00	  1.25	 -2.25	 -0.00	  1.46	 -1.98	 -0.00	 -0.46	  2.44	 -2.15	 -0.00	 -1.96	  3.04	 -1.25	
 -0.00	  1.24	 -2.25	 -0.00	  1.46	 -1.98	 -0.00	 -0.46	  2.44	 -2.15	 -0.00	 -2.03	  3.04	 -1.19	
 -0.00	  1.23	 -2.25	 -0.00	  1.46	 -1.98	 -0.00	 -0.46	  2.44	 -2.15	 -0.00	 -2.09	  3.05	 -1.13	
 -0.00	  1.22	 -2.25	 -0.00	  1.46	 -1.98	 -0.00	 -0.46	  2.44	 -2.15	 -0.00	 -2.16	  3.05	 -1.07	
 -0.00	  1.21	 -2.24	 -0.00	  1.46	 -1.98	 -0.00	 -0.46	  2.44	 -2.15	 -0.00	 -2.22	  3.06	 -1.02	
 -0.00	  1.20	 -2.24	 -0.00	  1.46	 -1.98	 -0.00	 -0.46	  2.44	 -2.15	 -0.00	 -2.27	  3.06	 -0.96	
 -0.00	  1.19	 -2.24	 -0.00	  1.46	 -1.98	 -0.00	 -0.46	  2.44	 -2.15	 -0.00	 -2.33	  3.06	 -0.91	
 -0.00	  1.18	 -2.23	 -0.00	  1.46	 -1.98	 -0.00	 -0.46	  2.44	 -2.15	 -0.00	 -2.38	  3.07	 -0.86	
 -0.00	  1.17	 -2.23	 -0.00	  1.46	 -1.98	 -0.00	 -0.46	  2.44	 -2.15	 -0.00	 -2.42	  3.07	 -0.82	
 -0.00	  1.16	 -2.23	 -0.00	  1.46	 -1.98	 -0.00	 -0.46	  2.44	 -2.15	 -0.00	 -2.46	  3.07	 -0.78	
 -0.00	  1.15	 -2.22	 -0.00	  1.46	 -1.98	 -0.00	 -0.46	  2.44	 -2.15	 -0.00	 -2.49	  3.06	 -0.75	
 -0.00	  1.14	 -2.22	 -0.00	  1.46	 -1.98	 -0.00	 -0.46	  2.44	 -2.15	 -0.00	 -2.51	  3.06	 -0.72	
 -0.00	  1.13	 -2.21	 -0.00	  1.46	 -1.98	 -0.00	 -0.46	  2.44	 -2.15	 -0.00	 -2.54	  3.06	 -0.70	
 -0.00	  1.12	 -2.21	 -0.00	  1.46	 -1.98	 -0.00	 -0.45	  2.44	 -2.16	 -0.00	 -2.55	  3.05	 -0.67	
 -0.00	  1.11	 -2.21	 -0.00	  1.46	 -1.98	 -0.00	 -0.45	  2.44	 -2.16	 -0.00	 -2.57	  3.05	 -0.66	
 -0.00	  1.10	 -2.20	 -0.00	  1.46	 -1.98	 -0.00	 -0.45	  2.44	 -2.16	 -0.00	 -2.58	  3.04	 -0.64	
 -0.00	  1.09	 -2.20	 -0.00	  1.46	 -1.99	 -0.00	 -0.45	  2.44	 -2.16	 -0.00	 -2.58	  3.03	 -0.63	
 -0.00	  1.08	 -2.19	 -0.00	  1.46	 -1.99	 -0.00	 -0.45	  2.44	 -2.16	 -0.00	 -2.59	  3.03	 -0.61	
 -0.00	  1.07	 -2.19	 -0.00	  1.46	 -1.99	 -0.00	 -0.45	  2.43	 -2.16	 -0.00	 -2.59	  3.02	 -0.60	
 -0.00	  1.06	 -2.19	 -0.00	  1.46	 -1.99	 -0.00	 -0.45	  2.43	 -2.16	 -0.00	 -2.59	  3.01	 -0.59	
 -0.00	  1.05	 -2.18	 -0.00	  1.46	 -1.99	 -0.00	 -0.45	  2.43	 -2.16	 -0.00	 -2.60	  3.00	 -0.58	
 -0.00	  1.04	 -2.18	 -0.00	  1.46	 -1.99	 -0.00	 -0.45	  2.43	 -2.16	 -0.00	 -2.60	  3.00	 -0.57	
 -0.00	  1.03	 -2.17	 -0.00	  1.46	 -1.99	 -0.00	 -0.45	  2.43	 -2.16	 -0.00	 -2.60	  2.99	 -0.57	
 -0.00	  1.02	 -2.17	 -0.00	  1.46	 -1.99	 -0.00	 -0.45	  2.43	 -2.16	 -0.00	 -2.59	  2.98	 -0.56	
 -0.00	  1.02	 -2.16	 -0.00	  1.47	 -1.99	 -0.00	 -0.45	  2.43	 -2.16	 -0.00	 -2.59	  2.97	 -0.55	
 -0.00	  1.01	 -2.16	 -0.00	  1.47	 -1.99	 -0.00	 -0.45	  2.43	 -2.16	 -0.00	 -2.59	  2.97	 -0.55	
 -0.00	  1.00	 -2.15	 -0.00	  1.47	 -1.99	 -0.00	 -0.45	  2.43	 -2.16	 -0.00	 -2.59	  2.96	 -0.54	
 -0.00	  0.99	 -2.15	 -0.00	  1.47	 -1.99	 -0.00	 -0.45	  2.43	 -2.16	 -0.00	 -2.59	  2.95	 -0.54	
 -0.00	  0.98	 -2.15	 -0.00	  1.47	 -1.99	 -0.00	 -0.44	  2.43	 -2.16	 -0.00	 -2.58	  2.94	 -0.53	
 -0.00	  0.97	 -2.14	 -0.00	  1.47	 -1.99	 -0.00	 -0.44	  2.43	 -2.16	 -0.00	 -2.58	  2.93	 -0.53	
 -0.00	  0.96	 -2.14	 -0.00	  1.47	 -1.99	 -0.00	 -0.44	  2.43	 -2.16	 -0.00	 -2.58	  2.93	 -0.52	
 -0.00	  0.96	 -2.13	 -0.00	  1.47	 -1.99	 -0.00	 -0.44	  2.43	 -2.17	 -0.00	 -2.57	  2.92	 -0.52	
 -0.00	  0.95	 -2.13	 -0.00	  1.47	 -1.99	 -0.00	 -0.44	  2.43	 -2.17	 -0.00	 -2.57	  2.91	 -0.52	
 -0.00	  0.94	 -2.12	 -0.00	  1.47	 -1.99	 -0.00	 -0.44	  2.43	 -2.17	 -0.00	 -2.57	  2.90	 -0.51	
 -0.00	  0.93	 -2.12	 -0.00	  1.47	 -1.99	 -0.00	 -0.44	  2.43	 -2.17	 -0.00	 -2.56	  2.90	 -0.51	
 -0.00	  0.93	 -2.11	 -0.00	  1.47	 -1.99	 -0.00	 -0.44	  2.43	 -2.17	 -0.00	 -2.56	  2.89	 -0.50	
 -0.00	  0.92	 -2.11	 -0.00	  1.47	 -1.99	 -0.00	 -0.44	  2.43	 -2.17	 -0.00	 -2.56	  2.88	 -0.50	
 -0.00	  0.91	 -2.11	 -0.00	  1.47	 -1.99	 -0.00	 -0.44	  2.43	 -2.17	 -0.00	 -2.55	  2.88	 -0.50	
 -0.00	  0.90	 -2.10	 -0.00	  1.47	 -1.99	 -0.00	 -0.43	  2.43	 -2.17	 -0.00	 -2.55	  2.87	 -0.50	
 -0.00	  0.90	 -2.10	 -0.00	  1.47	 -1.99	 -0.00	 -0.43	  2.43	 -2.17	 -0.00	 -2.55	  2.86	 -0.49	
 -0.00	  0.89	 -2.09	 -0.00	  1.47	 -1.99	 -0.00	 -0.43	  2.43	 -2.17	 -0.00	 -2.54	  2.86	 -0.49	
 -0.00	  0.89	 -2.09	 -0.00	  1.47	 -1.99	 -0.00	 -0.43	  2.43	 -2.17	 -0.00	 -2.54	  2.85	 -0.49	
 -0.00	  0.88	 -2.09	 -0.00	  1.47	 -1.99	 -0.00	 -0.43	  2.43	 -2.17	 -0.00	 -2.54	  2.85	 -0.48	
 -0.00	  0.87	 -2.08	 -0.00	  1.48	 -1.99	 -0.00	 -0.43	  2.43	 -2.17	 -0.00	 -2.53	  2.84	 -0.48	
 -0.00	  0.87	 -2.08	 -0.00	  1.48	 -1.99	 -0.00	 -0.43	  2.43	 -2.18	 -0.00	 -2.53	  2.83	 -0.48	
 -0.00	  0.86	 -2.07	 -0.00	  1.48	 -1.99	 -0.00	 -0.43	  2.43	 -2.18	 -0.00	 -2.53	  2.83	 -0.48	
 -0.00	  0.86	 -2.07	 -0.00	  1.48	 -1.99	 -0.00	 -0.43	  2.43	 -2.18	 -0.00	 -2.52	  2.82	 -0.48	
 -0.00	  0.85	 -2.07	 -0.00	  1.48	 -1.99	 -0.00	 -0.42	  2.43	 -2.18	 -0.00	 -2.52	  2.82	 -0.47	
 -0.00	  0.85	 -2.07	 -0.00	  1.48	 -1.99	 -0.00	 -0.42	  2.43	 -2.18	 -0.00	 -2.52	  2.82	 -0.47	
 -0.00	  0.84	 -2.06	 -0.00	  1.48	 -1.99	 -0.00	 -0.42	  2.43	 -2.18	 -0.00	 -2.51	  2.81	 -0.47	
 -0.00	  0.84	 -2.06	 -0.00	  1.48	 -1.99	 -0.00	 -0.42	  2.43	 -2.18	 -0.00	 -2.51	  2.81	 -0.47	
 -0.00	  0.84	 -2.06	 -0.00	  1.48	 -1.99	 -0.00	 -0.42	  2.42	 -2.18	 -0.00	 -2.51	  2.80	 -0.47	
 -0.00	  0.83	 -2.05	 -0.00	  1.48	 -1.99	 -0.00	 -0.42	  2.42	 -2.18	 -0.00	 -2.51	  2.80	 -0.47	
 -0.00	  0.83	 -2.05	 -0.00	  1.48	 -1.99	 -0.00	 -0.41	  2.42	 -2.18	 -0.00	 -2.50	  2.80	 -0.47	
 -0.00	  0.83	 -2.05	 -0.00	  1.48	 -1.99	 -0.00	 -0.41	  2.42	 -2.18	 -0.00	 -2.50	  2.79	 -0.47	
 -0.00	  0.82	 -2.05	 -0.00	  1.48	 -1.99	 -0.00	 -0.41	  2.42	 -2.18	 -0.00	 -2.50	  2.79	 -0.46	
 -0.00	  0.82	 -2.05	 -0.00	  1.48	 -1.99	 -0.00	 -0.41	  2.42	 -2.19	 -0.00	 -2.50	  2.79	 -0.46	
 -0.00	  0.82	 -2.04	 -0.00	  1.48	 -1.99	 -0.00	 -0.41	  2.42	 -2.19	 -0.00	 -2.50	  2.78	 -0.46	
 -0.00	  0.82	 -2.04	 -0.00	  1.49	 -1.99	 -0.00	 -0.41	  2.42	 -2.19	 -0.00	 -2.49	  2.78	 -0.46	
 -0.00	  0.81	 -2.04	 -0.00	  1.49	 -1.99	 -0.00	 -0.40	  2.42	 -2.19	 -0.00	 -2.49	  2.78	 -0.46	
 -0.00	  0.81	 -2.04	 -0.00	  1.49	 -1.99	 -0.00	 -0.40	  2.42	 -2.19	 -0.00	 -2.49	  2.78	 -0.46	
 -0.00	  0.81	 -2.04	 -0.00	  1.49	 -1.99	 -0.00	 -0.40	  2.42	 -2.19	 -0.00	 -2.49	  2.78	 -0.46	
 -0.00	  0.81	 -2.04	 -0.00	  1.49	 -1.99	 -0.00	 -0.40	  2.42	 -2.19	 -0.00	 -2.49	  2.77	 -0.46	
 -0.00	  0.81	 -2.04	 -0.00	  1.49	 -1.99	 -0.00	 -0.40	  2.42	 -2.19	 -0.00	 -2.49	  2.77	 -0.46	
 -0.00	  0.81	 -2.04	 -0.00	  1.49	 -1.99	 -0.00	 -0.40	  2.41	 -2.19	 -0.00	 -2.49	  2.77	 -0.46	
 -0.00	  0.81	 -2.03	 -0.00	  1.49	 -1.99	 -0.00	 -0.39	  2.41	 -2.20	 -0.00	 -2.48	  2.77	 -0.46	
 -0.00	  0.81	 -2.03	 -0.00	  1.49	 -1.99	 -0.00	 -0.39	  2.41	 -2.20	 -0.00	 -2.48	  2.77	 -0.46	
 -0.00	  0.81	 -2.03	 -0.00	  1.49	 -1.99	 -0.00	 -0.39	  2.41	 -2.20	 -0.00	 -2.48	  2.77	 -0.46	
 -0.00	  0.81	 -2.03	 -0.00	  1.49	 -1.99	 -0.00	 -0.39	  2.41	 -2.20	 -0.00	 -2.48	  2.77	 -0.46	
 -0.00	  0.81	 -2.03	 -0.00	  1.50	 -1.99	 -0.00	 -0.39	  2.41	 -2.20	 -0.00	 -2.48	  2.77	 -0.46	
 -0.00	  0.81	 -2.03	 -0.00	  1.50	 -1.99	 -0.00	 -0.38	  2.41	 -2.20	 -0.00	 -2.48	  2.77	 -0.46	
 -0.00	  0.81	 -2.03	 -0.00	  1.50	 -1.99	 -0.00	 -0.38	  2.41	 -2.20	 -0.00	 -2.48	  2.77	 -0.47	
 -0.00	  0.81	 -2.03	 -0.00	  1.50	 -1.99	 -0.00	 -0.38	  2.41	 -2.20	 -0.00	 -2.48	  2.77	 -0.47	
 -0.00	  0.81	 -2.03	 -0.00	  1.50	 -1.99	 -0.00	 -0.38	  2.41	 -2.20	 -0.00	 -2.48	  2.77	 -0.47	
 -0.00	  0.81	 -2.03	 -0.00	  1.50	 -1.99	 -0.00	 -0.37	  2.40	 -2.21	 -0.00	 -2.48	  2.77	 -0.47	
 -0.00	  0.81	 -2.03	 -0.00	  1.50	 -1.99	 -0.00	 -0.37	  2.40	 -2.21	 -0.00	 -2.48	  2.77	 -0.47	
 -0.00	  0.81	 -2.04	 -0.00	  1.50	 -1.99	 -0.00	 -0.37	  2.40	 -2.21	 -0.00	 -2.48	  2.77	 -0.47	
 -0.00	  0.81	 -2.04	 -0.00	  1.50	 -1.99	 -0.00	 -0.37	  2.40	 -2.21	 -0.00	 -2.48	  2.77	 -0.47	
 -0.00	  0.81	 -2.04	 -0.00	  1.50	 -1.99	 -0.00	 -0.36	  2.40	 -2.21	 -0.00	 -2.48	  2.78	 -0.47	
 -0.00	  0.82	 -2.04	 -0.00	  1.50	 -1.99	 -0.00	 -0.36	  2.40	 -2.21	 -0.00	 -2.48	  2.78	 -0.48	
 -0.00	  0.82	 -2.04	 -0.00	  1.51	 -1.99	 -0.00	 -0.36	  2.40	 -2.21	 -0.00	 -2.48	  2.78	 -0.48	
 -0.00	  0.82	 -2.04	 -0.00	  1.51	 -1.99	 -0.00	 -0.36	  2.40	 -2.21	 -0.00	 -2.47	  2.78	 -0.48	
 -0.00	  0.82	 -2.04	 -0.00	  1.51	 -1.99	 -0.00	 -0.35	  2.39	 -2.21	 -0.00	 -2.47	  2.78	 -0.48	
 -0.00	  0.82	 -2.04	 -0.00	  1.51	 -1.98	 -0.00	 -0.35	  2.39	 -2.22	 -0.00	 -2.47	  2.78	 -0.48	
 -0.00	  0.82	 -2.04	 -0.00	  1.51	 -1.98	 -0.00	 -0.35	  2.39	 -2.22	 -0.00	 -2.47	  2.78	 -0.49	
 -0.00	  0.83	 -2.04	 -0.00	  1.51	 -1.98	 -0.00	 -0.35	  2.39	 -2.22	 -0.00	 -2.47	  2.79	 -0.49	
 -0.00	  0.83	 -2.04	 -0.00	  1.51	 -1.98	 -0.00	 -0.34	  2.39	 -2.22	 -0.00	 -2.47	  2.79	 -0.49	
 -0.00	  0.83	 -2.04	 -0.00	  1.51	 -1.98	 -0.00	 -0.34	  2.39	 -2.22	 -0.00	 -2.47	  2.79	 -0.49	
 -0.00	  0.83	 -2.04	 -0.00	  1.51	 -1.98	 -0.00	 -0.34	  2.39	 -2.22	 -0.00	 -2.47	  2.79	 -0.49	
 -0.00	  0.83	 -2.05	 -0.00	  1.52	 -1.98	 -0.00	 -0.34	  2.38	 -2.22	 -0.00	 -2.47	  2.79	 -0.50	
 -0.00	  0.84	 -2.05	 -0.00	  1.52	 -1.98	 -0.00	 -0.33	  2.38	 -2.22	 -0.00	 -2.47	  2.79	 -0.50	
 -0.00	  0.84	 -2.05	 -0.00	  1.52	 -1.98	 -0.00	 -0.33	  2.38	 -2.23	 -0.00	 -2.47	  2.79	 -0.50	
 -0.00	  0.84	 -2.05	 -0.00	  1.52	 -1.98	 -0.00	 -0.33	  2.38	 -2.23	 -0.00	 -2.47	  2.80	 -0.50	
 -0.00	  0.84	 -2.05	 -0.00	  1.52	 -1.98	 -0.00	 -0.32	  2.38	 -2.23	 -0.00	 -2.47	  2.80	 -0.51	
 -0.00	  0.84	 -2.05	 -0.00	  1.52	 -1.98	 -0.00	 -0.32	  2.38	 -2.23	 -0.00	 -2.47	  2.80	 -0.51	
 -0.00	  0.84	 -2.05	 -0.00	  1.52	 -1.98	 -0.00	 -0.32	  2.37	 -2.23	 -0.00	 -2.46	  2.80	 -0.51	
 -0.00	  0.85	 -2.05	 -0.00	  1.52	 -1.98	 -0.00	 -0.31	  2.37	 -2.23	 -0.00	 -2.46	  2.80	 -0.51	
 -0.00	  0.85	 -2.05	 -0.00	  1.52	 -1.98	 -0.00	 -0.31	  2.37	 -2.23	 -0.00	 -2.46	  2.80	 -0.52	
 -0.00	  0.85	 -2.05	 -0.00	  1.53	 -1.98	 -0.00	 -0.31	  2.37	 -2.23	 -0.00	 -2.46	  2.80	 -0.52	
 -0.00	  0.85	 -2.05	 -0.00	  1.53	 -1.98	 -0.00	 -0.31	  2.37	 -2.23	 -0.00	 -2.46	  2.81	 -0.52	
 -0.00	  0.86	 -2.06	 -0.00	  1.53	 -1.98	 -0.00	 -0.30	  2.36	 -2.24	 -0.00	 -2.46	  2.81	 -0.52	
 -0.00	  0.86	 -2.06	 -0.00	  1.53	 -1.98	 -0.00	 -0.30	  2.36	 -2.24	 -0.00	 -2.46	  2.81	 -0.53	
 -0.00	  0.86	 -2.06	 -0.00	  1.53	 -1.98	 -0.00	 -0.30	  2.36	 -2.24	 -0.00	 -2.46	  2.81	 -0.53	
 -0.00	  0.86	 -2.06	 -0.00	  1.53	 -1.97	 -0.00	 -0.29	  2.36	 -2.24	 -0.00	 -2.45	  2.81	 -0.53	
 -0.00	  0.86	 -2.06	 -0.00	  1.53	 -1.97	 -0.00	 -0.29	  2.36	 -2.24	 -0.00	 -2.45	  2.81	 -0.54	
 -0.00	  0.87	 -2.06	 -0.00	  1.53	 -1.97	 -0.00	 -0.29	  2.35	 -2.24	 -0.00	 -2.45	  2.82	 -0.54	
 -0.00	  0.87	 -2.06	 -0.00	  1.53	 -1.97	 -0.00	 -0.28	  2.35	 -2.24	 -0.00	 -2.45	  2.82	 -0.54	
 -0.00	  0.87	 -2.06	 -0.00	  1.54	 -1.97	 -0.00	 -0.28	  2.35	 -2.24	 -0.00	 -2.45	  2.82	 -0.55	
 -0.00	  0.87	 -2.06	 -0.00	  1.54	 -1.97	 -0.00	 -0.28	  2.35	 -2.25	 -0.00	 -2.45	  2.82	 -0.55	
 -0.00	  0.87	 -2.06	 -0.00	  1.54	 -1.97	 -0.00	 -0.27	  2.35	 -2.25	 -0.00	 -2.44	  2.82	 -0.55	
 -0.00	  0.88	 -2.06	 -0.00	  1.54	 -1.97	 -0.00	 -0.27	  2.34	 -2.25	 -0.00	 -2.44	  2.82	 -0.56	
 -0.00	  0.88	 -2.06	 -0.00	  1.54	 -1.97	 -0.00	 -0.27	  2.34	 -2.25	 -0.00	 -2.44	  2.82	 -0.56	
 -0.00	  0.88	 -2.07	 -0.00	  1.54	 -1.97	 -0.00	 -0.26	  2.34	 -2.25	 -0.00	 -2.44	  2.83	 -0.56	
 -0.00	  0.88	 -2.07	 -0.00	  1.54	 -1.97	 -0.00	 -0.26	  2.34	 -2.25	 -0.00	 -2.43	  2.83	 -0.57	
 -0.00	  0.89	 -2.07	 -0.00	  1.54	 -1.97	 -0.00	 -0.26	  2.33	 -2.25	 -0.00	 -2.43	  2.83	 -0.57	
 -0.00	  0.89	 -2.07	 -0.00	  1.55	 -1.97	 -0.00	 -0.25	  2.33	 -2.25	 -0.00	 -2.43	  2.83	 -0.58	
 -0.00	  0.89	 -2.07	 -0.00	  1.55	 -1.97	 -0.00	 -0.25	  2.33	 -2.25	 -0.00	 -2.43	  2.83	 -0.58	
 -0.00	  0.89	 -2.07	 -0.00	  1.55	 -1.96	 -0.00	 -0.25	  2.33	 -2.25	 -0.00	 -2.42	  2.83	 -0.58	
 -0.00	  0.90	 -2.07	 -0.00	  1.55	 -1.96	 -0.00	 -0.24	  2.33	 -2.26	 -0.00	 -2.42	  2.84	 -0.59	
 -0.00	  0.90	 -2.07	 -0.00	  1.55	 -1.96	 -0.00	 -0.24	  2.32	 -2.26	 -0.00	 -2.42	  2.84	 -0.59	
 -0.00	  0.90	 -2.07	 -0.00	  1.55	 -1.96	 -0.00	 -0.24	  2.32	 -2.26	 -0.00	 -2.42	  2.84	 -0.60	
 -0.00	  0.90	 -2.07	 -0.00	  1.55	 -1.96	 -0.00	 -0.23	  2.32	 -2.26	 -0.00	 -2.41	  2.84	 -0.60	
 -0.00	  0.91	 -2.07	 -0.00	  1.55	 -1.96	 -0.00	 -0.23	  2.32	 -2.26	 -0.00	 -2.41	  2.84	 -0.61	
 -0.00	  0.91	 -2.07	 -0.00	  1.55	 -1.96	 -0.00	 -0.23	  2.31	 -2.26	 -0.00	 -2.41	  2.84	 -0.61	
 -0.00	  0.91	 -2.08	 -0.00	  1.56	 -1.96	 -0.00	 -0.22	  2.31	 -2.26	 -0.00	 -2.40	  2.84	 -0.61	
 -0.00	  0.91	 -2.08	 -0.00	  1.56	 -1.96	 -0.00	 -0.22	  2.31	 -2.26	 -0.00	 -2.40	  2.85	 -0.62	
 -0.00	  0.91	 -2.08	 -0.00	  1.56	 -1.96	 -0.00	 -0.22	  2.31	 -2.26	 -0.00	 -2.40	  2.85	 -0.62	
 -0.00	  0.92	 -2.08	 -0.00	  1.56	 -1.95	 -0.00	 -0.21	  2.30	 -2.26	 -0.00	 -2.39	  2.85	 -0.63	
 -0.00	  0.92	 -2.08	 -0.00	  1.56	 -1.95	 -0.00	 -0.21	  2.30	 -2.27	 -0.00	 -2.39	  2.85	 -0.63	
 -0.00	  0.92	 -2.08	 -0.00	  1.56	 -1.95	 -0.00	 -0.21	  2.30	 -2.27	 -0.00	 -2.39	  2.85	 -0.64	
 -0.00	  0.92	 -2.08	 -0.00	  1.56	 -1.95	 -0.00	 -0.20	  2.30	 -2.27	 -0.00	 -2.38	  2.85	 -0.64	
 -0.00	  0.93	 -2.08	 -0.00	  1.56	 -1.95	 -0.00	 -0.20	  2.29	 -2.27	 -0.00	 -2.38	  2.85	 -0.65	
 -0.00	  0.93	 -2.08	 -0.00	  1.56	 -1.95	 -0.00	 -0.20	  2.29	 -2.27	 -0.00	 -2.37	  2.85	 -0.65	
 -0.00	  0.93	 -2.08	 -0.00	  1.57	 -1.95	 -0.00	 -0.19	  2.29	 -2.27	 -0.00	 -2.37	  2.86	 -0.66	
 -0.00	  0.93	 -2.08	 -0.00	  1.57	 -1.95	 -0.00	 -0.19	  2.29	 -2.27	 -0.00	 -2.37	  2.86	 -0.67	
 -0.00	  0.94	 -2.08	 -0.00	  1.57	 -1.95	 -0.00	 -0.19	  2.28	 -2.27	 -0.00	 -2.36	  2.86	 -0.67	
 -0.00	  0.94	 -2.08	 -0.00	  1.57	 -1.94	 -0.00	 -0.18	  2.28	 -2.27	 -0.00	 -2.36	  2.86	 -0.68	
 -0.00	  0.94	 -2.08	 -0.00	  1.57	 -1.94	 -0.00	 -0.18	  2.28	 -2.27	 -0.00	 -2.35	  2.86	 -0.68	
 -0.00	  0.94	 -2.09	 -0.00	  1.57	 -1.94	 -0.00	 -0.18	  2.27	 -2.27	 -0.00	 -2.35	  2.86	 -0.69	
 -0.00	  0.95	 -2.09	 -0.00	  1.57	 -1.94	 -0.00	 -0.17	  2.27	 -2.27	 -0.00	 -2.34	  2.86	 -0.69	
 -0.00	  0.95	 -2.09	 -0.00	  1.57	 -1.94	 -0.00	 -0.17	  2.27	 -2.27	 -0.00	 -2.34	  2.86	 -0.70	
 -0.00	  0.95	 -2.09	 -0.00	  1.57	 -1.94	 -0.00	 -0.17	  2.27	 -2.27	 -0.00	 -2.33	  2.86	 -0.71	
 -0.00	  0.95	 -2.09	 -0.00	  1.57	 -1.94	 -0.00	 -0.16	  2.26	 -2.28	 -0.00	 -2.33	  2.87	 -0.71	
 -0.00	  0.96	 -2.09	 -0.00	  1.58	 -1.94	 -0.00	 -0.16	  2.26	 -2.28	 -0.00	 -2.32	  2.87	 -0.72	
 -0.00	  0.96	 -2.09	 -0.00	  1.58	 -1.93	 -0.00	 -0.16	  2.26	 -2.28	 -0.00	 -2.32	  2.87	 -0.72	
 -0.00	  0.96	 -2.09	 -0.00	  1.58	 -1.93	 -0.00	 -0.15	  2.26	 -2.28	 -0.00	 -2.31	  2.87	 -0.73	
 -0.00	  0.96	 -2.09	 -0.00	  1.58	 -1.93	 -0.00	 -0.15	  2.25	 -2.28	 -0.00	 -2.31	  2.87	 -0.74	
 -0.00	  0.97	 -2.09	 -0.00	  1.58	 -1.93	 -0.00	 -0.15	  2.25	 -2.28	 -0.00	 -2.30	  2.87	 -0.74	
 -0.00	  0.97	 -2.09	 -0.00	  1.58	 -1.93	 -0.00	 -0.14	  2.25	 -2.28	 -0.00	 -2.29	  2.87	 -0.75	
 -0.00	  0.97	 -2.09	 -0.00	  1.58	 -1.93	 -0.00	 -0.14	  2.24	 -2.28	 -0.00	 -2.29	  2.87	 -0.76	
 -0.00	  0.98	 -2.09	 -0.00	  1.58	 -1.93	 -0.00	 -0.14	  2.24	 -2.28	 -0.00	 -2.28	  2.87	 -0.76	
 -0.00	  0.98	 -2.09	 -0.00	  1.58	 -1.93	 -0.00	 -0.13	  2.24	 -2.28	 -0.00	 -2.28	  2.87	 -0.77	
 -0.00	  0.98	 -2.09	 -0.00	  1.58	 -1.92	 -0.00	 -0.13	  2.24	 -2.28	 -0.00	 -2.27	  2.87	 -0.78	
 -0.00	  0.98	 -2.09	 -0.00	  1.59	 -1.92	 -0.00	 -0.13	  2.23	 -2.28	 -0.00	 -2.26	  2.87	 -0.78	
 -0.00	  0.99	 -2.09	 -0.00	  1.59	 -1.92	 -0.00	 -0.12	  2.23	 -2.28	 -0.00	 -2.26	  2.87	 -0.79	
 -0.00	  0.99	 -2.09	 -0.00	  1.59	 -1.92	 -0.00	 -0.12	  2.23	 -2.28	 -0.00	 -2.25	  2.88	 -0.80	
 -0.00	  0.99	 -2.10	 -0.00	  1.59	 -1.92	 -0.00	 -0.12	  2.22	 -2.28	 -0.00	 -2.24	  2.88	 -0.81	
 -0.00	  0.99	 -2.10	 -0.00	  1.59	 -1.92	 -0.00	 -0.11	  2.22	 -2.28	 -0.00	 -2.24	  2.88	 -0.81	
 -0.00	  1.00	 -2.10	 -0.00	  1.59	 -1.92	 -0.00	 -0.11	  2.22	 -2.28	 -0.00	 -2.23	  2.88	 -0.82	
 -0.00	  1.00	 -2.10	 -0.00	  1.59	 -1.91	 -0.00	 -0.11	  2.22	 -2.28	 -0.00	 -2.22	  2.88	 -0.83	
 -0.00	  1.00	 -2.10	 -0.00	  1.59	 -1.91	 -0.00	 -0.10	  2.21	 -2.28	 -0.00	 -2.22	  2.88	 -0.84	
 -0.00	  1.00	 -2.10	 -0.00	  1.59	 -1.91	 -0.00	 -0.10	  2.21	 -2.28	 -0.00	 -2.21	  2.88	 -0.84	
 -0.00	  1.00	 -2.10	 -0.00	  1.59	 -1.91	 -0.00	 -0.10	  2.21	 -2.28	 -0.00	 -2.20	  2.88	 -0.85	
 -0.00	  1.01	 -2.10	 -0.00	  1.59	 -1.91	 -0.00	 -0.09	  2.20	 -2.28	 -0.00	 -2.20	  2.88	 -0.86	
 -0.00	  1.01	 -2.10	 -0.00	  1.59	 -1.91	 -0.00	 -0.09	  2.20	 -2.28	 -0.00	 -2.19	  2.88	 -0.87	
 -0.00	  1.01	 -2.10	 -0.00	  1.59	 -1.91	 -0.00	 -0.09	  2.20	 -2.28	 -0.00	 -2.18	  2.88	 -0.87	
 -0.00	  1.01	 -2.10	 -0.00	  1.60	 -1.90	 -0.00	 -0.09	  2.20	 -2.28	 -0.00	 -2.17	  2.88	 -0.88	
 -0.00	  1.02	 -2.10	 -0.00	  1.60	 -1.90	 -0.00	 -0.08	  2.19	 -2.28	 -0.00	 -2.17	  2.88	 -0.89	
 -0.00	  1.02	 -2.10	 -0.00	  1.60	 -1.90	 -0.00	 -0.08	  2.19	 -2.28	 -0.00	 -2.16	  2.88	 -0.90	
 -0.00	  1.02	 -2.10	 -0.00	  1.60	 -1.90	 -0.00	 -0.08	  2.19	 -2.28	 -0.00	 -2.15	  2.88	 -0.90	
 -0.00	  1.02	 -2.10	 -0.00	  1.60	 -1.90	 -0.00	 -0.07	  2.18	 -2.29	 -0.00	 -2.14	  2.88	 -0.91	
 -0.00	  1.03	 -2.10	 -0.00	  1.60	 -1.90	 -0.00	 -0.07	  2.18	 -2.29	 -0.00	 -2.13	  2.88	 -0.92	
 -0.00	  1.03	 -2.10	 -0.00	  1.60	 -1.89	 -0.00	 -0.07	  2.18	 -2.29	 -0.00	 -2.13	  2.88	 -0.93	
 -0.00	  1.03	 -2.10	 -0.00	  1.60	 -1.89	 -0.00	 -0.06	  2.18	 -2.29	 -0.00	 -2.12	  2.88	 -0.94	
 -0.00	  1.03	 -2.10	 -0.00	  1.60	 -1.89	 -0.00	 -0.06	  2.17	 -2.29	 -0.00	 -2.11	  2.88	 -0.94	
 -0.00	  1.04	 -2.10	 -0.00	  1.60	 -1.89	 -0.00	 -0.06	  2.17	 -2.29	 -0.00	 -2.10	  2.88	 -0.95	
 -0.00	  1.04	 -2.10	 -0.00	  1.60	 -1.89	 -0.00	 -0.06	  2.17	 -2.29	 -0.00	 -2.09	  2.88	 -0.96	
 -0.00	  1.04	 -2.10	 -0.00	  1.60	 -1.89	 -0.00	 -0.05	  2.16	 -2.29	 -0.00	 -2.08	  2.88	 -0.97	
 -0.00	  1.04	 -2.10	 -0.00	  1.60	 -1.88	 -0.00	 -0.05	  2.16	 -2.29	 -0.00	 -2.08	  2.88	 -0.98	
 -0.00	  1.04	 -2.10	 -0.00	  1.60	 -1.88	 -0.00	 -0.05	  2.16	 -2.29	 -0.00	 -2.07	  2.88	 -0.98	
 -0.00	  1.05	 -2.10	 -0.00	  1.60	 -1.88	 -0.00	 -0.05	  2.16	 -2.29	 -0.00	 -2.06	  2.88	 -0.99	
 -0.00	  1.05	 -2.10	 -0.00	  1.60	 -1.88	 -0.00	 -0.04	  2.15	 -2.28	 -0.00	 -2.05	  2.88	 -1.00	
 -0.00	  1.05	 -2.10	 -0.00	  1.60	 -1.88	 -0.00	 -0.04	  2.15	 -2.28	 -0.00	 -2.04	  2.88	 -1.01	
 -0.00	  1.05	 -2.10	 -0.00	  1.60	 -1.88	 -0.00	 -0.04	  2.15	 -2.28	 -0.00	 -2.03	  2.88	 -1.02	
 -0.00	  1.06	 -2.10	 -0.00	  1.61	 -1.88	 -0.00	 -0.03	  2.14	 -2.28	 -0.00	 -2.03	  2.88	 -1.02	
 -0.00	  1.06	 -2.10	 -0.00	  1.61	 -1.87	 -0.00	 -0.03	  2.14	 -2.28	 -0.00	 -2.02	  2.88	 -1.03	
 -0.00	  1.06	 -2.10	 -0.00	  1.61	 -1.87	 -0.00	 -0.03	  2.14	 -2.28	 -0.00	 -2.01	  2.88	 -1.04	
 -0.00	  1.06	 -2.10	 -0.00	  1.61	 -1.87	 -0.00	 -0.03	  2.14	 -2.28	 -0.00	 -2.00	  2.87	 -1.05	
 -0.00	  1.06	 -2.10	 -0.00	  1.61	 -1.87	 -0.00	 -0.02	  2.13	 -2.28	 -0.00	 -1.99	  2.87	 -1.06	
 -0.00	  1.07	 -2.10	 -0.00	  1.61	 -1.87	 -0.00	 -0.02	  2.13	 -2.28	 -0.00	 -1.98	  2.87	 -1.06	
 -0.00	  1.07	 -2.10	 -0.00	  1.61	 -1.87	 -0.00	 -0.02	  2.13	 -2.28	 -0.00	 -1.98	  2.87	 -1.07	
 -0.00	  1.07	 -2.10	 -0.00	  1.61	 -1.86	 -0.00	 -0.02	  2.12	 -2.28	 -0.00	 -1.97	  2.87	 -1.08	
 -0.00	  1.07	 -2.10	 -0.00	  1.61	 -1.86	 -0.00	 -0.01	  2.12	 -2.28	 -0.00	 -1.96	  2.87	 -1.09	
 -0.00	  1.07	 -2.10	 -0.00	  1.61	 -1.86	 -0.00	 -0.01	  2.12	 -2.28	 -0.00	 -1.95	  2.87	 -1.10	
 -0.00	  1.08	 -2.10	 -0.00	  1.61	 -1.86	 -0.00	 -0.01	  2.12	 -2.28	 -0.00	 -1.94	  2.87	 -1.10	
 -0.00	  1.08	 -2.10	 -0.00	  1.61	 -1.86	 -0.00	 -0.01	  2.11	 -2.28	 -0.00	 -1.93	  2.87	 -1.11	
 -0.00	  1.08	 -2.10	 -0.00	  1.61	 -1.86	 -0.00	 -0.00	  2.11	 -2.28	 -0.00	 -1.93	  2.87	 -1.12	
 -0.00	  1.08	 -2.10	 -0.00	  1.61	 -1.85	 -0.00	 -0.00	  2.11	 -2.28	 -0.00	 -1.92	  2.87	 -1.13	
 -0.00	  1.08	 -2.10	 -0.00	  1.61	 -1.85	 -0.00	  0.00	  2.11	 -2.28	 -0.00	 -1.91	  2.87	 -1.13	
 -0.00	  1.09	 -2.10	 -0.00	  1.61	 -1.85	 -0.00	  0.00	  2.10	 -2.28	 -0.00	 -1.90	  2.87	 -1.14	
 -0.00	  1.09	 -2.10	 -0.00	  1.61	 -1.85	 -0.00	  0.01	  2.10	 -2.28	 -0.00	 -1.89	  2.87	 -1.15	
 -0.00	  1.09	 -2.10	 -0.00	  1.61	 -1.85	 -0.00	  0.01	  2.10	 -2.28	 -0.00	 -1.88	  2.86	 -1.16	
 -0.00	  1.09	 -2.10	 -0.00	  1.61	 -1.85	 -0.00	  0.01	  2.10	 -2.28	 -0.00	 -1.88	  2.86	 -1.16	
 -0.00	  1.09	 -2.10	 -0.00	  1.61	 -1.84	 -0.00	  0.01	  2.09	 -2.28	 -0.00	 -1.87	  2.86	 -1.17	
 -0.00	  1.09	 -2.10	 -0.00	  1.61	 -1.84	 -0.00	  0.01	  2.09	 -2.28	 -0.00	 -1.86	  2.86	 -1.18	
 -0.00	  1.10	 -2.10	 -0.00	  1.61	 -1.84	 -0.00	  0.02	  2.09	 -2.28	 -0.00	 -1.85	  2.86	 -1.18	
 -0.00	  1.10	 -2.10	 -0.00	  1.61	 -1.84	 -0.00	  0.02	  2.09	 -2.28	 -0.00	 -1.84	  2.86	 -1.19	
 -0.00	  1.10	 -2.10	 -0.00	  1.61	 -1.84	 -0.00	  0.02	  2.08	 -2.28	 -0.00	 -1.84	  2.86	 -1.20	
 -0.00	  1.10	 -2.10	 -0.00	  1.61	 -1.84	 -0.00	  0.02	  2.08	 -2.28	 -0.00	 -1.83	  2.86	 -1.20	
 -0.00	  1.10	 -2.10	 -0.00	  1.61	 -1.84	 -0.00	  0.02	  2.08	 -2.28	 -0.00	 -1.82	  2.86	 -1.21	
 -0.00	  1.10	 -2.10	 -0.00	  1.61	 -1.83	 -0.00	  0.03	  2.08	 -2.28	 -0.00	 -1.81	  2.86	 -1.22	
 -0.00	  1.11	 -2.10	 -0.00	  1.61	 -1.83	 -0.00	  0.03	  2.07	 -2.28	 -0.00	 -1.81	  2.86	 -1.22	
 -0.00	  1.11	 -2.10	 -0.00	  1.61	 -1.83	 -0.00	  0.03	  2.07	 -2.28	 -0.00	 -1.80	  2.85	 -1.23	
 -0.00	  1.11	 -2.10	 -0.00	  1.61	 -1.83	 -0.00	  0.03	  2.07	 -2.28	 -0.00	 -1.79	  2.85	 -1.24	
 -0.00	  1.11	 -2.10	 -0.00	  1.61	 -1.83	 -0.00	  0.03	  2.07	 -2.28	 -0.00	 -1.78	  2.85	 -1.24	
 -0.00	  1.11	 -2.10	 -0.00	  1.61	 -1.83	 -0.00	  0.04	  2.06	 -2.28	 -0.00	 -1.78	  2.85	 -1.25	
 -0.00	  1.11	 -2.10	 -0.00	  1.61	 -1.82	 -0.00	  0.04	  2.06	 -2.27	 -0.00	 -1.77	  2.85	 -1.26	
 -0.00	  1.12	 -2.10	 -0.00	  1.61	 -1.82	 -0.00	  0.04	  2.06	 -2.27	 -0.00	 -1.76	  2.85	 -1.26	
 -0.00	  1.12	 -2.10	 -0.00	  1.61	 -1.82	 -0.00	  0.04	  2.06	 -2.27	 -0.00	 -1.76	  2.85	 -1.27	
 -0.00	  1.12	 -2.10	 -0.00	  1.61	 -1.82	 -0.00	  0.04	  2.06	 -2.27	 -0.00	 -1.75	  2.85	 -1.27	
 -0.00	  1.12	 -2.10	 -0.00	  1.61	 -1.82	 -0.00	  0.05	  2.05	 -2.27	 -0.00	 -1.74	  2.85	 -1.28	
 -0.00	  1.12	 -2.10	 -0.00	  1.61	 -1.82	 -0.00	  0.05	  2.05	 -2.27	 -0.00	 -1.74	  2.85	 -1.28	
 -0.00	  1.12	 -2.10	 -0.00	  1.61	 -1.82	 -0.00	  0.05	  2.05	 -2.27	 -0.00	 -1.73	  2.84	 -1.29	
 -0.00	  1.12	 -2.10	 -0.00	  1.61	 -1.81	 -0.00	  0.05	  2.05	 -2.27	 -0.00	 -1.72	  2.84	 -1.29	
 -0.00	  1.12	 -2.10	 -0.00	  1.61	 -1.81	 -0.00	  0.05	  2.05	 -2.27	 -0.00	 -1.72	  2.84	 -1.30	
 -0.00	  1.13	 -2.10	 -0.00	  1.61	 -1.81	 -0.00	  0.05	  2.04	 -2.27	 -0.00	 -1.71	  2.84	 -1.31	
 -0.00	  1.13	 -2.10	 -0.00	  1.61	 -1.81	 -0.00	  0.06	  2.04	 -2.27	 -0.00	 -1.70	  2.84	 -1.31	
 -0.00	  1.13	 -2.10	 -0.00	  1.61	 -1.81	 -0.00	  0.06	  2.04	 -2.27	 -0.00	 -1.70	  2.84	 -1.32	
 -0.00	  1.13	 -2.10	 -0.00	  1.61	 -1.81	 -0.00	  0.06	  2.04	 -2.27	 -0.00	 -1.69	  2.84	 -1.32	
 -0.00	  1.13	 -2.09	 -0.00	  1.61	 -1.81	 -0.00	  0.06	  2.04	 -2.27	 -0.00	 -1.69	  2.84	 -1.32	
 -0.00	  1.13	 -2.09	 -0.00	  1.61	 -1.81	 -0.00	  0.06	  2.03	 -2.27	 -0.00	 -1.68	  2.84	 -1.33	
 -0.00	  1.13	 -2.09	 -0.00	  1.61	 -1.80	 -0.00	  0.06	  2.03	 -2.27	 -0.00	 -1.68	  2.84	 -1.33	
 -0.00	  1.13	 -2.09	 -0.00	  1.61	 -1.80	 -0.00	  0.06	  2.03	 -2.27	 -0.00	 -1.67	  2.83	 -1.34	
 -0.00	  1.13	 -2.09	 -0.00	  1.61	 -1.80	 -0.00	  0.06	  2.03	 -2.27	 -0.00	 -1.67	  2.83	 -1.34	
 -0.00	  1.14	 -2.09	 -0.00	  1.61	 -1.80	 -0.00	  0.07	  2.03	 -2.27	 -0.00	 -1.66	  2.83	 -1.35	
 -0.00	  1.14	 -2.09	 -0.00	  1.61	 -1.80	 -0.00	  0.07	  2.03	 -2.27	 -0.00	 -1.66	  2.83	 -1.35	
 -0.00	  1.14	 -2.09	 -0.00	  1.61	 -1.80	 -0.00	  0.07	  2.02	 -2.27	 -0.00	 -1.65	  2.83	 -1.35	
 -0.00	  1.14	 -2.09	 -0.00	  1.61	 -1.80	 -0.00	  0.07	  2.02	 -2.27	 -0.00	 -1.65	  2.83	 -1.36	
 -0.00	  1.14	 -2.09	 -0.00	  1.61	 -1.80	 -0.00	  0.07	  2.02	 -2.27	 -0.00	 -1.64	  2.83	 -1.36	
 -0.00	  1.14	 -2.09	 -0.00	  1.61	 -1.80	 -0.00	  0.07	  2.02	 -2.27	 -0.00	 -1.64	  2.83	 -1.37	
 -0.00	  1.14	 -2.09	 -0.00	  1.61	 -1.80	 -0.00	  0.07	  2.02	 -2.27	 -0.00	 -1.63	  2.83	 -1.37	
 -0.00	  1.14	 -2.09	 -0.00	  1.61	 -1.80	 -0.00	  0.08	  2.02	 -2.27	 -0.00	 -1.63	  2.83	 -1.37	
 -0.00	  1.14	 -2.09	 -0.00	  1.62	 -1.80	 -0.00	  0.08	  2.02	 -2.27	 -0.00	 -1.62	  2.82	 -1.38	
 -0.00	  1.14	 -2.09	 -0.00	  1.62	 -1.80	 -0.00	  0.08	  2.02	 -2.27	 -0.00	 -1.62	  2.82	 -1.38	
 -0.00	  1.14	 -2.09	 -0.00	  1.62	 -1.80	 -0.00	  0.08	  2.02	 -2.27	 -0.00	 -1.61	  2.82	 -1.38	
 -0.00	  1.14	 -2.09	 -0.00	  1.62	 -1.80	 -0.00	  0.08	  2.01	 -2.27	 -0.00	 -1.61	  2.82	 -1.39	
 -0.00	  1.14	 -2.09	 -0.00	  1.62	 -1.80	 -0.00	  0.08	  2.01	 -2.27	 -0.00	 -1.61	  2.82	 -1.39	
 -0.00	  1.15	 -2.09	 -0.00	  1.62	 -1.80	 -0.00	  0.08	  2.01	 -2.27	 -0.00	 -1.60	  2.82	 -1.39	
 -0.00	  1.15	 -2.09	 -0.00	  1.62	 -1.80	 -0.00	  0.08	  2.01	 -2.27	 -0.00	 -1.60	  2.82	 -1.40	
 -0.00	  1.15	 -2.09	 -0.00	  1.62	 -1.80	 -0.00	  0.08	  2.01	 -2.27	 -0.00	 -1.59	  2.82	 -1.40	
 -0.00	  1.15	 -2.09	 -0.00	  1.62	 -1.80	 -0.00	  0.09	  2.01	 -2.27	 -0.00	 -1.59	  2.82	 -1.40	
 -0.00	  1.15	 -2.09	 -0.00	  1.62	 -1.80	 -0.00	  0.09	  2.01	 -2.27	 -0.00	 -1.59	  2.82	 -1.40	
 -0.00	  1.15	 -2.09	 -0.00	  1.62	 -1.80	 -0.00	  0.09	  2.01	 -2.28	 -0.00	 -1.58	  2.82	 -1.41	
 -0.00	  1.15	 -2.09	 -0.00	  1.63	 -1.80	 -0.00	  0.09	  2.01	 -2.28	 -0.00	 -1.58	  2.82	 -1.41	
 -0.00	  1.15	 -2.09	 -0.00	  1.63	 -1.80	 -0.00	  0.09	  2.01	 -2.28	 -0.00	 -1.58	  2.81	 -1.41	
 -0.00	  1.15	 -2.09	 -0.00	  1.63	 -1.80	 -0.00	  0.09	  2.01	 -2.28	 -0.00	 -1.57	  2.81	 -1.41	
 -0.00	  1.15	 -2.09	 -0.00	  1.63	 -1.80	 -0.00	  0.09	  2.01	 -2.28	 -0.00	 -1.57	  2.81	 -1.42	
 -0.00	  1.15	 -2.08	 -0.00	  1.63	 -1.81	 -0.00	  0.09	  2.02	 -2.28	 -0.00	 -1.57	  2.81	 -1.42	
 -0.00	  1.15	 -2.08	 -0.00	  1.63	 -1.81	 -0.00	  0.09	  2.02	 -2.29	 -0.00	 -1.56	  2.81	 -1.42	
 -0.00	  1.15	 -2.08	 -0.00	  1.63	 -1.81	 -0.00	  0.10	  2.02	 -2.29	 -0.00	 -1.56	  2.81	 -1.42	
 -0.00	  1.15	 -2.08	 -0.00	  1.64	 -1.81	 -0.00	  0.10	  2.02	 -2.29	 -0.00	 -1.56	  2.81	 -1.43	
 -0.00	  1.15	 -2.08	 -0.00	  1.64	 -1.81	 -0.00	  0.10	  2.02	 -2.29	 -0.00	 -1.56	  2.81	 -1.43	
 -0.00	  1.15	 -2.08	 -0.00	  1.64	 -1.82	 -0.00	  0.10	  2.02	 -2.29	 -0.00	 -1.55	  2.81	 -1.43	
 -0.00	  1.15	 -2.08	 -0.00	  1.64	 -1.82	 -0.00	  0.10	  2.02	 -2.30	 -0.00	 -1.55	  2.81	 -1.43	
 -0.00	  1.15	 -2.08	 -0.00	  1.64	 -1.82	 -0.00	  0.10	  2.02	 -2.30	 -0.00	 -1.55	  2.81	 -1.43	
 -0.00	  1.15	 -2.08	 -0.00	  1.65	 -1.82	 -0.00	  0.10	  2.02	 -2.30	 -0.00	 -1.55	  2.81	 -1.44	
 -0.00	  1.15	 -2.08	 -0.00	  1.65	 -1.82	 -0.00	  0.10	  2.03	 -2.30	 -0.00	 -1.54	  2.81	 -1.44	
 -0.00	  1.15	 -2.08	 -0.00	  1.65	 -1.83	 -0.00	  0.10	  2.03	 -2.31	 -0.00	 -1.54	  2.80	 -1.44	
 -0.00	  1.15	 -2.08	 -0.00	  1.65	 -1.83	 -0.00	  0.10	  2.03	 -2.31	 -0.00	 -1.54	  2.80	 -1.44	
 -0.00	  1.16	 -2.08	 -0.00	  1.66	 -1.83	 -0.00	  0.10	  2.03	 -2.31	 -0.00	 -1.54	  2.80	 -1.44	
 -0.00	  1.16	 -2.08	 -0.00	  1.66	 -1.84	 -0.00	  0.11	  2.03	 -2.31	 -0.00	 -1.53	  2.80	 -1.44	
 -0.00	  1.16	 -2.08	 -0.00	  1.66	 -1.84	 -0.00	  0.11	  2.04	 -2.32	 -0.00	 -1.53	  2.80	 -1.44	
 -0.00	  1.16	 -2.08	 -0.00	  1.66	 -1.84	 -0.00	  0.11	  2.04	 -2.32	 -0.00	 -1.53	  2.80	 -1.45	
 -0.00	  1.16	 -2.08	 -0.00	  1.67	 -1.85	 -0.00	  0.11	  2.04	 -2.32	 -0.00	 -1.53	  2.80	 -1.45	
 -0.00	  1.16	 -2.08	 -0.00	  1.67	 -1.85	 -0.00	  0.11	  2.04	 -2.33	 -0.00	 -1.53	  2.80	 -1.45	
 -0.00	  1.16	 -2.08	 -0.00	  1.67	 -1.85	 -0.00	  0.11	  2.05	 -2.33	 -0.00	 -1.52	  2.80	 -1.45	
 -0.00	  1.16	 -2.08	 -0.00	  1.67	 -1.86	 -0.00	  0.11	  2.05	 -2.33	 -0.00	 -1.52	  2.80	 -1.45	
 -0.00	  1.16	 -2.08	 -0.00	  1.68	 -1.86	 -0.00	  0.11	  2.05	 -2.34	 -0.00	 -1.52	  2.80	 -1.45	
 -0.00	  1.16	 -2.08	 -0.00	  1.68	 -1.86	 -0.00	  0.11	  2.05	 -2.34	 -0.00	 -1.52	  2.80	 -1.45	
 -0.00	  1.16	 -2.08	 -0.00	  1.68	 -1.87	 -0.00	  0.11	  2.06	 -2.34	 -0.00	 -1.52	  2.80	 -1.45	
 -0.00	  1.16	 -2.08	 -0.00	  1.68	 -1.87	 -0.00	  0.11	  2.06	 -2.35	 -0.00	 -1.52	  2.80	 -1.46	
 -0.00	  1.16	 -2.08	 -0.00	  1.69	 -1.88	 -0.00	  0.11	  2.06	 -2.35	 -0.00	 -1.51	  2.80	 -1.46	
 -0.00	  1.16	 -2.08	 -0.00	  1.69	 -1.88	 -0.00	  0.11	  2.07	 -2.35	 -0.00	 -1.51	  2.80	 -1.46	
 -0.00	  1.16	 -2.08	 -0.00	  1.69	 -1.88	 -0.00	  0.11	  2.07	 -2.36	 -0.00	 -1.51	  2.80	 -1.46	
 -0.00	  1.16	 -2.08	 -0.00	  1.69	 -1.89	 -0.00	  0.11	  2.07	 -2.36	 -0.00	 -1.51	  2.80	 -1.46	
 -0.00	  1.16	 -2.08	 -0.00	  1.70	 -1.89	 -0.00	  0.11	  2.08	 -2.37	 -0.00	 -1.51	  2.79	 -1.46	
 -0.00	  1.16	 -2.08	 -0.00	  1.70	 -1.90	 -0.00	  0.11	  2.08	 -2.37	 -0.00	 -1.51	  2.79	 -1.46	
 -0.00	  1.16	 -2.07	 -0.00	  1.70	 -1.90	 -0.00	  0.11	  2.09	 -2.37	 -0.00	 -1.51	  2.79	 -1.46	
 -0.00	  1.16	 -2.07	 -0.00	  1.71	 -1.91	 -0.00	  0.11	  2.09	 -2.38	 -0.00	 -1.50	  2.79	 -1.46	
 -0.00	  1.16	 -2.07	 -0.00	  1.71	 -1.91	 -0.00	  0.11	  2.09	 -2.38	 -0.00	 -1.50	  2.79	 -1.46	
 -0.00	  1.16	 -2.07	 -0.00	  1.71	 -1.91	 -0.00	  0.11	  2.10	 -2.38	 -0.00	 -1.50	  2.79	 -1.46	
 -0.00	  1.16	 -2.07	 -0.00	  1.71	 -1.92	 -0.00	  0.11	  2.10	 -2.39	 -0.00	 -1.50	  2.79	 -1.46	
 -0.00	  1.16	 -2.07	 -0.00	  1.72	 -1.92	 -0.00	  0.11	  2.11	 -2.39	 -0.00	 -1.50	  2.79	 -1.47	
 -0.00	  1.16	 -2.07	 -0.00	  1.72	 -1.93	 -0.00	  0.11	  2.11	 -2.40	 -0.00	 -1.50	  2.79	 -1.47	
 -0.00	  1.16	 -2.07	 -0.00	  1.72	 -1.93	 -0.00	  0.11	  2.11	 -2.40	 -0.00	 -1.50	  2.79	 -1.47	
 -0.00	  1.16	 -2.07	 -0.00	  1.72	 -1.94	 -0.00	  0.11	  2.12	 -2.40	 -0.00	 -1.50	  2.79	 -1.47	
 -0.00	  1.16	 -2.07	 -0.00	  1.73	 -1.94	 -0.00	  0.11	  2.12	 -2.41	 -0.00	 -1.50	  2.79	 -1.47	
 -0.00	  1.16	 -2.07	 -0.00	  1.73	 -1.95	 -0.00	  0.11	  2.13	 -2.41	 -0.00	 -1.50	  2.79	 -1.47	
 -0.00	  1.16	 -2.07	 -0.00	  1.73	 -1.95	 -0.00	  0.11	  2.13	 -2.41	 -0.00	 -1.50	  2.79	 -1.47	
 -0.00	  1.16	 -2.07	 -0.00	  1.73	 -1.96	 -0.00	  0.11	  2.14	 -2.42	 -0.00	 -1.49	  2.79	 -1.47	
 -0.00	  1.16	 -2.07	 -0.00	  1.73	 -1.96	 -0.00	  0.10	  2.14	 -2.42	 -0.00	 -1.49	  2.79	 -1.47	
 -0.00	  1.16	 -2.07	 -0.00	  1.74	 -1.97	 -0.00	  0.10	  2.15	 -2.42	 -0.00	 -1.49	  2.79	 -1.47	
 -0.00	  1.16	 -2.07	 -0.00	  1.74	 -1.97	 -0.00	  0.10	  2.15	 -2.43	 -0.00	 -1.49	  2.79	 -1.47	
 -0.00	  1.16	 -2.07	 -0.00	  1.74	 -1.98	 -0.00	  0.10	  2.16	 -2.43	 -0.00	 -1.49	  2.79	 -1.47	
 -0.00	  1.16	 -2.07	 -0.00	  1.74	 -1.98	 -0.00	  0.10	  2.16	 -2.44	 -0.00	 -1.49	  2.79	 -1.47	
 -0.00	  1.16	 -2.07	 -0.00	  1.74	 -1.98	 -0.00	  0.10	  2.17	 -2.44	 -0.00	 -1.49	  2.79	 -1.47	
 -0.00	  1.16	 -2.07	 -0.00	  1.74	 -1.99	 -0.00	  0.09	  2.17	 -2.44	 -0.00	 -1.49	  2.79	 -1.47	
 -0.00	  1.16	 -2.07	 -0.00	  1.75	 -1.99	 -0.00	  0.09	  2.18	 -2.45	 -0.00	 -1.49	  2.79	 -1.47	
 -0.00	  1.16	 -2.07	 -0.00	  1.75	 -2.00	 -0.00	  0.09	  2.18	 -2.45	 -0.00	 -1.49	  2.79	 -1.47	
 -0.00	  1.16	 -2.07	 -0.00	  1.75	 -2.00	 -0.00	  0.09	  2.19	 -2.45	 -0.00	 -1.49	  2.79	 -1.47	
 -0.00	  1.16	 -2.07	 -0.00	  1.75	 -2.01	 -0.00	  0.08	  2.20	 -2.45	 -0.00	 -1.49	  2.79	 -1.47	
 -0.00	  1.16	 -2.07	 -0.00	  1.75	 -2.01	 -0.00	  0.08	  2.20	 -2.46	 -0.00	 -1.49	  2.79	 -1.47	
 -0.00	  1.16	 -2.07	 -0.00	  1.75	 -2.02	 -0.00	  0.08	  2.21	 -2.46	 -0.00	 -1.49	  2.79	 -1.47	
 -0.00	  1.16	 -2.07	 -0.00	  1.75	 -2.02	 -0.00	  0.08	  2.21	 -2.46	 -0.00	 -1.49	  2.79	 -1.47	
 -0.00	  1.16	 -2.07	 -0.00	  1.75	 -2.03	 -0.00	  0.07	  2.22	 -2.47	 -0.00	 -1.49	  2.79	 -1.47	
 -0.00	  1.16	 -2.07	 -0.00	  1.75	 -2.03	 -0.00	  0.07	  2.23	 -2.47	 -0.00	 -1.49	  2.78	 -1.47	
 -0.00	  1.16	 -2.07	 -0.00	  1.75	 -2.04	 -0.00	  0.07	  2.23	 -2.47	 -0.00	 -1.49	  2.78	 -1.47	
 -0.00	  1.16	 -2.07	 -0.00	  1.75	 -2.04	 -0.00	  0.06	  2.24	 -2.47	 -0.00	 -1.49	  2.78	 -1.47	
 -0.00	  1.16	 -2.07	 -0.00	  1.75	 -2.04	 -0.00	  0.06	  2.24	 -2.48	 -0.00	 -1.49	  2.78	 -1.47	
 -0.00	  1.16	 -2.07	 -0.00	  1.75	 -2.05	 -0.00	  0.05	  2.25	 -2.48	 -0.00	 -1.49	  2.78	 -1.47	
 -0.00	  1.16	 -2.07	 -0.00	  1.75	 -2.05	 -0.00	  0.05	  2.26	 -2.48	 -0.00	 -1.49	  2.78	 -1.47	
 -0.00	  1.16	 -2.07	 -0.00	  1.75	 -2.06	 -0.00	  0.04	  2.26	 -2.48	 -0.00	 -1.49	  2.78	 -1.47	
 -0.00	  1.16	 -2.07	 -0.00	  1.75	 -2.06	 -0.00	  0.04	  2.27	 -2.48	 -0.00	 -1.49	  2.78	 -1.47	
 -0.00	  1.16	 -2.07	 -0.00	  1.75	 -2.07	 -0.00	  0.03	  2.28	 -2.48	 -0.00	 -1.49	  2.78	 -1.47	
 -0.00	  1.16	 -2.07	 -0.00	  1.75	 -2.07	 -0.00	  0.03	  2.28	 -2.49	 -0.00	 -1.49	  2.78	 -1.47	
 -0.00	  1.16	 -2.07	 -0.00	  1.75	 -2.07	 -0.00	  0.02	  2.29	 -2.49	 -0.00	 -1.48	  2.78	 -1.47	
 -0.00	  1.16	 -2.07	 -0.00	  1.75	 -2.08	 -0.00	  0.02	  2.30	 -2.49	 -0.00	 -1.48	  2.78	 -1.47	
 -0.00	  1.16	 -2.07	 -0.00	  1.75	 -2.08	 -0.00	  0.01	  2.30	 -2.49	 -0.00	 -1.48	  2.78	 -1.47	
 -0.00	  1.16	 -2.07	 -0.00	  1.75	 -2.09	 -0.00	  0.01	  2.31	 -2.49	 -0.00	 -1.48	  2.78	 -1.47	
 -0.00	  1.16	 -2.07	 -0.00	  1.74	 -2.09	 -0.00	  0.00	  2.32	 -2.49	 -0.00	 -1.48	  2.78	 -1.47	
 -0.00	  1.16	 -2.07	 -0.00	  1.74	 -2.09	 -0.00	 -0.01	  2.32	 -2.49	 -0.00	 -1.48	  2.78	 -1.47	
 -0.00	  1.16	 -2.07	 -0.00	  1.74	 -2.10	 -0.00	 -0.01	  2.33	 -2.49	 -0.00	 -1.48	  2.78	 -1.47	
 -0.00	  1.16	 -2.07	 -0.00	  1.74	 -2.10	 -0.00	 -0.02	  2.34	 -2.49	 -0.00	 -1.48	  2.78	 -1.47	
 -0.00	  1.16	 -2.07	 -0.00	  1.74	 -2.10	 -0.00	 -0.03	  2.34	 -2.49	 -0.00	 -1.48	  2.78	 -1.47	
 -0.00	  1.16	 -2.07	 -0.00	  1.73	 -2.11	 -0.00	 -0.03	  2.35	 -2.49	 -0.00	 -1.48	  2.78	 -1.47	
 -0.00	  1.16	 -2.07	 -0.00	  1.73	 -2.11	 -0.00	 -0.04	  2.36	 -2.49	 -0.00	 -1.48	  2.78	 -1.47	
 -0.00	  1.16	 -2.07	 -0.00	  1.73	 -2.11	 -0.00	 -0.05	  2.37	 -2.49	 -0.00	 -1.48	  2.78	 -1.47	
 -0.00	  1.16	 -2.07	 -0.00	  1.73	 -2.12	 -0.00	 -0.06	  2.37	 -2.49	 -0.00	 -1.48	  2.78	 -1.47	
 -0.00	  1.16	 -2.07	 -0.00	  1.72	 -2.12	 -0.00	 -0.07	  2.38	 -2.49	 -0.00	 -1.48	  2.78	 -1.47	
 -0.00	  1.16	 -2.07	 -0.00	  1.72	 -2.12	 -0.00	 -0.07	  2.39	 -2.49	 -0.00	 -1.48	  2.78	 -1.47	
 -0.00	  1.16	 -2.07	 -0.00	  1.72	 -2.13	 -0.00	 -0.08	  2.39	 -2.49	 -0.00	 -1.48	  2.78	 -1.47	
 -0.00	  1.16	 -2.07	 -0.00	  1.71	 -2.13	 -0.00	 -0.09	  2.40	 -2.48	 -0.00	 -1.48	  2.78	 -1.47	
 -0.00	  1.16	 -2.07	 -0.00	  1.71	 -2.13	 -0.00	 -0.10	  2.41	 -2.48	 -0.00	 -1.48	  2.78	 -1.47	
 -0.00	  1.16	 -2.07	 -0.00	  1.71	 -2.13	 -0.00	 -0.11	  2.42	 -2.48	 -0.00	 -1.48	  2.78	 -1.47	
 -0.00	  1.16	 -2.07	 -0.00	  1.70	 -2.14	 -0.00	 -0.12	  2.42	 -2.48	 -0.00	 -1.48	  2.78	 -1.47	
 -0.00	  1.16	 -2.07	 -0.00	  1.70	 -2.14	 -0.00	 -0.13	  2.43	 -2.48	 -0.00	 -1.48	  2.78	 -1.47	
 -0.00	  1.16	 -2.07	 -0.00	  1.69	 -2.14	 -0.00	 -0.14	  2.44	 -2.47	 -0.00	 -1.48	  2.78	 -1.47	
 -0.00	  1.16	 -2.07	 -0.00	  1.69	 -2.15	 -0.00	 -0.15	  2.45	 -2.47	 -0.00	 -1.48	  2.78	 -1.47	
 -0.00	  1.16	 -2.07	 -0.00	  1.68	 -2.15	 -0.00	 -0.17	  2.46	 -2.47	 -0.00	 -1.48	  2.78	 -1.47	
 -0.00	  1.16	 -2.07	 -0.00	  1.68	 -2.15	 -0.00	 -0.18	  2.46	 -2.46	 -0.00	 -1.48	  2.78	 -1.47	
 -0.00	  1.16	 -2.07	 -0.00	  1.67	 -2.15	 -0.00	 -0.19	  2.47	 -2.46	 -0.00	 -1.48	  2.78	 -1.47	
 -0.00	  1.16	 -2.07	 -0.00	  1.67	 -2.15	 -0.00	 -0.20	  2.48	 -2.45	 -0.00	 -1.48	  2.78	 -1.47	
 -0.00	  1.16	 -2.07	 -0.00	  1.66	 -2.16	 -0.00	 -0.21	  2.49	 -2.45	 -0.00	 -1.48	  2.78	 -1.47	
 -0.00	  1.16	 -2.07	 -0.00	  1.66	 -2.16	 -0.00	 -0.23	  2.50	 -2.44	 -0.00	 -1.48	  2.78	 -1.47	
 -0.00	  1.16	 -2.07	 -0.00	  1.65	 -2.16	 -0.00	 -0.24	  2.50	 -2.44	 -0.00	 -1.48	  2.78	 -1.47	
 -0.00	  1.16	 -2.07	 -0.00	  1.64	 -2.16	 -0.00	 -0.26	  2.51	 -2.43	 -0.00	 -1.48	  2.78	 -1.47	
 -0.00	  1.16	 -2.07	 -0.00	  1.64	 -2.16	 -0.00	 -0.27	  2.52	 -2.42	 -0.00	 -1.48	  2.78	 -1.48	
 -0.00	  1.16	 -2.07	 -0.00	  1.63	 -2.16	 -0.00	 -0.28	  2.53	 -2.42	 -0.00	 -1.48	  2.79	 -1.48	
 -0.00	  1.16	 -2.07	 -0.00	  1.62	 -2.17	 -0.00	 -0.30	  2.54	 -2.41	 -0.00	 -1.48	  2.79	 -1.48	
 -0.00	  1.16	 -2.07	 -0.00	  1.62	 -2.17	 -0.00	 -0.32	  2.54	 -2.40	 -0.00	 -1.48	  2.79	 -1.48	
 -0.00	  1.16	 -2.07	 -0.00	  1.61	 -2.17	 -0.00	 -0.33	  2.55	 -2.40	 -0.00	 -1.48	  2.79	 -1.48	
 -0.00	  1.16	 -2.07	 -0.00	  1.60	 -2.17	 -0.00	 -0.35	  2.56	 -2.39	 -0.00	 -1.48	  2.79	 -1.48	
 -0.00	  1.16	 -2.07	 -0.00	  1.59	 -2.17	 -0.00	 -0.36	  2.57	 -2.38	 -0.00	 -1.48	  2.79	 -1.48	
 -0.00	  1.16	 -2.07	 -0.00	  1.59	 -2.17	 -0.00	 -0.38	  2.58	 -2.37	 -0.00	 -1.48	  2.79	 -1.48	
 -0.00	  1.16	 -2.07	 -0.00	  1.58	 -2.17	 -0.00	 -0.40	  2.58	 -2.36	 -0.00	 -1.48	  2.79	 -1.48	
 -0.00	  1.16	 -2.07	 -0.00	  1.57	 -2.17	 -0.00	 -0.42	  2.59	 -2.35	 -0.00	 -1.48	  2.79	 -1.48	
 -0.00	  1.16	 -2.07	 -0.00	  1.56	 -2.17	 -0.00	 -0.44	  2.60	 -2.34	 -0.00	 -1.48	  2.79	 -1.48	
 -0.00	  1.16	 -2.07	 -0.00	  1.56	 -2.17	 -0.00	 -0.45	  2.61	 -2.33	 -0.00	 -1.48	  2.79	 -1.48	
 -0.00	  1.16	 -2.07	 -0.00	  1.55	 -2.17	 -0.00	 -0.47	  2.61	 -2.32	 -0.00	 -1.48	  2.79	 -1.48	
 -0.00	  1.16	 -2.07	 -0.00	  1.54	 -2.17	 -0.00	 -0.49	  2.62	 -2.30	 -0.00	 -1.48	  2.79	 -1.48	
 -0.00	  1.16	 -2.07	 -0.00	  1.53	 -2.17	 -0.00	 -0.51	  2.63	 -2.29	 -0.00	 -1.48	  2.79	 -1.48	
 -0.00	  1.16	 -2.07	 -0.00	  1.52	 -2.17	 -0.00	 -0.53	  2.64	 -2.28	 -0.00	 -1.48	  2.79	 -1.48	
 -0.00	  1.16	 -2.07	 -0.00	  1.52	 -2.17	 -0.00	 -0.55	  2.64	 -2.27	 -0.00	 -1.48	  2.79	 -1.48	
 -0.00	  1.16	 -2.07	 -0.00	  1.51	 -2.17	 -0.00	 -0.57	  2.65	 -2.25	 -0.00	 -1.48	  2.79	 -1.48	
 -0.00	  1.16	 -2.07	 -0.00	  1.50	 -2.17	 -0.00	 -0.60	  2.66	 -2.24	 -0.00	 -1.48	  2.79	 -1.48	
 -0.00	  1.16	 -2.07	 -0.00	  1.49	 -2.17	 -0.00	 -0.62	  2.66	 -2.22	 -0.00	 -1.48	  2.79	 -1.48	
 -0.00	  1.16	 -2.07	 -0.00	  1.48	 -2.17	 -0.00	 -0.64	  2.67	 -2.21	 -0.00	 -1.48	  2.79	 -1.48	
 -0.00	  1.16	 -2.07	 -0.00	  1.47	 -2.17	 -0.00	 -0.66	  2.68	 -2.19	 -0.00	 -1.48	  2.79	 -1.48	
 -0.00	  1.16	 -2.07	 -0.00	  1.46	 -2.17	 -0.00	 -0.68	  2.68	 -2.18	 -0.00	 -1.48	  2.79	 -1.49	
 -0.00	  1.17	 -2.07	 -0.00	  1.46	 -2.16	 -0.00	 -0.70	  2.69	 -2.16	 -0.00	 -1.48	  2.79	 -1.49	
 -0.00	  1.17	 -2.07	 -0.00	  1.45	 -2.16	 -0.00	 -0.73	  2.70	 -2.14	 -0.00	 -1.48	  2.79	 -1.49	
 -0.00	  1.17	 -2.07	 -0.00	  1.44	 -2.16	 -0.00	 -0.75	  2.70	 -2.13	 -0.00	 -1.48	  2.79	 -1.49	
 -0.00	  1.17	 -2.08	 -0.00	  1.43	 -2.16	 -0.00	 -0.77	  2.71	 -2.11	 -0.00	 -1.48	  2.79	 -1.49	
 -0.00	  1.17	 -2.08	 -0.00	  1.42	 -2.16	 -0.00	 -0.79	  2.71	 -2.09	 -0.00	 -1.47	  2.79	 -1.49	
 -0.00	  1.17	 -2.08	 -0.00	  1.41	 -2.16	 -0.00	 -0.82	  2.72	 -2.08	 -0.00	 -1.47	  2.79	 -1.49	
 -0.00	  1.17	 -2.08	 -0.00	  1.41	 -2.16	 -0.00	 -0.84	  2.72	 -2.06	 -0.00	 -1.47	  2.79	 -1.49	
 -0.00	  1.17	 -2.08	 -0.00	  1.40	 -2.15	 -0.00	 -0.86	  2.73	 -2.04	 -0.00	 -1.47	  2.79	 -1.49	
 -0.00	  1.17	 -2.08	 -0.00	  1.39	 -2.15	 -0.00	 -0.88	  2.73	 -2.02	 -0.00	 -1.47	  2.79	 -1.49	
 -0.00	  1.17	 -2.08	 -0.00	  1.38	 -2.15	 -0.00	 -0.91	  2.74	 -2.01	 -0.00	 -1.47	  2.79	 -1.49	
 -0.00	  1.17	 -2.08	 -0.00	  1.37	 -2.15	 -0.00	 -0.93	  2.74	 -1.99	 -0.00	 -1.47	  2.79	 -1.50	
 -0.00	  1.17	 -2.08	 -0.00	  1.37	 -2.15	 -0.00	 -0.95	  2.75	 -1.97	 -0.00	 -1.47	  2.79	 -1.50	
 -0.00	  1.17	 -2.08	 -0.00	  1.36	 -2.14	 -0.00	 -0.97	  2.75	 -1.95	 -0.00	 -1.47	  2.79	 -1.50	
 -0.00	  1.17	 -2.08	 -0.00	  1.35	 -2.14	 -0.00	 -0.99	  2.75	 -1.94	 -0.00	 -1.47	  2.79	 -1.50	
 -0.00	  1.17	 -2.08	 -0.00	  1.34	 -2.14	 -0.00	 -1.01	  2.76	 -1.92	 -0.00	 -1.46	  2.79	 -1.50	
 -0.00	  1.17	 -2.08	 -0.00	  1.34	 -2.14	 -0.00	 -1.03	  2.76	 -1.90	 -0.00	 -1.46	  2.79	 -1.50	
 -0.00	  1.17	 -2.08	 -0.00	  1.33	 -2.14	 -0.00	 -1.05	  2.76	 -1.89	 -0.00	 -1.46	  2.79	 -1.50	
 -0.00	  1.17	 -2.08	 -0.00	  1.32	 -2.14	 -0.00	 -1.07	  2.77	 -1.87	 -0.00	 -1.46	  2.79	 -1.51	
 -0.00	  1.17	 -2.08	 -0.00	  1.32	 -2.13	 -0.00	 -1.09	  2.77	 -1.85	 -0.00	 -1.46	  2.79	 -1.51	
 -0.00	  1.18	 -2.08	 -0.00	  1.31	 -2.13	 -0.00	 -1.11	  2.77	 -1.84	 -0.00	 -1.46	  2.79	 -1.51	
 -0.00	  1.18	 -2.08	 -0.00	  1.30	 -2.13	 -0.00	 -1.13	  2.77	 -1.82	 -0.00	 -1.46	  2.79	 -1.51	
 -0.00	  1.18	 -2.08	 -0.00	  1.30	 -2.13	 -0.00	 -1.14	  2.78	 -1.81	 -0.00	 -1.45	  2.79	 -1.51	
 -0.00	  1.18	 -2.08	 -0.00	  1.29	 -2.13	 -0.00	 -1.16	  2.78	 -1.79	 -0.00	 -1.45	  2.79	 -1.51	
 -0.00	  1.18	 -2.08	 -0.00	  1.28	 -2.12	 -0.00	 -1.18	  2.78	 -1.78	 -0.00	 -1.45	  2.79	 -1.51	
 -0.00	  1.18	 -2.08	 -0.00	  1.28	 -2.12	 -0.00	 -1.19	  2.78	 -1.76	 -0.00	 -1.45	  2.79	 -1.52	
 -0.00	  1.18	 -2.08	 -0.00	  1.27	 -2.12	 -0.00	 -1.21	  2.78	 -1.75	 -0.00	 -1.45	  2.79	 -1.52	
 -0.00	  1.18	 -2.08	 -0.00	  1.27	 -2.12	 -0.00	 -1.22	  2.78	 -1.74	 -0.00	 -1.45	  2.79	 -1.52	
 -0.00	  1.18	 -2.08	 -0.00	  1.26	 -2.12	 -0.00	 -1.23	  2.78	 -1.72	 -0.00	 -1.44	  2.79	 -1.52	
 -0.00	  1.18	 -2.08	 -0.00	  1.26	 -2.11	 -0.00	 -1.25	  2.78	 -1.71	 -0.00	 -1.44	  2.79	 -1.52	
 -0.00	  1.18	 -2.08	 -0.00	  1.25	 -2.11	 -0.00	 -1.26	  2.79	 -1.70	 -0.00	 -1.44	  2.79	 -1.53	
 -0.00	  1.18	 -2.08	 -0.00	  1.25	 -2.11	 -0.00	 -1.27	  2.79	 -1.69	 -0.00	 -1.44	  2.79	 -1.53	
 -0.00	  1.18	 -2.08	 -0.00	  1.25	 -2.11	 -0.00	 -1.28	  2.79	 -1.68	 -0.00	 -1.43	  2.79	 -1.53	
 -0.00	  1.19	 -2.08	 -0.00	  1.24	 -2.11	 -0.00	 -1.29	  2.79	 -1.67	 -0.00	 -1.43	  2.79	 -1.53	
 -0.00	  1.19	 -2.08	 -0.00	  1.24	 -2.11	 -0.00	 -1.30	  2.79	 -1.66	 -0.00	 -1.43	  2.79	 -1.54	
 -0.00	  1.19	 -2.09	 -0.00	  1.23	 -2.10	 -0.00	 -1.31	  2.79	 -1.65	 -0.00	 -1.43	  2.79	 -1.54	
 -0.00	  1.19	 -2.09	 -0.00	  1.23	 -2.10	 -0.00	 -1.32	  2.79	 -1.64	 -0.00	 -1.43	  2.79	 -1.54	
 -0.00	  1.19	 -2.09	 -0.00	  1.23	 -2.10	 -0.00	 -1.33	  2.79	 -1.64	 -0.00	 -1.42	  2.79	 -1.54	
 -0.00	  1.19	 -2.09	 -0.00	  1.23	 -2.10	 -0.00	 -1.33	  2.79	 -1.63	 -0.00	 -1.42	  2.79	 -1.55	
 -0.00	  1.19	 -2.09	 -0.00	  1.22	 -2.10	 -0.00	 -1.34	  2.79	 -1.63	 -0.00	 -1.42	  2.79	 -1.55	
 -0.00	  1.19	 -2.09	 -0.00	  1.22	 -2.10	 -0.00	 -1.34	  2.79	 -1.62	 -0.00	 -1.41	  2.79	 -1.55	
 -0.00	  1.19	 -2.09	 -0.00	  1.22	 -2.10	 -0.00	 -1.35	  2.79	 -1.61	 -0.00	 -1.41	  2.79	 -1.55	
 -0.00	  1.19	 -2.09	 -0.00	  1.22	 -2.10	 -0.00	 -1.35	  2.79	 -1.61	 -0.00	 -1.41	  2.79	 -1.56	
 -0.00	  1.20	 -2.09	 -0.00	  1.22	 -2.10	 -0.00	 -1.36	  2.79	 -1.61	 -0.00	 -1.41	  2.79	 -1.56	
 -0.00	  1.20	 -2.09	 -0.00	  1.21	 -2.10	 -0.00	 -1.36	  2.79	 -1.60	 -0.00	 -1.40	  2.79	 -1.56	
 -0.00	  1.20	 -2.09	 -0.00	  1.21	 -2.09	 -0.00	 -1.36	  2.79	 -1.60	 -0.00	 -1.40	  2.79	 -1.56	
 -0.00	  1.20	 -2.09	 -0.00	  1.21	 -2.09	 -0.00	 -1.36	  2.79	 -1.60	 -0.00	 -1.40	  2.79	 -1.57	
 -0.00	  1.20	 -2.09	 -0.00	  1.21	 -2.09	 -0.00	 -1.37	  2.79	 -1.60	 -0.00	 -1.39	  2.79	 -1.57	
 -0.00	  1.20	 -2.09	 -0.00	  1.21	 -2.09	 -0.00	 -1.37	  2.79	 -1.60	 -0.00	 -1.39	  2.79	 -1.57	
 -0.00	  1.20	 -2.09	 -0.00	  1.21	 -2.09	 -0.00	 -1.37	  2.79	 -1.60	 -0.00	 -1.39	  2.79	 -1.58	
 -0.00	  1.20	 -2.09	 -0.00	  1.21	 -2.09	 -0.00	 -1.37	  2.79	 -1.60	 -0.00	 -1.38	  2.79	 -1.58	
 -0.00	  1.20	 -2.09	 -0.00	  1.21	 -2.09	 -0.00	 -1.37	  2.79	 -1.60	 -0.00	 -1.38	  2.79	 -1.58	
 -0.00	  1.21	 -2.09	 -0.00	  1.21	 -2.09	 -0.00	 -1.36	  2.79	 -1.60	 -0.00	 -1.37	  2.79	 -1.59	
 -0.00	  1.21	 -2.09	 -0.00	  1.21	 -2.09	 -0.00	 -1.36	  2.79	 -1.60	 -0.00	 -1.37	  2.79	 -1.59	
 -0.00	  1.21	 -2.09	 -0.00	  1.21	 -2.09	 -0.00	 -1.36	  2.79	 -1.60	 -0.00	 -1.37	  2.79	 -1.59	
 -0.00	  1.21	 -2.09	 -0.00	  1.21	 -2.09	 -0.00	 -1.36	  2.79	 -1.60	 -0.00	 -1.36	  2.79	 -1.60	
 -0.00	  1.21	 -2.09	 -0.00	  1.21	 -2.09	 -0.00	 -1.36	  2.79	 -1.60	 -0.00	 -1.36	  2.79	 -1.60	
 -0.00	  1.21	 -2.09	 -0.00	  1.21	 -2.09	 -0.00	 -1.35	  2.78	 -1.61	 -0.00	 -1.35	  2.78	 -1.60	
 -0.00	  1.21	 -2.09	 -0.00	  1.21	 -2.09	 -0.00	 -1.35	  2.78	 -1.61	 -0.00	 -1.35	  2.78	 -1.61	
 -0.00	  1.22	 -2.09	 -0.00	  1.22	 -2.09	 -0.00	 -1.35	  2.78	 -1.61	 -0.00	 -1.35	  2.78	 -1.61	
 -0.00	  1.22	 -2.09	 -0.00	  1.22	 -2.09	 -0.00	 -1.34	  2.78	 -1.62	 -0.00	 -1.34	  2.78	 -1.62	
 -0.00	  1.22	 -2.09	 -0.00	  1.22	 -2.09	 -0.00	 -1.34	  2.78	 -1.62	 -0.00	 -1.34	  2.78	 -1.62	
 -0.00	  1.22	 -2.09	 -0.00	  1.22	 -2.09	 -0.00	 -1.33	  2.78	 -1.62	 -0.00	 -1.33	  2.78	 -1.62	
 -0.00	  1.22	 -2.09	 -0.00	  1.22	 -2.09	 -0.00	 -1.33	  2.78	 -1.63	 -0.00	 -1.33	  2.78	 -1.63	
 -0.00	  1.22	 -2.09	 -0.00	  1.22	 -2.09	 -0.00	 -1.32	  2.78	 -1.63	 -0.00	 -1.32	  2.78	 -1.63	
 -0.00	  1.22	 -2.09	 -0.00	  1.22	 -2.09	 -0.00	 -1.32	  2.78	 -1.64	 -0.00	 -1.32	  2.78	 -1.64	
 -0.00	  1.23	 -2.09	 -0.00	  1.23	 -2.09	 -0.00	 -1.31	  2.78	 -1.64	 -0.00	 -1.31	  2.78	 -1.64	
 -0.00	  1.23	 -2.09	 -0.00	  1.23	 -2.09	 -0.00	 -1.31	  2.78	 -1.65	 -0.00	 -1.31	  2.78	 -1.65	
 -0.00	  1.23	 -2.09	 -0.00	  1.23	 -2.09	 -0.00	 -1.30	  2.78	 -1.65	 -0.00	 -1.30	  2.78	 -1.65	
 -0.00	  1.23	 -2.10	 -0.00	  1.23	 -2.10	 -0.00	 -1.30	  2.78	 -1.65	 -0.00	 -1.30	  2.78	 -1.65	
 -0.00	  1.23	 -2.10	 -0.00	  1.23	 -2.10	 -0.00	 -1.29	  2.78	 -1.66	 -0.00	 -1.29	  2.78	 -1.66	
 -0.00	  1.23	 -2.10	 -0.00	  1.23	 -2.10	 -0.00	 -1.29	  2.78	 -1.66	 -0.00	 -1.29	  2.78	 -1.66	
 -0.00	  1.24	 -2.10	 -0.00	  1.24	 -2.10	 -0.00	 -1.28	  2.77	 -1.67	 -0.00	 -1.28	  2.77	 -1.67	
 -0.00	  1.24	 -2.10	 -0.00	  1.24	 -2.10	 -0.00	 -1.28	  2.77	 -1.67	 -0.00	 -1.28	  2.77	 -1.67	
 -0.00	  1.24	 -2.10	 -0.00	  1.24	 -2.10	 -0.00	 -1.27	  2.77	 -1.68	 -0.00	 -1.27	  2.77	 -1.68	
 -0.00	  1.24	 -2.10	 -0.00	  1.24	 -2.10	 -0.00	 -1.26	  2.77	 -1.68	 -0.00	 -1.26	  2.77	 -1.68	
 -0.00	  1.24	 -2.10	 -0.00	  1.24	 -2.10	 -0.00	 -1.26	  2.77	 -1.69	 -0.00	 -1.26	  2.77	 -1.69	
 -0.00	  1.24	 -2.10	 -0.00	  1.24	 -2.10	 -0.00	 -1.25	  2.77	 -1.69	 -0.00	 -1.25	  2.77	 -1.69	
 -0.00	  1.25	 -2.10	 -0.00	  1.25	 -2.10	 -0.00	 -1.25	  2.77	 -1.70	 -0.00	 -1.25	  2.77	 -1.70	
 -0.00	  1.25	 -2.10	 -0.00	  1.25	 -2.10	 -0.00	 -1.24	  2.77	 -1.70	 -0.00	 -1.24	  2.77	 -1.70	
 -0.00	  1.25	 -2.10	 -0.00	  1.25	 -2.10	 -0.00	 -1.23	  2.77	 -1.71	 -0.00	 -1.23	  2.77	 -1.71	
 -0.00	  1.25	 -2.10	 -0.00	  1.25	 -2.10	 -0.00	 -1.23	  2.77	 -1.71	 -0.00	 -1.23	  2.77	 -1.71	
 -0.00	  1.25	 -2.10	 -0.00	  1.25	 -2.10	 -0.00	 -1.22	  2.76	 -1.72	 -0.00	 -1.22	  2.76	 -1.72	
 -0.00	  1.26	 -2.10	 -0.00	  1.26	 -2.10	 -0.00	 -1.22	  2.76	 -1.72	 -0.00	 -1.22	  2.76	 -1.72	
 -0.00	  1.26	 -2.10	 -0.00	  1.26	 -2.10	 -0.00	 -1.21	  2.76	 -1.73	 -0.00	 -1.21	  2.76	 -1.73	
 -0.00	  1.26	 -2.10	 -0.00	  1.26	 -2.10	 -0.00	 -1.20	  2.76	 -1.73	 -0.00	 -1.20	  2.76	 -1.73	
 -0.00	  1.26	 -2.10	 -0.00	  1.26	 -2.10	 -0.00	 -1.20	  2.76	 -1.74	 -0.00	 -1.20	  2.76	 -1.74	
 -0.00	  1.26	 -2.10	 -0.00	  1.26	 -2.10	 -0.00	 -1.19	  2.76	 -1.74	 -0.00	 -1.19	  2.76	 -1.74	
 -0.00	  1.26	 -2.10	 -0.00	  1.26	 -2.10	 -0.00	 -1.18	  2.76	 -1.75	 -0.00	 -1.18	  2.76	 -1.75	
 -0.00	  1.27	 -2.10	 -0.00	  1.27	 -2.10	 -0.00	 -1.18	  2.76	 -1.75	 -0.00	 -1.18	  2.76	 -1.75	
 -0.00	  1.27	 -2.10	 -0.00	  1.27	 -2.10	 -0.00	 -1.17	  2.75	 -1.76	 -0.00	 -1.17	  2.75	 -1.76	
 -0.00	  1.27	 -2.10	 -0.00	  1.27	 -2.10	 -0.00	 -1.16	  2.75	 -1.76	 -0.00	 -1.16	  2.75	 -1.76	
 -0.00	  1.27	 -2.10	 -0.00	  1.27	 -2.10	 -0.00	 -1.16	  2.75	 -1.77	 -0.00	 -1.16	  2.75	 -1.77	
 -0.00	  1.27	 -2.10	 -0.00	  1.27	 -2.10	 -0.00	 -1.15	  2.75	 -1.77	 -0.00	 -1.15	  2.75	 -1.77	
 -0.00	  1.28	 -2.10	 -0.00	  1.28	 -2.10	 -0.00	 -1.14	  2.75	 -1.78	 -0.00	 -1.14	  2.75	 -1.78	
 -0.00	  1.28	 -2.10	 -0.00	  1.28	 -2.10	 -0.00	 -1.14	  2.75	 -1.78	 -0.00	 -1.14	  2.75	 -1.78	
 -0.00	  1.28	 -2.10	 -0.00	  1.28	 -2.10	 -0.00	 -1.13	  2.75	 -1.79	 -0.00	 -1.13	  2.75	 -1.79	
 -0.00	  1.28	 -2.10	 -0.00	  1.28	 -2.10	 -0.00	 -1.12	  2.74	 -1.79	 -0.00	 -1.12	  2.74	 -1.79	
 -0.00	  1.28	 -2.10	 -0.00	  1.28	 -2.10	 -0.00	 -1.12	  2.74	 -1.80	 -0.00	 -1.12	  2.74	 -1.80	
 -0.00	  1.29	 -2.10	 -0.00	  1.29	 -2.10	 -0.00	 -1.11	  2.74	 -1.80	 -0.00	 -1.11	  2.74	 -1.80	
 -0.00	  1.29	 -2.10	 -0.00	  1.29	 -2.10	 -0.00	 -1.10	  2.74	 -1.81	 -0.00	 -1.10	  2.74	 -1.81	
 -0.00	  1.29	 -2.10	 -0.00	  1.29	 -2.10	 -0.00	 -1.10	  2.74	 -1.82	 -0.00	 -1.10	  2.74	 -1.82	
 -0.00	  1.29	 -2.10	 -0.00	  1.29	 -2.10	 -0.00	 -1.09	  2.74	 -1.82	 -0.00	 -1.09	  2.74	 -1.82	
 -0.00	  1.29	 -2.10	 -0.00	  1.29	 -2.10	 -0.00	 -1.08	  2.73	 -1.83	 -0.00	 -1.08	  2.73	 -1.83	
 -0.00	  1.30	 -2.10	 -0.00	  1.30	 -2.10	 -0.00	 -1.08	  2.73	 -1.83	 -0.00	 -1.08	  2.73	 -1.83	
 -0.00	  1.30	 -2.10	 -0.00	  1.30	 -2.10	 -0.00	 -1.07	  2.73	 -1.84	 -0.00	 -1.07	  2.73	 -1.84	
 -0.00	  1.30	 -2.10	 -0.00	  1.30	 -2.10	 -0.00	 -1.06	  2.73	 -1.84	 -0.00	 -1.06	  2.73	 -1.84	
 -0.00	  1.30	 -2.10	 -0.00	  1.30	 -2.10	 -0.00	 -1.06	  2.73	 -1.85	 -0.00	 -1.06	  2.73	 -1.85	
 -0.00	  1.30	 -2.10	 -0.00	  1.30	 -2.10	 -0.00	 -1.05	  2.73	 -1.85	 -0.00	 -1.05	  2.73	 -1.85	
 -0.00	  1.31	 -2.10	 -0.00	  1.31	 -2.10	 -0.00	 -1.04	  2.72	 -1.86	 -0.00	 -1.04	  2.72	 -1.86	
 -0.00	  1.31	 -2.10	 -0.00	  1.31	 -2.10	 -0.00	 -1.03	  2.72	 -1.86	 -0.00	 -1.03	  2.72	 -1.86	
 -0.00	  1.31	 -2.10	 -0.00	  1.31	 -2.10	 -0.00	 -1.03	  2.72	 -1.87	 -0.00	 -1.03	  2.72	 -1.87	
 -0.00	  1.31	 -2.10	 -0.00	  1.31	 -2.10	 -0.00	 -1.02	  2.72	 -1.87	 -0.00	 -1.02	  2.72	 -1.87	
 -0.00	  1.31	 -2.10	 -0.00	  1.31	 -2.10	 -0.00	 -1.01	  2.72	 -1.88	 -0.00	 -1.01	  2.72	 -1.88	
 -0.00	  1.32	 -2.10	 -0.00	  1.32	 -2.10	 -0.00	 -1.01	  2.71	 -1.88	 -0.00	 -1.01	  2.71	 -1.88	
 -0.00	  1.32	 -2.10	 -0.00	  1.32	 -2.10	 -0.00	 -1.00	  2.71	 -1.89	 -0.00	 -1.00	  2.71	 -1.89	
 -0.00	  1.32	 -2.10	 -0.00	  1.32	 -2.10	 -0.00	 -0.99	  2.71	 -1.89	 -0.00	 -0.99	  2.71	 -1.89	
 -0.00	  1.32	 -2.10	 -0.00	  1.32	 -2.10	 -0.00	 -0.99	  2.71	 -1.90	 -0.00	 -0.99	  2.71	 -1.90	
 -0.00	  1.32	 -2.09	 -0.00	  1.32	 -2.09	 -0.00	 -0.98	  2.71	 -1.90	 -0.00	 -0.98	  2.71	 -1.90	
 -0.00	  1.33	 -2.09	 -0.00	  1.33	 -2.09	 -0.00	 -0.97	  2.70	 -1.91	 -0.00	 -0.97	  2.70	 -1.91	
 -0.00	  1.33	 -2.09	 -0.00	  1.33	 -2.09	 -0.00	 -0.97	  2.70	 -1.91	 -0.00	 -0.97	  2.70	 -1.91	
 -0.00	  1.33	 -2.09	 -0.00	  1.33	 -2.09	 -0.00	 -0.96	  2.70	 -1.91	 -0.00	 -0.96	  2.70	 -1.91	
 -0.00	  1.33	 -2.09	 -0.00	  1.33	 -2.09	 -0.00	 -0.95	  2.70	 -1.92	 -0.00	 -0.95	  2.70	 -1.92	
 -0.00	  1.33	 -2.09	 -0.00	  1.33	 -2.09	 -0.00	 -0.95	  2.70	 -1.92	 -0.00	 -0.95	  2.70	 -1.92	
 -0.00	  1.34	 -2.09	 -0.00	  1.34	 -2.09	 -0.00	 -0.94	  2.69	 -1.93	 -0.00	 -0.94	  2.69	 -1.93	
 -0.00	  1.34	 -2.09	 -0.00	  1.34	 -2.09	 -0.00	 -0.93	  2.69	 -1.93	 -0.00	 -0.93	  2.69	 -1.93	
 -0.00	  1.34	 -2.09	 -0.00	  1.34	 -2.09	 -0.00	 -0.93	  2.69	 -1.94	 -0.00	 -0.93	  2.69	 -1.94	
 -0.00	  1.34	 -2.09	 -0.00	  1.34	 -2.09	 -0.00	 -0.92	  2.69	 -1.94	 -0.00	 -0.92	  2.69	 -1.94	
 -0.00	  1.34	 -2.09	 -0.00	  1.34	 -2.09	 -0.00	 -0.91	  2.68	 -1.95	 -0.00	 -0.91	  2.68	 -1.95	
 -0.00	  1.35	 -2.09	 -0.00	  1.35	 -2.09	 -0.00	 -0.91	  2.68	 -1.95	 -0.00	 -0.91	  2.68	 -1.95	
 -0.00	  1.35	 -2.09	 -0.00	  1.35	 -2.09	 -0.00	 -0.90	  2.68	 -1.96	 -0.00	 -0.90	  2.68	 -1.96	
 -0.00	  1.35	 -2.09	 -0.00	  1.35	 -2.09	 -0.00	 -0.89	  2.68	 -1.96	 -0.00	 -0.89	  2.68	 -1.96	
 -0.00	  1.35	 -2.09	 -0.00	  1.35	 -2.09	 -0.00	 -0.89	  2.68	 -1.96	 -0.00	 -0.89	  2.68	 -1.96	
 -0.00	  1.35	 -2.09	 -0.00	  1.35	 -2.09	 -0.00	 -0.88	  2.67	 -1.97	 -0.00	 -0.88	  2.67	 -1.97	
 -0.00	  1.36	 -2.09	 -0.00	  1.36	 -2.09	 -0.00	 -0.87	  2.67	 -1.97	 -0.00	 -0.87	  2.67	 -1.97	
 -0.00	  1.36	 -2.09	 -0.00	  1.36	 -2.09	 -0.00	 -0.87	  2.67	 -1.98	 -0.00	 -0.87	  2.67	 -1.98	
 -0.00	  1.36	 -2.09	 -0.00	  1.36	 -2.09	 -0.00	 -0.86	  2.67	 -1.98	 -0.00	 -0.86	  2.67	 -1.98	
 -0.00	  1.36	 -2.09	 -0.00	  1.36	 -2.09	 -0.00	 -0.86	  2.66	 -1.98	 -0.00	 -0.86	  2.66	 -1.98	
 -0.00	  1.36	 -2.09	 -0.00	  1.36	 -2.09	 -0.00	 -0.85	  2.66	 -1.99	 -0.00	 -0.85	  2.66	 -1.99	
 -0.00	  1.36	 -2.09	 -0.00	  1.36	 -2.09	 -0.00	 -0.84	  2.66	 -1.99	 -0.00	 -0.84	  2.66	 -1.99	
 -0.00	  1.37	 -2.09	 -0.00	  1.37	 -2.09	 -0.00	 -0.84	  2.66	 -2.00	 -0.00	 -0.84	  2.66	 -2.00	
 -0.00	  1.37	 -2.08	 -0.00	  1.37	 -2.08	 -0.00	 -0.83	  2.66	 -2.00	 -0.00	 -0.83	  2.66	 -2.00	
 -0.00	  1.37	 -2.08	 -0.00	  1.37	 -2.08	 -0.00	 -0.82	  2.65	 -2.00	 -0.00	 -0.82	  2.65	 -2.00	
 -0.00	  1.37	 -2.08	 -0.00	  1.37	 -2.08	 -0.00	 -0.82	  2.65	 -2.01	 -0.00	 -0.82	  2.65	 -2.01	
 -0.00	  1.37	 -2.08	 -0.00	  1.37	 -2.08	 -0.00	 -0.81	  2.65	 -2.01	 -0.00	 -0.81	  2.65	 -2.01	
 -0.00	  1.37	 -2.08	 -0.00	  1.37	 -2.08	 -0.00	 -0.81	  2.65	 -2.01	 -0.00	 -0.81	  2.65	 -2.01	
 -0.00	  1.38	 -2.08	 -0.00	  1.38	 -2.08	 -0.00	 -0.80	  2.64	 -2.02	 -0.00	 -0.80	  2.64	 -2.02	
 -0.00	  1.38	 -2.08	 -0.00	  1.38	 -2.08	 -0.00	 -0.79	  2.64	 -2.02	 -0.00	 -0.79	  2.64	 -2.02	
 -0.00	  1.38	 -2.08	 -0.00	  1.38	 -2.08	 -0.00	 -0.79	  2.64	 -2.02	 -0.00	 -0.79	  2.64	 -2.02	
 -0.00	  1.38	 -2.08	 -0.00	  1.38	 -2.08	 -0.00	 -0.78	  2.64	 -2.03	 -0.00	 -0.78	  2.64	 -2.03	
 -0.00	  1.38	 -2.08	 -0.00	  1.38	 -2.08	 -0.00	 -0.78	  2.63	 -2.03	 -0.00	 -0.78	  2.63	 -2.03	
 -0.00	  1.39	 -2.08	 -0.00	  1.39	 -2.08	 -0.00	 -0.77	  2.63	 -2.03	 -0.00	 -0.77	  2.63	 -2.03	
 -0.00	  1.39	 -2.08	 -0.00	  1.39	 -2.08	 -0.00	 -0.77	  2.63	 -2.04	 -0.00	 -0.77	  2.63	 -2.04	
 -0.00	  1.39	 -2.08	 -0.00	  1.39	 -2.08	 -0.00	 -0.76	  2.63	 -2.04	 -0.00	 -0.76	  2.63	 -2.04	
 -0.00	  1.39	 -2.08	 -0.00	  1.39	 -2.08	 -0.00	 -0.76	  2.62	 -2.04	 -0.00	 -0.76	  2.62	 -2.04	
 -0.00	  1.39	 -2.07	 -0.00	  1.39	 -2.07	 -0.00	 -0.75	  2.62	 -2.05	 -0.00	 -0.75	  2.62	 -2.05	
 -0.00	  1.39	 -2.07	 -0.00	  1.39	 -2.07	 -0.00	 -0.74	  2.62	 -2.05	 -0.00	 -0.74	  2.62	 -2.05	
 -0.00	  1.39	 -2.07	 -0.00	  1.39	 -2.07	 -0.00	 -0.74	  2.62	 -2.05	 -0.00	 -0.74	  2.62	 -2.05	
 -0.00	  1.40	 -2.07	 -0.00	  1.40	 -2.07	 -0.00	 -0.73	  2.61	 -2.06	 -0.00	 -0.73	  2.61	 -2.06	
 -0.00	  1.40	 -2.07	 -0.00	  1.40	 -2.07	 -0.00	 -0.73	  2.61	 -2.06	 -0.00	 -0.73	  2.61	 -2.06	
 -0.00	  1.40	 -2.07	 -0.00	  1.40	 -2.07	 -0.00	 -0.72	  2.61	 -2.06	 -0.00	 -0.72	  2.61	 -2.06	
 -0.00	  1.40	 -2.07	 -0.00	  1.40	 -2.07	 -0.00	 -0.72	  2.61	 -2.06	 -0.00	 -0.72	  2.61	 -2.06	
 -0.00	  1.40	 -2.07	 -0.00	  1.40	 -2.07	 -0.00	 -0.71	  2.61	 -2.07	 -0.00	 -0.71	  2.61	 -2.07	
 -0.00	  1.40	 -2.07	 -0.00	  1.40	 -2.07	 -0.00	 -0.71	  2.60	 -2.07	 -0.00	 -0.71	  2.60	 -2.07	
 -0.00	  1.41	 -2.07	 -0.00	  1.41	 -2.07	 -0.00	 -0.70	  2.60	 -2.07	 -0.00	 -0.70	  2.60	 -2.07	
 -0.00	  1.41	 -2.07	 -0.00	  1.41	 -2.07	 -0.00	 -0.70	  2.60	 -2.07	 -0.00	 -0.70	  2.60	 -2.07	
 -0.00	  1.41	 -2.07	 -0.00	  1.41	 -2.07	 -0.00	 -0.69	  2.60	 -2.08	 -0.00	 -0.69	  2.60	 -2.08	
 -0.00	  1.41	 -2.07	 -0.00	  1.41	 -2.07	 -0.00	 -0.69	  2.59	 -2.08	 -0.00	 -0.69	  2.59	 -2.08	
 -0.00	  1.41	 -2.06	 -0.00	  1.41	 -2.06	 -0.00	 -0.68	  2.59	 -2.08	 -0.00	 -0.68	  2.59	 -2.08	
 -0.00	  1.41	 -2.06	 -0.00	  1.41	 -2.06	 -0.00	 -0.68	  2.59	 -2.08	 -0.00	 -0.68	  2.59	 -2.08	
 -0.00	  1.41	 -2.06	 -0.00	  1.41	 -2.06	 -0.00	 -0.67	  2.59	 -2.09	 -0.00	 -0.67	  2.59	 -2.09	
 -0.00	  1.41	 -2.06	 -0.00	  1.41	 -2.06	 -0.00	 -0.67	  2.58	 -2.09	 -0.00	 -0.67	  2.58	 -2.09	
 -0.00	  1.42	 -2.06	 -0.00	  1.42	 -2.06	 -0.00	 -0.66	  2.58	 -2.09	 -0.00	 -0.66	  2.58	 -2.09	
 -0.00	  1.42	 -2.06	 -0.00	  1.42	 -2.06	 -0.00	 -0.66	  2.58	 -2.09	 -0.00	 -0.66	  2.58	 -2.09	
 -0.00	  1.42	 -2.06	 -0.00	  1.42	 -2.06	 -0.00	 -0.66	  2.58	 -2.10	 -0.00	 -0.66	  2.58	 -2.10	
 -0.00	  1.42	 -2.06	 -0.00	  1.42	 -2.06	 -0.00	 -0.65	  2.57	 -2.10	 -0.00	 -0.65	  2.57	 -2.10	
 -0.00	  1.42	 -2.06	 -0.00	  1.42	 -2.06	 -0.00	 -0.65	  2.57	 -2.10	 -0.00	 -0.65	  2.57	 -2.10	
 -0.00	  1.42	 -2.06	 -0.00	  1.42	 -2.06	 -0.00	 -0.64	  2.57	 -2.10	 -0.00	 -0.64	  2.57	 -2.10	
 -0.00	  1.42	 -2.06	 -0.00	  1.42	 -2.06	 -0.00	 -0.64	  2.57	 -2.10	 -0.00	 -0.64	  2.57	 -2.10	
 -0.00	  1.42	 -2.05	 -0.00	  1.42	 -2.05	 -0.00	 -0.63	  2.57	 -2.11	 -0.00	 -0.63	  2.57	 -2.11	
 -0.00	  1.43	 -2.05	 -0.00	  1.43	 -2.05	 -0.00	 -0.63	  2.56	 -2.11	 -0.00	 -0.63	  2.56	 -2.11	
 -0.00	  1.43	 -2.05	 -0.00	  1.43	 -2.05	 -0.00	 -0.63	  2.56	 -2.11	 -0.00	 -0.63	  2.56	 -2.11	
 -0.00	  1.43	 -2.05	 -0.00	  1.43	 -2.05	 -0.00	 -0.62	  2.56	 -2.11	 -0.00	 -0.62	  2.56	 -2.11	
 -0.00	  1.43	 -2.05	 -0.00	  1.43	 -2.05	 -0.00	 -0.62	  2.56	 -2.11	 -0.00	 -0.62	  2.56	 -2.11	
 -0.00	  1.43	 -2.05	 -0.00	  1.43	 -2.05	 -0.00	 -0.61	  2.55	 -2.11	 -0.00	 -0.61	  2.55	 -2.11	
 -0.00	  1.43	 -2.05	 -0.00	  1.43	 -2.05	 -0.00	 -0.61	  2.55	 -2.12	 -0.00	 -0.61	  2.55	 -2.12	
 -0.00	  1.43	 -2.05	 -0.00	  1.43	 -2.05	 -0.00	 -0.61	  2.55	 -2.12	 -0.00	 -0.61	  2.55	 -2.12	
 -0.00	  1.43	 -2.05	 -0.00	  1.43	 -2.05	 -0.00	 -0.60	  2.55	 -2.12	 -0.00	 -0.60	  2.55	 -2.12	
 -0.00	  1.43	 -2.05	 -0.00	  1.43	 -2.05	 -0.00	 -0.60	  2.55	 -2.12	 -0.00	 -0.60	  2.55	 -2.12	
 -0.00	  1.43	 -2.05	 -0.00	  1.43	 -2.05	 -0.00	 -0.60	  2.54	 -2.12	 -0.00	 -0.60	  2.54	 -2.12	
 -0.00	  1.44	 -2.04	 -0.00	  1.44	 -2.04	 -0.00	 -0.59	  2.54	 -2.12	 -0.00	 -0.59	  2.54	 -2.12	
 -0.00	  1.44	 -2.04	 -0.00	  1.44	 -2.04	 -0.00	 -0.59	  2.54	 -2.13	 -0.00	 -0.59	  2.54	 -2.13	
 -0.00	  1.44	 -2.04	 -0.00	  1.44	 -2.04	 -0.00	 -0.58	  2.54	 -2.13	 -0.00	 -0.58	  2.54	 -2.13	
 -0.00	  1.44	 -2.04	 -0.00	  1.44	 -2.04	 -0.00	 -0.58	  2.53	 -2.13	 -0.00	 -0.58	  2.53	 -2.13	
 -0.00	  1.44	 -2.04	 -0.00	  1.44	 -2.04	 -0.00	 -0.58	  2.53	 -2.13	 -0.00	 -0.58	  2.53	 -2.13	
 -0.00	  1.44	 -2.04	 -0.00	  1.44	 -2.04	 -0.00	 -0.57	  2.53	 -2.13	 -0.00	 -0.57	  2.53	 -2.13	
 -0.00	  1.44	 -2.04	 -0.00	  1.44	 -2.04	 -0.00	 -0.57	  2.53	 -2.13	 -0.00	 -0.57	  2.53	 -2.13	
 -0.00	  1.44	 -2.04	 -0.00	  1.44	 -2.04	 -0.00	 -0.57	  2.53	 -2.13	 -0.00	 -0.57	  2.53	 -2.13	
 -0.00	  1.44	 -2.04	 -0.00	  1.44	 -2.04	 -0.00	 -0.57	  2.52	 -2.13	 -0.00	 -0.57	  2.52	 -2.13	
 -0.00	  1.44	 -2.04	 -0.00	  1.44	 -2.04	 -0.00	 -0.56	  2.52	 -2.14	 -0.00	 -0.56	  2.52	 -2.14	
 -0.00	  1.44	 -2.04	 -0.00	  1.44	 -2.04	 -0.00	 -0.56	  2.52	 -2.14	 -0.00	 -0.56	  2.52	 -2.14	
 -0.00	  1.44	 -2.03	 -0.00	  1.44	 -2.03	 -0.00	 -0.56	  2.52	 -2.14	 -0.00	 -0.56	  2.52	 -2.14	
 -0.00	  1.45	 -2.03	 -0.00	  1.45	 -2.03	 -0.00	 -0.55	  2.52	 -2.14	 -0.00	 -0.55	  2.52	 -2.14	
 -0.00	  1.45	 -2.03	 -0.00	  1.45	 -2.03	 -0.00	 -0.55	  2.52	 -2.14	 -0.00	 -0.55	  2.52	 -2.14	
 -0.00	  1.45	 -2.03	 -0.00	  1.45	 -2.03	 -0.00	 -0.55	  2.51	 -2.14	 -0.00	 -0.55	  2.51	 -2.14	
 -0.00	  1.45	 -2.03	 -0.00	  1.45	 -2.03	 -0.00	 -0.55	  2.51	 -2.14	 -0.00	 -0.55	  2.51	 -2.14	
 -0.00	  1.45	 -2.03	 -0.00	  1.45	 -2.03	 -0.00	 -0.54	  2.51	 -2.14	 -0.00	 -0.54	  2.51	 -2.14	
 -0.00	  1.45	 -2.03	 -0.00	  1.45	 -2.03	 -0.00	 -0.54	  2.51	 -2.14	 -0.00	 -0.54	  2.51	 -2.14	
 -0.00	  1.45	 -2.03	 -0.00	  1.45	 -2.03	 -0.00	 -0.54	  2.51	 -2.14	 -0.00	 -0.54	  2.51	 -2.14	
 -0.00	  1.45	 -2.03	 -0.00	  1.45	 -2.03	 -0.00	 -0.53	  2.50	 -2.14	 -0.00	 -0.53	  2.50	 -2.14	
 -0.00	  1.45	 -2.03	 -0.00	  1.45	 -2.03	 -0.00	 -0.53	  2.50	 -2.15	 -0.00	 -0.53	  2.50	 -2.15	
 -0.00	  1.45	 -2.03	 -0.00	  1.45	 -2.03	 -0.00	 -0.53	  2.50	 -2.15	 -0.00	 -0.53	  2.50	 -2.15	
 -0.00	  1.45	 -2.02	 -0.00	  1.45	 -2.02	 -0.00	 -0.53	  2.50	 -2.15	 -0.00	 -0.53	  2.50	 -2.15	
 -0.00	  1.45	 -2.02	 -0.00	  1.45	 -2.02	 -0.00	 -0.53	  2.50	 -2.15	 -0.00	 -0.53	  2.50	 -2.15	
 -0.00	  1.45	 -2.02	 -0.00	  1.45	 -2.02	 -0.00	 -0.52	  2.50	 -2.15	 -0.00	 -0.52	  2.50	 -2.15	
 -0.00	  1.45	 -2.02	 -0.00	  1.45	 -2.02	 -0.00	 -0.52	  2.50	 -2.15	 -0.00	 -0.52	  2.50	 -2.15	
 -0.00	  1.45	 -2.02	 -0.00	  1.45	 -2.02	 -0.00	 -0.52	  2.49	 -2.15	 -0.00	 -0.52	  2.49	 -2.15	
 -0.00	  1.45	 -2.02	 -0.00	  1.45	 -2.02	 -0.00	 -0.52	  2.49	 -2.15	 -0.00	 -0.52	  2.49	 -2.15	
 -0.00	  1.46	 -2.02	 -0.00	  1.45	 -2.02	 -0.00	 -0.52	  2.49	 -2.15	 -0.00	 -0.51	  2.49	 -2.15	
 -0.00	  1.46	 -2.02	 -0.00	  1.45	 -2.02	 -0.00	 -0.51	  2.49	 -2.15	 -0.00	 -0.51	  2.49	 -2.15	
 -0.00	  1.46	 -2.02	 -0.00	  1.46	 -2.02	 -0.00	 -0.51	  2.49	 -2.15	 -0.00	 -0.51	  2.49	 -2.15	
 -0.00	  1.46	 -2.02	 -0.00	  1.46	 -2.02	 -0.00	 -0.51	  2.49	 -2.15	 -0.00	 -0.51	  2.49	 -2.15	
 -0.00	  1.46	 -2.02	 -0.00	  1.46	 -2.02	 -0.00	 -0.51	  2.48	 -2.15	 -0.00	 -0.51	  2.49	 -2.15	
 -0.00	  1.46	 -2.02	 -0.00	  1.46	 -2.02	 -0.00	 -0.51	  2.48	 -2.15	 -0.00	 -0.51	  2.49	 -2.16	
 -0.00	  1.46	 -2.02	 -0.00	  1.46	 -2.02	 -0.00	 -0.50	  2.48	 -2.15	 -0.00	 -0.50	  2.49	 -2.16	
 -0.00	  1.46	 -2.02	 -0.00	  1.46	 -2.01	 -0.00	 -0.50	  2.48	 -2.15	 -0.00	 -0.50	  2.49	 -2.16	
 -0.00	  1.46	 -2.02	 -0.00	  1.46	 -2.01	 -0.00	 -0.50	  2.48	 -2.15	 -0.00	 -0.50	  2.49	 -2.16	
 -0.00	  1.46	 -2.02	 -0.00	  1.46	 -2.01	 -0.00	 -0.50	  2.48	 -2.15	 -0.00	 -0.50	  2.48	 -2.16	
 -0.00	  1.46	 -2.02	 -0.00	  1.46	 -2.01	 -0.00	 -0.50	  2.48	 -2.15	 -0.00	 -0.50	  2.48	 -2.16	
 -0.00	  1.46	 -2.02	 -0.00	  1.46	 -2.01	 -0.00	 -0.50	  2.48	 -2.15	 -0.00	 -0.49	  2.48	 -2.16	
 -0.00	  1.47	 -2.02	 -0.00	  1.46	 -2.01	 -0.00	 -0.50	  2.47	 -2.15	 -0.00	 -0.49	  2.48	 -2.17	
 -0.00	  1.47	 -2.02	 -0.00	  1.46	 -2.01	 -0.00	 -0.49	  2.47	 -2.15	 -0.00	 -0.49	  2.48	 -2.17	
 -0.00	  1.47	 -2.02	 -0.00	  1.46	 -2.01	 -0.00	 -0.49	  2.47	 -2.15	 -0.00	 -0.49	  2.48	 -2.17	
 -0.00	  1.47	 -2.02	 -0.00	  1.46	 -2.01	 -0.00	 -0.49	  2.47	 -2.15	 -0.00	 -0.49	  2.48	 -2.17	
 -0.00	  1.47	 -2.03	 -0.00	  1.46	 -2.01	 -0.00	 -0.49	  2.47	 -2.15	 -0.00	 -0.49	  2.49	 -2.17	
 -0.00	  1.47	 -2.03	 -0.00	  1.46	 -2.01	 -0.00	 -0.49	  2.47	 -2.15	 -0.00	 -0.49	  2.49	 -2.17	
 -0.00	  1.47	 -2.03	 -0.00	  1.46	 -2.01	 -0.00	 -0.49	  2.47	 -2.15	 -0.00	 -0.48	  2.49	 -2.18	
 -0.00	  1.47	 -2.03	 -0.00	  1.46	 -2.01	 -0.00	 -0.49	  2.47	 -2.16	 -0.00	 -0.48	  2.49	 -2.18	
 -0.00	  1.48	 -2.03	 -0.00	  1.46	 -2.01	 -0.00	 -0.49	  2.47	 -2.16	 -0.00	 -0.48	  2.49	 -2.18	
 -0.00	  1.48	 -2.03	 -0.00	  1.46	 -2.00	 -0.00	 -0.48	  2.46	 -2.16	 -0.00	 -0.48	  2.49	 -2.18	
 -0.00	  1.48	 -2.03	 -0.00	  1.46	 -2.00	 -0.00	 -0.48	  2.46	 -2.16	 -0.00	 -0.48	  2.49	 -2.19	
 -0.00	  1.48	 -2.04	 -0.00	  1.46	 -2.00	 -0.00	 -0.48	  2.46	 -2.16	 -0.00	 -0.48	  2.49	 -2.19	
 -0.00	  1.48	 -2.04	 -0.00	  1.46	 -2.00	 -0.00	 -0.48	  2.46	 -2.16	 -0.00	 -0.48	  2.49	 -2.19	
 -0.00	  1.48	 -2.04	 -0.00	  1.46	 -2.00	 -0.00	 -0.48	  2.46	 -2.16	 -0.00	 -0.48	  2.49	 -2.19	
 -0.00	  1.49	 -2.04	 -0.00	  1.46	 -2.00	 -0.00	 -0.48	  2.46	 -2.16	 -0.00	 -0.47	  2.50	 -2.20	
 -0.00	  1.49	 -2.04	 -0.00	  1.46	 -2.00	 -0.00	 -0.48	  2.46	 -2.16	 -0.00	 -0.47	  2.50	 -2.20	
 -0.00	  1.49	 -2.05	 -0.00	  1.46	 -2.00	 -0.00	 -0.48	  2.46	 -2.16	 -0.00	 -0.47	  2.50	 -2.20	
 -0.00	  1.49	 -2.05	 -0.00	  1.46	 -2.00	 -0.00	 -0.48	  2.46	 -2.16	 -0.00	 -0.47	  2.50	 -2.20	
 -0.00	  1.49	 -2.05	 -0.00	  1.46	 -2.00	 -0.00	 -0.48	  2.46	 -2.16	 -0.00	 -0.47	  2.50	 -2.21	
 -0.00	  1.49	 -2.06	 -0.00	  1.46	 -2.00	 -0.00	 -0.48	  2.46	 -2.16	 -0.00	 -0.47	  2.50	 -2.21	
 -0.00	  1.50	 -2.06	 -0.00	  1.46	 -2.00	 -0.00	 -0.47	  2.46	 -2.16	 -0.00	 -0.47	  2.51	 -2.21	
 -0.00	  1.50	 -2.06	 -0.00	  1.46	 -2.00	 -0.00	 -0.47	  2.45	 -2.16	 -0.00	 -0.47	  2.51	 -2.22	
 -0.00	  1.50	 -2.06	 -0.00	  1.46	 -2.00	 -0.00	 -0.47	  2.45	 -2.16	 -0.00	 -0.47	  2.51	 -2.22	
 -0.00	  1.50	 -2.07	 -0.00	  1.46	 -2.00	 -0.00	 -0.47	  2.45	 -2.16	 -0.00	 -0.47	  2.51	 -2.22	
 -0.00	  1.50	 -2.07	 -0.00	  1.46	 -2.00	 -0.00	 -0.47	  2.45	 -2.16	 -0.00	 -0.47	  2.52	 -2.23	
 -0.00	  1.50	 -2.07	 -0.00	  1.46	 -2.00	 -0.00	 -0.47	  2.45	 -2.16	 -0.00	 -0.47	  2.52	 -2.23	
 -0.00	  1.51	 -2.08	 -0.00	  1.46	 -2.00	 -0.00	 -0.47	  2.45	 -2.15	 -0.00	 -0.47	  2.52	 -2.23	
 -0.00	  1.51	 -2.08	 -0.00	  1.46	 -1.99	 -0.00	 -0.47	  2.45	 -2.15	 -0.00	 -0.46	  2.53	 -2.23	
 -0.00	  1.51	 -2.08	 -0.00	  1.46	 -1.99	 -0.00	 -0.47	  2.45	 -2.15	 -0.00	 -0.46	  2.53	 -2.24	
 -0.00	  1.51	 -2.09	 -0.00	  1.46	 -1.99	 -0.00	 -0.47	  2.45	 -2.15	 -0.00	 -0.46	  2.53	 -2.24	
 -0.00	  1.51	 -2.09	 -0.00	  1.46	 -1.99	 -0.00	 -0.47	  2.45	 -2.15	 -0.00	 -0.46	  2.53	 -2.24	
 -0.00	  1.52	 -2.09	 -0.00	  1.46	 -1.99	 -0.00	 -0.47	  2.45	 -2.15	 -0.00	 -0.46	  2.54	 -2.25	
 -0.00	  1.52	 -2.10	 -0.00	  1.46	 -1.99	 -0.00	 -0.47	  2.45	 -2.15	 -0.00	 -0.46	  2.54	 -2.25	
 -0.00	  1.52	 -2.10	 -0.00	  1.46	 -1.99	 -0.00	 -0.47	  2.45	 -2.15	 -0.00	 -0.46	  2.54	 -2.25	
 -0.00	  1.52	 -2.10	 -0.00	  1.46	 -1.99	 -0.00	 -0.47	  2.45	 -2.15	 -0.00	 -0.46	  2.55	 -2.26	
 -0.00	  1.52	 -2.11	 -0.00	  1.46	 -1.99	 -0.00	 -0.47	  2.45	 -2.15	 -0.00	 -0.47	  2.55	 -2.26	
 -0.00	  1.52	 -2.11	 -0.00	  1.46	 -1.99	 -0.00	 -0.47	  2.45	 -2.15	 -0.00	 -0.47	  2.56	 -2.26	
 -0.00	  1.53	 -2.12	 -0.00	  1.46	 -1.99	 -0.00	 -0.47	  2.44	 -2.15	 -0.00	 -0.47	  2.56	 -2.27	
 -0.00	  1.53	 -2.12	 -0.00	  1.46	 -1.99	 -0.00	 -0.47	  2.44	 -2.15	 -0.00	 -0.47	  2.56	 -2.27	
 -0.00	  1.53	 -2.12	 -0.00	  1.46	 -1.99	 -0.00	 -0.47	  2.44	 -2.15	 -0.00	 -0.47	  2.57	 -2.27	
 -0.00	  1.53	 -2.13	 -0.00	  1.46	 -1.99	 -0.00	 -0.47	  2.44	 -2.15	 -0.00	 -0.47	  2.57	 -2.28	
 -0.00	  1.53	 -2.13	 -0.00	  1.46	 -1.99	 -0.00	 -0.46	  2.44	 -2.15	 -0.00	 -0.47	  2.58	 -2.28	
 -0.00	  1.53	 -2.14	 -0.00	  1.46	 -1.99	 -0.00	 -0.46	  2.44	 -2.15	 -0.00	 -0.47	  2.58	 -2.28	
 -0.00	  1.53	 -2.14	 -0.00	  1.46	 -1.99	 -0.00	 -0.46	  2.44	 -2.15	 -0.00	 -0.47	  2.58	 -2.29	
 -0.00	  1.54	 -2.14	 -0.00	  1.46	 -1.99	 -0.00	 -0.46	  2.44	 -2.15	 -0.00	 -0.48	  2.59	 -2.29	
 -0.00	  1.54	 -2.15	 -0.00	  1.46	 -1.99	 -0.00	 -0.46	  2.44	 -2.15	 -0.00	 -0.48	  2.59	 -2.29	
 -0.00	  1.54	 -2.15	 -0.00	  1.46	 -1.99	 -0.00	 -0.46	  2.44	 -2.15	 -0.00	 -0.48	  2.60	 -2.29	
 -0.00	  1.54	 -2.16	 -0.00	  1.46	 -1.99	 -0.00	 -0.46	  2.44	 -2.15	 -0.00	 -0.48	  2.60	 -2.30	
 -0.00	  1.54	 -2.16	 -0.00	  1.46	 -1.99	 -0.00	 -0.46	  2.44	 -2.15	 -0.00	 -0.48	  2.61	 -2.30	
 -0.00	  1.54	 -2.16	 -0.00	  1.46	 -1.99	 -0.00	 -0.46	  2.44	 -2.15	 -0.00	 -0.49	  2.61	 -2.30	
 -0.00	  1.54	 -2.17	 -0.00	  1.46	 -1.99	 -0.00	 -0.46	  2.44	 -2.15	 -0.00	 -0.49	  2.62	 -2.30	
 -0.00	  1.54	 -2.17	 -0.00	  1.46	 -1.99	 -0.00	 -0.46	  2.44	 -2.15	 -0.00	 -0.49	  2.62	 -2.30	
 -0.00	  1.54	 -2.18	 -0.00	  1.46	 -1.99	 -0.00	 -0.46	  2.44	 -2.15	 -0.00	 -0.50	  2.63	 -2.31	
 -0.00	  1.54	 -2.18	 -0.00	  1.46	 -1.98	 -0.00	 -0.46	  2.44	 -2.15	 -0.00	 -0.50	  2.63	 -2.31	
 -0.00	  1.54	 -2.18	 -0.00	  1.46	 -1.98	 -0.00	 -0.46	  2.44	 -2.15	 -0.00	 -0.50	  2.64	 -2.31	
 -0.00	  1.54	 -2.19	 -0.00	  1.46	 -1.98	 -0.00	 -0.46	  2.44	 -2.15	 -0.00	 -0.51	  2.64	 -2.31	
 -0.00	  1.54	 -2.19	 -0.00	  1.46	 -1.98	 -0.00	 -0.46	  2.44	 -2.15	 -0.00	 -0.51	  2.65	 -2.31	
 -0.00	  1.54	 -2.19	 -0.00	  1.46	 -1.98	 -0.00	 -0.46	  2.44	 -2.15	 -0.00	 -0.52	  2.65	 -2.31	
 -0.00	  1.54	 -2.20	 -0.00	  1.46	 -1.98	 -0.00	 -0.46	  2.44	 -2.15	 -0.00	 -0.52	  2.66	 -2.31	
 -0.00	  1.54	 -2.20	 -0.00	  1.46	 -1.98	 -0.00	 -0.46	  2.44	 -2.15	 -0.00	 -0.53	  2.66	 -2.31	
 -0.00	  1.54	 -2.21	 -0.00	  1.46	 -1.98	 -0.00	 -0.46	  2.44	 -2.15	 -0.00	 -0.53	  2.67	 -2.31	
 -0.00	  1.54	 -2.21	 -0.00	  1.46	 -1.98	 -0.00	 -0.46	  2.44	 -2.15	 -0.00	 -0.54	  2.68	 -2.31	
 -0.00	  1.54	 -2.21	 -0.00	  1.46	 -1.98	 -0.00	 -0.46	  2.44	 -2.15	 -0.00	 -0.54	  2.68	 -2.31	
 -0.00	  1.54	 -2.22	 -0.00	  1.46	 -1.98	 -0.00	 -0.46	  2.44	 -2.15	 -0.00	 -0.55	  2.69	 -2.31	
 -0.00	  1.53	 -2.22	 -0.00	  1.46	 -1.98	 -0.00	 -0.46	  2.44	 -2.15	 -0.00	 -0.56	  2.69	 -2.31	
 -0.00	  1.53	 -2.22	 -0.00	  1.46	 -1.98	 -0.00	 -0.46	  2.44	 -2.15	 -0.00	 -0.57	  2.70	 -2.31	
 -0.00	  1.53	 -2.23	 -0.00	  1.46	 -1.98	 -0.00	 -0.46	  2.44	 -2.15	 -0.00	 -0.57	  2.70	 -2.31	
 -0.00	  1.53	 -2.23	 -0.00	  1.46	 -1.98	 -0.00	 -0.46	  2.44	 -2.15	 -0.00	 -0.58	  2.71	 -2.30	
 -0.00	  1.53	 -2.23	 -0.00	  1.46	 -1.98	 -0.00	 -0.46	  2.44	 -2.15	 -0.00	 -0.59	  2.72	 -2.30	
 -0.00	  1.52	 -2.23	 -0.00	  1.46	 -1.98	 -0.00	 -0.46	  2.44	 -2.15	 -0.00	 -0.60	  2.72	 -2.30	
 -0.00	  1.52	 -2.24	 -0.00	  1.46	 -1.98	 -0.00	 -0.46	  2.44	 -2.15	 -0.00	 -0.61	  2.73	 -2.29	
 -0.00	  1.52	 -2.24	 -0.00	  1.46	 -1.98	 -0.00	 -0.46	  2.44	 -2.15	 -0.00	 -0.62	  2.74	 -2.29	
 -0.00	  1.52	 -2.24	 -0.00	  1.46	 -1.98	 -0.00	 -0.46	  2.44	 -2.15	 -0.00	 -0.63	  2.74	 -2.28	
 -0.00	  1.51	 -2.24	 -0.00	  1.46	 -1.98	 -0.00	 -0.46	  2.44	 -2.15	 -0.00	 -0.64	  2.75	 -2.28	
 -0.00	  1.51	 -2.25	 -0.00	  1.46	 -1.98	 -0.00	 -0.46	  2.44	 -2.15	 -0.00	 -0.66	  2.75	 -2.27	
 -0.00	  1.51	 -2.25	 -0.00	  1.46	 -1.98	 -0.00	 -0.46	  2.44	 -2.15	 -0.00	 -0.67	  2.76	 -2.27	
 -0.00	  1.50	 -2.25	 -0.00	  1.46	 -1.98	 -0.00	 -0.46	  2.44	 -2.15	 -0.00	 -0.68	  2.77	 -2.26	
 -0.00	  1.50	 -2.25	 -0.00	  1.46	 -1.98	 -0.00	 -0.46	  2.44	 -2.15	 -0.00	 -0.70	  2.77	 -2.25	
 -0.00	  1.49	 -2.26	 -0.00	  1.46	 -1.98	 -0.00	 -0.46	  2.44	 -2.15	 -0.00	 -0.71	  2.78	 -2.25	
 -0.00	  1.49	 -2.26	 -0.00	  1.46	 -1.98	 -0.00	 -0.46	  2.44	 -2.15	 -0.00	 -0.73	  2.79	 -2.24	
 -0.00	  1.49	 -2.26	 -0.00	  1.46	 -1.98	 -0.00	 -0.46	  2.44	 -2.15	 -0.00	 -0.74	  2.79	 -2.23	
 -0.00	  1.48	 -2.26	 -0.00	  1.46	 -1.98	 -0.00	 -0.46	  2.43	 -2.15	 -0.00	 -0.76	  2.80	 -2.22	
 -0.00	  1.48	 -2.26	 -0.00	  1.46	 -1.98	 -0.00	 -0.46	  2.43	 -2.15	 -0.00	 -0.78	  2.81	 -2.21	
 -0.00	  1.47	 -2.26	 -0.00	  1.46	 -1.98	 -0.00	 -0.46	  2.43	 -2.15	 -0.00	 -0.80	  2.82	 -2.19	
 -0.00	  1.47	 -2.27	 -0.00	  1.46	 -1.98	 -0.00	 -0.46	  2.43	 -2.15	 -0.00	 -0.82	  2.82	 -2.18	
 -0.00	  1.46	 -2.27	 -0.00	  1.46	 -1.98	 -0.00	 -0.46	  2.43	 -2.15	 -0.00	 -0.84	  2.83	 -2.17	
 -0.00	  1.46	 -2.27	 -0.00	  1.46	 -1.98	 -0.00	 -0.46	  2.43	 -2.15	 -0.00	 -0.86	  2.84	 -2.15	
 -0.00	  1.45	 -2.27	 -0.00	  1.46	 -1.98	 -0.00	 -0.46	  2.43	 -2.15	 -0.00	 -0.88	  2.84	 -2.14	
 -0.00	  1.44	 -2.27	 -0.00	  1.46	 -1.98	 -0.00	 -0.46	  2.43	 -2.15	 -0.00	 -0.90	  2.85	 -2.12	
 -0.00	  1.44	 -2.27	 -0.00	  1.46	 -1.98	 -0.00	 -0.46	  2.43	 -2.15	 -0.00	 -0.93	  2.86	 -2.11	
 -0.00	  1.43	 -2.27	 -0.00	  1.46	 -1.98	 -0.00	 -0.46	  2.43	 -2.15	 -0.00	 -0.95	  2.87	 -2.09	
 -0.00	  1.43	 -2.27	 -0.00	  1.46	 -1.98	 -0.00	 -0.46	  2.43	 -2.15	 -0.00	 -0.98	  2.87	 -2.07	
 -0.00	  1.42	 -2.27	 -0.00	  1.46	 -1.98	 -0.00	 -0.46	  2.43	 -2.15	 -0.00	 -1.01	  2.88	 -2.05	
 -0.00	  1.41	 -2.27	 -0.00	  1.46	 -1.98	 -0.00	 -0.46	  2.43	 -2.15	 -0.00	 -1.04	  2.89	 -2.02	
 -0.00	  1.41	 -2.27	 -0.00	  1.46	 -1.98	 -0.00	 -0.46	  2.44	 -2.15	 -0.00	 -1.07	  2.90	 -2.00	
 -0.00	  1.40	 -2.27	 -0.00	  1.46	 -1.98	 -0.00	 -0.46	  2.44	 -2.15	 -0.00	 -1.11	  2.90	 -1.97	
 -0.00	  1.39	 -2.27	 -0.00	  1.46	 -1.98	 -0.00	 -0.46	  2.44	 -2.15	 -0.00	 -1.14	  2.91	 -1.95	
 -0.00	  1.38	 -2.27	 -0.00	  1.46	 -1.98	 -0.00	 -0.46	  2.44	 -2.15	 -0.00	 -1.18	  2.92	 -1.92	
 -0.00	  1.38	 -2.27	 -0.00	  1.46	 -1.98	 -0.00	 -0.46	  2.44	 -2.15	 -0.00	 -1.22	  2.93	 -1.89	
 -0.00	  1.37	 -2.27	 -0.00	  1.46	 -1.98	 -0.00	 -0.46	  2.44	 -2.15	 -0.00	 -1.26	  2.94	 -1.85	
 -0.00	  1.36	 -2.27	 -0.00	  1.46	 -1.98	 -0.00	 -0.46	  2.44	 -2.15	 -0.00	 -1.30	  2.94	 -1.82	
 -0.00	  1.35	 -2.27	 -0.00	  1.46	 -1.98	 -0.00	 -0.46	  2.44	 -2.15	 -0.00	 -1.34	  2.95	 -1.78	
 -0.00	  1.34	 -2.27	 -0.00	  1.46	 -1.98	 -0.00	 -0.46	  2.44	 -2.15	 -0.00	 -1.39	  2.96	 -1.75	
 -0.00	  1.33	 -2.27	 -0.00	  1.46	 -1.98	 -0.00	 -0.46	  2.44	 -2.15	 -0.00	 -1.44	  2.97	 -1.70	
 -0.00	  1.33	 -2.27	 -0.00	  1.46	 -1.98	 -0.00	 -0.46	  2.44	 -2.15	 -0.00	 -1.49	  2.98	 -1.66	
 -0.00	  1.32	 -2.27	 -0.00	  1.46	 -1.98	 -0.00	 -0.46	  2.44	 -2.15	 -0.00	 -1.54	  2.98	 -1.62	
 -0.00	  1.31	 -2.27	 -0.00	  1.46	 -1.98	 -0.00	 -0.46	  2.44	 -2.15	 -0.00	 -1.60	  2.99	 -1.57	
 -0.00	  1.30	 -2.26	 -0.00	  1.46	 -1.98	 -0.00	 -0.46	  2.44	 -2.15	 -0.00	 -1.65	  3.00	 -1.52	
 -0.00	  1.29	 -2.26	 -0.00	  1.46	 -1.98	 -0.00	 -0.46	  2.44	 -2.15	 -0.00	 -1.71	  3.01	 -1.47	
 -0.00	  1.28	 -2.26	 -0.00	  1.46	 -1.98	 -0.00	 -0.46	  2.44	 -2.15	 -0.00	 -1.77	  3.01	 -1.42	
 -0.00	  1.27	 -2.26	 -0.00	  1.46	 -1.98	 -0.00	 -0.46	  2.44	 -2.15	 -0.00	 -1.84	  3.02	 -1.36	
 -0.00	  1.26	 -2.26	 -0.00	  1.46	 -1.98	 -0.00	 -0.46	  2.44	 -2.15	 -0.00	 -1.90	  3.03	 -1.30	
 -0.00	  1.25	 -2.25	 -0.00	  1.46	 -1.98	 -0.00	 -0.46	  2.44	 -2.15	 -0.00	 -1.96	  3.04	 -1.25	
 -0.00	  1.24	 -2.25	 -0.00	  1.46	 -1.98	 -0.00	 -0.46	  2.44	 -2.15	 -0.00	 -2.03	  3.04	 -1.19	
 -0.00	  1.23	 -2.25	 -0.00	  1.46	 -1.98	 -0.00	 -0.46	  2.44	 -2.15	 -0.00	 -2.09	  3.05	 -1.13	
 -0.00	  1.22	 -2.25	 -0.00	  1.46	 -1.98	 -0.00	 -0.46	  2.44	 -2.15	 -0.00	 -2.16	  3.05	 -1.07	
 -0.00	  1.21	 -2.24	 -0.00	  1.46	 -1.98	 -0.00	 -0.46	  2.44	 -2.15	 -0.00	 -2.22	  3.06	 -1.02	
 -0.00	  1.20	 -2.24	 -0.00	  1.46	 -1.98	 -0.00	 -0.46	  2.44	 -2.15	 -0.00	 -2.27	  3.06	 -0.96	
 -0.00	  1.19	 -2.24	 -0.00	  1.46	 -1.98	 -0.00	 -0.46	  2.44	 -2.15	 -0.00	 -2.33	  3.06	 -0.91	
 -0.00	  1.18	 -2.23	 -0.00	  1.46	 -1.98	 -0.00	 -0.46	  2.44	 -2.15	 -0.00	 -2.38	  3.07	 -0.86	
 -0.00	  1.17	 -2.23	 -0.00	  1.46	 -1.98	 -0.00	 -0.46	  2.44	 -2.15	 -0.00	 -2.42	  3.07	 -0.82	
 -0.00	  1.16	 -2.23	 -0.00	  1.46	 -1.98	 -0.00	 -0.46	  2.44	 -2.15	 -0.00	 -2.46	  3.07	 -0.78	
 -0.00	  1.15	 -2.22	 -0.00	  1.46	 -1.98	 -0.00	 -0.46	  2.44	 -2.15	 -0.00	 -2.49	  3.06	 -0.75	
 -0.00	  1.14	 -2.22	 -0.00	  1.46	 -1.98	 -0.00	 -0.46	  2.44	 -2.15	 -0.00	 -2.51	  3.06	 -0.72	
 -0.00	  1.13	 -2.21	 -0.00	  1.46	 -1.98	 -0.00	 -0.46	  2.44	 -2.15	 -0.00	 -2.54	  3.06	 -0.70	
 -0.00	  1.12	 -2.21	 -0.00	  1.46	 -1.98	 -0.00	 -0.45	  2.44	 -2.16	 -0.00	 -2.55	  3.05	 -0.67	
 -0.00	  1.11	 -2.21	 -0.00	  1.46	 -1.98	 -0.00	 -0.45	  2.44	 -2.16	 -0.00	 -2.56	  3.05	 -0.66	
 -0.00	  1.10	 -2.20	 -0.00	  1.46	 -1.98	 -0.00	 -0.45	  2.44	 -2.16	 -0.00	 -2.58	  3.04	 -0.64	
 -0.00	  1.09	 -2.20	 -0.00	  1.46	 -1.99	 -0.00	 -0.45	  2.44	 -2.16	 -0.00	 -2.58	  3.03	 -0.63	
 -0.00	  1.08	 -2.19	 -0.00	  1.46	 -1.99	 -0.00	 -0.45	  2.44	 -2.16	 -0.00	 -2.59	  3.03	 -0.61	
 -0.00	  1.07	 -2.19	 -0.00	  1.46	 -1.99	 -0.00	 -0.45	  2.43	 -2.16	 -0.00	 -2.59	  3.02	 -0.60	
 -0.00	  1.06	 -2.19	 -0.00	  1.46	 -1.99	 -0.00	 -0.45	  2.43	 -2.16	 -0.00	 -2.59	  3.01	 -0.59	
 -0.00	  1.05	 -2.18	 -0.00	  1.46	 -1.99	 -0.00	 -0.45	  2.43	 -2.16	 -0.00	 -2.60	  3.00	 -0.58	
 -0.00	  1.04	 -2.18	 -0.00	  1.46	 -1.99	 -0.00	 -0.45	  2.43	 -2.16	 -0.00	 -2.60	  3.00	 -0.58	
 -0.00	  1.03	 -2.17	 -0.00	  1.46	 -1.99	 -0.00	 -0.45	  2.43	 -2.16	 -0.00	 -2.60	  2.99	 -0.57	
 -0.00	  1.02	 -2.17	 -0.00	  1.46	 -1.99	 -0.00	 -0.45	  2.43	 -2.16	 -0.00	 -2.59	  2.98	 -0.56	
 -0.00	  1.02	 -2.16	 -0.00	  1.47	 -1.99	 -0.00	 -0.45	  2.43	 -2.16	 -0.00	 -2.59	  2.97	 -0.55	
 -0.00	  1.01	 -2.16	 -0.00	  1.47	 -1.99	 -0.00	 -0.45	  2.43	 -2.16	 -0.00	 -2.59	  2.97	 -0.55	
 -0.00	  1.00	 -2.15	 -0.00	  1.47	 -1.99	 -0.00	 -0.45	  2.43	 -2.16	 -0.00	 -2.59	  2.96	 -0.54	
 -0.00	  0.99	 -2.15	 -0.00	  1.47	 -1.99	 -0.00	 -0.45	  2.43	 -2.16	 -0.00	 -2.59	  2.95	 -0.54	
 -0.00	  0.98	 -2.15	 -0.00	  1.47	 -1.99	 -0.00	 -0.44	  2.43	 -2.16	 -0.00	 -2.58	  2.94	 -0.53	
 -0.00	  0.97	 -2.14	 -0.00	  1.47	 -1.99	 -0.00	 -0.44	  2.43	 -2.16	 -0.00	 -2.58	  2.93	 -0.53	
 -0.00	  0.96	 -2.14	 -0.00	  1.47	 -1.99	 -0.00	 -0.44	  2.43	 -2.16	 -0.00	 -2.58	  2.93	 -0.52	
 -0.00	  0.96	 -2.13	 -0.00	  1.47	 -1.99	 -0.00	 -0.44	  2.43	 -2.17	 -0.00	 -2.57	  2.92	 -0.52	
 -0.00	  0.95	 -2.13	 -0.00	  1.47	 -1.99	 -0.00	 -0.44	  2.43	 -2.17	 -0.00	 -2.57	  2.91	 -0.52	
 -0.00	  0.94	 -2.12	 -0.00	  1.47	 -1.99	 -0.00	 -0.44	  2.43	 -2.17	 -0.00	 -2.57	  2.90	 -0.51	
 -0.00	  0.93	 -2.12	 -0.00	  1.47	 -1.99	 -0.00	 -0.44	  2.43	 -2.17	 -0.00	 -2.56	  2.90	 -0.51	
 -0.00	  0.93	 -2.11	 -0.00	  1.47	 -1.99	 -0.00	 -0.44	  2.43	 -2.17	 -0.00	 -2.56	  2.89	 -0.50	
 -0.00	  0.92	 -2.11	 -0.00	  1.47	 -1.99	 -0.00	 -0.44	  2.43	 -2.17	 -0.00	 -2.56	  2.88	 -0.50	
 -0.00	  0.91	 -2.11	 -0.00	  1.47	 -1.99	 -0.00	 -0.44	  2.43	 -2.17	 -0.00	 -2.55	  2.88	 -0.50	
 -0.00	  0.90	 -2.10	 -0.00	  1.47	 -1.99	 -0.00	 -0.43	  2.43	 -2.17	 -0.00	 -2.55	  2.87	 -0.50	
 -0.00	  0.90	 -2.10	 -0.00	  1.47	 -1.99	 -0.00	 -0.43	  2.43	 -2.17	 -0.00	 -2.55	  2.86	 -0.49	
 -0.00	  0.89	 -2.09	 -0.00	  1.47	 -1.99	 -0.00	 -0.43	  2.43	 -2.17	 -0.00	 -2.54	  2.86	 -0.49	
 -0.00	  0.89	 -2.09	 -0.00	  1.47	 -1.99	 -0.00	 -0.43	  2.43	 -2.17	 -0.00	 -2.54	  2.85	 -0.49	
 -0.00	  0.88	 -2.09	 -0.00	  1.47	 -1.99	 -0.00	 -0.43	  2.43	 -2.17	 -0.00	 -2.54	  2.85	 -0.48	
 -0.00	  0.87	 -2.08	 -0.00	  1.48	 -1.99	 -0.00	 -0.43	  2.43	 -2.17	 -0.00	 -2.53	  2.84	 -0.48	
 -0.00	  0.87	 -2.08	 -0.00	  1.48	 -1.99	 -0.00	 -0.43	  2.43	 -2.18	 -0.00	 -2.53	  2.83	 -0.48	
 -0.00	  0.86	 -2.07	 -0.00	  1.48	 -1.99	 -0.00	 -0.43	  2.43	 -2.18	 -0.00	 -2.53	  2.83	 -0.48	
 -0.00	  0.86	 -2.07	 -0.00	  1.48	 -1.99	 -0.00	 -0.42	  2.43	 -2.18	 -0.00	 -2.52	  2.82	 -0.48	
 -0.00	  0.85	 -2.07	 -0.00	  1.48	 -1.99	 -0.00	 -0.42	  2.43	 -2.18	 -0.00	 -2.52	  2.82	 -0.47	
 -0.00	  0.85	 -2.07	 -0.00	  1.48	 -1.99	 -0.00	 -0.42	  2.43	 -2.18	 -0.00	 -2.52	  2.82	 -0.47	
 -0.00	  0.84	 -2.06	 -0.00	  1.48	 -1.99	 -0.00	 -0.42	  2.43	 -2.18	 -0.00	 -2.51	  2.81	 -0.47	
 -0.00	  0.84	 -2.06	 -0.00	  1.48	 -1.99	 -0.00	 -0.42	  2.43	 -2.18	 -0.00	 -2.51	  2.81	 -0.47	
 -0.00	  0.84	 -2.06	 -0.00	  1.48	 -1.99	 -0.00	 -0.42	  2.42	 -2.18	 -0.00	 -2.51	  2.80	 -0.47	
 -0.00	  0.83	 -2.05	 -0.00	  1.48	 -1.99	 -0.00	 -0.42	  2.42	 -2.18	 -0.00	 -2.51	  2.80	 -0.47	
 -0.00	  0.83	 -2.05	 -0.00	  1.48	 -1.99	 -0.00	 -0.41	  2.42	 -2.18	 -0.00	 -2.50	  2.80	 -0.47	
 -0.00	  0.83	 -2.05	 -0.00	  1.48	 -1.99	 -0.00	 -0.41	  2.42	 -2.18	 -0.00	 -2.50	  2.79	 -0.47	
 -0.00	  0.82	 -2.05	 -0.00	  1.48	 -1.99	 -0.00	 -0.41	  2.42	 -2.18	 -0.00	 -2.50	  2.79	 -0.46	
 -0.00	  0.82	 -2.05	 -0.00	  1.48	 -1.99	 -0.00	 -0.41	  2.42	 -2.19	 -0.00	 -2.50	  2.79	 -0.46	
 -0.00	  0.82	 -2.04	 -0.00	  1.48	 -1.99	 -0.00	 -0.41	  2.42	 -2.19	 -0.00	 -2.50	  2.78	 -0.46	
 -0.00	  0.82	 -2.04	 -0.00	  1.49	 -1.99	 -0.00	 -0.41	  2.42	 -2.19	 -0.00	 -2.49	  2.78	 -0.46	
 -0.00	  0.81	 -2.04	 -0.00	  1.49	 -1.99	 -0.00	 -0.40	  2.42	 -2.19	 -0.00	 -2.49	  2.78	 -0.46	
 -0.00	  0.81	 -2.04	 -0.00	  1.49	 -1.99	 -0.00	 -0.40	  2.42	 -2.19	 -0.00	 -2.49	  2.78	 -0.46	
 -0.00	  0.81	 -2.04	 -0.00	  1.49	 -1.99	 -0.00	 -0.40	  2.42	 -2.19	 -0.00	 -2.49	  2.78	 -0.46	
 -0.00	  0.81	 -2.04	 -0.00	  1.49	 -1.99	 -0.00	 -0.40	  2.42	 -2.19	 -0.00	 -2.49	  2.77	 -0.46	
 -0.00	  0.81	 -2.04	 -0.00	  1.49	 -1.99	 -0.00	 -0.40	  2.42	 -2.19	 -0.00	 -2.49	  2.77	 -0.46	
 -0.00	  0.81	 -2.04	 -0.00	  1.49	 -1.99	 -0.00	 -0.40	  2.41	 -2.19	 -0.00	 -2.49	  2.77	 -0.46	
 -0.00	  0.81	 -2.03	 -0.00	  1.49	 -1.99	 -0.00	 -0.39	  2.41	 -2.20	 -0.00	 -2.48	  2.77	 -0.46	
 -0.00	  0.81	 -2.03	 -0.00	  1.49	 -1.99	 -0.00	 -0.39	  2.41	 -2.20	 -0.00	 -2.48	  2.77	 -0.46	
 -0.00	  0.81	 -2.03	 -0.00	  1.49	 -1.99	 -0.00	 -0.39	  2.41	 -2.20	 -0.00	 -2.48	  2.77	 -0.46	
 -0.00	  0.81	 -2.03	 -0.00	  1.49	 -1.99	 -0.00	 -0.39	  2.41	 -2.20	 -0.00	 -2.48	  2.77	 -0.46	
 -0.00	  0.81	 -2.03	 -0.00	  1.50	 -1.99	 -0.00	 -0.39	  2.41	 -2.20	 -0.00	 -2.48	  2.77	 -0.46	
 -0.00	  0.81	 -2.03	 -0.00	  1.50	 -1.99	 -0.00	 -0.38	  2.41	 -2.20	 -0.00	 -2.48	  2.77	 -0.46	
 -0.00	  0.81	 -2.03	 -0.00	  1.50	 -1.99	 -0.00	 -0.38	  2.41	 -2.20	 -0.00	 -2.48	  2.77	 -0.47	
 -0.00	  0.81	 -2.03	 -0.00	  1.50	 -1.99	 -0.00	 -0.38	  2.41	 -2.20	 -0.00	 -2.48	  2.77	 -0.47	
 -0.00	  0.81	 -2.03	 -0.00	  1.50	 -1.99	 -0.00	 -0.38	  2.41	 -2.20	 -0.00	 -2.48	  2.77	 -0.47	
 -0.00	  0.81	 -2.03	 -0.00	  1.50	 -1.99	 -0.00	 -0.37	  2.40	 -2.21	 -0.00	 -2.48	  2.77	 -0.47	
 -0.00	  0.81	 -2.03	 -0.00	  1.50	 -1.99	 -0.00	 -0.37	  2.40	 -2.21	 -0.00	 -2.48	  2.77	 -0.47	
 -0.00	  0.81	 -2.04	 -0.00	  1.50	 -1.99	 -0.00	 -0.37	  2.40	 -2.21	 -0.00	 -2.48	  2.77	 -0.47	
 -0.00	  0.81	 -2.04	 -0.00	  1.50	 -1.99	 -0.00	 -0.37	  2.40	 -2.21	 -0.00	 -2.48	  2.77	 -0.47	
 -0.00	  0.81	 -2.04	 -0.00	  1.50	 -1.99	 -0.00	 -0.36	  2.40	 -2.21	 -0.00	 -2.48	  2.78	 -0.47	
 -0.00	  0.82	 -2.04	 -0.00	  1.50	 -1.99	 -0.00	 -0.36	  2.40	 -2.21	 -0.00	 -2.48	  2.78	 -0.48	
 -0.00	  0.82	 -2.04	 -0.00	  1.51	 -1.99	 -0.00	 -0.36	  2.40	 -2.21	 -0.00	 -2.48	  2.78	 -0.48	
 -0.00	  0.82	 -2.04	 -0.00	  1.51	 -1.99	 -0.00	 -0.36	  2.40	 -2.21	 -0.00	 -2.47	  2.78	 -0.48	
 -0.00	  0.82	 -2.04	 -0.00	  1.51	 -1.99	 -0.00	 -0.35	  2.39	 -2.21	 -0.00	 -2.47	  2.78	 -0.48	
 -0.00	  0.82	 -2.04	 -0.00	  1.51	 -1.98	 -0.00	 -0.35	  2.39	 -2.22	 -0.00	 -2.47	  2.78	 -0.48	
 -0.00	  0.82	 -2.04	 -0.00	  1.51	 -1.98	 -0.00	 -0.35	  2.39	 -2.22	 -0.00	 -2.47	  2.78	 -0.49	
 -0.00	  0.83	 -2.04	 -0.00	  1.51	 -1.98	 -0.00	 -0.35	  2.39	 -2.22	 -0.00	 -2.47	  2.79	 -0.49	
 -0.00	  0.83	 -2.04	 -0.00	  1.51	 -1.98	 -0.00	 -0.34	  2.39	 -2.22	 -0.00	 -2.47	  2.79	 -0.49	
 -0.00	  0.83	 -2.04	 -0.00	  1.51	 -1.98	 -0.00	 -0.34	  2.39	 -2.22	 -0.00	 -2.47	  2.79	 -0.49	
 -0.00	  0.83	 -2.04	 -0.00	  1.51	 -1.98	 -0.00	 -0.34	  2.39	 -2.22	 -0.00	 -2.47	  2.79	 -0.49	
 -0.00	  0.83	 -2.05	 -0.00	  1.52	 -1.98	 -0.00	 -0.34	  2.38	 -2.22	 -0.00	 -2.47	  2.79	 -0.50	
 -0.00	  0.84	 -2.05	 -0.00	  1.52	 -1.98	 -0.00	 -0.33	  2.38	 -2.22	 -0.00	 -2.47	  2.79	 -0.50	
 -0.00	  0.84	 -2.05	 -0.00	  1.52	 -1.98	 -0.00	 -0.33	  2.38	 -2.23	 -0.00	 -2.47	  2.79	 -0.50	
 -0.00	  0.84	 -2.05	 -0.00	  1.52	 -1.98	 -0.00	 -0.33	  2.38	 -2.23	 -0.00	 -2.47	  2.80	 -0.50	
 -0.00	  0.84	 -2.05	 -0.00	  1.52	 -1.98	 -0.00	 -0.32	  2.38	 -2.23	 -0.00	 -2.47	  2.80	 -0.51	
 -0.00	  0.84	 -2.05	 -0.00	  1.52	 -1.98	 -0.00	 -0.32	  2.38	 -2.23	 -0.00	 -2.47	  2.80	 -0.51	
 -0.00	  0.84	 -2.05	 -0.00	  1.52	 -1.98	 -0.00	 -0.32	  2.37	 -2.23	 -0.00	 -2.46	  2.80	 -0.51	
 -0.00	  0.85	 -2.05	 -0.00	  1.52	 -1.98	 -0.00	 -0.31	  2.37	 -2.23	 -0.00	 -2.46	  2.80	 -0.51	
 -0.00	  0.85	 -2.05	 -0.00	  1.52	 -1.98	 -0.00	 -0.31	  2.37	 -2.23	 -0.00	 -2.46	  2.80	 -0.52	
 -0.00	  0.85	 -2.05	 -0.00	  1.53	 -1.98	 -0.00	 -0.31	  2.37	 -2.23	 -0.00	 -2.46	  2.80	 -0.52	
 -0.00	  0.85	 -2.05	 -0.00	  1.53	 -1.98	 -0.00	 -0.31	  2.37	 -2.23	 -0.00	 -2.46	  2.81	 -0.52	
 -0.00	  0.86	 -2.06	 -0.00	  1.53	 -1.98	 -0.00	 -0.30	  2.36	 -2.24	 -0.00	 -2.46	  2.81	 -0.52	
 -0.00	  0.86	 -2.06	 -0.00	  1.53	 -1.98	 -0.00	 -0.30	  2.36	 -2.24	 -0.00	 -2.46	  2.81	 -0.53	
 -0.00	  0.86	 -2.06	 -0.00	  1.53	 -1.98	 -0.00	 -0.30	  2.36	 -2.24	 -0.00	 -2.46	  2.81	 -0.53	
 -0.00	  0.86	 -2.06	 -0.00	  1.53	 -1.97	 -0.00	 -0.29	  2.36	 -2.24	 -0.00	 -2.45	  2.81	 -0.53	
 -0.00	  0.86	 -2.06	 -0.00	  1.53	 -1.97	 -0.00	 -0.29	  2.36	 -2.24	 -0.00	 -2.45	  2.81	 -0.54	
 -0.00	  0.87	 -2.06	 -0.00	  1.53	 -1.97	 -0.00	 -0.29	  2.35	 -2.24	 -0.00	 -2.45	  2.82	 -0.54	
 -0.00	  0.87	 -2.06	 -0.00	  1.53	 -1.97	 -0.00	 -0.28	  2.35	 -2.24	 -0.00	 -2.45	  2.82	 -0.54	
 -0.00	  0.87	 -2.06	 -0.00	  1.54	 -1.97	 -0.00	 -0.28	  2.35	 -2.24	 -0.00	 -2.45	  2.82	 -0.55	
 -0.00	  0.87	 -2.06	 -0.00	  1.54	 -1.97	 -0.00	 -0.28	  2.35	 -2.25	 -0.00	 -2.45	  2.82	 -0.55	
 -0.00	  0.87	 -2.06	 -0.00	  1.54	 -1.97	 -0.00	 -0.27	  2.35	 -2.25	 -0.00	 -2.44	  2.82	 -0.55	
 -0.00	  0.88	 -2.06	 -0.00	  1.54	 -1.97	 -0.00	 -0.27	  2.34	 -2.25	 -0.00	 -2.44	  2.82	 -0.56	
 -0.00	  0.88	 -2.06	 -0.00	  1.54	 -1.97	 -0.00	 -0.27	  2.34	 -2.25	 -0.00	 -2.44	  2.82	 -0.56	
 -0.00	  0.88	 -2.07	 -0.00	  1.54	 -1.97	 -0.00	 -0.26	  2.34	 -2.25	 -0.00	 -2.44	  2.83	 -0.56	
 -0.00	  0.88	 -2.07	 -0.00	  1.54	 -1.97	 -0.00	 -0.26	  2.34	 -2.25	 -0.00	 -2.43	  2.83	 -0.57	
 -0.00	  0.89	 -2.07	 -0.00	  1.54	 -1.97	 -0.00	 -0.26	  2.33	 -2.25	 -0.00	 -2.43	  2.83	 -0.57	
 -0.00	  0.89	 -2.07	 -0.00	  1.55	 -1.97	 -0.00	 -0.25	  2.33	 -2.25	 -0.00	 -2.43	  2.83	 -0.58	
 -0.00	  0.89	 -2.07	 -0.00	  1.55	 -1.97	 -0.00	 -0.25	  2.33	 -2.25	 -0.00	 -2.43	  2.83	 -0.58	
 -0.00	  0.89	 -2.07	 -0.00	  1.55	 -1.96	 -0.00	 -0.25	  2.33	 -2.25	 -0.00	 -2.42	  2.83	 -0.58	
 -0.00	  0.90	 -2.07	 -0.00	  1.55	 -1.96	 -0.00	 -0.24	  2.33	 -2.26	 -0.00	 -2.42	  2.84	 -0.59	
 -0.00	  0.90	 -2.07	 -0.00	  1.55	 -1.96	 -0.00	 -0.24	  2.32	 -2.26	 -0.00	 -2.42	  2.84	 -0.59	
 -0.00	  0.90	 -2.07	 -0.00	  1.55	 -1.96	 -0.00	 -0.24	  2.32	 -2.26	 -0.00	 -2.42	  2.84	 -0.60	
 -0.00	  0.90	 -2.07	 -0.00	  1.55	 -1.96	 -0.00	 -0.23	  2.32	 -2.26	 -0.00	 -2.41	  2.84	 -0.60	
 -0.00	  0.91	 -2.07	 -0.00	  1.55	 -1.96	 -0.00	 -0.23	  2.32	 -2.26	 -0.00	 -2.41	  2.84	 -0.61	
 -0.00	  0.91	 -2.07	 -0.00	  1.55	 -1.96	 -0.00	 -0.23	  2.31	 -2.26	 -0.00	 -2.41	  2.84	 -0.61	
 -0.00	  0.91	 -2.08	 -0.00	  1.56	 -1.96	 -0.00	 -0.22	  2.31	 -2.26	 -0.00	 -2.40	  2.84	 -0.61	
 -0.00	  0.91	 -2.08	 -0.00	  1.56	 -1.96	 -0.00	 -0.22	  2.31	 -2.26	 -0.00	 -2.40	  2.85	 -0.62	
 -0.00	  0.91	 -2.08	 -0.00	  1.56	 -1.96	 -0.00	 -0.22	  2.31	 -2.26	 -0.00	 -2.40	  2.85	 -0.62	
 -0.00	  0.92	 -2.08	 -0.00	  1.56	 -1.95	 -0.00	 -0.21	  2.30	 -2.26	 -0.00	 -2.39	  2.85	 -0.63	
 -0.00	  0.92	 -2.08	 -0.00	  1.56	 -1.95	 -0.00	 -0.21	  2.30	 -2.27	 -0.00	 -2.39	  2.85	 -0.63	
 -0.00	  0.92	 -2.08	 -0.00	  1.56	 -1.95	 -0.00	 -0.21	  2.30	 -2.27	 -0.00	 -2.39	  2.85	 -0.64	
 -0.00	  0.92	 -2.08	 -0.00	  1.56	 -1.95	 -0.00	 -0.20	  2.30	 -2.27	 -0.00	 -2.38	  2.85	 -0.64	
 -0.00	  0.93	 -2.08	 -0.00	  1.56	 -1.95	 -0.00	 -0.20	  2.29	 -2.27	 -0.00	 -2.38	  2.85	 -0.65	
 -0.00	  0.93	 -2.08	 -0.00	  1.56	 -1.95	 -0.00	 -0.20	  2.29	 -2.27	 -0.00	 -2.37	  2.85	 -0.65	
 -0.00	  0.93	 -2.08	 -0.00	  1.57	 -1.95	 -0.00	 -0.19	  2.29	 -2.27	 -0.00	 -2.37	  2.86	 -0.66	
 -0.00	  0.93	 -2.08	 -0.00	  1.57	 -1.95	 -0.00	 -0.19	  2.29	 -2.27	 -0.00	 -2.37	  2.86	 -0.67	
 -0.00	  0.94	 -2.08	 -0.00	  1.57	 -1.95	 -0.00	 -0.19	  2.28	 -2.27	 -0.00	 -2.36	  2.86	 -0.67	
 -0.00	  0.94	 -2.08	 -0.00	  1.57	 -1.94	 -0.00	 -0.18	  2.28	 -2.27	 -0.00	 -2.36	  2.86	 -0.68	
 -0.00	  0.94	 -2.08	 -0.00	  1.57	 -1.94	 -0.00	 -0.18	  2.28	 -2.27	 -0.00	 -2.35	  2.86	 -0.68	
 -0.00	  0.94	 -2.09	 -0.00	  1.57	 -1.94	 -0.00	 -0.18	  2.27	 -2.27	 -0.00	 -2.35	  2.86	 -0.69	
 -0.00	  0.95	 -2.09	 -0.00	  1.57	 -1.94	 -0.00	 -0.17	  2.27	 -2.27	 -0.00	 -2.34	  2.86	 -0.69	
 -0.00	  0.95	 -2.09	 -0.00	  1.57	 -1.94	 -0.00	 -0.17	  2.27	 -2.27	 -0.00	 -2.34	  2.86	 -0.70	
 -0.00	  0.95	 -2.09	 -0.00	  1.57	 -1.94	 -0.00	 -0.17	  2.27	 -2.27	 -0.00	 -2.33	  2.86	 -0.71	
 -0.00	  0.95	 -2.09	 -0.00	  1.57	 -1.94	 -0.00	 -0.16	  2.26	 -2.28	 -0.00	 -2.33	  2.87	 -0.71	
 -0.00	  0.96	 -2.09	 -0.00	  1.58	 -1.94	 -0.00	 -0.16	  2.26	 -2.28	 -0.00	 -2.32	  2.87	 -0.72	
 -0.00	  0.96	 -2.09	 -0.00	  1.58	 -1.93	 -0.00	 -0.16	  2.26	 -2.28	 -0.00	 -2.32	  2.87	 -0.72	
 -0.00	  0.96	 -2.09	 -0.00	  1.58	 -1.93	 -0.00	 -0.15	  2.26	 -2.28	 -0.00	 -2.31	  2.87	 -0.73	
 -0.00	  0.96	 -2.09	 -0.00	  1.58	 -1.93	 -0.00	 -0.15	  2.25	 -2.28	 -0.00	 -2.31	  2.87	 -0.74	
 -0.00	  0.97	 -2.09	 -0.00	  1.58	 -1.93	 -0.00	 -0.15	  2.25	 -2.28	 -0.00	 -2.30	  2.87	 -0.74	
 -0.00	  0.97	 -2.09	 -0.00	  1.58	 -1.93	 -0.00	 -0.14	  2.25	 -2.28	 -0.00	 -2.29	  2.87	 -0.75	
 -0.00	  0.97	 -2.09	 -0.00	  1.58	 -1.93	 -0.00	 -0.14	  2.24	 -2.28	 -0.00	 -2.29	  2.87	 -0.76	
 -0.00	  0.98	 -2.09	 -0.00	  1.58	 -1.93	 -0.00	 -0.14	  2.24	 -2.28	 -0.00	 -2.28	  2.87	 -0.76	
 -0.00	  0.98	 -2.09	 -0.00	  1.58	 -1.93	 -0.00	 -0.13	  2.24	 -2.28	 -0.00	 -2.28	  2.87	 -0.77	
 -0.00	  0.98	 -2.09	 -0.00	  1.58	 -1.92	 -0.00	 -0.13	  2.24	 -2.28	 -0.00	 -2.27	  2.87	 -0.78	
 -0.00	  0.98	 -2.09	 -0.00	  1.59	 -1.92	 -0.00	 -0.13	  2.23	 -2.28	 -0.00	 -2.26	  2.87	 -0.78	
 -0.00	  0.99	 -2.09	 -0.00	  1.59	 -1.92	 -0.00	 -0.12	  2.23	 -2.28	 -0.00	 -2.26	  2.87	 -0.79	
 -0.00	  0.99	 -2.09	 -0.00	  1.59	 -1.92	 -0.00	 -0.12	  2.23	 -2.28	 -0.00	 -2.25	  2.88	 -0.80	
 -0.00	  0.99	 -2.10	 -0.00	  1.59	 -1.92	 -0.00	 -0.12	  2.22	 -2.28	 -0.00	 -2.24	  2.88	 -0.81	
 -0.00	  0.99	 -2.10	 -0.00	  1.59	 -1.92	 -0.00	 -0.11	  2.22	 -2.28	 -0.00	 -2.24	  2.88	 -0.81	
 -0.00	  0.99	 -2.10	 -0.00	  1.59	 -1.92	 -0.00	 -0.11	  2.22	 -2.28	 -0.00	 -2.23	  2.88	 -0.82	
 -0.00	  1.00	 -2.10	 -0.00	  1.59	 -1.91	 -0.00	 -0.11	  2.22	 -2.28	 -0.00	 -2.22	  2.88	 -0.83	
 -0.00	  1.00	 -2.10	 -0.00	  1.59	 -1.91	 -0.00	 -0.10	  2.21	 -2.28	 -0.00	 -2.22	  2.88	 -0.84	
 -0.00	  1.00	 -2.10	 -0.00	  1.59	 -1.91	 -0.00	 -0.10	  2.21	 -2.28	 -0.00	 -2.21	  2.88	 -0.84	
 -0.00	  1.00	 -2.10	 -0.00	  1.59	 -1.91	 -0.00	 -0.10	  2.21	 -2.28	 -0.00	 -2.20	  2.88	 -0.85	
 -0.00	  1.01	 -2.10	 -0.00	  1.59	 -1.91	 -0.00	 -0.09	  2.20	 -2.28	 -0.00	 -2.20	  2.88	 -0.86	
 -0.00	  1.01	 -2.10	 -0.00	  1.59	 -1.91	 -0.00	 -0.09	  2.20	 -2.28	 -0.00	 -2.19	  2.88	 -0.87	
 -0.00	  1.01	 -2.10	 -0.00	  1.59	 -1.91	 -0.00	 -0.09	  2.20	 -2.28	 -0.00	 -2.18	  2.88	 -0.87	
 -0.00	  1.01	 -2.10	 -0.00	  1.60	 -1.90	 -0.00	 -0.09	  2.20	 -2.28	 -0.00	 -2.17	  2.88	 -0.88	
 -0.00	  1.02	 -2.10	 -0.00	  1.60	 -1.90	 -0.00	 -0.08	  2.19	 -2.28	 -0.00	 -2.17	  2.88	 -0.89	
 -0.00	  1.02	 -2.10	 -0.00	  1.60	 -1.90	 -0.00	 -0.08	  2.19	 -2.28	 -0.00	 -2.16	  2.88	 -0.90	
 -0.00	  1.02	 -2.10	 -0.00	  1.60	 -1.90	 -0.00	 -0.08	  2.19	 -2.28	 -0.00	 -2.15	  2.88	 -0.90	
 -0.00	  1.02	 -2.10	 -0.00	  1.60	 -1.90	 -0.00	 -0.07	  2.18	 -2.29	 -0.00	 -2.14	  2.88	 -0.91	
 -0.00	  1.03	 -2.10	 -0.00	  1.60	 -1.90	 -0.00	 -0.07	  2.18	 -2.29	 -0.00	 -2.13	  2.88	 -0.92	
 -0.00	  1.03	 -2.10	 -0.00	  1.60	 -1.89	 -0.00	 -0.07	  2.18	 -2.29	 -0.00	 -2.13	  2.88	 -0.93	
 -0.00	  1.03	 -2.10	 -0.00	  1.60	 -1.89	 -0.00	 -0.06	  2.18	 -2.29	 -0.00	 -2.12	  2.88	 -0.94	
 -0.00	  1.03	 -2.10	 -0.00	  1.60	 -1.89	 -0.00	 -0.06	  2.17	 -2.29	 -0.00	 -2.11	  2.88	 -0.94	
 -0.00	  1.04	 -2.10	 -0.00	  1.60	 -1.89	 -0.00	 -0.06	  2.17	 -2.29	 -0.00	 -2.10	  2.88	 -0.95	
 -0.00	  1.04	 -2.10	 -0.00	  1.60	 -1.89	 -0.00	 -0.06	  2.17	 -2.29	 -0.00	 -2.09	  2.88	 -0.96	
 -0.00	  1.04	 -2.10	 -0.00	  1.60	 -1.89	 -0.00	 -0.05	  2.16	 -2.29	 -0.00	 -2.08	  2.88	 -0.97	
 -0.00	  1.04	 -2.10	 -0.00	  1.60	 -1.88	 -0.00	 -0.05	  2.16	 -2.29	 -0.00	 -2.08	  2.88	 -0.98	
 -0.00	  1.04	 -2.10	 -0.00	  1.60	 -1.88	 -0.00	 -0.05	  2.16	 -2.29	 -0.00	 -2.07	  2.88	 -0.98	
 -0.00	  1.05	 -2.10	 -0.00	  1.60	 -1.88	 -0.00	 -0.05	  2.16	 -2.29	 -0.00	 -2.06	  2.88	 -0.99	
 -0.00	  1.05	 -2.10	 -0.00	  1.60	 -1.88	 -0.00	 -0.04	  2.15	 -2.28	 -0.00	 -2.05	  2.88	 -1.00	
 -0.00	  1.05	 -2.10	 -0.00	  1.60	 -1.88	 -0.00	 -0.04	  2.15	 -2.28	 -0.00	 -2.04	  2.88	 -1.01	
 -0.00	  1.05	 -2.10	 -0.00	  1.60	 -1.88	 -0.00	 -0.04	  2.15	 -2.28	 -0.00	 -2.03	  2.88	 -1.02	
 -0.00	  1.06	 -2.10	 -0.00	  1.61	 -1.88	 -0.00	 -0.03	  2.14	 -2.28	 -0.00	 -2.03	  2.88	 -1.02	
 -0.00	  1.06	 -2.10	 -0.00	  1.61	 -1.87	 -0.00	 -0.03	  2.14	 -2.28	 -0.00	 -2.02	  2.88	 -1.03	
 -0.00	  1.06	 -2.10	 -0.00	  1.61	 -1.87	 -0.00	 -0.03	  2.14	 -2.28	 -0.00	 -2.01	  2.88	 -1.04	
 -0.00	  1.06	 -2.10	 -0.00	  1.61	 -1.87	 -0.00	 -0.03	  2.14	 -2.28	 -0.00	 -2.00	  2.87	 -1.05	
 -0.00	  1.06	 -2.10	 -0.00	  1.61	 -1.87	 -0.00	 -0.02	  2.13	 -2.28	 -0.00	 -1.99	  2.87	 -1.06	
 -0.00	  1.07	 -2.10	 -0.00	  1.61	 -1.87	 -0.00	 -0.02	  2.13	 -2.28	 -0.00	 -1.98	  2.87	 -1.06	
 -0.00	  1.07	 -2.10	 -0.00	  1.61	 -1.87	 -0.00	 -0.02	  2.13	 -2.28	 -0.00	 -1.98	  2.87	 -1.07	
 -0.00	  1.07	 -2.10	 -0.00	  1.61	 -1.86	 -0.00	 -0.02	  2.12	 -2.28	 -0.00	 -1.97	  2.87	 -1.08	
 -0.00	  1.07	 -2.10	 -0.00	  1.61	 -1.86	 -0.00	 -0.01	  2.12	 -2.28	 -0.00	 -1.96	  2.87	 -1.09	
 -0.00	  1.07	 -2.10	 -0.00	  1.61	 -1.86	 -0.00	 -0.01	  2.12	 -2.28	 -0.00	 -1.95	  2.87	 -1.10	
 -0.00	  1.08	 -2.10	 -0.00	  1.61	 -1.86	 -0.00	 -0.01	  2.12	 -2.28	 -0.00	 -1.94	  2.87	 -1.10	
 -0.00	  1.08	 -2.10	 -0.00	  1.61	 -1.86	 -0.00	 -0.01	  2.11	 -2.28	 -0.00	 -1.93	  2.87	 -1.11	
 -0.00	  1.08	 -2.10	 -0.00	  1.61	 -1.86	 -0.00	 -0.00	  2.11	 -2.28	 -0.00	 -1.93	  2.87	 -1.12	
 -0.00	  1.08	 -2.10	 -0.00	  1.61	 -1.85	 -0.00	 -0.00	  2.11	 -2.28	 -0.00	 -1.92	  2.87	 -1.13	
 -0.00	  1.08	 -2.10	 -0.00	  1.61	 -1.85	 -0.00	  0.00	  2.11	 -2.28	 -0.00	 -1.91	  2.87	 -1.13	
 -0.00	  1.09	 -2.10	 -0.00	  1.61	 -1.85	 -0.00	  0.00	  2.10	 -2.28	 -0.00	 -1.90	  2.87	 -1.14	
 -0.00	  1.09	 -2.10	 -0.00	  1.61	 -1.85	 -0.00	  0.01	  2.10	 -2.28	 -0.00	 -1.89	  2.87	 -1.15	
 -0.00	  1.09	 -2.10	 -0.00	  1.61	 -1.85	 -0.00	  0.01	  2.10	 -2.28	 -0.00	 -1.88	  2.86	 -1.16	
 -0.00	  1.09	 -2.10	 -0.00	  1.61	 -1.85	 -0.00	  0.01	  2.10	 -2.28	 -0.00	 -1.88	  2.86	 -1.16	
 -0.00	  1.09	 -2.10	 -0.00	  1.61	 -1.84	 -0.00	  0.01	  2.09	 -2.28	 -0.00	 -1.87	  2.86	 -1.17	
 -0.00	  1.09	 -2.10	 -0.00	  1.61	 -1.84	 -0.00	  0.01	  2.09	 -2.28	 -0.00	 -1.86	  2.86	 -1.18	
 -0.00	  1.10	 -2.10	 -0.00	  1.61	 -1.84	 -0.00	  0.02	  2.09	 -2.28	 -0.00	 -1.85	  2.86	 -1.18	
 -0.00	  1.10	 -2.10	 -0.00	  1.61	 -1.84	 -0.00	  0.02	  2.09	 -2.28	 -0.00	 -1.84	  2.86	 -1.19	
 -0.00	  1.10	 -2.10	 -0.00	  1.61	 -1.84	 -0.00	  0.02	  2.08	 -2.28	 -0.00	 -1.84	  2.86	 -1.20	
 -0.00	  1.10	 -2.10	 -0.00	  1.61	 -1.84	 -0.00	  0.02	  2.08	 -2.28	 -0.00	 -1.83	  2.86	 -1.20	
 -0.00	  1.10	 -2.10	 -0.00	  1.61	 -1.84	 -0.00	  0.02	  2.08	 -2.28	 -0.00	 -1.82	  2.86	 -1.21	
 -0.00	  1.10	 -2.10	 -0.00	  1.61	 -1.83	 -0.00	  0.03	  2.08	 -2.28	 -0.00	 -1.81	  2.86	 -1.22	
 -0.00	  1.11	 -2.10	 -0.00	  1.61	 -1.83	 -0.00	  0.03	  2.07	 -2.28	 -0.00	 -1.81	  2.86	 -1.22	
 -0.00	  1.11	 -2.10	 -0.00	  1.61	 -1.83	 -0.00	  0.03	  2.07	 -2.28	 -0.00	 -1.80	  2.85	 -1.23	
 -0.00	  1.11	 -2.10	 -0.00	  1.61	 -1.83	 -0.00	  0.03	  2.07	 -2.28	 -0.00	 -1.79	  2.85	 -1.24	
 -0.00	  1.11	 -2.10	 -0.00	  1.61	 -1.83	 -0.00	  0.03	  2.07	 -2.28	 -0.00	 -1.78	  2.85	 -1.24	
 -0.00	  1.11	 -2.10	 -0.00	  1.61	 -1.83	 -0.00	  0.04	  2.06	 -2.28	 -0.00	 -1.78	  2.85	 -1.25	
 -0.00	  1.11	 -2.10	 -0.00	  1.61	 -1.82	 -0.00	  0.04	  2.06	 -2.27	 -0.00	 -1.77	  2.85	 -1.26	
 -0.00	  1.12	 -2.10	 -0.00	  1.61	 -1.82	 -0.00	  0.04	  2.06	 -2.27	 -0.00	 -1.76	  2.85	 -1.26	
 -0.00	  1.12	 -2.10	 -0.00	  1.61	 -1.82	 -0.00	  0.04	  2.06	 -2.27	 -0.00	 -1.76	  2.85	 -1.27	
 -0.00	  1.12	 -2.10	 -0.00	  1.61	 -1.82	 -0.00	  0.04	  2.06	 -2.27	 -0.00	 -1.75	  2.85	 -1.27	
 -0.00	  1.12	 -2.10	 -0.00	  1.61	 -1.82	 -0.00	  0.05	  2.05	 -2.27	 -0.00	 -1.74	  2.85	 -1.28	
 -0.00	  1.12	 -2.10	 -0.00	  1.61	 -1.82	 -0.00	  0.05	  2.05	 -2.27	 -0.00	 -1.74	  2.85	 -1.28	
 -0.00	  1.12	 -2.10	 -0.00	  1.61	 -1.82	 -0.00	  0.05	  2.05	 -2.27	 -0.00	 -1.73	  2.84	 -1.29	
 -0.00	  1.12	 -2.10	 -0.00	  1.61	 -1.81	 -0.00	  0.05	  2.05	 -2.27	 -0.00	 -1.72	  2.84	 -1.29	
 -0.00	  1.12	 -2.10	 -0.00	  1.61	 -1.81	 -0.00	  0.05	  2.05	 -2.27	 -0.00	 -1.72	  2.84	 -1.30	
 -0.00	  1.13	 -2.10	 -0.00	  1.61	 -1.81	 -0.00	  0.05	  2.04	 -2.27	 -0.00	 -1.71	  2.84	 -1.31	
 -0.00	  1.13	 -2.10	 -0.00	  1.61	 -1.81	 -0.00	  0.06	  2.04	 -2.27	 -0.00	 -1.70	  2.84	 -1.31	
 -0.00	  1.13	 -2.10	 -0.00	  1.61	 -1.81	 -0.00	  0.06	  2.04	 -2.27	 -0.00	 -1.70	  2.84	 -1.32	
 -0.00	  1.13	 -2.10	 -0.00	  1.61	 -1.81	 -0.00	  0.06	  2.04	 -2.27	 -0.00	 -1.69	  2.84	 -1.32	
 -0.00	  1.13	 -2.09	 -0.00	  1.61	 -1.81	 -0.00	  0.06	  2.04	 -2.27	 -0.00	 -1.69	  2.84	 -1.32	
 -0.00	  1.13	 -2.09	 -0.00	  1.61	 -1.81	 -0.00	  0.06	  2.03	 -2.27	 -0.00	 -1.68	  2.84	 -1.33	
 -0.00	  1.13	 -2.09	 -0.00	  1.61	 -1.80	 -0.00	  0.06	  2.03	 -2.27	 -0.00	 -1.68	  2.84	 -1.33	
 -0.00	  1.13	 -2.09	 -0.00	  1.61	 -1.80	 -0.00	  0.06	  2.03	 -2.27	 -0.00	 -1.67	  2.83	 -1.34	
 -0.00	  1.13	 -2.09	 -0.00	  1.61	 -1.80	 -0.00	  0.06	  2.03	 -2.27	 -0.00	 -1.67	  2.83	 -1.34	
 -0.00	  1.14	 -2.09	 -0.00	  1.61	 -1.80	 -0.00	  0.07	  2.03	 -2.27	 -0.00	 -1.66	  2.83	 -1.35	
 -0.00	  1.14	 -2.09	 -0.00	  1.61	 -1.80	 -0.00	  0.07	  2.03	 -2.27	 -0.00	 -1.66	  2.83	 -1.35	
 -0.00	  1.14	 -2.09	 -0.00	  1.61	 -1.80	 -0.00	  0.07	  2.02	 -2.27	 -0.00	 -1.65	  2.83	 -1.35	
 -0.00	  1.14	 -2.09	 -0.00	  1.61	 -1.80	 -0.00	  0.07	  2.02	 -2.27	 -0.00	 -1.65	  2.83	 -1.36	
 -0.00	  1.14	 -2.09	 -0.00	  1.61	 -1.80	 -0.00	  0.07	  2.02	 -2.27	 -0.00	 -1.64	  2.83	 -1.36	
 -0.00	  1.14	 -2.09	 -0.00	  1.61	 -1.80	 -0.00	  0.07	  2.02	 -2.27	 -0.00	 -1.64	  2.83	 -1.37	
 -0.00	  1.14	 -2.09	 -0.00	  1.61	 -1.80	 -0.00	  0.07	  2.02	 -2.27	 -0.00	 -1.63	  2.83	 -1.37	
 -0.00	  1.14	 -2.09	 -0.00	  1.61	 -1.80	 -0.00	  0.08	  2.02	 -2.27	 -0.00	 -1.63	  2.83	 -1.37	
 -0.00	  1.14	 -2.09	 -0.00	  1.62	 -1.80	 -0.00	  0.08	  2.02	 -2.27	 -0.00	 -1.62	  2.82	 -1.38	
 -0.00	  1.14	 -2.09	 -0.00	  1.62	 -1.80	 -0.00	  0.08	  2.02	 -2.27	 -0.00	 -1.62	  2.82	 -1.38	
 -0.00	  1.14	 -2.09	 -0.00	  1.62	 -1.80	 -0.00	  0.08	  2.02	 -2.27	 -0.00	 -1.61	  2.82	 -1.38	
 -0.00	  1.14	 -2.09	 -0.00	  1.62	 -1.80	 -0.00	  0.08	  2.01	 -2.27	 -0.00	 -1.61	  2.82	 -1.39	
 -0.00	  1.14	 -2.09	 -0.00	  1.62	 -1.80	 -0.00	  0.08	  2.01	 -2.27	 -0.00	 -1.61	  2.82	 -1.39	
 -0.00	  1.15	 -2.09	 -0.00	  1.62	 -1.80	 -0.00	  0.08	  2.01	 -2.27	 -0.00	 -1.60	  2.82	 -1.39	
 -0.00	  1.15	 -2.09	 -0.00	  1.62	 -1.80	 -0.00	  0.08	  2.01	 -2.27	 -0.00	 -1.60	  2.82	 -1.40	
 -0.00	  1.15	 -2.09	 -0.00	  1.62	 -1.80	 -0.00	  0.08	  2.01	 -2.27	 -0.00	 -1.59	  2.82	 -1.40	
 -0.00	  1.15	 -2.09	 -0.00	  1.62	 -1.80	 -0.00	  0.09	  2.01	 -2.27	 -0.00	 -1.59	  2.82	 -1.40	
 -0.00	  1.15	 -2.09	 -0.00	  1.62	 -1.80	 -0.00	  0.09	  2.01	 -2.27	 -0.00	 -1.59	  2.82	 -1.40	
 -0.00	  1.15	 -2.09	 -0.00	  1.62	 -1.80	 -0.00	  0.09	  2.01	 -2.28	 -0.00	 -1.58	  2.82	 -1.41	
 -0.00	  1.15	 -2.09	 -0.00	  1.63	 -1.80	 -0.00	  0.09	  2.01	 -2.28	 -0.00	 -1.58	  2.82	 -1.41	
 -0.00	  1.15	 -2.09	 -0.00	  1.63	 -1.80	 -0.00	  0.09	  2.01	 -2.28	 -0.00	 -1.58	  2.81	 -1.41	
 -0.00	  1.15	 -2.09	 -0.00	  1.63	 -1.80	 -0.00	  0.09	  2.01	 -2.28	 -0.00	 -1.57	  2.81	 -1.41	
 -0.00	  1.15	 -2.09	 -0.00	  1.63	 -1.80	 -0.00	  0.09	  2.01	 -2.28	 -0.00	 -1.57	  2.81	 -1.42	
 -0.00	  1.15	 -2.08	 -0.00	  1.63	 -1.81	 -0.00	  0.09	  2.02	 -2.28	 -0.00	 -1.57	  2.81	 -1.42	
 -0.00	  1.15	 -2.08	 -0.00	  1.63	 -1.81	 -0.00	  0.09	  2.02	 -2.29	 -0.00	 -1.56	  2.81	 -1.42	
 -0.00	  1.15	 -2.08	 -0.00	  1.63	 -1.81	 -0.00	  0.10	  2.02	 -2.29	 -0.00	 -1.56	  2.81	 -1.42	
 -0.00	  1.15	 -2.08	 -0.00	  1.64	 -1.81	 -0.00	  0.10	  2.02	 -2.29	 -0.00	 -1.56	  2.81	 -1.43	
 -0.00	  1.15	 -2.08	 -0.00	  1.64	 -1.81	 -0.00	  0.10	  2.02	 -2.29	 -0.00	 -1.56	  2.81	 -1.43	
 -0.00	  1.15	 -2.08	 -0.00	  1.64	 -1.82	 -0.00	  0.10	  2.02	 -2.29	 -0.00	 -1.55	  2.81	 -1.43	
 -0.00	  1.15	 -2.08	 -0.00	  1.64	 -1.82	 -0.00	  0.10	  2.02	 -2.30	 -0.00	 -1.55	  2.81	 -1.43	
 -0.00	  1.15	 -2.08	 -0.00	  1.64	 -1.82	 -0.00	  0.10	  2.02	 -2.30	 -0.00	 -1.55	  2.81	 -1.43	
 -0.00	  1.15	 -2.08	 -0.00	  1.65	 -1.82	 -0.00	  0.10	  2.02	 -2.30	 -0.00	 -1.55	  2.81	 -1.44	
 -0.00	  1.15	 -2.08	 -0.00	  1.65	 -1.82	 -0.00	  0.10	  2.03	 -2.30	 -0.00	 -1.54	  2.81	 -1.44	
 -0.00	  1.15	 -2.08	 -0.00	  1.65	 -1.83	 -0.00	  0.10	  2.03	 -2.31	 -0.00	 -1.54	  2.80	 -1.44	
 -0.00	  1.15	 -2.08	 -0.00	  1.65	 -1.83	 -0.00	  0.10	  2.03	 -2.31	 -0.00	 -1.54	  2.80	 -1.44	
 -0.00	  1.16	 -2.08	 -0.00	  1.66	 -1.83	 -0.00	  0.10	  2.03	 -2.31	 -0.00	 -1.54	  2.80	 -1.44	
 -0.00	  1.16	 -2.08	 -0.00	  1.66	 -1.84	 -0.00	  0.11	  2.03	 -2.31	 -0.00	 -1.53	  2.80	 -1.44	
 -0.00	  1.16	 -2.08	 -0.00	  1.66	 -1.84	 -0.00	  0.11	  2.04	 -2.32	 -0.00	 -1.53	  2.80	 -1.44	
 -0.00	  1.16	 -2.08	 -0.00	  1.66	 -1.84	 -0.00	  0.11	  2.04	 -2.32	 -0.00	 -1.53	  2.80	 -1.45	
 -0.00	  1.16	 -2.08	 -0.00	  1.67	 -1.85	 -0.00	  0.11	  2.04	 -2.32	 -0.00	 -1.53	  2.80	 -1.45	
 -0.00	  1.16	 -2.08	 -0.00	  1.67	 -1.85	 -0.00	  0.11	  2.04	 -2.33	 -0.00	 -1.53	  2.80	 -1.45	
 -0.00	  1.16	 -2.08	 -0.00	  1.67	 -1.85	 -0.00	  0.11	  2.05	 -2.33	 -0.00	 -1.52	  2.80	 -1.45	
 -0.00	  1.16	 -2.08	 -0.00	  1.67	 -1.86	 -0.00	  0.11	  2.05	 -2.33	 -0.00	 -1.52	  2.80	 -1.45	
 -0.00	  1.16	 -2.08	 -0.00	  1.68	 -1.86	 -0.00	  0.11	  2.05	 -2.34	 -0.00	 -1.52	  2.80	 -1.45	
 -0.00	  1.16	 -2.08	 -0.00	  1.68	 -1.86	 -0.00	  0.11	  2.05	 -2.34	 -0.00	 -1.52	  2.80	 -1.45	
 -0.00	  1.16	 -2.08	 -0.00	  1.68	 -1.87	 -0.00	  0.11	  2.06	 -2.34	 -0.00	 -1.52	  2.80	 -1.45	
 -0.00	  1.16	 -2.08	 -0.00	  1.68	 -1.87	 -0.00	  0.11	  2.06	 -2.35	 -0.00	 -1.52	  2.80	 -1.46	
 -0.00	  1.16	 -2.08	 -0.00	  1.69	 -1.88	 -0.00	  0.11	  2.06	 -2.35	 -0.00	 -1.51	  2.80	 -1.46	
 -0.00	  1.16	 -2.08	 -0.00	  1.69	 -1.88	 -0.00	  0.11	  2.07	 -2.35	 -0.00	 -1.51	  2.80	 -1.46	
 -0.00	  1.16	 -2.08	 -0.00	  1.69	 -1.88	 -0.00	  0.11	  2.07	 -2.36	 -0.00	 -1.51	  2.80	 -1.46	
 -0.00	  1.16	 -2.08	 -0.00	  1.69	 -1.89	 -0.00	  0.11	  2.07	 -2.36	 -0.00	 -1.51	  2.80	 -1.46	
 -0.00	  1.16	 -2.08	 -0.00	  1.70	 -1.89	 -0.00	  0.11	  2.08	 -2.37	 -0.00	 -1.51	  2.79	 -1.46	
 -0.00	  1.16	 -2.08	 -0.00	  1.70	 -1.90	 -0.00	  0.11	  2.08	 -2.37	 -0.00	 -1.51	  2.79	 -1.46	
 -0.00	  1.16	 -2.07	 -0.00	  1.70	 -1.90	 -0.00	  0.11	  2.09	 -2.37	 -0.00	 -1.51	  2.79	 -1.46	
 -0.00	  1.16	 -2.07	 -0.00	  1.71	 -1.91	 -0.00	  0.11	  2.09	 -2.38	 -0.00	 -1.50	  2.79	 -1.46	
 -0.00	  1.16	 -2.07	 -0.00	  1.71	 -1.91	 -0.00	  0.11	  2.09	 -2.38	 -0.00	 -1.50	  2.79	 -1.46	
 -0.00	  1.16	 -2.07	 -0.00	  1.71	 -1.91	 -0.00	  0.11	  2.10	 -2.38	 -0.00	 -1.50	  2.79	 -1.46	
 -0.00	  1.16	 -2.07	 -0.00	  1.71	 -1.92	 -0.00	  0.11	  2.10	 -2.39	 -0.00	 -1.50	  2.79	 -1.46	
 -0.00	  1.16	 -2.07	 -0.00	  1.72	 -1.92	 -0.00	  0.11	  2.11	 -2.39	 -0.00	 -1.50	  2.79	 -1.47	
 -0.00	  1.16	 -2.07	 -0.00	  1.72	 -1.93	 -0.00	  0.11	  2.11	 -2.40	 -0.00	 -1.50	  2.79	 -1.47	
 -0.00	  1.16	 -2.07	 -0.00	  1.72	 -1.93	 -0.00	  0.11	  2.11	 -2.40	 -0.00	 -1.50	  2.79	 -1.47	
 -0.00	  1.16	 -2.07	 -0.00	  1.72	 -1.94	 -0.00	  0.11	  2.12	 -2.40	 -0.00	 -1.50	  2.79	 -1.47	
 -0.00	  1.16	 -2.07	 -0.00	  1.73	 -1.94	 -0.00	  0.11	  2.12	 -2.41	 -0.00	 -1.50	  2.79	 -1.47	
 -0.00	  1.16	 -2.07	 -0.00	  1.73	 -1.95	 -0.00	  0.11	  2.13	 -2.41	 -0.00	 -1.50	  2.79	 -1.47	
 -0.00	  1.16	 -2.07	 -0.00	  1.73	 -1.95	 -0.00	  0.11	  2.13	 -2.41	 -0.00	 -1.50	  2.79	 -1.47	
 -0.00	  1.16	 -2.07	 -0.00	  1.73	 -1.96	 -0.00	  0.11	  2.14	 -2.42	 -0.00	 -1.49	  2.79	 -1.47	
 -0.00	  1.16	 -2.07	 -0.00	  1.73	 -1.96	 -0.00	  0.10	  2.14	 -2.42	 -0.00	 -1.49	  2.79	 -1.47	
 -0.00	  1.16	 -2.07	 -0.00	  1.74	 -1.97	 -0.00	  0.10	  2.15	 -2.42	 -0.00	 -1.49	  2.79	 -1.47	
 -0.00	  1.16	 -2.07	 -0.00	  1.74	 -1.97	 -0.00	  0.10	  2.15	 -2.43	 -0.00	 -1.49	  2.79	 -1.47	
 -0.00	  1.16	 -2.07	 -0.00	  1.74	 -1.98	 -0.00	  0.10	  2.16	 -2.43	 -0.00	 -1.49	  2.79	 -1.47	
 -0.00	  1.16	 -2.07	 -0.00	  1.74	 -1.98	 -0.00	  0.10	  2.16	 -2.44	 -0.00	 -1.49	  2.79	 -1.47	
 -0.00	  1.16	 -2.07	 -0.00	  1.74	 -1.98	 -0.00	  0.10	  2.17	 -2.44	 -0.00	 -1.49	  2.79	 -1.47	
 -0.00	  1.16	 -2.07	 -0.00	  1.74	 -1.99	 -0.00	  0.09	  2.17	 -2.44	 -0.00	 -1.49	  2.79	 -1.47	
 -0.00	  1.16	 -2.07	 -0.00	  1.75	 -1.99	 -0.00	  0.09	  2.18	 -2.45	 -0.00	 -1.49	  2.79	 -1.47	
 -0.00	  1.16	 -2.07	 -0.00	  1.75	 -2.00	 -0.00	  0.09	  2.18	 -2.45	 -0.00	 -1.49	  2.79	 -1.47	
 -0.00	  1.16	 -2.07	 -0.00	  1.75	 -2.00	 -0.00	  0.09	  2.19	 -2.45	 -0.00	 -1.49	  2.79	 -1.47	
 -0.00	  1.16	 -2.07	 -0.00	  1.75	 -2.01	 -0.00	  0.08	  2.20	 -2.45	 -0.00	 -1.49	  2.79	 -1.47	
 -0.00	  1.16	 -2.07	 -0.00	  1.75	 -2.01	 -0.00	  0.08	  2.20	 -2.46	 -0.00	 -1.49	  2.79	 -1.47	
 -0.00	  1.16	 -2.07	 -0.00	  1.75	 -2.02	 -0.00	  0.08	  2.21	 -2.46	 -0.00	 -1.49	  2.79	 -1.47	
 -0.00	  1.16	 -2.07	 -0.00	  1.75	 -2.02	 -0.00	  0.08	  2.21	 -2.46	 -0.00	 -1.49	  2.79	 -1.47	
 -0.00	  1.16	 -2.07	 -0.00	  1.75	 -2.03	 -0.00	  0.07	  2.22	 -2.47	 -0.00	 -1.49	  2.79	 -1.47	
 -0.00	  1.16	 -2.07	 -0.00	  1.75	 -2.03	 -0.00	  0.07	  2.23	 -2.47	 -0.00	 -1.49	  2.78	 -1.47	
 -0.00	  1.16	 -2.07	 -0.00	  1.75	 -2.04	 -0.00	  0.07	  2.23	 -2.47	 -0.00	 -1.49	  2.78	 -1.47	
 -0.00	  1.16	 -2.07	 -0.00	  1.75	 -2.04	 -0.00	  0.06	  2.24	 -2.47	 -0.00	 -1.49	  2.78	 -1.47	
 -0.00	  1.16	 -2.07	 -0.00	  1.75	 -2.04	 -0.00	  0.06	  2.24	 -2.48	 -0.00	 -1.49	  2.78	 -1.47	
 -0.00	  1.16	 -2.07	 -0.00	  1.75	 -2.05	 -0.00	  0.05	  2.25	 -2.48	 -0.00	 -1.49	  2.78	 -1.47	
 -0.00	  1.16	 -2.07	 -0.00	  1.75	 -2.05	 -0.00	  0.05	  2.26	 -2.48	 -0.00	 -1.49	  2.78	 -1.47	
 -0.00	  1.16	 -2.07	 -0.00	  1.75	 -2.06	 -0.00	  0.04	  2.26	 -2.48	 -0.00	 -1.49	  2.78	 -1.47	
 -0.00	  1.16	 -2.07	 -0.00	  1.75	 -2.06	 -0.00	  0.04	  2.27	 -2.48	 -0.00	 -1.49	  2.78	 -1.47	
 -0.00	  1.16	 -2.07	 -0.00	  1.75	 -2.07	 -0.00	  0.03	  2.28	 -2.48	 -0.00	 -1.49	  2.78	 -1.47	
 -0.00	  1.16	 -2.07	 -0.00	  1.75	 -2.07	 -0.00	  0.03	  2.28	 -2.49	 -0.00	 -1.49	  2.78	 -1.47	
 -0.00	  1.16	 -2.07	 -0.00	  1.75	 -2.07	 -0.00	  0.02	  2.29	 -2.49	 -0.00	 -1.48	  2.78	 -1.47	
 -0.00	  1.16	 -2.07	 -0.00	  1.75	 -2.08	 -0.00	  0.02	  2.30	 -2.49	 -0.00	 -1.48	  2.78	 -1.47	
 -0.00	  1.16	 -2.07	 -0.00	  1.75	 -2.08	 -0.00	  0.01	  2.30	 -2.49	 -0.00	 -1.48	  2.78	 -1.47	
 -0.00	  1.16	 -2.07	 -0.00	  1.75	 -2.09	 -0.00	  0.01	  2.31	 -2.49	 -0.00	 -1.48	  2.78	 -1.47	
 -0.00	  1.16	 -2.07	 -0.00	  1.74	 -2.09	 -0.00	  0.00	  2.32	 -2.49	 -0.00	 -1.48	  2.78	 -1.47	
 -0.00	  1.16	 -2.07	 -0.00	  1.74	 -2.09	 -0.00	 -0.01	  2.32	 -2.49	 -0.00	 -1.48	  2.78	 -1.47	
 -0.00	  1.16	 -2.07	 -0.00	  1.74	 -2.10	 -0.00	 -0.01	  2.33	 -2.49	 -0.00	 -1.48	  2.78	 -1.47	
 -0.00	  1.16	 -2.07	 -0.00	  1.74	 -2.10	 -0.00	 -0.02	  2.34	 -2.49	 -0.00	 -1.48	  2.78	 -1.47	
 -0.00	  1.16	 -2.07	 -0.00	  1.74	 -2.10	 -0.00	 -0.03	  2.34	 -2.49	 -0.00	 -1.48	  2.78	 -1.47	
 -0.00	  1.16	 -2.07	 -0.00	  1.73	 -2.11	 -0.00	 -0.03	  2.35	 -2.49	 -0.00	 -1.48	  2.78	 -1.47	
 -0.00	  1.16	 -2.07	 -0.00	  1.73	 -2.11	 -0.00	 -0.04	  2.36	 -2.49	 -0.00	 -1.48	  2.78	 -1.47	
 -0.00	  1.16	 -2.07	 -0.00	  1.73	 -2.11	 -0.00	 -0.05	  2.37	 -2.49	 -0.00	 -1.48	  2.78	 -1.47	
 -0.00	  1.16	 -2.07	 -0.00	  1.73	 -2.12	 -0.00	 -0.06	  2.37	 -2.49	 -0.00	 -1.48	  2.78	 -1.47	
 -0.00	  1.16	 -2.07	 -0.00	  1.72	 -2.12	 -0.00	 -0.07	  2.38	 -2.49	 -0.00	 -1.48	  2.78	 -1.47	
 -0.00	  1.16	 -2.07	 -0.00	  1.72	 -2.12	 -0.00	 -0.07	  2.39	 -2.49	 -0.00	 -1.48	  2.78	 -1.47	
 -0.00	  1.16	 -2.07	 -0.00	  1.72	 -2.13	 -0.00	 -0.08	  2.39	 -2.49	 -0.00	 -1.48	  2.78	 -1.47	
 -0.00	  1.16	 -2.07	 -0.00	  1.71	 -2.13	 -0.00	 -0.09	  2.40	 -2.48	 -0.00	 -1.48	  2.78	 -1.47	
 -0.00	  1.16	 -2.07	 -0.00	  1.71	 -2.13	 -0.00	 -0.10	  2.41	 -2.48	 -0.00	 -1.48	  2.78	 -1.47	
 -0.00	  1.16	 -2.07	 -0.00	  1.71	 -2.13	 -0.00	 -0.11	  2.42	 -2.48	 -0.00	 -1.48	  2.78	 -1.47	
 -0.00	  1.16	 -2.07	 -0.00	  1.70	 -2.14	 -0.00	 -0.12	  2.42	 -2.48	 -0.00	 -1.48	  2.78	 -1.47	
 -0.00	  1.16	 -2.07	 -0.00	  1.70	 -2.14	 -0.00	 -0.13	  2.43	 -2.48	 -0.00	 -1.48	  2.78	 -1.47	
 -0.00	  1.16	 -2.07	 -0.00	  1.69	 -2.14	 -0.00	 -0.14	  2.44	 -2.47	 -0.00	 -1.48	  2.78	 -1.47	
 -0.00	  1.16	 -2.07	 -0.00	  1.69	 -2.15	 -0.00	 -0.15	  2.45	 -2.47	 -0.00	 -1.48	  2.78	 -1.47	
 -0.00	  1.16	 -2.07	 -0.00	  1.68	 -2.15	 -0.00	 -0.17	  2.46	 -2.47	 -0.00	 -1.48	  2.78	 -1.47	
 -0.00	  1.16	 -2.07	 -0.00	  1.68	 -2.15	 -0.00	 -0.18	  2.46	 -2.46	 -0.00	 -1.48	  2.78	 -1.47	
 -0.00	  1.16	 -2.07	 -0.00	  1.67	 -2.15	 -0.00	 -0.19	  2.47	 -2.46	 -0.00	 -1.48	  2.78	 -1.47	
 -0.00	  1.16	 -2.07	 -0.00	  1.67	 -2.15	 -0.00	 -0.20	  2.48	 -2.45	 -0.00	 -1.48	  2.78	 -1.47	
 -0.00	  1.16	 -2.07	 -0.00	  1.66	 -2.16	 -0.00	 -0.21	  2.49	 -2.45	 -0.00	 -1.48	  2.78	 -1.47	
 -0.00	  1.16	 -2.07	 -0.00	  1.66	 -2.16	 -0.00	 -0.23	  2.50	 -2.44	 -0.00	 -1.48	  2.78	 -1.47	
 -0.00	  1.16	 -2.07	 -0.00	  1.65	 -2.16	 -0.00	 -0.24	  2.50	 -2.44	 -0.00	 -1.48	  2.78	 -1.47	
 -0.00	  1.16	 -2.07	 -0.00	  1.64	 -2.16	 -0.00	 -0.26	  2.51	 -2.43	 -0.00	 -1.48	  2.78	 -1.47	
 -0.00	  1.16	 -2.07	 -0.00	  1.64	 -2.16	 -0.00	 -0.27	  2.52	 -2.42	 -0.00	 -1.48	  2.78	 -1.48	
 -0.00	  1.16	 -2.07	 -0.00	  1.63	 -2.16	 -0.00	 -0.28	  2.53	 -2.42	 -0.00	 -1.48	  2.79	 -1.48	
 -0.00	  1.16	 -2.07	 -0.00	  1.62	 -2.17	 -0.00	 -0.30	  2.54	 -2.41	 -0.00	 -1.48	  2.79	 -1.48	
 -0.00	  1.16	 -2.07	 -0.00	  1.62	 -2.17	 -0.00	 -0.32	  2.54	 -2.40	 -0.00	 -1.48	  2.79	 -1.48	
 -0.00	  1.16	 -2.07	 -0.00	  1.61	 -2.17	 -0.00	 -0.33	  2.55	 -2.40	 -0.00	 -1.48	  2.79	 -1.48	
 -0.00	  1.16	 -2.07	 -0.00	  1.60	 -2.17	 -0.00	 -0.35	  2.56	 -2.39	 -0.00	 -1.48	  2.79	 -1.48	
 -0.00	  1.16	 -2.07	 -0.00	  1.59	 -2.17	 -0.00	 -0.36	  2.57	 -2.38	 -0.00	 -1.48	  2.79	 -1.48	
 -0.00	  1.16	 -2.07	 -0.00	  1.59	 -2.17	 -0.00	 -0.38	  2.58	 -2.37	 -0.00	 -1.48	  2.79	 -1.48	
 -0.00	  1.16	 -2.07	 -0.00	  1.58	 -2.17	 -0.00	 -0.40	  2.58	 -2.36	 -0.00	 -1.48	  2.79	 -1.48	
 -0.00	  1.16	 -2.07	 -0.00	  1.57	 -2.17	 -0.00	 -0.42	  2.59	 -2.35	 -0.00	 -1.48	  2.79	 -1.48	
 -0.00	  1.16	 -2.07	 -0.00	  1.56	 -2.17	 -0.00	 -0.44	  2.60	 -2.34	 -0.00	 -1.48	  2.79	 -1.48	
 -0.00	  1.16	 -2.07	 -0.00	  1.56	 -2.17	 -0.00	 -0.45	  2.61	 -2.33	 -0.00	 -1.48	  2.79	 -1.48	
 -0.00	  1.16	 -2.07	 -0.00	  1.55	 -2.17	 -0.00	 -0.47	  2.61	 -2.32	 -0.00	 -1.48	  2.79	 -1.48	
 -0.00	  1.16	 -2.07	 -0.00	  1.54	 -2.17	 -0.00	 -0.49	  2.62	 -2.30	 -0.00	 -1.48	  2.79	 -1.48	
 -0.00	  1.16	 -2.07	 -0.00	  1.53	 -2.17	 -0.00	 -0.51	  2.63	 -2.29	 -0.00	 -1.48	  2.79	 -1.48	
 -0.00	  1.16	 -2.07	 -0.00	  1.52	 -2.17	 -0.00	 -0.53	  2.64	 -2.28	 -0.00	 -1.48	  2.79	 -1.48	
 -0.00	  1.16	 -2.07	 -0.00	  1.52	 -2.17	 -0.00	 -0.55	  2.64	 -2.27	 -0.00	 -1.48	  2.79	 -1.48	
 -0.00	  1.16	 -2.07	 -0.00	  1.51	 -2.17	 -0.00	 -0.57	  2.65	 -2.25	 -0.00	 -1.48	  2.79	 -1.48	
 -0.00	  1.16	 -2.07	 -0.00	  1.50	 -2.17	 -0.00	 -0.60	  2.66	 -2.24	 -0.00	 -1.48	  2.79	 -1.48	
 -0.00	  1.16	 -2.07	 -0.00	  1.49	 -2.17	 -0.00	 -0.62	  2.66	 -2.22	 -0.00	 -1.48	  2.79	 -1.48	
 -0.00	  1.16	 -2.07	 -0.00	  1.48	 -2.17	 -0.00	 -0.64	  2.67	 -2.21	 -0.00	 -1.48	  2.79	 -1.48	
 -0.00	  1.16	 -2.07	 -0.00	  1.47	 -2.17	 -0.00	 -0.66	  2.68	 -2.19	 -0.00	 -1.48	  2.79	 -1.48	
 -0.00	  1.16	 -2.07	 -0.00	  1.46	 -2.17	 -0.00	 -0.68	  2.68	 -2.18	 -0.00	 -1.48	  2.79	 -1.49	
 -0.00	  1.17	 -2.07	 -0.00	  1.46	 -2.16	 -0.00	 -0.70	  2.69	 -2.16	 -0.00	 -1.48	  2.79	 -1.49	
 -0.00	  1.17	 -2.07	 -0.00	  1.45	 -2.16	 -0.00	 -0.73	  2.70	 -2.14	 -0.00	 -1.48	  2.79	 -1.49	
 -0.00	  1.17	 -2.07	 -0.00	  1.44	 -2.16	 -0.00	 -0.75	  2.70	 -2.13	 -0.00	 -1.48	  2.79	 -1.49	
 -0.00	  1.17	 -2.08	 -0.00	  1.43	 -2.16	 -0.00	 -0.77	  2.71	 -2.11	 -0.00	 -1.48	  2.79	 -1.49	
 -0.00	  1.17	 -2.08	 -0.00	  1.42	 -2.16	 -0.00	 -0.79	  2.71	 -2.09	 -0.00	 -1.47	  2.79	 -1.49	
 -0.00	  1.17	 -2.08	 -0.00	  1.41	 -2.16	 -0.00	 -0.82	  2.72	 -2.08	 -0.00	 -1.47	  2.79	 -1.49	
 -0.00	  1.17	 -2.08	 -0.00	  1.41	 -2.16	 -0.00	 -0.84	  2.72	 -2.06	 -0.00	 -1.47	  2.79	 -1.49	
 -0.00	  1.17	 -2.08	 -0.00	  1.40	 -2.15	 -0.00	 -0.86	  2.73	 -2.04	 -0.00	 -1.47	  2.79	 -1.49	
 -0.00	  1.17	 -2.08	 -0.00	  1.39	 -2.15	 -0.00	 -0.88	  2.73	 -2.02	 -0.00	 -1.47	  2.79	 -1.49	
 -0.00	  1.17	 -2.08	 -0.00	  1.38	 -2.15	 -0.00	 -0.91	  2.74	 -2.01	 -0.00	 -1.47	  2.79	 -1.49	
 -0.00	  1.17	 -2.08	 -0.00	  1.37	 -2.15	 -0.00	 -0.93	  2.74	 -1.99	 -0.00	 -1.47	  2.79	 -1.50	
 -0.00	  1.17	 -2.08	 -0.00	  1.37	 -2.15	 -0.00	 -0.95	  2.75	 -1.97	 -0.00	 -1.47	  2.79	 -1.50	
 -0.00	  1.17	 -2.08	 -0.00	  1.36	 -2.14	 -0.00	 -0.97	  2.75	 -1.95	 -0.00	 -1.47	  2.79	 -1.50	
 -0.00	  1.17	 -2.08	 -0.00	  1.35	 -2.14	 -0.00	 -0.99	  2.75	 -1.94	 -0.00	 -1.47	  2.79	 -1.50	
 -0.00	  1.17	 -2.08	 -0.00	  1.34	 -2.14	 -0.00	 -1.01	  2.76	 -1.92	 -0.00	 -1.46	  2.79	 -1.50	
 -0.00	  1.17	 -2.08	 -0.00	  1.34	 -2.14	 -0.00	 -1.03	  2.76	 -1.90	 -0.00	 -1.46	  2.79	 -1.50	
 -0.00	  1.17	 -2.08	 -0.00	  1.33	 -2.14	 -0.00	 -1.05	  2.76	 -1.89	 -0.00	 -1.46	  2.79	 -1.50	
 -0.00	  1.17	 -2.08	 -0.00	  1.32	 -2.14	 -0.00	 -1.07	  2.77	 -1.87	 -0.00	 -1.46	  2.79	 -1.51	
 -0.00	  1.17	 -2.08	 -0.00	  1.32	 -2.13	 -0.00	 -1.09	  2.77	 -1.85	 -0.00	 -1.46	  2.79	 -1.51	
 -0.00	  1.18	 -2.08	 -0.00	  1.31	 -2.13	 -0.00	 -1.11	  2.77	 -1.84	 -0.00	 -1.46	  2.79	 -1.51	
 -0.00	  1.18	 -2.08	 -0.00	  1.30	 -2.13	 -0.00	 -1.13	  2.77	 -1.82	 -0.00	 -1.46	  2.79	 -1.51	
 -0.00	  1.18	 -2.08	 -0.00	  1.30	 -2.13	 -0.00	 -1.14	  2.78	 -1.81	 -0.00	 -1.45	  2.79	 -1.51	
 -0.00	  1.18	 -2.08	 -0.00	  1.29	 -2.13	 -0.00	 -1.16	  2.78	 -1.79	 -0.00	 -1.45	  2.79	 -1.51	
 -0.00	  1.18	 -2.08	 -0.00	  1.28	 -2.12	 -0.00	 -1.18	  2.78	 -1.78	 -0.00	 -1.45	  2.79	 -1.51	
 -0.00	  1.18	 -2.08	 -0.00	  1.28	 -2.12	 -0.00	 -1.19	  2.78	 -1.76	 -0.00	 -1.45	  2.79	 -1.52	
 -0.00	  1.18	 -2.08	 -0.00	  1.27	 -2.12	 -0.00	 -1.21	  2.78	 -1.75	 -0.00	 -1.45	  2.79	 -1.52	
 -0.00	  1.18	 -2.08	 -0.00	  1.27	 -2.12	 -0.00	 -1.22	  2.78	 -1.74	 -0.00	 -1.45	  2.79	 -1.52	
 -0.00	  1.18	 -2.08	 -0.00	  1.26	 -2.12	 -0.00	 -1.23	  2.78	 -1.72	 -0.00	 -1.44	  2.79	 -1.52	
 -0.00	  1.18	 -2.08	 -0.00	  1.26	 -2.11	 -0.00	 -1.25	  2.78	 -1.71	 -0.00	 -1.44	  2.79	 -1.52	
 -0.00	  1.18	 -2.08	 -0.00	  1.25	 -2.11	 -0.00	 -1.26	  2.79	 -1.70	 -0.00	 -1.44	  2.79	 -1.53	
 -0.00	  1.18	 -2.08	 -0.00	  1.25	 -2.11	 -0.00	 -1.27	  2.79	 -1.69	 -0.00	 -1.44	  2.79	 -1.53	
 -0.00	  1.18	 -2.08	 -0.00	  1.25	 -2.11	 -0.00	 -1.28	  2.79	 -1.68	 -0.00	 -1.43	  2.79	 -1.53	
 -0.00	  1.19	 -2.08	 -0.00	  1.24	 -2.11	 -0.00	 -1.29	  2.79	 -1.67	 -0.00	 -1.43	  2.79	 -1.53	
 -0.00	  1.19	 -2.08	 -0.00	  1.24	 -2.11	 -0.00	 -1.30	  2.79	 -1.66	 -0.00	 -1.43	  2.79	 -1.54	
 -0.00	  1.19	 -2.09	 -0.00	  1.23	 -2.10	 -0.00	 -1.31	  2.79	 -1.65	 -0.00	 -1.43	  2.79	 -1.54	
 -0.00	  1.19	 -2.09	 -0.00	  1.23	 -2.10	 -0.00	 -1.32	  2.79	 -1.64	 -0.00	 -1.43	  2.79	 -1.54	
 -0.00	  1.19	 -2.09	 -0.00	  1.23	 -2.10	 -0.00	 -1.33	  2.79	 -1.64	 -0.00	 -1.42	  2.79	 -1.54	
 -0.00	  1.19	 -2.09	 -0.00	  1.23	 -2.10	 -0.00	 -1.33	  2.79	 -1.63	 -0.00	 -1.42	  2.79	 -1.55	
 -0.00	  1.19	 -2.09	 -0.00	  1.22	 -2.10	 -0.00	 -1.34	  2.79	 -1.63	 -0.00	 -1.42	  2.79	 -1.55	
 -0.00	  1.19	 -2.09	 -0.00	  1.22	 -2.10	 -0.00	 -1.34	  2.79	 -1.62	 -0.00	 -1.41	  2.79	 -1.55	
 -0.00	  1.19	 -2.09	 -0.00	  1.22	 -2.10	 -0.00	 -1.35	  2.79	 -1.61	 -0.00	 -1.41	  2.79	 -1.55	
 -0.00	  1.19	 -2.09	 -0.00	  1.22	 -2.10	 -0.00	 -1.35	  2.79	 -1.61	 -0.00	 -1.41	  2.79	 -1.56	
 -0.00	  1.20	 -2.09	 -0.00	  1.22	 -2.10	 -0.00	 -1.36	  2.79	 -1.61	 -0.00	 -1.41	  2.79	 -1.56	
 -0.00	  1.20	 -2.09	 -0.00	  1.21	 -2.10	 -0.00	 -1.36	  2.79	 -1.60	 -0.00	 -1.40	  2.79	 -1.56	
 -0.00	  1.20	 -2.09	 -0.00	  1.21	 -2.09	 -0.00	 -1.36	  2.79	 -1.60	 -0.00	 -1.40	  2.79	 -1.56	
 -0.00	  1.20	 -2.09	 -0.00	  1.21	 -2.09	 -0.00	 -1.36	  2.79	 -1.60	 -0.00	 -1.40	  2.79	 -1.57	
 -0.00	  1.20	 -2.09	 -0.00	  1.21	 -2.09	 -0.00	 -1.37	  2.79	 -1.60	 -0.00	 -1.39	  2.79	 -1.57	
 -0.00	  1.20	 -2.09	 -0.00	  1.21	 -2.09	 -0.00	 -1.37	  2.79	 -1.60	 -0.00	 -1.39	  2.79	 -1.57	
 -0.00	  1.20	 -2.09	 -0.00	  1.21	 -2.09	 -0.00	 -1.37	  2.79	 -1.60	 -0.00	 -1.39	  2.79	 -1.58	
 -0.00	  1.20	 -2.09	 -0.00	  1.21	 -2.09	 -0.00	 -1.37	  2.79	 -1.60	 -0.00	 -1.38	  2.79	 -1.58	
 -0.00	  1.20	 -2.09	 -0.00	  1.21	 -2.09	 -0.00	 -1.37	  2.79	 -1.60	 -0.00	 -1.38	  2.79	 -1.58	
 -0.00	  1.21	 -2.09	 -0.00	  1.21	 -2.09	 -0.00	 -1.36	  2.79	 -1.60	 -0.00	 -1.37	  2.79	 -1.59	
 -0.00	  1.21	 -2.09	 -0.00	  1.21	 -2.09	 -0.00	 -1.36	  2.79	 -1.60	 -0.00	 -1.37	  2.79	 -1.59	
 -0.00	  1.21	 -2.09	 -0.00	  1.21	 -2.09	 -0.00	 -1.36	  2.79	 -1.60	 -0.00	 -1.37	  2.79	 -1.59	
 -0.00	  1.21	 -2.09	 -0.00	  1.21	 -2.09	 -0.00	 -1.36	  2.79	 -1.60	 -0.00	 -1.36	  2.79	 -1.60	
 -0.00	  1.21	 -2.09	 -0.00	  1.21	 -2.09	 -0.00	 -1.36	  2.79	 -1.60	 -0.00	 -1.36	  2.79	 -1.60	
 -0.00	  1.21	 -2.09	 -0.00	  1.21	 -2.09	 -0.00	 -1.35	  2.78	 -1.61	 -0.00	 -1.35	  2.78	 -1.60	
 -0.00	  1.21	 -2.09	 -0.00	  1.21	 -2.09	 -0.00	 -1.35	  2.78	 -1.61	 -0.00	 -1.35	  2.78	 -1.61	
 -0.00	  1.22	 -2.09	 -0.00	  1.22	 -2.09	 -0.00	 -1.35	  2.78	 -1.61	 -0.00	 -1.35	  2.78	 -1.61	
 -0.00	  1.22	 -2.09	 -0.00	  1.22	 -2.09	 -0.00	 -1.34	  2.78	 -1.62	 -0.00	 -1.34	  2.78	 -1.62	
 -0.00	  1.22	 -2.09	 -0.00	  1.22	 -2.09	 -0.00	 -1.34	  2.78	 -1.62	 -0.00	 -1.34	  2.78	 -1.62	
 -0.00	  1.22	 -2.09	 -0.00	  1.22	 -2.09	 -0.00	 -1.33	  2.78	 -1.62	 -0.00	 -1.33	  2.78	 -1.62	
 -0.00	  1.22	 -2.09	 -0.00	  1.22	 -2.09	 -0.00	 -1.33	  2.78	 -1.63	 -0.00	 -1.33	  2.78	 -1.63	
 -0.00	  1.22	 -2.09	 -0.00	  1.22	 -2.09	 -0.00	 -1.32	  2.78	 -1.63	 -0.00	 -1.32	  2.78	 -1.63	
 -0.00	  1.22	 -2.09	 -0.00	  1.22	 -2.09	 -0.00	 -1.32	  2.78	 -1.64	 -0.00	 -1.32	  2.78	 -1.64	
 -0.00	  1.23	 -2.09	 -0.00	  1.23	 -2.09	 -0.00	 -1.31	  2.78	 -1.64	 -0.00	 -1.31	  2.78	 -1.64	
 -0.00	  1.23	 -2.09	 -0.00	  1.23	 -2.09	 -0.00	 -1.31	  2.78	 -1.65	 -0.00	 -1.31	  2.78	 -1.65	
 -0.00	  1.23	 -2.09	 -0.00	  1.23	 -2.09	 -0.00	 -1.30	  2.78	 -1.65	 -0.00	 -1.30	  2.78	 -1.65	
 -0.00	  1.23	 -2.10	 -0.00	  1.23	 -2.10	 -0.00	 -1.30	  2.78	 -1.65	 -0.00	 -1.30	  2.78	 -1.65	
 -0.00	  1.23	 -2.10	 -0.00	  1.23	 -2.10	 -0.00	 -1.29	  2.78	 -1.66	 -0.00	 -1.29	  2.78	 -1.66	
 -0.00	  1.23	 -2.10	 -0.00	  1.23	 -2.10	 -0.00	 -1.29	  2.78	 -1.66	 -0.00	 -1.29	  2.78	 -1.66	
 -0.00	  1.24	 -2.10	 -0.00	  1.24	 -2.10	 -0.00	 -1.28	  2.77	 -1.67	 -0.00	 -1.28	  2.77	 -1.67	
 -0.00	  1.24	 -2.10	 -0.00	  1.24	 -2.10	 -0.00	 -1.28	  2.77	 -1.67	 -0.00	 -1.28	  2.77	 -1.67	
 -0.00	  1.24	 -2.10	 -0.00	  1.24	 -2.10	 -0.00	 -1.27	  2.77	 -1.68	 -0.00	 -1.27	  2.77	 -1.68	
 -0.00	  1.24	 -2.10	 -0.00	  1.24	 -2.10	 -0.00	 -1.26	  2.77	 -1.68	 -0.00	 -1.26	  2.77	 -1.68	
 -0.00	  1.24	 -2.10	 -0.00	  1.24	 -2.10	 -0.00	 -1.26	  2.77	 -1.69	 -0.00	 -1.26	  2.77	 -1.69	
 -0.00	  1.24	 -2.10	 -0.00	  1.24	 -2.10	 -0.00	 -1.25	  2.77	 -1.69	 -0.00	 -1.25	  2.77	 -1.69	
 -0.00	  1.25	 -2.10	 -0.00	  1.25	 -2.10	 -0.00	 -1.25	  2.77	 -1.70	 -0.00	 -1.25	  2.77	 -1.70	
 -0.00	  1.25	 -2.10	 -0.00	  1.25	 -2.10	 -0.00	 -1.24	  2.77	 -1.70	 -0.00	 -1.24	  2.77	 -1.70	
 -0.00	  1.25	 -2.10	 -0.00	  1.25	 -2.10	 -0.00	 -1.23	  2.77	 -1.71	 -0.00	 -1.23	  2.77	 -1.71	
 -0.00	  1.25	 -2.10	 -0.00	  1.25	 -2.10	 -0.00	 -1.23	  2.77	 -1.71	 -0.00	 -1.23	  2.77	 -1.71	
 -0.00	  1.25	 -2.10	 -0.00	  1.25	 -2.10	 -0.00	 -1.22	  2.76	 -1.72	 -0.00	 -1.22	  2.76	 -1.72	
 -0.00	  1.26	 -2.10	 -0.00	  1.26	 -2.10	 -0.00	 -1.22	  2.76	 -1.72	 -0.00	 -1.22	  2.76	 -1.72	
 -0.00	  1.26	 -2.10	 -0.00	  1.26	 -2.10	 -0.00	 -1.21	  2.76	 -1.73	 -0.00	 -1.21	  2.76	 -1.73	
 -0.00	  1.26	 -2.10	 -0.00	  1.26	 -2.10	 -0.00	 -1.20	  2.76	 -1.73	 -0.00	 -1.20	  2.76	 -1.73	
 -0.00	  1.26	 -2.10	 -0.00	  1.26	 -2.10	 -0.00	 -1.20	  2.76	 -1.74	 -0.00	 -1.20	  2.76	 -1.74	
 -0.00	  1.26	 -2.10	 -0.00	  1.26	 -2.10	 -0.00	 -1.19	  2.76	 -1.74	 -0.00	 -1.19	  2.76	 -1.74	
 -0.00	  1.26	 -2.10	 -0.00	  1.26	 -2.10	 -0.00	 -1.18	  2.76	 -1.75	 -0.00	 -1.18	  2.76	 -1.75	
 -0.00	  1.27	 -2.10	 -0.00	  1.27	 -2.10	 -0.00	 -1.18	  2.76	 -1.75	 -0.00	 -1.18	  2.76	 -1.75	
 -0.00	  1.27	 -2.10	 -0.00	  1.27	 -2.10	 -0.00	 -1.17	  2.75	 -1.76	 -0.00	 -1.17	  2.75	 -1.76	
 -0.00	  1.27	 -2.10	 -0.00	  1.27	 -2.10	 -0.00	 -1.16	  2.75	 -1.76	 -0.00	 -1.16	  2.75	 -1.76	
 -0.00	  1.27	 -2.10	 -0.00	  1.27	 -2.10	 -0.00	 -1.16	  2.75	 -1.77	 -0.00	 -1.16	  2.75	 -1.77	
 -0.00	  1.27	 -2.10	 -0.00	  1.27	 -2.10	 -0.00	 -1.15	  2.75	 -1.77	 -0.00	 -1.15	  2.75	 -1.77	
 -0.00	  1.28	 -2.10	 -0.00	  1.28	 -2.10	 -0.00	 -1.14	  2.75	 -1.78	 -0.00	 -1.14	  2.75	 -1.78	
 -0.00	  1.28	 -2.10	 -0.00	  1.28	 -2.10	 -0.00	 -1.14	  2.75	 -1.78	 -0.00	 -1.14	  2.75	 -1.78	
 -0.00	  1.28	 -2.10	 -0.00	  1.28	 -2.10	 -0.00	 -1.13	  2.75	 -1.79	 -0.00	 -1.13	  2.75	 -1.79	
 -0.00	  1.28	 -2.10	 -0.00	  1.28	 -2.10	 -0.00	 -1.12	  2.74	 -1.79	 -0.00	 -1.12	  2.74	 -1.79	
 -0.00	  1.28	 -2.10	 -0.00	  1.28	 -2.10	 -0.00	 -1.12	  2.74	 -1.80	 -0.00	 -1.12	  2.74	 -1.80	
 -0.00	  1.29	 -2.10	 -0.00	  1.29	 -2.10	 -0.00	 -1.11	  2.74	 -1.80	 -0.00	 -1.11	  2.74	 -1.80	
 -0.00	  1.29	 -2.10	 -0.00	  1.29	 -2.10	 -0.00	 -1.10	  2.74	 -1.81	 -0.00	 -1.10	  2.74	 -1.81	
 -0.00	  1.29	 -2.10	 -0.00	  1.29	 -2.10	 -0.00	 -1.10	  2.74	 -1.82	 -0.00	 -1.10	  2.74	 -1.82	
 -0.00	  1.29	 -2.10	 -0.00	  1.29	 -2.10	 -0.00	 -1.09	  2.74	 -1.82	 -0.00	 -1.09	  2.74	 -1.82	
 -0.00	  1.29	 -2.10	 -0.00	  1.29	 -2.10	 -0.00	 -1.08	  2.73	 -1.83	 -0.00	 -1.08	  2.73	 -1.83	
 -0.00	  1.30	 -2.10	 -0.00	  1.30	 -2.10	 -0.00	 -1.08	  2.73	 -1.83	 -0.00	 -1.08	  2.73	 -1.83	
 -0.00	  1.30	 -2.10	 -0.00	  1.30	 -2.10	 -0.00	 -1.07	  2.73	 -1.84	 -0.00	 -1.07	  2.73	 -1.84	
 -0.00	  1.30	 -2.10	 -0.00	  1.30	 -2.10	 -0.00	 -1.06	  2.73	 -1.84	 -0.00	 -1.06	  2.73	 -1.84	
 -0.00	  1.30	 -2.10	 -0.00	  1.30	 -2.10	 -0.00	 -1.06	  2.73	 -1.85	 -0.00	 -1.06	  2.73	 -1.85	
 -0.00	  1.30	 -2.10	 -0.00	  1.30	 -2.10	 -0.00	 -1.05	  2.73	 -1.85	 -0.00	 -1.05	  2.73	 -1.85	
 -0.00	  1.31	 -2.10	 -0.00	  1.31	 -2.10	 -0.00	 -1.04	  2.72	 -1.86	 -0.00	 -1.04	  2.72	 -1.86	
 -0.00	  1.31	 -2.10	 -0.00	  1.31	 -2.10	 -0.00	 -1.03	  2.72	 -1.86	 -0.00	 -1.03	  2.72	 -1.86	
 -0.00	  1.31	 -2.10	 -0.00	  1.31	 -2.10	 -0.00	 -1.03	  2.72	 -1.87	 -0.00	 -1.03	  2.72	 -1.87	
 -0.00	  1.31	 -2.10	 -0.00	  1.31	 -2.10	 -0.00	 -1.02	  2.72	 -1.87	 -0.00	 -1.02	  2.72	 -1.87	
 -0.00	  1.31	 -2.10	 -0.00	  1.31	 -2.10	 -0.00	 -1.01	  2.72	 -1.88	 -0.00	 -1.01	  2.72	 -1.88	
 -0.00	  1.32	 -2.10	 -0.00	  1.32	 -2.10	 -0.00	 -1.01	  2.71	 -1.88	 -0.00	 -1.01	  2.71	 -1.88	
 -0.00	  1.32	 -2.10	 -0.00	  1.32	 -2.10	 -0.00	 -1.00	  2.71	 -1.89	 -0.00	 -1.00	  2.71	 -1.89	
 -0.00	  1.32	 -2.10	 -0.00	  1.32	 -2.10	 -0.00	 -0.99	  2.71	 -1.89	 -0.00	 -0.99	  2.71	 -1.89	
 -0.00	  1.32	 -2.10	 -0.00	  1.32	 -2.10	 -0.00	 -0.99	  2.71	 -1.90	 -0.00	 -0.99	  2.71	 -1.90	
 -0.00	  1.32	 -2.09	 -0.00	  1.32	 -2.09	 -0.00	 -0.98	  2.71	 -1.90	 -0.00	 -0.98	  2.71	 -1.90	
 -0.00	  1.33	 -2.09	 -0.00	  1.33	 -2.09	 -0.00	 -0.97	  2.70	 -1.91	 -0.00	 -0.97	  2.70	 -1.91	
 -0.00	  1.33	 -2.09	 -0.00	  1.33	 -2.09	 -0.00	 -0.97	  2.70	 -1.91	 -0.00	 -0.97	  2.70	 -1.91	
 -0.00	  1.33	 -2.09	 -0.00	  1.33	 -2.09	 -0.00	 -0.96	  2.70	 -1.91	 -0.00	 -0.96	  2.70	 -1.91	
 -0.00	  1.33	 -2.09	 -0.00	  1.33	 -2.09	 -0.00	 -0.95	  2.70	 -1.92	 -0.00	 -0.95	  2.70	 -1.92	
 -0.00	  1.33	 -2.09	 -0.00	  1.33	 -2.09	 -0.00	 -0.95	  2.70	 -1.92	 -0.00	 -0.95	  2.70	 -1.92	
 -0.00	  1.34	 -2.09	 -0.00	  1.34	 -2.09	 -0.00	 -0.94	  2.69	 -1.93	 -0.00	 -0.94	  2.69	 -1.93	
 -0.00	  1.34	 -2.09	 -0.00	  1.34	 -2.09	 -0.00	 -0.93	  2.69	 -1.93	 -0.00	 -0.93	  2.69	 -1.93	
 -0.00	  1.34	 -2.09	 -0.00	  1.34	 -2.09	 -0.00	 -0.93	  2.69	 -1.94	 -0.00	 -0.93	  2.69	 -1.94	
 -0.00	  1.34	 -2.09	 -0.00	  1.34	 -2.09	 -0.00	 -0.92	  2.69	 -1.94	 -0.00	 -0.92	  2.69	 -1.94	
 -0.00	  1.34	 -2.09	 -0.00	  1.34	 -2.09	 -0.00	 -0.91	  2.68	 -1.95	 -0.00	 -0.91	  2.68	 -1.95	
 -0.00	  1.35	 -2.09	 -0.00	  1.35	 -2.09	 -0.00	 -0.91	  2.68	 -1.95	 -0.00	 -0.91	  2.68	 -1.95	
 -0.00	  1.35	 -2.09	 -0.00	  1.35	 -2.09	 -0.00	 -0.90	  2.68	 -1.96	 -0.00	 -0.90	  2.68	 -1.96	
 -0.00	  1.35	 -2.09	 -0.00	  1.35	 -2.09	 -0.00	 -0.89	  2.68	 -1.96	 -0.00	 -0.89	  2.68	 -1.96	
 -0.00	  1.35	 -2.09	 -0.00	  1.35	 -2.09	 -0.00	 -0.89	  2.68	 -1.96	 -0.00	 -0.89	  2.68	 -1.96	
 -0.00	  1.35	 -2.09	 -0.00	  1.35	 -2.09	 -0.00	 -0.88	  2.67	 -1.97	 -0.00	 -0.88	  2.67	 -1.97	
 -0.00	  1.36	 -2.09	 -0.00	  1.36	 -2.09	 -0.00	 -0.87	  2.67	 -1.97	 -0.00	 -0.87	  2.67	 -1.97	
 -0.00	  1.36	 -2.09	 -0.00	  1.36	 -2.09	 -0.00	 -0.87	  2.67	 -1.98	 -0.00	 -0.87	  2.67	 -1.98	
 -0.00	  1.36	 -2.09	 -0.00	  1.36	 -2.09	 -0.00	 -0.86	  2.67	 -1.98	 -0.00	 -0.86	  2.67	 -1.98	
 -0.00	  1.36	 -2.09	 -0.00	  1.36	 -2.09	 -0.00	 -0.86	  2.66	 -1.98	 -0.00	 -0.86	  2.66	 -1.98	
 -0.00	  1.36	 -2.09	 -0.00	  1.36	 -2.09	 -0.00	 -0.85	  2.66	 -1.99	 -0.00	 -0.85	  2.66	 -1.99	
 -0.00	  1.36	 -2.09	 -0.00	  1.36	 -2.09	 -0.00	 -0.84	  2.66	 -1.99	 -0.00	 -0.84	  2.66	 -1.99	
 -0.00	  1.37	 -2.09	 -0.00	  1.37	 -2.09	 -0.00	 -0.84	  2.66	 -2.00	 -0.00	 -0.84	  2.66	 -2.00	
 -0.00	  1.37	 -2.08	 -0.00	  1.37	 -2.08	 -0.00	 -0.83	  2.66	 -2.00	 -0.00	 -0.83	  2.66	 -2.00	
 -0.00	  1.37	 -2.08	 -0.00	  1.37	 -2.08	 -0.00	 -0.82	  2.65	 -2.00	 -0.00	 -0.82	  2.65	 -2.00	
 -0.00	  1.37	 -2.08	 -0.00	  1.37	 -2.08	 -0.00	 -0.82	  2.65	 -2.01	 -0.00	 -0.82	  2.65	 -2.01	
 -0.00	  1.37	 -2.08	 -0.00	  1.37	 -2.08	 -0.00	 -0.81	  2.65	 -2.01	 -0.00	 -0.81	  2.65	 -2.01	
 -0.00	  1.37	 -2.08	 -0.00	  1.37	 -2.08	 -0.00	 -0.81	  2.65	 -2.01	 -0.00	 -0.81	  2.65	 -2.01	
 -0.00	  1.38	 -2.08	 -0.00	  1.38	 -2.08	 -0.00	 -0.80	  2.64	 -2.02	 -0.00	 -0.80	  2.64	 -2.02	
 -0.00	  1.38	 -2.08	 -0.00	  1.38	 -2.08	 -0.00	 -0.79	  2.64	 -2.02	 -0.00	 -0.79	  2.64	 -2.02	
 -0.00	  1.38	 -2.08	 -0.00	  1.38	 -2.08	 -0.00	 -0.79	  2.64	 -2.02	 -0.00	 -0.79	  2.64	 -2.02	
 -0.00	  1.38	 -2.08	 -0.00	  1.38	 -2.08	 -0.00	 -0.78	  2.64	 -2.03	 -0.00	 -0.78	  2.64	 -2.03	
 -0.00	  1.38	 -2.08	 -0.00	  1.38	 -2.08	 -0.00	 -0.78	  2.63	 -2.03	 -0.00	 -0.78	  2.63	 -2.03	
 -0.00	  1.39	 -2.08	 -0.00	  1.39	 -2.08	 -0.00	 -0.77	  2.63	 -2.03	 -0.00	 -0.77	  2.63	 -2.03	
 -0.00	  1.39	 -2.08	 -0.00	  1.39	 -2.08	 -0.00	 -0.77	  2.63	 -2.04	 -0.00	 -0.77	  2.63	 -2.04	
 -0.00	  1.39	 -2.08	 -0.00	  1.39	 -2.08	 -0.00	 -0.76	  2.63	 -2.04	 -0.00	 -0.76	  2.63	 -2.04	
 -0.00	  1.39	 -2.08	 -0.00	  1.39	 -2.08	 -0.00	 -0.76	  2.62	 -2.04	 -0.00	 -0.76	  2.62	 -2.04	
 -0.00	  1.39	 -2.07	 -0.00	  1.39	 -2.07	 -0.00	 -0.75	  2.62	 -2.05	 -0.00	 -0.75	  2.62	 -2.05	
 -0.00	  1.39	 -2.07	 -0.00	  1.39	 -2.07	 -0.00	 -0.74	  2.62	 -2.05	 -0.00	 -0.74	  2.62	 -2.05	
 -0.00	  1.39	 -2.07	 -0.00	  1.39	 -2.07	 -0.00	 -0.74	  2.62	 -2.05	 -0.00	 -0.74	  2.62	 -2.05	
 -0.00	  1.40	 -2.07	 -0.00	  1.40	 -2.07	 -0.00	 -0.73	  2.61	 -2.06	 -0.00	 -0.73	  2.61	 -2.06	
 -0.00	  1.40	 -2.07	 -0.00	  1.40	 -2.07	 -0.00	 -0.73	  2.61	 -2.06	 -0.00	 -0.73	  2.61	 -2.06	
 -0.00	  1.40	 -2.07	 -0.00	  1.40	 -2.07	 -0.00	 -0.72	  2.61	 -2.06	 -0.00	 -0.72	  2.61	 -2.06	
 -0.00	  1.40	 -2.07	 -0.00	  1.40	 -2.07	 -0.00	 -0.72	  2.61	 -2.06	 -0.00	 -0.72	  2.61	 -2.06	
 -0.00	  1.40	 -2.07	 -0.00	  1.40	 -2.07	 -0.00	 -0.71	  2.61	 -2.07	 -0.00	 -0.71	  2.61	 -2.07	
 -0.00	  1.40	 -2.07	 -0.00	  1.40	 -2.07	 -0.00	 -0.71	  2.60	 -2.07	 -0.00	 -0.71	  2.60	 -2.07	
 -0.00	  1.41	 -2.07	 -0.00	  1.41	 -2.07	 -0.00	 -0.70	  2.60	 -2.07	 -0.00	 -0.70	  2.60	 -2.07	
 -0.00	  1.41	 -2.07	 -0.00	  1.41	 -2.07	 -0.00	 -0.70	  2.60	 -2.07	 -0.00	 -0.70	  2.60	 -2.07	
 -0.00	  1.41	 -2.07	 -0.00	  1.41	 -2.07	 -0.00	 -0.69	  2.60	 -2.08	 -0.00	 -0.69	  2.60	 -2.08	
 -0.00	  1.41	 -2.07	 -0.00	  1.41	 -2.07	 -0.00	 -0.69	  2.59	 -2.08	 -0.00	 -0.69	  2.59	 -2.08	
 -0.00	  1.41	 -2.06	 -0.00	  1.41	 -2.06	 -0.00	 -0.68	  2.59	 -2.08	 -0.00	 -0.68	  2.59	 -2.08	
 -0.00	  1.41	 -2.06	 -0.00	  1.41	 -2.06	 -0.00	 -0.68	  2.59	 -2.08	 -0.00	 -0.68	  2.59	 -2.08	
 -0.00	  1.41	 -2.06	 -0.00	  1.41	 -2.06	 -0.00	 -0.67	  2.59	 -2.09	 -0.00	 -0.67	  2.59	 -2.09	
 -0.00	  1.41	 -2.06	 -0.00	  1.41	 -2.06	 -0.00	 -0.67	  2.58	 -2.09	 -0.00	 -0.67	  2.58	 -2.09	
 -0.00	  1.42	 -2.06	 -0.00	  1.42	 -2.06	 -0.00	 -0.66	  2.58	 -2.09	 -0.00	 -0.66	  2.58	 -2.09	
 -0.00	  1.42	 -2.06	 -0.00	  1.42	 -2.06	 -0.00	 -0.66	  2.58	 -2.09	 -0.00	 -0.66	  2.58	 -2.09	
 -0.00	  1.42	 -2.06	 -0.00	  1.42	 -2.06	 -0.00	 -0.66	  2.58	 -2.10	 -0.00	 -0.66	  2.58	 -2.10	
 -0.00	  1.42	 -2.06	 -0.00	  1.42	 -2.06	 -0.00	 -0.65	  2.57	 -2.10	 -0.00	 -0.65	  2.57	 -2.10	
 -0.00	  1.42	 -2.06	 -0.00	  1.42	 -2.06	 -0.00	 -0.65	  2.57	 -2.10	 -0.00	 -0.65	  2.57	 -2.10	
 -0.00	  1.42	 -2.06	 -0.00	  1.42	 -2.06	 -0.00	 -0.64	  2.57	 -2.10	 -0.00	 -0.64	  2.57	 -2.10	
 -0.00	  1.42	 -2.06	 -0.00	  1.42	 -2.06	 -0.00	 -0.64	  2.57	 -2.10	 -0.00	 -0.64	  2.57	 -2.10	
 -0.00	  1.42	 -2.05	 -0.00	  1.42	 -2.05	 -0.00	 -0.63	  2.57	 -2.11	 -0.00	 -0.63	  2.57	 -2.11	
 -0.00	  1.43	 -2.05	 -0.00	  1.43	 -2.05	 -0.00	 -0.63	  2.56	 -2.11	 -0.00	 -0.63	  2.56	 -2.11	
 -0.00	  1.43	 -2.05	 -0.00	  1.43	 -2.05	 -0.00	 -0.63	  2.56	 -2.11	 -0.00	 -0.63	  2.56	 -2.11	
 -0.00	  1.43	 -2.05	 -0.00	  1.43	 -2.05	 -0.00	 -0.62	  2.56	 -2.11	 -0.00	 -0.62	  2.56	 -2.11	
 -0.00	  1.43	 -2.05	 -0.00	  1.43	 -2.05	 -0.00	 -0.62	  2.56	 -2.11	 -0.00	 -0.62	  2.56	 -2.11	
 -0.00	  1.43	 -2.05	 -0.00	  1.43	 -2.05	 -0.00	 -0.61	  2.55	 -2.11	 -0.00	 -0.61	  2.55	 -2.11	
 -0.00	  1.43	 -2.05	 -0.00	  1.43	 -2.05	 -0.00	 -0.61	  2.55	 -2.12	 -0.00	 -0.61	  2.55	 -2.12	
 -0.00	  1.43	 -2.05	 -0.00	  1.43	 -2.05	 -0.00	 -0.61	  2.55	 -2.12	 -0.00	 -0.61	  2.55	 -2.12	
 -0.00	  1.43	 -2.05	 -0.00	  1.43	 -2.05	 -0.00	 -0.60	  2.55	 -2.12	 -0.00	 -0.60	  2.55	 -2.12	
 -0.00	  1.43	 -2.05	 -0.00	  1.43	 -2.05	 -0.00	 -0.60	  2.55	 -2.12	 -0.00	 -0.60	  2.55	 -2.12	
 -0.00	  1.43	 -2.05	 -0.00	  1.43	 -2.05	 -0.00	 -0.60	  2.54	 -2.12	 -0.00	 -0.60	  2.54	 -2.12	
 -0.00	  1.44	 -2.04	 -0.00	  1.44	 -2.04	 -0.00	 -0.59	  2.54	 -2.12	 -0.00	 -0.59	  2.54	 -2.12	
 -0.00	  1.44	 -2.04	 -0.00	  1.44	 -2.04	 -0.00	 -0.59	  2.54	 -2.13	 -0.00	 -0.59	  2.54	 -2.13	
 -0.00	  1.44	 -2.04	 -0.00	  1.44	 -2.04	 -0.00	 -0.58	  2.54	 -2.13	 -0.00	 -0.58	  2.54	 -2.13	
 -0.00	  1.44	 -2.04	 -0.00	  1.44	 -2.04	 -0.00	 -0.58	  2.53	 -2.13	 -0.00	 -0.58	  2.53	 -2.13	
 -0.00	  1.44	 -2.04	 -0.00	  1.44	 -2.04	 -0.00	 -0.58	  2.53	 -2.13	 -0.00	 -0.58	  2.53	 -2.13	
 -0.00	  1.44	 -2.04	 -0.00	  1.44	 -2.04	 -0.00	 -0.57	  2.53	 -2.13	 -0.00	 -0.57	  2.53	 -2.13	
 -0.00	  1.44	 -2.04	 -0.00	  1.44	 -2.04	 -0.00	 -0.57	  2.53	 -2.13	 -0.00	 -0.57	  2.53	 -2.13	
 -0.00	  1.44	 -2.04	 -0.00	  1.44	 -2.04	 -0.00	 -0.57	  2.53	 -2.13	 -0.00	 -0.57	  2.53	 -2.13	
 -0.00	  1.44	 -2.04	 -0.00	  1.44	 -2.04	 -0.00	 -0.57	  2.52	 -2.13	 -0.00	 -0.57	  2.52	 -2.13	
 -0.00	  1.44	 -2.04	 -0.00	  1.44	 -2.04	 -0.00	 -0.56	  2.52	 -2.14	 -0.00	 -0.56	  2.52	 -2.14	
 -0.00	  1.44	 -2.04	 -0.00	  1.44	 -2.04	 -0.00	 -0.56	  2.52	 -2.14	 -0.00	 -0.56	  2.52	 -2.14	
 -0.00	  1.44	 -2.03	 -0.00	  1.44	 -2.03	 -0.00	 -0.56	  2.52	 -2.14	 -0.00	 -0.56	  2.52	 -2.14	
 -0.00	  1.45	 -2.03	 -0.00	  1.45	 -2.03	 -0.00	 -0.55	  2.52	 -2.14	 -0.00	 -0.55	  2.52	 -2.14	
 -0.00	  1.45	 -2.03	 -0.00	  1.45	 -2.03	 -0.00	 -0.55	  2.52	 -2.14	 -0.00	 -0.55	  2.52	 -2.14	
 -0.00	  1.45	 -2.03	 -0.00	  1.45	 -2.03	 -0.00	 -0.55	  2.51	 -2.14	 -0.00	 -0.55	  2.51	 -2.14	
 -0.00	  1.45	 -2.03	 -0.00	  1.45	 -2.03	 -0.00	 -0.55	  2.51	 -2.14	 -0.00	 -0.55	  2.51	 -2.14	
 -0.00	  1.45	 -2.03	 -0.00	  1.45	 -2.03	 -0.00	 -0.54	  2.51	 -2.14	 -0.00	 -0.54	  2.51	 -2.14	
 -0.00	  1.45	 -2.03	 -0.00	  1.45	 -2.03	 -0.00	 -0.54	  2.51	 -2.14	 -0.00	 -0.54	  2.51	 -2.14	
 -0.00	  1.45	 -2.03	 -0.00	  1.45	 -2.03	 -0.00	 -0.54	  2.51	 -2.14	 -0.00	 -0.54	  2.51	 -2.14	
 -0.00	  1.45	 -2.03	 -0.00	  1.45	 -2.03	 -0.00	 -0.53	  2.50	 -2.14	 -0.00	 -0.53	  2.50	 -2.14	
 -0.00	  1.45	 -2.03	 -0.00	  1.45	 -2.03	 -0.00	 -0.53	  2.50	 -2.15	 -0.00	 -0.53	  2.50	 -2.15	
 -0.00	  1.45	 -2.03	 -0.00	  1.45	 -2.03	 -0.00	 -0.53	  2.50	 -2.15	 -0.00	 -0.53	  2.50	 -2.15	
 -0.00	  1.45	 -2.02	 -0.00	  1.45	 -2.02	 -0.00	 -0.53	  2.50	 -2.15	 -0.00	 -0.53	  2.50	 -2.15	
 -0.00	  1.45	 -2.02	 -0.00	  1.45	 -2.02	 -0.00	 -0.53	  2.50	 -2.15	 -0.00	 -0.53	  2.50	 -2.15	
 -0.00	  1.45	 -2.02	 -0.00	  1.45	 -2.02	 -0.00	 -0.52	  2.50	 -2.15	 -0.00	 -0.52	  2.50	 -2.15	
 -0.00	  1.45	 -2.02	 -0.00	  1.45	 -2.02	 -0.00	 -0.52	  2.50	 -2.15	 -0.00	 -0.52	  2.50	 -2.15	
 -0.00	  1.45	 -2.02	 -0.00	  1.45	 -2.02	 -0.00	 -0.52	  2.49	 -2.15	 -0.00	 -0.52	  2.49	 -2.15	
 -0.00	  1.45	 -2.02	 -0.00	  1.45	 -2.02	 -0.00	 -0.52	  2.49	 -2.15	 -0.00	 -0.52	  2.49	 -2.15	
 -0.00	  1.46	 -2.02	 -0.00	  1.45	 -2.02	 -0.00	 -0.52	  2.49	 -2.15	 -0.00	 -0.51	  2.49	 -2.15	
 -0.00	  1.46	 -2.02	 -0.00	  1.45	 -2.02	 -0.00	 -0.51	  2.49	 -2.15	 -0.00	 -0.51	  2.49	 -2.15	
 -0.00	  1.46	 -2.02	 -0.00	  1.46	 -2.02	 -0.00	 -0.51	  2.49	 -2.15	 -0.00	 -0.51	  2.49	 -2.15	
 -0.00	  1.46	 -2.02	 -0.00	  1.46	 -2.02	 -0.00	 -0.51	  2.49	 -2.15	 -0.00	 -0.51	  2.49	 -2.15	
 -0.00	  1.46	 -2.02	 -0.00	  1.46	 -2.02	 -0.00	 -0.51	  2.48	 -2.15	 -0.00	 -0.51	  2.49	 -2.15	
 -0.00	  1.46	 -2.02	 -0.00	  1.46	 -2.02	 -0.00	 -0.51	  2.48	 -2.15	 -0.00	 -0.51	  2.49	 -2.16	
 -0.00	  1.46	 -2.02	 -0.00	  1.46	 -2.02	 -0.00	 -0.50	  2.48	 -2.15	 -0.00	 -0.50	  2.49	 -2.16	
 -0.00	  1.46	 -2.02	 -0.00	  1.46	 -2.01	 -0.00	 -0.50	  2.48	 -2.15	 -0.00	 -0.50	  2.49	 -2.16	
 -0.00	  1.46	 -2.02	 -0.00	  1.46	 -2.01	 -0.00	 -0.50	  2.48	 -2.15	 -0.00	 -0.50	  2.49	 -2.16	
 -0.00	  1.46	 -2.02	 -0.00	  1.46	 -2.01	 -0.00	 -0.50	  2.48	 -2.15	 -0.00	 -0.50	  2.48	 -2.16	
 -0.00	  1.46	 -2.02	 -0.00	  1.46	 -2.01	 -0.00	 -0.50	  2.48	 -2.15	 -0.00	 -0.50	  2.48	 -2.16	
 -0.00	  1.46	 -2.02	 -0.00	  1.46	 -2.01	 -0.00	 -0.50	  2.48	 -2.15	 -0.00	 -0.49	  2.48	 -2.16	
 -0.00	  1.47	 -2.02	 -0.00	  1.46	 -2.01	 -0.00	 -0.50	  2.47	 -2.15	 -0.00	 -0.49	  2.48	 -2.17	
 -0.00	  1.47	 -2.02	 -0.00	  1.46	 -2.01	 -0.00	 -0.49	  2.47	 -2.15	 -0.00	 -0.49	  2.48	 -2.17	
 -0.00	  1.47	 -2.02	 -0.00	  1.46	 -2.01	 -0.00	 -0.49	  2.47	 -2.15	 -0.00	 -0.49	  2.48	 -2.17	
 -0.00	  1.47	 -2.02	 -0.00	  1.46	 -2.01	 -0.00	 -0.49	  2.47	 -2.15	 -0.00	 -0.49	  2.48	 -2.17	
 -0.00	  1.47	 -2.03	 -0.00	  1.46	 -2.01	 -0.00	 -0.49	  2.47	 -2.15	 -0.00	 -0.49	  2.49	 -2.17	
 -0.00	  1.47	 -2.03	 -0.00	  1.46	 -2.01	 -0.00	 -0.49	  2.47	 -2.15	 -0.00	 -0.49	  2.49	 -2.17	
 -0.00	  1.47	 -2.03	 -0.00	  1.46	 -2.01	 -0.00	 -0.49	  2.47	 -2.15	 -0.00	 -0.48	  2.49	 -2.18	
 -0.00	  1.47	 -2.03	 -0.00	  1.46	 -2.01	 -0.00	 -0.49	  2.47	 -2.16	 -0.00	 -0.48	  2.49	 -2.18	
 -0.00	  1.48	 -2.03	 -0.00	  1.46	 -2.01	 -0.00	 -0.49	  2.47	 -2.16	 -0.00	 -0.48	  2.49	 -2.18	
 -0.00	  1.48	 -2.03	 -0.00	  1.46	 -2.00	 -0.00	 -0.48	  2.46	 -2.16	 -0.00	 -0.48	  2.49	 -2.18	
 -0.00	  1.48	 -2.03	 -0.00	  1.46	 -2.00	 -0.00	 -0.48	  2.46	 -2.16	 -0.00	 -0.48	  2.49	 -2.19	
 -0.00	  1.48	 -2.04	 -0.00	  1.46	 -2.00	 -0.00	 -0.48	  2.46	 -2.16	 -0.00	 -0.48	  2.49	 -2.19	
 -0.00	  1.48	 -2.04	 -0.00	  1.46	 -2.00	 -0.00	 -0.48	  2.46	 -2.16	 -0.00	 -0.48	  2.49	 -2.19	
 -0.00	  1.48	 -2.04	 -0.00	  1.46	 -2.00	 -0.00	 -0.48	  2.46	 -2.16	 -0.00	 -0.48	  2.49	 -2.19	
 -0.00	  1.49	 -2.04	 -0.00	  1.46	 -2.00	 -0.00	 -0.48	  2.46	 -2.16	 -0.00	 -0.47	  2.50	 -2.20	
 -0.00	  1.49	 -2.04	 -0.00	  1.46	 -2.00	 -0.00	 -0.48	  2.46	 -2.16	 -0.00	 -0.47	  2.50	 -2.20	
 -0.00	  1.49	 -2.05	 -0.00	  1.46	 -2.00	 -0.00	 -0.48	  2.46	 -2.16	 -0.00	 -0.47	  2.50	 -2.20	
 -0.00	  1.49	 -2.05	 -0.00	  1.46	 -2.00	 -0.00	 -0.48	  2.46	 -2.16	 -0.00	 -0.47	  2.50	 -2.20	
 -0.00	  1.49	 -2.05	 -0.00	  1.46	 -2.00	 -0.00	 -0.48	  2.46	 -2.16	 -0.00	 -0.47	  2.50	 -2.21	
 -0.00	  1.49	 -2.06	 -0.00	  1.46	 -2.00	 -0.00	 -0.48	  2.46	 -2.16	 -0.00	 -0.47	  2.50	 -2.21	
 -0.00	  1.50	 -2.06	 -0.00	  1.46	 -2.00	 -0.00	 -0.47	  2.46	 -2.16	 -0.00	 -0.47	  2.51	 -2.21	
 -0.00	  1.50	 -2.06	 -0.00	  1.46	 -2.00	 -0.00	 -0.47	  2.45	 -2.16	 -0.00	 -0.47	  2.51	 -2.22	
 -0.00	  1.50	 -2.06	 -0.00	  1.46	 -2.00	 -0.00	 -0.47	  2.45	 -2.16	 -0.00	 -0.47	  2.51	 -2.22	
 -0.00	  1.50	 -2.07	 -0.00	  1.46	 -2.00	 -0.00	 -0.47	  2.45	 -2.16	 -0.00	 -0.47	  2.51	 -2.22	
 -0.00	  1.50	 -2.07	 -0.00	  1.46	 -2.00	 -0.00	 -0.47	  2.45	 -2.16	 -0.00	 -0.47	  2.52	 -2.23	
 -0.00	  1.50	 -2.07	 -0.00	  1.46	 -2.00	 -0.00	 -0.47	  2.45	 -2.16	 -0.00	 -0.47	  2.52	 -2.23	
 -0.00	  1.51	 -2.08	 -0.00	  1.46	 -2.00	 -0.00	 -0.47	  2.45	 -2.15	 -0.00	 -0.47	  2.52	 -2.23	
 -0.00	  1.51	 -2.08	 -0.00	  1.46	 -1.99	 -0.00	 -0.47	  2.45	 -2.15	 -0.00	 -0.46	  2.53	 -2.23	
 -0.00	  1.51	 -2.08	 -0.00	  1.46	 -1.99	 -0.00	 -0.47	  2.45	 -2.15	 -0.00	 -0.46	  2.53	 -2.24	
 -0.00	  1.51	 -2.09	 -0.00	  1.46	 -1.99	 -0.00	 -0.47	  2.45	 -2.15	 -0.00	 -0.46	  2.53	 -2.24	
 -0.00	  1.51	 -2.09	 -0.00	  1.46	 -1.99	 -0.00	 -0.47	  2.45	 -2.15	 -0.00	 -0.46	  2.53	 -2.24	
 -0.00	  1.52	 -2.09	 -0.00	  1.46	 -1.99	 -0.00	 -0.47	  2.45	 -2.15	 -0.00	 -0.46	  2.54	 -2.25	
 -0.00	  1.52	 -2.10	 -0.00	  1.46	 -1.99	 -0.00	 -0.47	  2.45	 -2.15	 -0.00	 -0.46	  2.54	 -2.25	
 -0.00	  1.52	 -2.10	 -0.00	  1.46	 -1.99	 -0.00	 -0.47	  2.45	 -2.15	 -0.00	 -0.46	  2.54	 -2.25	
 -0.00	  1.52	 -2.10	 -0.00	  1.46	 -1.99	 -0.00	 -0.47	  2.45	 -2.15	 -0.00	 -0.46	  2.55	 -2.26	
 -0.00	  1.52	 -2.11	 -0.00	  1.46	 -1.99	 -0.00	 -0.47	  2.45	 -2.15	 -0.00	 -0.47	  2.55	 -2.26	
 -0.00	  1.52	 -2.11	 -0.00	  1.46	 -1.99	 -0.00	 -0.47	  2.45	 -2.15	 -0.00	 -0.47	  2.56	 -2.26	
 -0.00	  1.53	 -2.12	 -0.00	  1.46	 -1.99	 -0.00	 -0.47	  2.44	 -2.15	 -0.00	 -0.47	  2.56	 -2.27	
 -0.00	  1.53	 -2.12	 -0.00	  1.46	 -1.99	 -0.00	 -0.47	  2.44	 -2.15	 -0.00	 -0.47	  2.56	 -2.27	
 -0.00	  1.53	 -2.12	 -0.00	  1.46	 -1.99	 -0.00	 -0.47	  2.44	 -2.15	 -0.00	 -0.47	  2.57	 -2.27	
 -0.00	  1.53	 -2.13	 -0.00	  1.46	 -1.99	 -0.00	 -0.47	  2.44	 -2.15	 -0.00	 -0.47	  2.57	 -2.28	
 -0.00	  1.53	 -2.13	 -0.00	  1.46	 -1.99	 -0.00	 -0.46	  2.44	 -2.15	 -0.00	 -0.47	  2.58	 -2.28	
 -0.00	  1.53	 -2.14	 -0.00	  1.46	 -1.99	 -0.00	 -0.46	  2.44	 -2.15	 -0.00	 -0.47	  2.58	 -2.28	
 -0.00	  1.53	 -2.14	 -0.00	  1.46	 -1.99	 -0.00	 -0.46	  2.44	 -2.15	 -0.00	 -0.47	  2.58	 -2.29	
 -0.00	  1.54	 -2.14	 -0.00	  1.46	 -1.99	 -0.00	 -0.46	  2.44	 -2.15	 -0.00	 -0.48	  2.59	 -2.29	
 -0.00	  1.54	 -2.15	 -0.00	  1.46	 -1.99	 -0.00	 -0.46	  2.44	 -2.15	 -0.00	 -0.48	  2.59	 -2.29	
 -0.00	  1.54	 -2.15	 -0.00	  1.46	 -1.99	 -0.00	 -0.46	  2.44	 -2.15	 -0.00	 -0.48	  2.60	 -2.29	
 -0.00	  1.54	 -2.16	 -0.00	  1.46	 -1.99	 -0.00	 -0.46	  2.44	 -2.15	 -0.00	 -0.48	  2.60	 -2.30	
 -0.00	  1.54	 -2.16	 -0.00	  1.46	 -1.99	 -0.00	 -0.46	  2.44	 -2.15	 -0.00	 -0.48	  2.61	 -2.30	
 -0.00	  1.54	 -2.16	 -0.00	  1.46	 -1.99	 -0.00	 -0.46	  2.44	 -2.15	 -0.00	 -0.49	  2.61	 -2.30	
 -0.00	  1.54	 -2.17	 -0.00	  1.46	 -1.99	 -0.00	 -0.46	  2.44	 -2.15	 -0.00	 -0.49	  2.62	 -2.30	
 -0.00	  1.54	 -2.17	 -0.00	  1.46	 -1.99	 -0.00	 -0.46	  2.44	 -2.15	 -0.00	 -0.49	  2.62	 -2.30	
 -0.00	  1.54	 -2.18	 -0.00	  1.46	 -1.99	 -0.00	 -0.46	  2.44	 -2.15	 -0.00	 -0.50	  2.63	 -2.31	
 -0.00	  1.54	 -2.18	 -0.00	  1.46	 -1.98	 -0.00	 -0.46	  2.44	 -2.15	 -0.00	 -0.50	  2.63	 -2.31	
 -0.00	  1.54	 -2.18	 -0.00	  1.46	 -1.98	 -0.00	 -0.46	  2.44	 -2.15	 -0.00	 -0.50	  2.64	 -2.31	
 -0.00	  1.54	 -2.19	 -0.00	  1.46	 -1.98	 -0.00	 -0.46	  2.44	 -2.15	 -0.00	 -0.51	  2.64	 -2.31	
 -0.00	  1.54	 -2.19	 -0.00	  1.46	 -1.98	 -0.00	 -0.46	  2.44	 -2.15	 -0.00	 -0.51	  2.65	 -2.31	
 -0.00	  1.54	 -2.19	 -0.00	  1.46	 -1.98	 -0.00	 -0.46	  2.44	 -2.15	 -0.00	 -0.52	  2.65	 -2.31	
 -0.00	  1.54	 -2.20	 -0.00	  1.46	 -1.98	 -0.00	 -0.46	  2.44	 -2.15	 -0.00	 -0.52	  2.66	 -2.31	
 -0.00	  1.54	 -2.20	 -0.00	  1.46	 -1.98	 -0.00	 -0.46	  2.44	 -2.15	 -0.00	 -0.53	  2.66	 -2.31	
 -0.00	  1.54	 -2.21	 -0.00	  1.46	 -1.98	 -0.00	 -0.46	  2.44	 -2.15	 -0.00	 -0.53	  2.67	 -2.31	
 -0.00	  1.54	 -2.21	 -0.00	  1.46	 -1.98	 -0.00	 -0.46	  2.44	 -2.15	 -0.00	 -0.54	  2.68	 -2.31	
 -0.00	  1.54	 -2.21	 -0.00	  1.46	 -1.98	 -0.00	 -0.46	  2.44	 -2.15	 -0.00	 -0.54	  2.68	 -2.31	
 -0.00	  1.54	 -2.22	 -0.00	  1.46	 -1.98	 -0.00	 -0.46	  2.44	 -2.15	 -0.00	 -0.55	  2.69	 -2.31	
 -0.00	  1.53	 -2.22	 -0.00	  1.46	 -1.98	 -0.00	 -0.46	  2.44	 -2.15	 -0.00	 -0.56	  2.69	 -2.31	
 -0.00	  1.53	 -2.22	 -0.00	  1.46	 -1.98	 -0.00	 -0.46	  2.44	 -2.15	 -0.00	 -0.57	  2.70	 -2.31	
 -0.00	  1.53	 -2.23	 -0.00	  1.46	 -1.98	 -0.00	 -0.46	  2.44	 -2.15	 -0.00	 -0.57	  2.70	 -2.31	
 -0.00	  1.53	 -2.23	 -0.00	  1.46	 -1.98	 -0.00	 -0.46	  2.44	 -2.15	 -0.00	 -0.58	  2.71	 -2.30	
 -0.00	  1.53	 -2.23	 -0.00	  1.46	 -1.98	 -0.00	 -0.46	  2.44	 -2.15	 -0.00	 -0.59	  2.72	 -2.30	
 -0.00	  1.52	 -2.23	 -0.00	  1.46	 -1.98	 -0.00	 -0.46	  2.44	 -2.15	 -0.00	 -0.60	  2.72	 -2.30	
 -0.00	  1.52	 -2.24	 -0.00	  1.46	 -1.98	 -0.00	 -0.46	  2.44	 -2.15	 -0.00	 -0.61	  2.73	 -2.29	
 -0.00	  1.52	 -2.24	 -0.00	  1.46	 -1.98	 -0.00	 -0.46	  2.44	 -2.15	 -0.00	 -0.62	  2.74	 -2.29	
 -0.00	  1.52	 -2.24	 -0.00	  1.46	 -1.98	 -0.00	 -0.46	  2.44	 -2.15	 -0.00	 -0.63	  2.74	 -2.28	
 -0.00	  1.51	 -2.24	 -0.00	  1.46	 -1.98	 -0.00	 -0.46	  2.44	 -2.15	 -0.00	 -0.64	  2.75	 -2.28	
 -0.00	  1.51	 -2.25	 -0.00	  1.46	 -1.98	 -0.00	 -0.46	  2.44	 -2.15	 -0.00	 -0.66	  2.75	 -2.27	
 -0.00	  1.51	 -2.25	 -0.00	  1.46	 -1.98	 -0.00	 -0.46	  2.44	 -2.15	 -0.00	 -0.67	  2.76	 -2.27	
 -0.00	  1.50	 -2.25	 -0.00	  1.46	 -1.98	 -0.00	 -0.46	  2.44	 -2.15	 -0.00	 -0.68	  2.77	 -2.26	
 -0.00	  1.50	 -2.25	 -0.00	  1.46	 -1.98	 -0.00	 -0.46	  2.44	 -2.15	 -0.00	 -0.70	  2.77	 -2.25	
 -0.00	  1.49	 -2.26	 -0.00	  1.46	 -1.98	 -0.00	 -0.46	  2.44	 -2.15	 -0.00	 -0.71	  2.78	 -2.25	
 -0.00	  1.49	 -2.26	 -0.00	  1.46	 -1.98	 -0.00	 -0.46	  2.44	 -2.15	 -0.00	 -0.73	  2.79	 -2.24	
 -0.00	  1.49	 -2.26	 -0.00	  1.46	 -1.98	 -0.00	 -0.46	  2.44	 -2.15	 -0.00	 -0.74	  2.79	 -2.23	
 -0.00	  1.48	 -2.26	 -0.00	  1.46	 -1.98	 -0.00	 -0.46	  2.43	 -2.15	 -0.00	 -0.76	  2.80	 -2.22	
 -0.00	  1.48	 -2.26	 -0.00	  1.46	 -1.98	 -0.00	 -0.46	  2.43	 -2.15	 -0.00	 -0.78	  2.81	 -2.21	
 -0.00	  1.47	 -2.26	 -0.00	  1.46	 -1.98	 -0.00	 -0.46	  2.43	 -2.15	 -0.00	 -0.80	  2.82	 -2.19	
 -0.00	  1.47	 -2.27	 -0.00	  1.46	 -1.98	 -0.00	 -0.46	  2.43	 -2.15	 -0.00	 -0.82	  2.82	 -2.18	
 -0.00	  1.46	 -2.27	 -0.00	  1.46	 -1.98	 -0.00	 -0.46	  2.43	 -2.15	 -0.00	 -0.84	  2.83	 -2.17	
 -0.00	  1.46	 -2.27	 -0.00	  1.46	 -1.98	 -0.00	 -0.46	  2.43	 -2.15	 -0.00	 -0.86	  2.84	 -2.15	
 -0.00	  1.45	 -2.27	 -0.00	  1.46	 -1.98	 -0.00	 -0.46	  2.43	 -2.15	 -0.00	 -0.88	  2.84	 -2.14	
 -0.00	  1.44	 -2.27	 -0.00	  1.46	 -1.98	 -0.00	 -0.46	  2.43	 -2.15	 -0.00	 -0.90	  2.85	 -2.12	
 -0.00	  1.44	 -2.27	 -0.00	  1.46	 -1.98	 -0.00	 -0.46	  2.43	 -2.15	 -0.00	 -0.93	  2.86	 -2.11	
 -0.00	  1.43	 -2.27	 -0.00	  1.46	 -1.98	 -0.00	 -0.46	  2.43	 -2.15	 -0.00	 -0.95	  2.87	 -2.09	
 -0.00	  1.43	 -2.27	 -0.00	  1.46	 -1.98	 -0.00	 -0.46	  2.43	 -2.15	 -0.00	 -0.98	  2.87	 -2.07	
 -0.00	  1.42	 -2.27	 -0.00	  1.46	 -1.98	 -0.00	 -0.46	  2.43	 -2.15	 -0.00	 -1.01	  2.88	 -2.05	
 -0.00	  1.41	 -2.27	 -0.00	  1.46	 -1.98	 -0.00	 -0.46	  2.43	 -2.15	 -0.00	 -1.04	  2.89	 -2.02	
 -0.00	  1.41	 -2.27	 -0.00	  1.46	 -1.98	 -0.00	 -0.46	  2.44	 -2.15	 -0.00	 -1.07	  2.90	 -2.00	
 -0.00	  1.40	 -2.27	 -0.00	  1.46	 -1.98	 -0.00	 -0.46	  2.44	 -2.15	 -0.00	 -1.11	  2.90	 -1.97	
 -0.00	  1.39	 -2.27	 -0.00	  1.46	 -1.98	 -0.00	 -0.46	  2.44	 -2.15	 -0.00	 -1.14	  2.91	 -1.95	
 -0.00	  1.38	 -2.27	 -0.00	  1.46	 -1.98	 -0.00	 -0.46	  2.44	 -2.15	 -0.00	 -1.18	  2.92	 -1.92	
 -0.00	  1.38	 -2.27	 -0.00	  1.46	 -1.98	 -0.00	 -0.46	  2.44	 -2.15	 -0.00	 -1.22	  2.93	 -1.89	
 -0.00	  1.37	 -2.27	 -0.00	  1.46	 -1.98	 -0.00	 -0.46	  2.44	 -2.15	 -0.00	 -1.26	  2.94	 -1.85	
 -0.00	  1.36	 -2.27	 -0.00	  1.46	 -1.98	 -0.00	 -0.46	  2.44	 -2.15	 -0.00	 -1.30	  2.94	 -1.82	
 -0.00	  1.35	 -2.27	 -0.00	  1.46	 -1.98	 -0.00	 -0.46	  2.44	 -2.15	 -0.00	 -1.34	  2.95	 -1.78	
 -0.00	  1.34	 -2.27	 -0.00	  1.46	 -1.98	 -0.00	 -0.46	  2.44	 -2.15	 -0.00	 -1.39	  2.96	 -1.75	
 -0.00	  1.33	 -2.27	 -0.00	  1.46	 -1.98	 -0.00	 -0.46	  2.44	 -2.15	 -0.00	 -1.44	  2.97	 -1.70	
 -0.00	  1.33	 -2.27	 -0.00	  1.46	 -1.98	 -0.00	 -0.46	  2.44	 -2.15	 -0.00	 -1.49	  2.98	 -1.66	
 -0.00	  1.32	 -2.27	 -0.00	  1.46	 -1.98	 -0.00	 -0.46	  2.44	 -2.15	 -0.00	 -1.54	  2.98	 -1.62	
 -0.00	  1.31	 -2.27	 -0.00	  1.46	 -1.98	 -0.00	 -0.46	  2.44	 -2.15	 -0.00	 -1.60	  2.99	 -1.57	
 -0.00	  1.30	 -2.26	 -0.00	  1.46	 -1.98	 -0.00	 -0.46	  2.44	 -2.15	 -0.00	 -1.65	  3.00	 -1.52	
 -0.00	  1.29	 -2.26	 -0.00	  1.46	 -1.98	 -0.00	 -0.46	  2.44	 -2.15	 -0.00	 -1.71	  3.01	 -1.47	
 -0.00	  1.28	 -2.26	 -0.00	  1.46	 -1.98	 -0.00	 -0.46	  2.44	 -2.15	 -0.00	 -1.77	  3.01	 -1.42	
 -0.00	  1.27	 -2.26	 -0.00	  1.46	 -1.98	 -0.00	 -0.46	  2.44	 -2.15	 -0.00	 -1.84	  3.02	 -1.36	
 -0.00	  1.26	 -2.26	 -0.00	  1.46	 -1.98	 -0.00	 -0.46	  2.44	 -2.15	 -0.00	 -1.90	  3.03	 -1.30	
 -0.00	  1.25	 -2.25	 -0.00	  1.46	 -1.98	 -0.00	 -0.46	  2.44	 -2.15	 -0.00	 -1.96	  3.04	 -1.25	
 -0.00	  1.24	 -2.25	 -0.00	  1.46	 -1.98	 -0.00	 -0.46	  2.44	 -2.15	 -0.00	 -2.03	  3.04	 -1.19	
 -0.00	  1.23	 -2.25	 -0.00	  1.46	 -1.98	 -0.00	 -0.46	  2.44	 -2.15	 -0.00	 -2.09	  3.05	 -1.13	
 -0.00	  1.22	 -2.25	 -0.00	  1.46	 -1.98	 -0.00	 -0.46	  2.44	 -2.15	 -0.00	 -2.16	  3.05	 -1.07	
 -0.00	  1.21	 -2.24	 -0.00	  1.46	 -1.98	 -0.00	 -0.46	  2.44	 -2.15	 -0.00	 -2.22	  3.06	 -1.02	
 -0.00	  1.20	 -2.24	 -0.00	  1.46	 -1.98	 -0.00	 -0.46	  2.44	 -2.15	 -0.00	 -2.27	  3.06	 -0.96	
 -0.00	  1.19	 -2.24	 -0.00	  1.46	 -1.98	 -0.00	 -0.46	  2.44	 -2.15	 -0.00	 -2.33	  3.06	 -0.91	
 -0.00	  1.18	 -2.23	 -0.00	  1.46	 -1.98	 -0.00	 -0.46	  2.44	 -2.15	 -0.00	 -2.38	  3.07	 -0.86	
 -0.00	  1.17	 -2.23	 -0.00	  1.46	 -1.98	 -0.00	 -0.46	  2.44	 -2.15	 -0.00	 -2.42	  3.07	 -0.82	
 -0.00	  1.16	 -2.23	 -0.00	  1.46	 -1.98	 -0.00	 -0.46	  2.44	 -2.15	 -0.00	 -2.46	  3.07	 -0.78	
 -0.00	  1.15	 -2.22	 -0.00	  1.46	 -1.98	 -0.00	 -0.46	  2.44	 -2.15	 -0.00	 -2.49	  3.06	 -0.75	
 -0.00	  1.14	 -2.22	 -0.00	  1.46	 -1.98	 -0.00	 -0.46	  2.44	 -2.15	 -0.00	 -2.51	  3.06	 -0.72	
 -0.00	  1.13	 -2.21	 -0.00	  1.46	 -1.98	 -0.00	 -0.46	  2.44	 -2.15	 -0.00	 -2.54	  3.06	 -0.70	
 -0.00	  1.12	 -2.21	 -0.00	  1.46	 -1.98	 -0.00	 -0.45	  2.44	 -2.16	 -0.00	 -2.55	  3.05	 -0.67	
 -0.00	  1.11	 -2.21	 -0.00	  1.46	 -1.98	 -0.00	 -0.45	  2.44	 -2.16	 -0.00	 -2.56	  3.05	 -0.66	
 -0.00	  1.10	 -2.20	 -0.00	  1.46	 -1.98	 -0.00	 -0.45	  2.44	 -2.16	 -0.00	 -2.58	  3.04	 -0.64	
 -0.00	  1.09	 -2.20	 -0.00	  1.46	 -1.99	 -0.00	 -0.45	  2.44	 -2.16	 -0.00	 -2.58	  3.03	 -0.63	
 -0.00	  1.08	 -2.19	 -0.00	  1.46	 -1.99	 -0.00	 -0.45	  2.44	 -2.16	 -0.00	 -2.59	  3.03	 -0.61	
 -0.00	  1.07	 -2.19	 -0.00	  1.46	 -1.99	 -0.00	 -0.45	  2.43	 -2.16	 -0.00	 -2.59	  3.02	 -0.60	
 -0.00	  1.06	 -2.19	 -0.00	  1.46	 -1.99	 -0.00	 -0.45	  2.43	 -2.16	 -0.00	 -2.59	  3.01	 -0.59	
 -0.00	  1.05	 -2.18	 -0.00	  1.46	 -1.99	 -0.00	 -0.45	  2.43	 -2.16	 -0.00	 -2.60	  3.00	 -0.58	
 -0.00	  1.04	 -2.18	 -0.00	  1.46	 -1.99	 -0.00	 -0.45	  2.43	 -2.16	 -0.00	 -2.60	  3.00	 -0.58	
 -0.00	  1.03	 -2.17	 -0.00	  1.46	 -1.99	 -0.00	 -0.45	  2.43	 -2.16	 -0.00	 -2.60	  2.99	 -0.57	
 -0.00	  1.02	 -2.17	 -0.00	  1.46	 -1.99	 -0.00	 -0.45	  2.43	 -2.16	 -0.00	 -2.59	  2.98	 -0.56	
 -0.00	  1.02	 -2.16	 -0.00	  1.47	 -1.99	 -0.00	 -0.45	  2.43	 -2.16	 -0.00	 -2.59	  2.97	 -0.55	
 -0.00	  1.01	 -2.16	 -0.00	  1.47	 -1.99	 -0.00	 -0.45	  2.43	 -2.16	 -0.00	 -2.59	  2.97	 -0.55	
 -0.00	  1.00	 -2.15	 -0.00	  1.47	 -1.99	 -0.00	 -0.45	  2.43	 -2.16	 -0.00	 -2.59	  2.96	 -0.54	
 -0.00	  0.99	 -2.15	 -0.00	  1.47	 -1.99	 -0.00	 -0.45	  2.43	 -2.16	 -0.00	 -2.59	  2.95	 -0.54	
 -0.00	  0.98	 -2.15	 -0.00	  1.47	 -1.99	 -0.00	 -0.44	  2.43	 -2.16	 -0.00	 -2.58	  2.94	 -0.53	
 -0.00	  0.97	 -2.14	 -0.00	  1.47	 -1.99	 -0.00	 -0.44	  2.43	 -2.16	 -0.00	 -2.58	  2.93	 -0.53	
 -0.00	  0.96	 -2.14	 -0.00	  1.47	 -1.99	 -0.00	 -0.44	  2.43	 -2.16	 -0.00	 -2.58	  2.93	 -0.52	
 -0.00	  0.96	 -2.13	 -0.00	  1.47	 -1.99	 -0.00	 -0.44	  2.43	 -2.17	 -0.00	 -2.57	  2.92	 -0.52	
 -0.00	  0.95	 -2.13	 -0.00	  1.47	 -1.99	 -0.00	 -0.44	  2.43	 -2.17	 -0.00	 -2.57	  2.91	 -0.52	
 -0.00	  0.94	 -2.12	 -0.00	  1.47	 -1.99	 -0.00	 -0.44	  2.43	 -2.17	 -0.00	 -2.57	  2.90	 -0.51	
 -0.00	  0.93	 -2.12	 -0.00	  1.47	 -1.99	 -0.00	 -0.44	  2.43	 -2.17	 -0.00	 -2.56	  2.90	 -0.51	
 -0.00	  0.93	 -2.11	 -0.00	  1.47	 -1.99	 -0.00	 -0.44	  2.43	 -2.17	 -0.00	 -2.56	  2.89	 -0.50	
 -0.00	  0.92	 -2.11	 -0.00	  1.47	 -1.99	 -0.00	 -0.44	  2.43	 -2.17	 -0.00	 -2.56	  2.88	 -0.50	
 -0.00	  0.91	 -2.11	 -0.00	  1.47	 -1.99	 -0.00	 -0.44	  2.43	 -2.17	 -0.00	 -2.55	  2.88	 -0.50	
 -0.00	  0.90	 -2.10	 -0.00	  1.47	 -1.99	 -0.00	 -0.43	  2.43	 -2.17	 -0.00	 -2.55	  2.87	 -0.50	
 -0.00	  0.90	 -2.10	 -0.00	  1.47	 -1.99	 -0.00	 -0.43	  2.43	 -2.17	 -0.00	 -2.55	  2.86	 -0.49	
 -0.00	  0.89	 -2.09	 -0.00	  1.47	 -1.99	 -0.00	 -0.43	  2.43	 -2.17	 -0.00	 -2.54	  2.86	 -0.49	
 -0.00	  0.89	 -2.09	 -0.00	  1.47	 -1.99	 -0.00	 -0.43	  2.43	 -2.17	 -0.00	 -2.54	  2.85	 -0.49	
 -0.00	  0.88	 -2.09	 -0.00	  1.47	 -1.99	 -0.00	 -0.43	  2.43	 -2.17	 -0.00	 -2.54	  2.85	 -0.48	
 -0.00	  0.87	 -2.08	 -0.00	  1.48	 -1.99	 -0.00	 -0.43	  2.43	 -2.17	 -0.00	 -2.53	  2.84	 -0.48	
 -0.00	  0.87	 -2.08	 -0.00	  1.48	 -1.99	 -0.00	 -0.43	  2.43	 -2.18	 -0.00	 -2.53	  2.83	 -0.48	
 -0.00	  0.86	 -2.07	 -0.00	  1.48	 -1.99	 -0.00	 -0.43	  2.43	 -2.18	 -0.00	 -2.53	  2.83	 -0.48	
 -0.00	  0.86	 -2.07	 -0.00	  1.48	 -1.99	 -0.00	 -0.42	  2.43	 -2.18	 -0.00	 -2.52	  2.82	 -0.48	
 -0.00	  0.85	 -2.07	 -0.00	  1.48	 -1.99	 -0.00	 -0.42	  2.43	 -2.18	 -0.00	 -2.52	  2.82	 -0.47	
 -0.00	  0.85	 -2.07	 -0.00	  1.48	 -1.99	 -0.00	 -0.42	  2.43	 -2.18	 -0.00	 -2.52	  2.82	 -0.47	
 -0.00	  0.84	 -2.06	 -0.00	  1.48	 -1.99	 -0.00	 -0.42	  2.43	 -2.18	 -0.00	 -2.51	  2.81	 -0.47	
 -0.00	  0.84	 -2.06	 -0.00	  1.48	 -1.99	 -0.00	 -0.42	  2.43	 -2.18	 -0.00	 -2.51	  2.81	 -0.47	
 -0.00	  0.84	 -2.06	 -0.00	  1.48	 -1.99	 -0.00	 -0.42	  2.42	 -2.18	 -0.00	 -2.51	  2.80	 -0.47	
 -0.00	  0.83	 -2.05	 -0.00	  1.48	 -1.99	 -0.00	 -0.42	  2.42	 -2.18	 -0.00	 -2.51	  2.80	 -0.47	
 -0.00	  0.83	 -2.05	 -0.00	  1.48	 -1.99	 -0.00	 -0.41	  2.42	 -2.18	 -0.00	 -2.50	  2.80	 -0.47	
 -0.00	  0.83	 -2.05	 -0.00	  1.48	 -1.99	 -0.00	 -0.41	  2.42	 -2.18	 -0.00	 -2.50	  2.79	 -0.47	
 -0.00	  0.82	 -2.05	 -0.00	  1.48	 -1.99	 -0.00	 -0.41	  2.42	 -2.18	 -0.00	 -2.50	  2.79	 -0.46	
 -0.00	  0.82	 -2.05	 -0.00	  1.48	 -1.99	 -0.00	 -0.41	  2.42	 -2.19	 -0.00	 -2.50	  2.79	 -0.46	
 -0.00	  0.82	 -2.04	 -0.00	  1.48	 -1.99	 -0.00	 -0.41	  2.42	 -2.19	 -0.00	 -2.50	  2.78	 -0.46	
 -0.00	  0.82	 -2.04	 -0.00	  1.49	 -1.99	 -0.00	 -0.41	  2.42	 -2.19	 -0.00	 -2.49	  2.78	 -0.46	
 -0.00	  0.81	 -2.04	 -0.00	  1.49	 -1.99	 -0.00	 -0.40	  2.42	 -2.19	 -0.00	 -2.49	  2.78	 -0.46	
 -0.00	  0.81	 -2.04	 -0.00	  1.49	 -1.99	 -0.00	 -0.40	  2.42	 -2.19	 -0.00	 -2.49	  2.78	 -0.46	
 -0.00	  0.81	 -2.04	 -0.00	  1.49	 -1.99	 -0.00	 -0.40	  2.42	 -2.19	 -0.00	 -2.49	  2.78	 -0.46	
 -0.00	  0.81	 -2.04	 -0.00	  1.49	 -1.99	 -0.00	 -0.40	  2.42	 -2.19	 -0.00	 -2.49	  2.77	 -0.46	
 -0.00	  0.81	 -2.04	 -0.00	  1.49	 -1.99	 -0.00	 -0.40	  2.42	 -2.19	 -0.00	 -2.49	  2.77	 -0.46	
 -0.00	  0.81	 -2.04	 -0.00	  1.49	 -1.99	 -0.00	 -0.40	  2.41	 -2.19	 -0.00	 -2.49	  2.77	 -0.46	
 -0.00	  0.81	 -2.03	 -0.00	  1.49	 -1.99	 -0.00	 -0.39	  2.41	 -2.20	 -0.00	 -2.48	  2.77	 -0.46	
 -0.00	  0.81	 -2.03	 -0.00	  1.49	 -1.99	 -0.00	 -0.39	  2.41	 -2.20	 -0.00	 -2.48	  2.77	 -0.46	
 -0.00	  0.81	 -2.03	 -0.00	  1.49	 -1.99	 -0.00	 -0.39	  2.41	 -2.20	 -0.00	 -2.48	  2.77	 -0.46	
 -0.00	  0.81	 -2.03	 -0.00	  1.49	 -1.99	 -0.00	 -0.39	  2.41	 -2.20	 -0.00	 -2.48	  2.77	 -0.46	
 -0.00	  0.81	 -2.03	 -0.00	  1.50	 -1.99	 -0.00	 -0.39	  2.41	 -2.20	 -0.00	 -2.48	  2.77	 -0.46	
 -0.00	  0.81	 -2.03	 -0.00	  1.50	 -1.99	 -0.00	 -0.38	  2.41	 -2.20	 -0.00	 -2.48	  2.77	 -0.46	
 -0.00	  0.81	 -2.03	 -0.00	  1.50	 -1.99	 -0.00	 -0.38	  2.41	 -2.20	 -0.00	 -2.48	  2.77	 -0.47	
 -0.00	  0.81	 -2.03	 -0.00	  1.50	 -1.99	 -0.00	 -0.38	  2.41	 -2.20	 -0.00	 -2.48	  2.77	 -0.47	
 -0.00	  0.81	 -2.03	 -0.00	  1.50	 -1.99	 -0.00	 -0.38	  2.41	 -2.20	 -0.00	 -2.48	  2.77	 -0.47	
 -0.00	  0.81	 -2.03	 -0.00	  1.50	 -1.99	 -0.00	 -0.37	  2.40	 -2.21	 -0.00	 -2.48	  2.77	 -0.47	
 -0.00	  0.81	 -2.03	 -0.00	  1.50	 -1.99	 -0.00	 -0.37	  2.40	 -2.21	 -0.00	 -2.48	  2.77	 -0.47	
 -0.00	  0.81	 -2.04	 -0.00	  1.50	 -1.99	 -0.00	 -0.37	  2.40	 -2.21	 -0.00	 -2.48	  2.77	 -0.47	
 -0.00	  0.81	 -2.04	 -0.00	  1.50	 -1.99	 -0.00	 -0.37	  2.40	 -2.21	 -0.00	 -2.48	  2.77	 -0.47	
 -0.00	  0.81	 -2.04	 -0.00	  1.50	 -1.99	 -0.00	 -0.36	  2.40	 -2.21	 -0.00	 -2.48	  2.78	 -0.47	
 -0.00	  0.82	 -2.04	 -0.00	  1.50	 -1.99	 -0.00	 -0.36	  2.40	 -2.21	 -0.00	 -2.48	  2.78	 -0.48	
 -0.00	  0.82	 -2.04	 -0.00	  1.51	 -1.99	 -0.00	 -0.36	  2.40	 -2.21	 -0.00	 -2.48	  2.78	 -0.48	
 -0.00	  0.82	 -2.04	 -0.00	  1.51	 -1.99	 -0.00	 -0.36	  2.40	 -2.21	 -0.00	 -2.47	  2.78	 -0.48	
 -0.00	  0.82	 -2.04	 -0.00	  1.51	 -1.99	 -0.00	 -0.35	  2.39	 -2.21	 -0.00	 -2.47	  2.78	 -0.48	
 -0.00	  0.82	 -2.04	 -0.00	  1.51	 -1.98	 -0.00	 -0.35	  2.39	 -2.22	 -0.00	 -2.47	  2.78	 -0.48	
 -0.00	  0.82	 -2.04	 -0.00	  1.51	 -1.98	 -0.00	 -0.35	  2.39	 -2.22	 -0.00	 -2.47	  2.78	 -0.49	
 -0.00	  0.83	 -2.04	 -0.00	  1.51	 -1.98	 -0.00	 -0.35	  2.39	 -2.22	 -0.00	 -2.47	  2.79	 -0.49	
 -0.00	  0.83	 -2.04	 -0.00	  1.51	 -1.98	 -0.00	 -0.34	  2.39	 -2.22	 -0.00	 -2.47	  2.79	 -0.49	
 -0.00	  0.83	 -2.04	 -0.00	  1.51	 -1.98	 -0.00	 -0.34	  2.39	 -2.22	 -0.00	 -2.47	  2.79	 -0.49	
 -0.00	  0.83	 -2.04	 -0.00	  1.51	 -1.98	 -0.00	 -0.34	  2.39	 -2.22	 -0.00	 -2.47	  2.79	 -0.49	
 -0.00	  0.83	 -2.05	 -0.00	  1.52	 -1.98	 -0.00	 -0.34	  2.38	 -2.22	 -0.00	 -2.47	  2.79	 -0.50	
 -0.00	  0.84	 -2.05	 -0.00	  1.52	 -1.98	 -0.00	 -0.33	  2.38	 -2.22	 -0.00	 -2.47	  2.79	 -0.50	
 -0.00	  0.84	 -2.05	 -0.00	  1.52	 -1.98	 -0.00	 -0.33	  2.38	 -2.23	 -0.00	 -2.47	  2.79	 -0.50	
 -0.00	  0.84	 -2.05	 -0.00	  1.52	 -1.98	 -0.00	 -0.33	  2.38	 -2.23	 -0.00	 -2.47	  2.80	 -0.50	
 -0.00	  0.84	 -2.05	 -0.00	  1.52	 -1.98	 -0.00	 -0.32	  2.38	 -2.23	 -0.00	 -2.47	  2.80	 -0.51	
 -0.00	  0.84	 -2.05	 -0.00	  1.52	 -1.98	 -0.00	 -0.32	  2.38	 -2.23	 -0.00	 -2.47	  2.80	 -0.51	
 -0.00	  0.84	 -2.05	 -0.00	  1.52	 -1.98	 -0.00	 -0.32	  2.37	 -2.23	 -0.00	 -2.46	  2.80	 -0.51	
 -0.00	  0.85	 -2.05	 -0.00	  1.52	 -1.98	 -0.00	 -0.31	  2.37	 -2.23	 -0.00	 -2.46	  2.80	 -0.51	
 -0.00	  0.85	 -2.05	 -0.00	  1.52	 -1.98	 -0.00	 -0.31	  2.37	 -2.23	 -0.00	 -2.46	  2.80	 -0.52	
 -0.00	  0.85	 -2.05	 -0.00	  1.53	 -1.98	 -0.00	 -0.31	  2.37	 -2.23	 -0.00	 -2.46	  2.80	 -0.52	
 -0.00	  0.85	 -2.05	 -0.00	  1.53	 -1.98	 -0.00	 -0.31	  2.37	 -2.23	 -0.00	 -2.46	  2.81	 -0.52	
 -0.00	  0.86	 -2.06	 -0.00	  1.53	 -1.98	 -0.00	 -0.30	  2.36	 -2.24	 -0.00	 -2.46	  2.81	 -0.52	
 -0.00	  0.86	 -2.06	 -0.00	  1.53	 -1.98	 -0.00	 -0.30	  2.36	 -2.24	 -0.00	 -2.46	  2.81	 -0.53	
 -0.00	  0.86	 -2.06	 -0.00	  1.53	 -1.98	 -0.00	 -0.30	  2.36	 -2.24	 -0.00	 -2.46	  2.81	 -0.53	
 -0.00	  0.86	 -2.06	 -0.00	  1.53	 -1.97	 -0.00	 -0.29	  2.36	 -2.24	 -0.00	 -2.45	  2.81	 -0.53	
 -0.00	  0.86	 -2.06	 -0.00	  1.53	 -1.97	 -0.00	 -0.29	  2.36	 -2.24	 -0.00	 -2.45	  2.81	 -0.54	
 -0.00	  0.87	 -2.06	 -0.00	  1.53	 -1.97	 -0.00	 -0.29	  2.35	 -2.24	 -0.00	 -2.45	  2.82	 -0.54	
 -0.00	  0.87	 -2.06	 -0.00	  1.53	 -1.97	 -0.00	 -0.28	  2.35	 -2.24	 -0.00	 -2.45	  2.82	 -0.54	
 -0.00	  0.87	 -2.06	 -0.00	  1.54	 -1.97	 -0.00	 -0.28	  2.35	 -2.24	 -0.00	 -2.45	  2.82	 -0.55	
 -0.00	  0.87	 -2.06	 -0.00	  1.54	 -1.97	 -0.00	 -0.28	  2.35	 -2.25	 -0.00	 -2.45	  2.82	 -0.55	
 -0.00	  0.87	 -2.06	 -0.00	  1.54	 -1.97	 -0.00	 -0.27	  2.35	 -2.25	 -0.00	 -2.44	  2.82	 -0.55	
 -0.00	  0.88	 -2.06	 -0.00	  1.54	 -1.97	 -0.00	 -0.27	  2.34	 -2.25	 -0.00	 -2.44	  2.82	 -0.56	
 -0.00	  0.88	 -2.06	 -0.00	  1.54	 -1.97	 -0.00	 -0.27	  2.34	 -2.25	 -0.00	 -2.44	  2.82	 -0.56	
 -0.00	  0.88	 -2.07	 -0.00	  1.54	 -1.97	 -0.00	 -0.26	  2.34	 -2.25	 -0.00	 -2.44	  2.83	 -0.56	
 -0.00	  0.88	 -2.07	 -0.00	  1.54	 -1.97	 -0.00	 -0.26	  2.34	 -2.25	 -0.00	 -2.43	  2.83	 -0.57	
 -0.00	  0.89	 -2.07	 -0.00	  1.54	 -1.97	 -0.00	 -0.26	  2.33	 -2.25	 -0.00	 -2.43	  2.83	 -0.57	
 -0.00	  0.89	 -2.07	 -0.00	  1.55	 -1.97	 -0.00	 -0.25	  2.33	 -2.25	 -0.00	 -2.43	  2.83	 -0.58	
 -0.00	  0.89	 -2.07	 -0.00	  1.55	 -1.97	 -0.00	 -0.25	  2.33	 -2.25	 -0.00	 -2.43	  2.83	 -0.58	
 -0.00	  0.89	 -2.07	 -0.00	  1.55	 -1.96	 -0.00	 -0.25	  2.33	 -2.25	 -0.00	 -2.42	  2.83	 -0.58	
 -0.00	  0.90	 -2.07	 -0.00	  1.55	 -1.96	 -0.00	 -0.24	  2.33	 -2.26	 -0.00	 -2.42	  2.84	 -0.59	
 -0.00	  0.90	 -2.07	 -0.00	  1.55	 -1.96	 -0.00	 -0.24	  2.32	 -2.26	 -0.00	 -2.42	  2.84	 -0.59	
 -0.00	  0.90	 -2.07	 -0.00	  1.55	 -1.96	 -0.00	 -0.24	  2.32	 -2.26	 -0.00	 -2.42	  2.84	 -0.60	
 -0.00	  0.90	 -2.07	 -0.00	  1.55	 -1.96	 -0.00	 -0.23	  2.32	 -2.26	 -0.00	 -2.41	  2.84	 -0.60	
 -0.00	  0.91	 -2.07	 -0.00	  1.55	 -1.96	 -0.00	 -0.23	  2.32	 -2.26	 -0.00	 -2.41	  2.84	 -0.61	
 -0.00	  0.91	 -2.07	 -0.00	  1.55	 -1.96	 -0.00	 -0.23	  2.31	 -2.26	 -0.00	 -2.41	  2.84	 -0.61	
 -0.00	  0.91	 -2.08	 -0.00	  1.56	 -1.96	 -0.00	 -0.22	  2.31	 -2.26	 -0.00	 -2.40	  2.84	 -0.61	
 -0.00	  0.91	 -2.08	 -0.00	  1.56	 -1.96	 -0.00	 -0.22	  2.31	 -2.26	 -0.00	 -2.40	  2.85	 -0.62	
 -0.00	  0.91	 -2.08	 -0.00	  1.56	 -1.96	 -0.00	 -0.22	  2.31	 -2.26	 -0.00	 -2.40	  2.85	 -0.62	
 -0.00	  0.92	 -2.08	 -0.00	  1.56	 -1.95	 -0.00	 -0.21	  2.30	 -2.26	 -0.00	 -2.39	  2.85	 -0.63	
 -0.00	  0.92	 -2.08	 -0.00	  1.56	 -1.95	 -0.00	 -0.21	  2.30	 -2.27	 -0.00	 -2.39	  2.85	 -0.63	
 -0.00	  0.92	 -2.08	 -0.00	  1.56	 -1.95	 -0.00	 -0.21	  2.30	 -2.27	 -0.00	 -2.39	  2.85	 -0.64	
 -0.00	  0.92	 -2.08	 -0.00	  1.56	 -1.95	 -0.00	 -0.20	  2.30	 -2.27	 -0.00	 -2.38	  2.85	 -0.64	
 -0.00	  0.93	 -2.08	 -0.00	  1.56	 -1.95	 -0.00	 -0.20	  2.29	 -2.27	 -0.00	 -2.38	  2.85	 -0.65	
 -0.00	  0.93	 -2.08	 -0.00	  1.56	 -1.95	 -0.00	 -0.20	  2.29	 -2.27	 -0.00	 -2.37	  2.85	 -0.65	
 -0.00	  0.93	 -2.08	 -0.00	  1.57	 -1.95	 -0.00	 -0.19	  2.29	 -2.27	 -0.00	 -2.37	  2.86	 -0.66	
 -0.00	  0.93	 -2.08	 -0.00	  1.57	 -1.95	 -0.00	 -0.19	  2.29	 -2.27	 -0.00	 -2.37	  2.86	 -0.67	
 -0.00	  0.94	 -2.08	 -0.00	  1.57	 -1.95	 -0.00	 -0.19	  2.28	 -2.27	 -0.00	 -2.36	  2.86	 -0.67	
 -0.00	  0.94	 -2.08	 -0.00	  1.57	 -1.94	 -0.00	 -0.18	  2.28	 -2.27	 -0.00	 -2.36	  2.86	 -0.68	
 -0.00	  0.94	 -2.08	 -0.00	  1.57	 -1.94	 -0.00	 -0.18	  2.28	 -2.27	 -0.00	 -2.35	  2.86	 -0.68	
 -0.00	  0.94	 -2.09	 -0.00	  1.57	 -1.94	 -0.00	 -0.18	  2.27	 -2.27	 -0.00	 -2.35	  2.86	 -0.69	
 -0.00	  0.95	 -2.09	 -0.00	  1.57	 -1.94	 -0.00	 -0.17	  2.27	 -2.27	 -0.00	 -2.34	  2.86	 -0.69	
 -0.00	  0.95	 -2.09	 -0.00	  1.57	 -1.94	 -0.00	 -0.17	  2.27	 -2.27	 -0.00	 -2.34	  2.86	 -0.70	
 -0.00	  0.95	 -2.09	 -0.00	  1.57	 -1.94	 -0.00	 -0.17	  2.27	 -2.27	 -0.00	 -2.33	  2.86	 -0.71	
 -0.00	  0.95	 -2.09	 -0.00	  1.57	 -1.94	 -0.00	 -0.16	  2.26	 -2.28	 -0.00	 -2.33	  2.87	 -0.71	
 -0.00	  0.96	 -2.09	 -0.00	  1.58	 -1.94	 -0.00	 -0.16	  2.26	 -2.28	 -0.00	 -2.32	  2.87	 -0.72	
 -0.00	  0.96	 -2.09	 -0.00	  1.58	 -1.93	 -0.00	 -0.16	  2.26	 -2.28	 -0.00	 -2.32	  2.87	 -0.72	
 -0.00	  0.96	 -2.09	 -0.00	  1.58	 -1.93	 -0.00	 -0.15	  2.26	 -2.28	 -0.00	 -2.31	  2.87	 -0.73	
 -0.00	  0.96	 -2.09	 -0.00	  1.58	 -1.93	 -0.00	 -0.15	  2.25	 -2.28	 -0.00	 -2.31	  2.87	 -0.74	
 -0.00	  0.97	 -2.09	 -0.00	  1.58	 -1.93	 -0.00	 -0.15	  2.25	 -2.28	 -0.00	 -2.30	  2.87	 -0.74	
 -0.00	  0.97	 -2.09	 -0.00	  1.58	 -1.93	 -0.00	 -0.14	  2.25	 -2.28	 -0.00	 -2.29	  2.87	 -0.75	
 -0.00	  0.97	 -2.09	 -0.00	  1.58	 -1.93	 -0.00	 -0.14	  2.24	 -2.28	 -0.00	 -2.29	  2.87	 -0.76	
 -0.00	  0.98	 -2.09	 -0.00	  1.58	 -1.93	 -0.00	 -0.14	  2.24	 -2.28	 -0.00	 -2.28	  2.87	 -0.76	
 -0.00	  0.98	 -2.09	 -0.00	  1.58	 -1.93	 -0.00	 -0.13	  2.24	 -2.28	 -0.00	 -2.28	  2.87	 -0.77	
 -0.00	  0.98	 -2.09	 -0.00	  1.58	 -1.92	 -0.00	 -0.13	  2.24	 -2.28	 -0.00	 -2.27	  2.87	 -0.78	
 -0.00	  0.98	 -2.09	 -0.00	  1.59	 -1.92	 -0.00	 -0.13	  2.23	 -2.28	 -0.00	 -2.26	  2.87	 -0.78	
 -0.00	  0.99	 -2.09	 -0.00	  1.59	 -1.92	 -0.00	 -0.12	  2.23	 -2.28	 -0.00	 -2.26	  2.87	 -0.79	
 -0.00	  0.99	 -2.09	 -0.00	  1.59	 -1.92	 -0.00	 -0.12	  2.23	 -2.28	 -0.00	 -2.25	  2.88	 -0.80	
 -0.00	  0.99	 -2.10	 -0.00	  1.59	 -1.92	 -0.00	 -0.12	  2.22	 -2.28	 -0.00	 -2.24	  2.88	 -0.81	
 -0.00	  0.99	 -2.10	 -0.00	  1.59	 -1.92	 -0.00	 -0.11	  2.22	 -2.28	 -0.00	 -2.24	  2.88	 -0.81	
 -0.00	  0.99	 -2.10	 -0.00	  1.59	 -1.92	 -0.00	 -0.11	  2.22	 -2.28	 -0.00	 -2.23	  2.88	 -0.82	
 -0.00	  1.00	 -2.10	 -0.00	  1.59	 -1.91	 -0.00	 -0.11	  2.22	 -2.28	 -0.00	 -2.22	  2.88	 -0.83	
 -0.00	  1.00	 -2.10	 -0.00	  1.59	 -1.91	 -0.00	 -0.10	  2.21	 -2.28	 -0.00	 -2.22	  2.88	 -0.84	
 -0.00	  1.00	 -2.10	 -0.00	  1.59	 -1.91	 -0.00	 -0.10	  2.21	 -2.28	 -0.00	 -2.21	  2.88	 -0.84	
 -0.00	  1.00	 -2.10	 -0.00	  1.59	 -1.91	 -0.00	 -0.10	  2.21	 -2.28	 -0.00	 -2.20	  2.88	 -0.85	
 -0.00	  1.01	 -2.10	 -0.00	  1.59	 -1.91	 -0.00	 -0.09	  2.20	 -2.28	 -0.00	 -2.20	  2.88	 -0.86	
 -0.00	  1.01	 -2.10	 -0.00	  1.59	 -1.91	 -0.00	 -0.09	  2.20	 -2.28	 -0.00	 -2.19	  2.88	 -0.87	
 -0.00	  1.01	 -2.10	 -0.00	  1.59	 -1.91	 -0.00	 -0.09	  2.20	 -2.28	 -0.00	 -2.18	  2.88	 -0.87	
 -0.00	  1.01	 -2.10	 -0.00	  1.60	 -1.90	 -0.00	 -0.09	  2.20	 -2.28	 -0.00	 -2.17	  2.88	 -0.88	
 -0.00	  1.02	 -2.10	 -0.00	  1.60	 -1.90	 -0.00	 -0.08	  2.19	 -2.28	 -0.00	 -2.17	  2.88	 -0.89	
 -0.00	  1.02	 -2.10	 -0.00	  1.60	 -1.90	 -0.00	 -0.08	  2.19	 -2.28	 -0.00	 -2.16	  2.88	 -0.90	
 -0.00	  1.02	 -2.10	 -0.00	  1.60	 -1.90	 -0.00	 -0.08	  2.19	 -2.28	 -0.00	 -2.15	  2.88	 -0.90	
 -0.00	  1.02	 -2.10	 -0.00	  1.60	 -1.90	 -0.00	 -0.07	  2.18	 -2.29	 -0.00	 -2.14	  2.88	 -0.91	
 -0.00	  1.03	 -2.10	 -0.00	  1.60	 -1.90	 -0.00	 -0.07	  2.18	 -2.29	 -0.00	 -2.13	  2.88	 -0.92	
 -0.00	  1.03	 -2.10	 -0.00	  1.60	 -1.89	 -0.00	 -0.07	  2.18	 -2.29	 -0.00	 -2.13	  2.88	 -0.93	
 -0.00	  1.03	 -2.10	 -0.00	  1.60	 -1.89	 -0.00	 -0.06	  2.18	 -2.29	 -0.00	 -2.12	  2.88	 -0.94	
 -0.00	  1.03	 -2.10	 -0.00	  1.60	 -1.89	 -0.00	 -0.06	  2.17	 -2.29	 -0.00	 -2.11	  2.88	 -0.94	
 -0.00	  1.04	 -2.10	 -0.00	  1.60	 -1.89	 -0.00	 -0.06	  2.17	 -2.29	 -0.00	 -2.10	  2.88	 -0.95	
 -0.00	  1.04	 -2.10	 -0.00	  1.60	 -1.89	 -0.00	 -0.06	  2.17	 -2.29	 -0.00	 -2.09	  2.88	 -0.96	
 -0.00	  1.04	 -2.10	 -0.00	  1.60	 -1.89	 -0.00	 -0.05	  2.16	 -2.29	 -0.00	 -2.08	  2.88	 -0.97	
 -0.00	  1.04	 -2.10	 -0.00	  1.60	 -1.88	 -0.00	 -0.05	  2.16	 -2.29	 -0.00	 -2.08	  2.88	 -0.98	
 -0.00	  1.04	 -2.10	 -0.00	  1.60	 -1.88	 -0.00	 -0.05	  2.16	 -2.29	 -0.00	 -2.07	  2.88	 -0.98	
 -0.00	  1.05	 -2.10	 -0.00	  1.60	 -1.88	 -0.00	 -0.05	  2.16	 -2.29	 -0.00	 -2.06	  2.88	 -0.99	
 -0.00	  1.05	 -2.10	 -0.00	  1.60	 -1.88	 -0.00	 -0.04	  2.15	 -2.28	 -0.00	 -2.05	  2.88	 -1.00	
 -0.00	  1.05	 -2.10	 -0.00	  1.60	 -1.88	 -0.00	 -0.04	  2.15	 -2.28	 -0.00	 -2.04	  2.88	 -1.01	
 -0.00	  1.05	 -2.10	 -0.00	  1.60	 -1.88	 -0.00	 -0.04	  2.15	 -2.28	 -0.00	 -2.03	  2.88	 -1.02	
 -0.00	  1.06	 -2.10	 -0.00	  1.61	 -1.88	 -0.00	 -0.03	  2.14	 -2.28	 -0.00	 -2.03	  2.88	 -1.02	
 -0.00	  1.06	 -2.10	 -0.00	  1.61	 -1.87	 -0.00	 -0.03	  2.14	 -2.28	 -0.00	 -2.02	  2.88	 -1.03	
 -0.00	  1.06	 -2.10	 -0.00	  1.61	 -1.87	 -0.00	 -0.03	  2.14	 -2.28	 -0.00	 -2.01	  2.88	 -1.04	
 -0.00	  1.06	 -2.10	 -0.00	  1.61	 -1.87	 -0.00	 -0.03	  2.14	 -2.28	 -0.00	 -2.00	  2.87	 -1.05	
 -0.00	  1.06	 -2.10	 -0.00	  1.61	 -1.87	 -0.00	 -0.02	  2.13	 -2.28	 -0.00	 -1.99	  2.87	 -1.06	
 -0.00	  1.07	 -2.10	 -0.00	  1.61	 -1.87	 -0.00	 -0.02	  2.13	 -2.28	 -0.00	 -1.98	  2.87	 -1.06	
 -0.00	  1.07	 -2.10	 -0.00	  1.61	 -1.87	 -0.00	 -0.02	  2.13	 -2.28	 -0.00	 -1.98	  2.87	 -1.07	
 -0.00	  1.07	 -2.10	 -0.00	  1.61	 -1.86	 -0.00	 -0.02	  2.12	 -2.28	 -0.00	 -1.97	  2.87	 -1.08	
 -0.00	  1.07	 -2.10	 -0.00	  1.61	 -1.86	 -0.00	 -0.01	  2.12	 -2.28	 -0.00	 -1.96	  2.87	 -1.09	
 -0.00	  1.07	 -2.10	 -0.00	  1.61	 -1.86	 -0.00	 -0.01	  2.12	 -2.28	 -0.00	 -1.95	  2.87	 -1.10	
 -0.00	  1.08	 -2.10	 -0.00	  1.61	 -1.86	 -0.00	 -0.01	  2.12	 -2.28	 -0.00	 -1.94	  2.87	 -1.10	
 -0.00	  1.08	 -2.10	 -0.00	  1.61	 -1.86	 -0.00	 -0.01	  2.11	 -2.28	 -0.00	 -1.93	  2.87	 -1.11	
 -0.00	  1.08	 -2.10	 -0.00	  1.61	 -1.86	 -0.00	 -0.00	  2.11	 -2.28	 -0.00	 -1.93	  2.87	 -1.12	
 -0.00	  1.08	 -2.10	 -0.00	  1.61	 -1.85	 -0.00	 -0.00	  2.11	 -2.28	 -0.00	 -1.92	  2.87	 -1.13	
 -0.00	  1.08	 -2.10	 -0.00	  1.61	 -1.85	 -0.00	  0.00	  2.11	 -2.28	 -0.00	 -1.91	  2.87	 -1.13	
 -0.00	  1.09	 -2.10	 -0.00	  1.61	 -1.85	 -0.00	  0.00	  2.10	 -2.28	 -0.00	 -1.90	  2.87	 -1.14	
 -0.00	  1.09	 -2.10	 -0.00	  1.61	 -1.85	 -0.00	  0.01	  2.10	 -2.28	 -0.00	 -1.89	  2.87	 -1.15	
 -0.00	  1.09	 -2.10	 -0.00	  1.61	 -1.85	 -0.00	  0.01	  2.10	 -2.28	 -0.00	 -1.88	  2.86	 -1.16	
 -0.00	  1.09	 -2.10	 -0.00	  1.61	 -1.85	 -0.00	  0.01	  2.10	 -2.28	 -0.00	 -1.88	  2.86	 -1.16	
 -0.00	  1.09	 -2.10	 -0.00	  1.61	 -1.84	 -0.00	  0.01	  2.09	 -2.28	 -0.00	 -1.87	  2.86	 -1.17	
 -0.00	  1.09	 -2.10	 -0.00	  1.61	 -1.84	 -0.00	  0.01	  2.09	 -2.28	 -0.00	 -1.86	  2.86	 -1.18	
 -0.00	  1.10	 -2.10	 -0.00	  1.61	 -1.84	 -0.00	  0.02	  2.09	 -2.28	 -0.00	 -1.85	  2.86	 -1.18	
 -0.00	  1.10	 -2.10	 -0.00	  1.61	 -1.84	 -0.00	  0.02	  2.09	 -2.28	 -0.00	 -1.84	  2.86	 -1.19	
 -0.00	  1.10	 -2.10	 -0.00	  1.61	 -1.84	 -0.00	  0.02	  2.08	 -2.28	 -0.00	 -1.84	  2.86	 -1.20	
 -0.00	  1.10	 -2.10	 -0.00	  1.61	 -1.84	 -0.00	  0.02	  2.08	 -2.28	 -0.00	 -1.83	  2.86	 -1.20	
 -0.00	  1.10	 -2.10	 -0.00	  1.61	 -1.84	 -0.00	  0.02	  2.08	 -2.28	 -0.00	 -1.82	  2.86	 -1.21	
 -0.00	  1.10	 -2.10	 -0.00	  1.61	 -1.83	 -0.00	  0.03	  2.08	 -2.28	 -0.00	 -1.81	  2.86	 -1.22	
 -0.00	  1.11	 -2.10	 -0.00	  1.61	 -1.83	 -0.00	  0.03	  2.07	 -2.28	 -0.00	 -1.81	  2.86	 -1.22	
 -0.00	  1.11	 -2.10	 -0.00	  1.61	 -1.83	 -0.00	  0.03	  2.07	 -2.28	 -0.00	 -1.80	  2.85	 -1.23	
 -0.00	  1.11	 -2.10	 -0.00	  1.61	 -1.83	 -0.00	  0.03	  2.07	 -2.28	 -0.00	 -1.79	  2.85	 -1.24	
 -0.00	  1.11	 -2.10	 -0.00	  1.61	 -1.83	 -0.00	  0.03	  2.07	 -2.28	 -0.00	 -1.78	  2.85	 -1.24	
 -0.00	  1.11	 -2.10	 -0.00	  1.61	 -1.83	 -0.00	  0.04	  2.06	 -2.28	 -0.00	 -1.78	  2.85	 -1.25	
 -0.00	  1.11	 -2.10	 -0.00	  1.61	 -1.82	 -0.00	  0.04	  2.06	 -2.27	 -0.00	 -1.77	  2.85	 -1.26	
 -0.00	  1.12	 -2.10	 -0.00	  1.61	 -1.82	 -0.00	  0.04	  2.06	 -2.27	 -0.00	 -1.76	  2.85	 -1.26	
 -0.00	  1.12	 -2.10	 -0.00	  1.61	 -1.82	 -0.00	  0.04	  2.06	 -2.27	 -0.00	 -1.76	  2.85	 -1.27	
 -0.00	  1.12	 -2.10	 -0.00	  1.61	 -1.82	 -0.00	  0.04	  2.06	 -2.27	 -0.00	 -1.75	  2.85	 -1.27	
 -0.00	  1.12	 -2.10	 -0.00	  1.61	 -1.82	 -0.00	  0.05	  2.05	 -2.27	 -0.00	 -1.74	  2.85	 -1.28	
 -0.00	  1.12	 -2.10	 -0.00	  1.61	 -1.82	 -0.00	  0.05	  2.05	 -2.27	 -0.00	 -1.74	  2.85	 -1.28	
 -0.00	  1.12	 -2.10	 -0.00	  1.61	 -1.82	 -0.00	  0.05	  2.05	 -2.27	 -0.00	 -1.73	  2.84	 -1.29	
 -0.00	  1.12	 -2.10	 -0.00	  1.61	 -1.81	 -0.00	  0.05	  2.05	 -2.27	 -0.00	 -1.72	  2.84	 -1.29	
 -0.00	  1.12	 -2.10	 -0.00	  1.61	 -1.81	 -0.00	  0.05	  2.05	 -2.27	 -0.00	 -1.72	  2.84	 -1.30	
 -0.00	  1.13	 -2.10	 -0.00	  1.61	 -1.81	 -0.00	  0.05	  2.04	 -2.27	 -0.00	 -1.71	  2.84	 -1.31	
 -0.00	  1.13	 -2.10	 -0.00	  1.61	 -1.81	 -0.00	  0.06	  2.04	 -2.27	 -0.00	 -1.70	  2.84	 -1.31	
 -0.00	  1.13	 -2.10	 -0.00	  1.61	 -1.81	 -0.00	  0.06	  2.04	 -2.27	 -0.00	 -1.70	  2.84	 -1.32	
 -0.00	  1.13	 -2.10	 -0.00	  1.61	 -1.81	 -0.00	  0.06	  2.04	 -2.27	 -0.00	 -1.69	  2.84	 -1.32	
 -0.00	  1.13	 -2.09	 -0.00	  1.61	 -1.81	 -0.00	  0.06	  2.04	 -2.27	 -0.00	 -1.69	  2.84	 -1.32	
 -0.00	  1.13	 -2.09	 -0.00	  1.61	 -1.81	 -0.00	  0.06	  2.03	 -2.27	 -0.00	 -1.68	  2.84	 -1.33	
 -0.00	  1.13	 -2.09	 -0.00	  1.61	 -1.80	 -0.00	  0.06	  2.03	 -2.27	 -0.00	 -1.68	  2.84	 -1.33	
 -0.00	  1.13	 -2.09	 -0.00	  1.61	 -1.80	 -0.00	  0.06	  2.03	 -2.27	 -0.00	 -1.67	  2.83	 -1.34	
 -0.00	  1.13	 -2.09	 -0.00	  1.61	 -1.80	 -0.00	  0.06	  2.03	 -2.27	 -0.00	 -1.67	  2.83	 -1.34	
 -0.00	  1.14	 -2.09	 -0.00	  1.61	 -1.80	 -0.00	  0.07	  2.03	 -2.27	 -0.00	 -1.66	  2.83	 -1.35	
 -0.00	  1.14	 -2.09	 -0.00	  1.61	 -1.80	 -0.00	  0.07	  2.03	 -2.27	 -0.00	 -1.66	  2.83	 -1.35	
 -0.00	  1.14	 -2.09	 -0.00	  1.61	 -1.80	 -0.00	  0.07	  2.02	 -2.27	 -0.00	 -1.65	  2.83	 -1.35	
 -0.00	  1.14	 -2.09	 -0.00	  1.61	 -1.80	 -0.00	  0.07	  2.02	 -2.27	 -0.00	 -1.65	  2.83	 -1.36	
 -0.00	  1.14	 -2.09	 -0.00	  1.61	 -1.80	 -0.00	  0.07	  2.02	 -2.27	 -0.00	 -1.64	  2.83	 -1.36	
 -0.00	  1.14	 -2.09	 -0.00	  1.61	 -1.80	 -0.00	  0.07	  2.02	 -2.27	 -0.00	 -1.64	  2.83	 -1.37	
 -0.00	  1.14	 -2.09	 -0.00	  1.61	 -1.80	 -0.00	  0.07	  2.02	 -2.27	 -0.00	 -1.63	  2.83	 -1.37	
 -0.00	  1.14	 -2.09	 -0.00	  1.61	 -1.80	 -0.00	  0.08	  2.02	 -2.27	 -0.00	 -1.63	  2.83	 -1.37	
 -0.00	  1.14	 -2.09	 -0.00	  1.62	 -1.80	 -0.00	  0.08	  2.02	 -2.27	 -0.00	 -1.62	  2.82	 -1.38	
 -0.00	  1.14	 -2.09	 -0.00	  1.62	 -1.80	 -0.00	  0.08	  2.02	 -2.27	 -0.00	 -1.62	  2.82	 -1.38	
 -0.00	  1.14	 -2.09	 -0.00	  1.62	 -1.80	 -0.00	  0.08	  2.02	 -2.27	 -0.00	 -1.61	  2.82	 -1.38	
 -0.00	  1.14	 -2.09	 -0.00	  1.62	 -1.80	 -0.00	  0.08	  2.01	 -2.27	 -0.00	 -1.61	  2.82	 -1.39	
 -0.00	  1.14	 -2.09	 -0.00	  1.62	 -1.80	 -0.00	  0.08	  2.01	 -2.27	 -0.00	 -1.61	  2.82	 -1.39	
 -0.00	  1.15	 -2.09	 -0.00	  1.62	 -1.80	 -0.00	  0.08	  2.01	 -2.27	 -0.00	 -1.60	  2.82	 -1.39	
 -0.00	  1.15	 -2.09	 -0.00	  1.62	 -1.80	 -0.00	  0.08	  2.01	 -2.27	 -0.00	 -1.60	  2.82	 -1.40	
 -0.00	  1.15	 -2.09	 -0.00	  1.62	 -1.80	 -0.00	  0.08	  2.01	 -2.27	 -0.00	 -1.59	  2.82	 -1.40	
 -0.00	  1.15	 -2.09	 -0.00	  1.62	 -1.80	 -0.00	  0.09	  2.01	 -2.27	 -0.00	 -1.59	  2.82	 -1.40	
 -0.00	  1.15	 -2.09	 -0.00	  1.62	 -1.80	 -0.00	  0.09	  2.01	 -2.27	 -0.00	 -1.59	  2.82	 -1.40	
 -0.00	  1.15	 -2.09	 -0.00	  1.62	 -1.80	 -0.00	  0.09	  2.01	 -2.28	 -0.00	 -1.58	  2.82	 -1.41	
 -0.00	  1.15	 -2.09	 -0.00	  1.63	 -1.80	 -0.00	  0.09	  2.01	 -2.28	 -0.00	 -1.58	  2.82	 -1.41	
 -0.00	  1.15	 -2.09	 -0.00	  1.63	 -1.80	 -0.00	  0.09	  2.01	 -2.28	 -0.00	 -1.58	  2.81	 -1.41	
 -0.00	  1.15	 -2.09	 -0.00	  1.63	 -1.80	 -0.00	  0.09	  2.01	 -2.28	 -0.00	 -1.57	  2.81	 -1.41	
 -0.00	  1.15	 -2.09	 -0.00	  1.63	 -1.80	 -0.00	  0.09	  2.01	 -2.28	 -0.00	 -1.57	  2.81	 -1.42	
 -0.00	  1.15	 -2.08	 -0.00	  1.63	 -1.81	 -0.00	  0.09	  2.02	 -2.28	 -0.00	 -1.57	  2.81	 -1.42	
 -0.00	  1.15	 -2.08	 -0.00	  1.63	 -1.81	 -0.00	  0.09	  2.02	 -2.29	 -0.00	 -1.56	  2.81	 -1.42	
 -0.00	  1.15	 -2.08	 -0.00	  1.63	 -1.81	 -0.00	  0.10	  2.02	 -2.29	 -0.00	 -1.56	  2.81	 -1.42	
 -0.00	  1.15	 -2.08	 -0.00	  1.64	 -1.81	 -0.00	  0.10	  2.02	 -2.29	 -0.00	 -1.56	  2.81	 -1.43	
 -0.00	  1.15	 -2.08	 -0.00	  1.64	 -1.81	 -0.00	  0.10	  2.02	 -2.29	 -0.00	 -1.56	  2.81	 -1.43	
 -0.00	  1.15	 -2.08	 -0.00	  1.64	 -1.82	 -0.00	  0.10	  2.02	 -2.29	 -0.00	 -1.55	  2.81	 -1.43	
 -0.00	  1.15	 -2.08	 -0.00	  1.64	 -1.82	 -0.00	  0.10	  2.02	 -2.30	 -0.00	 -1.55	  2.81	 -1.43	
 -0.00	  1.15	 -2.08	 -0.00	  1.64	 -1.82	 -0.00	  0.10	  2.02	 -2.30	 -0.00	 -1.55	  2.81	 -1.43	
 -0.00	  1.15	 -2.08	 -0.00	  1.65	 -1.82	 -0.00	  0.10	  2.02	 -2.30	 -0.00	 -1.55	  2.81	 -1.44	
 -0.00	  1.15	 -2.08	 -0.00	  1.65	 -1.82	 -0.00	  0.10	  2.03	 -2.30	 -0.00	 -1.54	  2.81	 -1.44	
 -0.00	  1.15	 -2.08	 -0.00	  1.65	 -1.83	 -0.00	  0.10	  2.03	 -2.31	 -0.00	 -1.54	  2.80	 -1.44	
 -0.00	  1.15	 -2.08	 -0.00	  1.65	 -1.83	 -0.00	  0.10	  2.03	 -2.31	 -0.00	 -1.54	  2.80	 -1.44	
 -0.00	  1.16	 -2.08	 -0.00	  1.66	 -1.83	 -0.00	  0.10	  2.03	 -2.31	 -0.00	 -1.54	  2.80	 -1.44	
 -0.00	  1.16	 -2.08	 -0.00	  1.66	 -1.84	 -0.00	  0.11	  2.03	 -2.31	 -0.00	 -1.53	  2.80	 -1.44	
 -0.00	  1.16	 -2.08	 -0.00	  1.66	 -1.84	 -0.00	  0.11	  2.04	 -2.32	 -0.00	 -1.53	  2.80	 -1.44	
 -0.00	  1.16	 -2.08	 -0.00	  1.66	 -1.84	 -0.00	  0.11	  2.04	 -2.32	 -0.00	 -1.53	  2.80	 -1.45	
 -0.00	  1.16	 -2.08	 -0.00	  1.67	 -1.85	 -0.00	  0.11	  2.04	 -2.32	 -0.00	 -1.53	  2.80	 -1.45	
 -0.00	  1.16	 -2.08	 -0.00	  1.67	 -1.85	 -0.00	  0.11	  2.04	 -2.33	 -0.00	 -1.53	  2.80	 -1.45	
 -0.00	  1.16	 -2.08	 -0.00	  1.67	 -1.85	 -0.00	  0.11	  2.05	 -2.33	 -0.00	 -1.52	  2.80	 -1.45	
 -0.00	  1.16	 -2.08	 -0.00	  1.67	 -1.86	 -0.00	  0.11	  2.05	 -2.33	 -0.00	 -1.52	  2.80	 -1.45	
 -0.00	  1.16	 -2.08	 -0.00	  1.68	 -1.86	 -0.00	  0.11	  2.05	 -2.34	 -0.00	 -1.52	  2.80	 -1.45	
 -0.00	  1.16	 -2.08	 -0.00	  1.68	 -1.86	 -0.00	  0.11	  2.05	 -2.34	 -0.00	 -1.52	  2.80	 -1.45	
 -0.00	  1.16	 -2.08	 -0.00	  1.68	 -1.87	 -0.00	  0.11	  2.06	 -2.34	 -0.00	 -1.52	  2.80	 -1.45	
 -0.00	  1.16	 -2.08	 -0.00	  1.68	 -1.87	 -0.00	  0.11	  2.06	 -2.35	 -0.00	 -1.52	  2.80	 -1.46	
 -0.00	  1.16	 -2.08	 -0.00	  1.69	 -1.88	 -0.00	  0.11	  2.06	 -2.35	 -0.00	 -1.51	  2.80	 -1.46	
 -0.00	  1.16	 -2.08	 -0.00	  1.69	 -1.88	 -0.00	  0.11	  2.07	 -2.35	 -0.00	 -1.51	  2.80	 -1.46	
 -0.00	  1.16	 -2.08	 -0.00	  1.69	 -1.88	 -0.00	  0.11	  2.07	 -2.36	 -0.00	 -1.51	  2.80	 -1.46	
 -0.00	  1.16	 -2.08	 -0.00	  1.69	 -1.89	 -0.00	  0.11	  2.07	 -2.36	 -0.00	 -1.51	  2.80	 -1.46	
 -0.00	  1.16	 -2.08	 -0.00	  1.70	 -1.89	 -0.00	  0.11	  2.08	 -2.37	 -0.00	 -1.51	  2.79	 -1.46	
 -0.00	  1.16	 -2.08	 -0.00	  1.70	 -1.90	 -0.00	  0.11	  2.08	 -2.37	 -0.00	 -1.51	  2.79	 -1.46	
 -0.00	  1.16	 -2.07	 -0.00	  1.70	 -1.90	 -0.00	  0.11	  2.09	 -2.37	 -0.00	 -1.51	  2.79	 -1.46	
 -0.00	  1.16	 -2.07	 -0.00	  1.71	 -1.91	 -0.00	  0.11	  2.09	 -2.38	 -0.00	 -1.50	  2.79	 -1.46	
 -0.00	  1.16	 -2.07	 -0.00	  1.71	 -1.91	 -0.00	  0.11	  2.09	 -2.38	 -0.00	 -1.50	  2.79	 -1.46	
 -0.00	  1.16	 -2.07	 -0.00	  1.71	 -1.91	 -0.00	  0.11	  2.10	 -2.38	 -0.00	 -1.50	  2.79	 -1.46	
 -0.00	  1.16	 -2.07	 -0.00	  1.71	 -1.92	 -0.00	  0.11	  2.10	 -2.39	 -0.00	 -1.50	  2.79	 -1.46	
 -0.00	  1.16	 -2.07	 -0.00	  1.72	 -1.92	 -0.00	  0.11	  2.11	 -2.39	 -0.00	 -1.50	  2.79	 -1.47	
 -0.00	  1.16	 -2.07	 -0.00	  1.72	 -1.93	 -0.00	  0.11	  2.11	 -2.40	 -0.00	 -1.50	  2.79	 -1.47	
 -0.00	  1.16	 -2.07	 -0.00	  1.72	 -1.93	 -0.00	  0.11	  2.11	 -2.40	 -0.00	 -1.50	  2.79	 -1.47	
 -0.00	  1.16	 -2.07	 -0.00	  1.72	 -1.94	 -0.00	  0.11	  2.12	 -2.40	 -0.00	 -1.50	  2.79	 -1.47	
 -0.00	  1.16	 -2.07	 -0.00	  1.73	 -1.94	 -0.00	  0.11	  2.12	 -2.41	 -0.00	 -1.50	  2.79	 -1.47	
 -0.00	  1.16	 -2.07	 -0.00	  1.73	 -1.95	 -0.00	  0.11	  2.13	 -2.41	 -0.00	 -1.50	  2.79	 -1.47	
 -0.00	  1.16	 -2.07	 -0.00	  1.73	 -1.95	 -0.00	  0.11	  2.13	 -2.41	 -0.00	 -1.50	  2.79	 -1.47	
 -0.00	  1.16	 -2.07	 -0.00	  1.73	 -1.96	 -0.00	  0.11	  2.14	 -2.42	 -0.00	 -1.49	  2.79	 -1.47	
 -0.00	  1.16	 -2.07	 -0.00	  1.73	 -1.96	 -0.00	  0.10	  2.14	 -2.42	 -0.00	 -1.49	  2.79	 -1.47	
 -0.00	  1.16	 -2.07	 -0.00	  1.74	 -1.97	 -0.00	  0.10	  2.15	 -2.42	 -0.00	 -1.49	  2.79	 -1.47	
 -0.00	  1.16	 -2.07	 -0.00	  1.74	 -1.97	 -0.00	  0.10	  2.15	 -2.43	 -0.00	 -1.49	  2.79	 -1.47	
 -0.00	  1.16	 -2.07	 -0.00	  1.74	 -1.98	 -0.00	  0.10	  2.16	 -2.43	 -0.00	 -1.49	  2.79	 -1.47	
 -0.00	  1.16	 -2.07	 -0.00	  1.74	 -1.98	 -0.00	  0.10	  2.16	 -2.44	 -0.00	 -1.49	  2.79	 -1.47	
 -0.00	  1.16	 -2.07	 -0.00	  1.74	 -1.98	 -0.00	  0.10	  2.17	 -2.44	 -0.00	 -1.49	  2.79	 -1.47	
 -0.00	  1.16	 -2.07	 -0.00	  1.74	 -1.99	 -0.00	  0.09	  2.17	 -2.44	 -0.00	 -1.49	  2.79	 -1.47	
 -0.00	  1.16	 -2.07	 -0.00	  1.75	 -1.99	 -0.00	  0.09	  2.18	 -2.45	 -0.00	 -1.49	  2.79	 -1.47	
 -0.00	  1.16	 -2.07	 -0.00	  1.75	 -2.00	 -0.00	  0.09	  2.18	 -2.45	 -0.00	 -1.49	  2.79	 -1.47	
 -0.00	  1.16	 -2.07	 -0.00	  1.75	 -2.00	 -0.00	  0.09	  2.19	 -2.45	 -0.00	 -1.49	  2.79	 -1.47	
 -0.00	  1.16	 -2.07	 -0.00	  1.75	 -2.01	 -0.00	  0.08	  2.20	 -2.45	 -0.00	 -1.49	  2.79	 -1.47	
 -0.00	  1.16	 -2.07	 -0.00	  1.75	 -2.01	 -0.00	  0.08	  2.20	 -2.46	 -0.00	 -1.49	  2.79	 -1.47	
 -0.00	  1.16	 -2.07	 -0.00	  1.75	 -2.02	 -0.00	  0.08	  2.21	 -2.46	 -0.00	 -1.49	  2.79	 -1.47	
 -0.00	  1.16	 -2.07	 -0.00	  1.75	 -2.02	 -0.00	  0.08	  2.21	 -2.46	 -0.00	 -1.49	  2.79	 -1.47	
 -0.00	  1.16	 -2.07	 -0.00	  1.75	 -2.03	 -0.00	  0.07	  2.22	 -2.47	 -0.00	 -1.49	  2.79	 -1.47	
 -0.00	  1.16	 -2.07	 -0.00	  1.75	 -2.03	 -0.00	  0.07	  2.23	 -2.47	 -0.00	 -1.49	  2.78	 -1.47	
 -0.00	  1.16	 -2.07	 -0.00	  1.75	 -2.04	 -0.00	  0.07	  2.23	 -2.47	 -0.00	 -1.49	  2.78	 -1.47	
 -0.00	  1.16	 -2.07	 -0.00	  1.75	 -2.04	 -0.00	  0.06	  2.24	 -2.47	 -0.00	 -1.49	  2.78	 -1.47	
 -0.00	  1.16	 -2.07	 -0.00	  1.75	 -2.04	 -0.00	  0.06	  2.24	 -2.48	 -0.00	 -1.49	  2.78	 -1.47	
 -0.00	  1.16	 -2.07	 -0.00	  1.75	 -2.05	 -0.00	  0.05	  2.25	 -2.48	 -0.00	 -1.49	  2.78	 -1.47	
 -0.00	  1.16	 -2.07	 -0.00	  1.75	 -2.05	 -0.00	  0.05	  2.26	 -2.48	 -0.00	 -1.49	  2.78	 -1.47	
 -0.00	  1.16	 -2.07	 -0.00	  1.75	 -2.06	 -0.00	  0.04	  2.26	 -2.48	 -0.00	 -1.49	  2.78	 -1.47	
 -0.00	  1.16	 -2.07	 -0.00	  1.75	 -2.06	 -0.00	  0.04	  2.27	 -2.48	 -0.00	 -1.49	  2.78	 -1.47	
 -0.00	  1.16	 -2.07	 -0.00	  1.75	 -2.07	 -0.00	  0.03	  2.28	 -2.48	 -0.00	 -1.49	  2.78	 -1.47	
 -0.00	  1.16	 -2.07	 -0.00	  1.75	 -2.07	 -0.00	  0.03	  2.28	 -2.49	 -0.00	 -1.49	  2.78	 -1.47	
 -0.00	  1.16	 -2.07	 -0.00	  1.75	 -2.07	 -0.00	  0.02	  2.29	 -2.49	 -0.00	 -1.48	  2.78	 -1.47	
 -0.00	  1.16	 -2.07	 -0.00	  1.75	 -2.08	 -0.00	  0.02	  2.30	 -2.49	 -0.00	 -1.48	  2.78	 -1.47	
 -0.00	  1.16	 -2.07	 -0.00	  1.75	 -2.08	 -0.00	  0.01	  2.30	 -2.49	 -0.00	 -1.48	  2.78	 -1.47	
 -0.00	  1.16	 -2.07	 -0.00	  1.75	 -2.09	 -0.00	  0.01	  2.31	 -2.49	 -0.00	 -1.48	  2.78	 -1.47	
 -0.00	  1.16	 -2.07	 -0.00	  1.74	 -2.09	 -0.00	  0.00	  2.32	 -2.49	 -0.00	 -1.48	  2.78	 -1.47	
 -0.00	  1.16	 -2.07	 -0.00	  1.74	 -2.09	 -0.00	 -0.01	  2.32	 -2.49	 -0.00	 -1.48	  2.78	 -1.47	
 -0.00	  1.16	 -2.07	 -0.00	  1.74	 -2.10	 -0.00	 -0.01	  2.33	 -2.49	 -0.00	 -1.48	  2.78	 -1.47	
 -0.00	  1.16	 -2.07	 -0.00	  1.74	 -2.10	 -0.00	 -0.02	  2.34	 -2.49	 -0.00	 -1.48	  2.78	 -1.47	
 -0.00	  1.16	 -2.07	 -0.00	  1.74	 -2.10	 -0.00	 -0.03	  2.34	 -2.49	 -0.00	 -1.48	  2.78	 -1.47	
 -0.00	  1.16	 -2.07	 -0.00	  1.73	 -2.11	 -0.00	 -0.03	  2.35	 -2.49	 -0.00	 -1.48	  2.78	 -1.47	
 -0.00	  1.16	 -2.07	 -0.00	  1.73	 -2.11	 -0.00	 -0.04	  2.36	 -2.49	 -0.00	 -1.48	  2.78	 -1.47	
 -0.00	  1.16	 -2.07	 -0.00	  1.73	 -2.11	 -0.00	 -0.05	  2.37	 -2.49	 -0.00	 -1.48	  2.78	 -1.47	
 -0.00	  1.16	 -2.07	 -0.00	  1.73	 -2.12	 -0.00	 -0.06	  2.37	 -2.49	 -0.00	 -1.48	  2.78	 -1.47	
 -0.00	  1.16	 -2.07	 -0.00	  1.72	 -2.12	 -0.00	 -0.07	  2.38	 -2.49	 -0.00	 -1.48	  2.78	 -1.47	
 -0.00	  1.16	 -2.07	 -0.00	  1.72	 -2.12	 -0.00	 -0.07	  2.39	 -2.49	 -0.00	 -1.48	  2.78	 -1.47	
 -0.00	  1.16	 -2.07	 -0.00	  1.72	 -2.13	 -0.00	 -0.08	  2.39	 -2.49	 -0.00	 -1.48	  2.78	 -1.47	
 -0.00	  1.16	 -2.07	 -0.00	  1.71	 -2.13	 -0.00	 -0.09	  2.40	 -2.48	 -0.00	 -1.48	  2.78	 -1.47	
 -0.00	  1.16	 -2.07	 -0.00	  1.71	 -2.13	 -0.00	 -0.10	  2.41	 -2.48	 -0.00	 -1.48	  2.78	 -1.47	
 -0.00	  1.16	 -2.07	 -0.00	  1.71	 -2.13	 -0.00	 -0.11	  2.42	 -2.48	 -0.00	 -1.48	  2.78	 -1.47	
 -0.00	  1.16	 -2.07	 -0.00	  1.70	 -2.14	 -0.00	 -0.12	  2.42	 -2.48	 -0.00	 -1.48	  2.78	 -1.47	
 -0.00	  1.16	 -2.07	 -0.00	  1.70	 -2.14	 -0.00	 -0.13	  2.43	 -2.48	 -0.00	 -1.48	  2.78	 -1.47	
 -0.00	  1.16	 -2.07	 -0.00	  1.69	 -2.14	 -0.00	 -0.14	  2.44	 -2.47	 -0.00	 -1.48	  2.78	 -1.47	
 -0.00	  1.16	 -2.07	 -0.00	  1.69	 -2.15	 -0.00	 -0.15	  2.45	 -2.47	 -0.00	 -1.48	  2.78	 -1.47	
 -0.00	  1.16	 -2.07	 -0.00	  1.68	 -2.15	 -0.00	 -0.17	  2.46	 -2.47	 -0.00	 -1.48	  2.78	 -1.47	
 -0.00	  1.16	 -2.07	 -0.00	  1.68	 -2.15	 -0.00	 -0.18	  2.46	 -2.46	 -0.00	 -1.48	  2.78	 -1.47	
 -0.00	  1.16	 -2.07	 -0.00	  1.67	 -2.15	 -0.00	 -0.19	  2.47	 -2.46	 -0.00	 -1.48	  2.78	 -1.47	
 -0.00	  1.16	 -2.07	 -0.00	  1.67	 -2.15	 -0.00	 -0.20	  2.48	 -2.45	 -0.00	 -1.48	  2.78	 -1.47	
 -0.00	  1.16	 -2.07	 -0.00	  1.66	 -2.16	 -0.00	 -0.21	  2.49	 -2.45	 -0.00	 -1.48	  2.78	 -1.47	
 -0.00	  1.16	 -2.07	 -0.00	  1.66	 -2.16	 -0.00	 -0.23	  2.50	 -2.44	 -0.00	 -1.48	  2.78	 -1.47	
 -0.00	  1.16	 -2.07	 -0.00	  1.65	 -2.16	 -0.00	 -0.24	  2.50	 -2.44	 -0.00	 -1.48	  2.78	 -1.47	
 -0.00	  1.16	 -2.07	 -0.00	  1.64	 -2.16	 -0.00	 -0.26	  2.51	 -2.43	 -0.00	 -1.48	  2.78	 -1.47	
 -0.00	  1.16	 -2.07	 -0.00	  1.64	 -2.16	 -0.00	 -0.27	  2.52	 -2.42	 -0.00	 -1.48	  2.78	 -1.48	
 -0.00	  1.16	 -2.07	 -0.00	  1.63	 -2.16	 -0.00	 -0.28	  2.53	 -2.42	 -0.00	 -1.48	  2.79	 -1.48	
 -0.00	  1.16	 -2.07	 -0.00	  1.62	 -2.17	 -0.00	 -0.30	  2.54	 -2.41	 -0.00	 -1.48	  2.79	 -1.48	
 -0.00	  1.16	 -2.07	 -0.00	  1.62	 -2.17	 -0.00	 -0.32	  2.54	 -2.40	 -0.00	 -1.48	  2.79	 -1.48	
 -0.00	  1.16	 -2.07	 -0.00	  1.61	 -2.17	 -0.00	 -0.33	  2.55	 -2.40	 -0.00	 -1.48	  2.79	 -1.48	
 -0.00	  1.16	 -2.07	 -0.00	  1.60	 -2.17	 -0.00	 -0.35	  2.56	 -2.39	 -0.00	 -1.48	  2.79	 -1.48	
 -0.00	  1.16	 -2.07	 -0.00	  1.59	 -2.17	 -0.00	 -0.36	  2.57	 -2.38	 -0.00	 -1.48	  2.79	 -1.48	
 -0.00	  1.16	 -2.07	 -0.00	  1.59	 -2.17	 -0.00	 -0.38	  2.58	 -2.37	 -0.00	 -1.48	  2.79	 -1.48	
 -0.00	  1.16	 -2.07	 -0.00	  1.58	 -2.17	 -0.00	 -0.40	  2.58	 -2.36	 -0.00	 -1.48	  2.79	 -1.48	
 -0.00	  1.16	 -2.07	 -0.00	  1.57	 -2.17	 -0.00	 -0.42	  2.59	 -2.35	 -0.00	 -1.48	  2.79	 -1.48	
 -0.00	  1.16	 -2.07	 -0.00	  1.56	 -2.17	 -0.00	 -0.44	  2.60	 -2.34	 -0.00	 -1.48	  2.79	 -1.48	
 -0.00	  1.16	 -2.07	 -0.00	  1.56	 -2.17	 -0.00	 -0.45	  2.61	 -2.33	 -0.00	 -1.48	  2.79	 -1.48	
 -0.00	  1.16	 -2.07	 -0.00	  1.55	 -2.17	 -0.00	 -0.47	  2.61	 -2.32	 -0.00	 -1.48	  2.79	 -1.48	
 -0.00	  1.16	 -2.07	 -0.00	  1.54	 -2.17	 -0.00	 -0.49	  2.62	 -2.30	 -0.00	 -1.48	  2.79	 -1.48	
 -0.00	  1.16	 -2.07	 -0.00	  1.53	 -2.17	 -0.00	 -0.51	  2.63	 -2.29	 -0.00	 -1.48	  2.79	 -1.48	
 -0.00	  1.16	 -2.07	 -0.00	  1.52	 -2.17	 -0.00	 -0.53	  2.64	 -2.28	 -0.00	 -1.48	  2.79	 -1.48	
 -0.00	  1.16	 -2.07	 -0.00	  1.52	 -2.17	 -0.00	 -0.55	  2.64	 -2.27	 -0.00	 -1.48	  2.79	 -1.48	
 -0.00	  1.16	 -2.07	 -0.00	  1.51	 -2.17	 -0.00	 -0.57	  2.65	 -2.25	 -0.00	 -1.48	  2.79	 -1.48	
 -0.00	  1.16	 -2.07	 -0.00	  1.50	 -2.17	 -0.00	 -0.60	  2.66	 -2.24	 -0.00	 -1.48	  2.79	 -1.48	
 -0.00	  1.16	 -2.07	 -0.00	  1.49	 -2.17	 -0.00	 -0.62	  2.66	 -2.22	 -0.00	 -1.48	  2.79	 -1.48	
 -0.00	  1.16	 -2.07	 -0.00	  1.48	 -2.17	 -0.00	 -0.64	  2.67	 -2.21	 -0.00	 -1.48	  2.79	 -1.48	
 -0.00	  1.16	 -2.07	 -0.00	  1.47	 -2.17	 -0.00	 -0.66	  2.68	 -2.19	 -0.00	 -1.48	  2.79	 -1.48	
 -0.00	  1.16	 -2.07	 -0.00	  1.46	 -2.17	 -0.00	 -0.68	  2.68	 -2.18	 -0.00	 -1.48	  2.79	 -1.49	
 -0.00	  1.17	 -2.07	 -0.00	  1.46	 -2.16	 -0.00	 -0.70	  2.69	 -2.16	 -0.00	 -1.48	  2.79	 -1.49	
 -0.00	  1.17	 -2.07	 -0.00	  1.45	 -2.16	 -0.00	 -0.73	  2.70	 -2.14	 -0.00	 -1.48	  2.79	 -1.49	
 -0.00	  1.17	 -2.07	 -0.00	  1.44	 -2.16	 -0.00	 -0.75	  2.70	 -2.13	 -0.00	 -1.48	  2.79	 -1.49	
 -0.00	  1.17	 -2.08	 -0.00	  1.43	 -2.16	 -0.00	 -0.77	  2.71	 -2.11	 -0.00	 -1.48	  2.79	 -1.49	
 -0.00	  1.17	 -2.08	 -0.00	  1.42	 -2.16	 -0.00	 -0.79	  2.71	 -2.09	 -0.00	 -1.47	  2.79	 -1.49	
 -0.00	  1.17	 -2.08	 -0.00	  1.41	 -2.16	 -0.00	 -0.82	  2.72	 -2.08	 -0.00	 -1.47	  2.79	 -1.49	
 -0.00	  1.17	 -2.08	 -0.00	  1.41	 -2.16	 -0.00	 -0.84	  2.72	 -2.06	 -0.00	 -1.47	  2.79	 -1.49	
 -0.00	  1.17	 -2.08	 -0.00	  1.40	 -2.15	 -0.00	 -0.86	  2.73	 -2.04	 -0.00	 -1.47	  2.79	 -1.49	
 -0.00	  1.17	 -2.08	 -0.00	  1.39	 -2.15	 -0.00	 -0.88	  2.73	 -2.02	 -0.00	 -1.47	  2.79	 -1.49	
 -0.00	  1.17	 -2.08	 -0.00	  1.38	 -2.15	 -0.00	 -0.91	  2.74	 -2.01	 -0.00	 -1.47	  2.79	 -1.49	
 -0.00	  1.17	 -2.08	 -0.00	  1.37	 -2.15	 -0.00	 -0.93	  2.74	 -1.99	 -0.00	 -1.47	  2.79	 -1.50	
 -0.00	  1.17	 -2.08	 -0.00	  1.37	 -2.15	 -0.00	 -0.95	  2.75	 -1.97	 -0.00	 -1.47	  2.79	 -1.50	
 -0.00	  1.17	 -2.08	 -0.00	  1.36	 -2.14	 -0.00	 -0.97	  2.75	 -1.95	 -0.00	 -1.47	  2.79	 -1.50	
 -0.00	  1.17	 -2.08	 -0.00	  1.35	 -2.14	 -0.00	 -0.99	  2.75	 -1.94	 -0.00	 -1.47	  2.79	 -1.50	
 -0.00	  1.17	 -2.08	 -0.00	  1.34	 -2.14	 -0.00	 -1.01	  2.76	 -1.92	 -0.00	 -1.46	  2.79	 -1.50	
 -0.00	  1.17	 -2.08	 -0.00	  1.34	 -2.14	 -0.00	 -1.03	  2.76	 -1.90	 -0.00	 -1.46	  2.79	 -1.50	
 -0.00	  1.17	 -2.08	 -0.00	  1.33	 -2.14	 -0.00	 -1.05	  2.76	 -1.89	 -0.00	 -1.46	  2.79	 -1.50	
 -0.00	  1.17	 -2.08	 -0.00	  1.32	 -2.14	 -0.00	 -1.07	  2.77	 -1.87	 -0.00	 -1.46	  2.79	 -1.51	
 -0.00	  1.17	 -2.08	 -0.00	  1.32	 -2.13	 -0.00	 -1.09	  2.77	 -1.85	 -0.00	 -1.46	  2.79	 -1.51	
 -0.00	  1.18	 -2.08	 -0.00	  1.31	 -2.13	 -0.00	 -1.11	  2.77	 -1.84	 -0.00	 -1.46	  2.79	 -1.51	
 -0.00	  1.18	 -2.08	 -0.00	  1.30	 -2.13	 -0.00	 -1.13	  2.77	 -1.82	 -0.00	 -1.46	  2.79	 -1.51	
 -0.00	  1.18	 -2.08	 -0.00	  1.30	 -2.13	 -0.00	 -1.14	  2.78	 -1.81	 -0.00	 -1.45	  2.79	 -1.51	
 -0.00	  1.18	 -2.08	 -0.00	  1.29	 -2.13	 -0.00	 -1.16	  2.78	 -1.79	 -0.00	 -1.45	  2.79	 -1.51	
 -0.00	  1.18	 -2.08	 -0.00	  1.28	 -2.12	 -0.00	 -1.18	  2.78	 -1.78	 -0.00	 -1.45	  2.79	 -1.51	
 -0.00	  1.18	 -2.08	 -0.00	  1.28	 -2.12	 -0.00	 -1.19	  2.78	 -1.76	 -0.00	 -1.45	  2.79	 -1.52	
 -0.00	  1.18	 -2.08	 -0.00	  1.27	 -2.12	 -0.00	 -1.21	  2.78	 -1.75	 -0.00	 -1.45	  2.79	 -1.52	
 -0.00	  1.18	 -2.08	 -0.00	  1.27	 -2.12	 -0.00	 -1.22	  2.78	 -1.74	 -0.00	 -1.45	  2.79	 -1.52	
 -0.00	  1.18	 -2.08	 -0.00	  1.26	 -2.12	 -0.00	 -1.23	  2.78	 -1.72	 -0.00	 -1.44	  2.79	 -1.52	
 -0.00	  1.18	 -2.08	 -0.00	  1.26	 -2.11	 -0.00	 -1.25	  2.78	 -1.71	 -0.00	 -1.44	  2.79	 -1.52	
 -0.00	  1.18	 -2.08	 -0.00	  1.25	 -2.11	 -0.00	 -1.26	  2.79	 -1.70	 -0.00	 -1.44	  2.79	 -1.53	
 -0.00	  1.18	 -2.08	 -0.00	  1.25	 -2.11	 -0.00	 -1.27	  2.79	 -1.69	 -0.00	 -1.44	  2.79	 -1.53	
 -0.00	  1.18	 -2.08	 -0.00	  1.25	 -2.11	 -0.00	 -1.28	  2.79	 -1.68	 -0.00	 -1.43	  2.79	 -1.53	
 -0.00	  1.19	 -2.08	 -0.00	  1.24	 -2.11	 -0.00	 -1.29	  2.79	 -1.67	 -0.00	 -1.43	  2.79	 -1.53	
 -0.00	  1.19	 -2.08	 -0.00	  1.24	 -2.11	 -0.00	 -1.30	  2.79	 -1.66	 -0.00	 -1.43	  2.79	 -1.54	
 -0.00	  1.19	 -2.09	 -0.00	  1.23	 -2.10	 -0.00	 -1.31	  2.79	 -1.65	 -0.00	 -1.43	  2.79	 -1.54	
 -0.00	  1.19	 -2.09	 -0.00	  1.23	 -2.10	 -0.00	 -1.32	  2.79	 -1.64	 -0.00	 -1.43	  2.79	 -1.54	
 -0.00	  1.19	 -2.09	 -0.00	  1.23	 -2.10	 -0.00	 -1.33	  2.79	 -1.64	 -0.00	 -1.42	  2.79	 -1.54	
 -0.00	  1.19	 -2.09	 -0.00	  1.23	 -2.10	 -0.00	 -1.33	  2.79	 -1.63	 -0.00	 -1.42	  2.79	 -1.55	
 -0.00	  1.19	 -2.09	 -0.00	  1.22	 -2.10	 -0.00	 -1.34	  2.79	 -1.63	 -0.00	 -1.42	  2.79	 -1.55	
 -0.00	  1.19	 -2.09	 -0.00	  1.22	 -2.10	 -0.00	 -1.34	  2.79	 -1.62	 -0.00	 -1.41	  2.79	 -1.55	
 -0.00	  1.19	 -2.09	 -0.00	  1.22	 -2.10	 -0.00	 -1.35	  2.79	 -1.61	 -0.00	 -1.41	  2.79	 -1.55	
 -0.00	  1.19	 -2.09	 -0.00	  1.22	 -2.10	 -0.00	 -1.35	  2.79	 -1.61	 -0.00	 -1.41	  2.79	 -1.56	
 -0.00	  1.20	 -2.09	 -0.00	  1.22	 -2.10	 -0.00	 -1.36	  2.79	 -1.61	 -0.00	 -1.41	  2.79	 -1.56	
 -0.00	  1.20	 -2.09	 -0.00	  1.21	 -2.10	 -0.00	 -1.36	  2.79	 -1.60	 -0.00	 -1.40	  2.79	 -1.56	
 -0.00	  1.20	 -2.09	 -0.00	  1.21	 -2.09	 -0.00	 -1.36	  2.79	 -1.60	 -0.00	 -1.40	  2.79	 -1.56	
 -0.00	  1.20	 -2.09	 -0.00	  1.21	 -2.09	 -0.00	 -1.36	  2.79	 -1.60	 -0.00	 -1.40	  2.79	 -1.57	
 -0.00	  1.20	 -2.09	 -0.00	  1.21	 -2.09	 -0.00	 -1.37	  2.79	 -1.60	 -0.00	 -1.39	  2.79	 -1.57	
 -0.00	  1.20	 -2.09	 -0.00	  1.21	 -2.09	 -0.00	 -1.37	  2.79	 -1.60	 -0.00	 -1.39	  2.79	 -1.57	
 -0.00	  1.20	 -2.09	 -0.00	  1.21	 -2.09	 -0.00	 -1.37	  2.79	 -1.60	 -0.00	 -1.39	  2.79	 -1.58	
 -0.00	  1.20	 -2.09	 -0.00	  1.21	 -2.09	 -0.00	 -1.37	  2.79	 -1.60	 -0.00	 -1.38	  2.79	 -1.58	
 -0.00	  1.20	 -2.09	 -0.00	  1.21	 -2.09	 -0.00	 -1.37	  2.79	 -1.60	 -0.00	 -1.38	  2.79	 -1.58	
 -0.00	  1.21	 -2.09	 -0.00	  1.21	 -2.09	 -0.00	 -1.36	  2.79	 -1.60	 -0.00	 -1.37	  2.79	 -1.59	
 -0.00	  1.21	 -2.09	 -0.00	  1.21	 -2.09	 -0.00	 -1.36	  2.79	 -1.60	 -0.00	 -1.37	  2.79	 -1.59	
 -0.00	  1.21	 -2.09	 -0.00	  1.21	 -2.09	 -0.00	 -1.36	  2.79	 -1.60	 -0.00	 -1.37	  2.79	 -1.59	
 -0.00	  1.21	 -2.09	 -0.00	  1.21	 -2.09	 -0.00	 -1.36	  2.79	 -1.60	 -0.00	 -1.36	  2.79	 -1.60	
 -0.00	  1.21	 -2.09	 -0.00	  1.21	 -2.09	 -0.00	 -1.36	  2.79	 -1.60	 -0.00	 -1.36	  2.79	 -1.60	
 -0.00	  1.21	 -2.09	 -0.00	  1.21	 -2.09	 -0.00	 -1.35	  2.78	 -1.61	 -0.00	 -1.35	  2.78	 -1.60	
 -0.00	  1.21	 -2.09	 -0.00	  1.21	 -2.09	 -0.00	 -1.35	  2.78	 -1.61	 -0.00	 -1.35	  2.78	 -1.61	
 -0.00	  1.22	 -2.09	 -0.00	  1.22	 -2.09	 -0.00	 -1.35	  2.78	 -1.61	 -0.00	 -1.35	  2.78	 -1.61	
 -0.00	  1.22	 -2.09	 -0.00	  1.22	 -2.09	 -0.00	 -1.34	  2.78	 -1.62	 -0.00	 -1.34	  2.78	 -1.62	
 -0.00	  1.22	 -2.09	 -0.00	  1.22	 -2.09	 -0.00	 -1.34	  2.78	 -1.62	 -0.00	 -1.34	  2.78	 -1.62	
 -0.00	  1.22	 -2.09	 -0.00	  1.22	 -2.09	 -0.00	 -1.33	  2.78	 -1.62	 -0.00	 -1.33	  2.78	 -1.62	
 -0.00	  1.22	 -2.09	 -0.00	  1.22	 -2.09	 -0.00	 -1.33	  2.78	 -1.63	 -0.00	 -1.33	  2.78	 -1.63	
 -0.00	  1.22	 -2.09	 -0.00	  1.22	 -2.09	 -0.00	 -1.32	  2.78	 -1.63	 -0.00	 -1.32	  2.78	 -1.63	
 -0.00	  1.22	 -2.09	 -0.00	  1.22	 -2.09	 -0.00	 -1.32	  2.78	 -1.64	 -0.00	 -1.32	  2.78	 -1.64	
 -0.00	  1.23	 -2.09	 -0.00	  1.23	 -2.09	 -0.00	 -1.31	  2.78	 -1.64	 -0.00	 -1.31	  2.78	 -1.64	
 -0.00	  1.23	 -2.09	 -0.00	  1.23	 -2.09	 -0.00	 -1.31	  2.78	 -1.65	 -0.00	 -1.31	  2.78	 -1.65	
 -0.00	  1.23	 -2.09	 -0.00	  1.23	 -2.09	 -0.00	 -1.30	  2.78	 -1.65	 -0.00	 -1.30	  2.78	 -1.65	
 -0.00	  1.23	 -2.10	 -0.00	  1.23	 -2.10	 -0.00	 -1.30	  2.78	 -1.65	 -0.00	 -1.30	  2.78	 -1.65	
 -0.00	  1.23	 -2.10	 -0.00	  1.23	 -2.10	 -0.00	 -1.29	  2.78	 -1.66	 -0.00	 -1.29	  2.78	 -1.66	
 -0.00	  1.23	 -2.10	 -0.00	  1.23	 -2.10	 -0.00	 -1.29	  2.78	 -1.66	 -0.00	 -1.29	  2.78	 -1.66	
 -0.00	  1.24	 -2.10	 -0.00	  1.24	 -2.10	 -0.00	 -1.28	  2.77	 -1.67	 -0.00	 -1.28	  2.77	 -1.67	
 -0.00	  1.24	 -2.10	 -0.00	  1.24	 -2.10	 -0.00	 -1.28	  2.77	 -1.67	 -0.00	 -1.28	  2.77	 -1.67	
 -0.00	  1.24	 -2.10	 -0.00	  1.24	 -2.10	 -0.00	 -1.27	  2.77	 -1.68	 -0.00	 -1.27	  2.77	 -1.68	
 -0.00	  1.24	 -2.10	 -0.00	  1.24	 -2.10	 -0.00	 -1.26	  2.77	 -1.68	 -0.00	 -1.26	  2.77	 -1.68	
 -0.00	  1.24	 -2.10	 -0.00	  1.24	 -2.10	 -0.00	 -1.26	  2.77	 -1.69	 -0.00	 -1.26	  2.77	 -1.69	
 -0.00	  1.24	 -2.10	 -0.00	  1.24	 -2.10	 -0.00	 -1.25	  2.77	 -1.69	 -0.00	 -1.25	  2.77	 -1.69	
 -0.00	  1.25	 -2.10	 -0.00	  1.25	 -2.10	 -0.00	 -1.25	  2.77	 -1.70	 -0.00	 -1.25	  2.77	 -1.70	
 -0.00	  1.25	 -2.10	 -0.00	  1.25	 -2.10	 -0.00	 -1.24	  2.77	 -1.70	 -0.00	 -1.24	  2.77	 -1.70	
 -0.00	  1.25	 -2.10	 -0.00	  1.25	 -2.10	 -0.00	 -1.23	  2.77	 -1.71	 -0.00	 -1.23	  2.77	 -1.71	
 -0.00	  1.25	 -2.10	 -0.00	  1.25	 -2.10	 -0.00	 -1.23	  2.77	 -1.71	 -0.00	 -1.23	  2.77	 -1.71	
 -0.00	  1.25	 -2.10	 -0.00	  1.25	 -2.10	 -0.00	 -1.22	  2.76	 -1.72	 -0.00	 -1.22	  2.76	 -1.72	
 -0.00	  1.26	 -2.10	 -0.00	  1.26	 -2.10	 -0.00	 -1.22	  2.76	 -1.72	 -0.00	 -1.22	  2.76	 -1.72	
 -0.00	  1.26	 -2.10	 -0.00	  1.26	 -2.10	 -0.00	 -1.21	  2.76	 -1.73	 -0.00	 -1.21	  2.76	 -1.73	
 -0.00	  1.26	 -2.10	 -0.00	  1.26	 -2.10	 -0.00	 -1.20	  2.76	 -1.73	 -0.00	 -1.20	  2.76	 -1.73	
 -0.00	  1.26	 -2.10	 -0.00	  1.26	 -2.10	 -0.00	 -1.20	  2.76	 -1.74	 -0.00	 -1.20	  2.76	 -1.74	
 -0.00	  1.26	 -2.10	 -0.00	  1.26	 -2.10	 -0.00	 -1.19	  2.76	 -1.74	 -0.00	 -1.19	  2.76	 -1.74	
 -0.00	  1.26	 -2.10	 -0.00	  1.26	 -2.10	 -0.00	 -1.18	  2.76	 -1.75	 -0.00	 -1.18	  2.76	 -1.75	
 -0.00	  1.27	 -2.10	 -0.00	  1.27	 -2.10	 -0.00	 -1.18	  2.76	 -1.75	 -0.00	 -1.18	  2.76	 -1.75	
 -0.00	  1.27	 -2.10	 -0.00	  1.27	 -2.10	 -0.00	 -1.17	  2.75	 -1.76	 -0.00	 -1.17	  2.75	 -1.76	
 -0.00	  1.27	 -2.10	 -0.00	  1.27	 -2.10	 -0.00	 -1.16	  2.75	 -1.76	 -0.00	 -1.16	  2.75	 -1.76	
 -0.00	  1.27	 -2.10	 -0.00	  1.27	 -2.10	 -0.00	 -1.16	  2.75	 -1.77	 -0.00	 -1.16	  2.75	 -1.77	
 -0.00	  1.27	 -2.10	 -0.00	  1.27	 -2.10	 -0.00	 -1.15	  2.75	 -1.77	 -0.00	 -1.15	  2.75	 -1.77	
 -0.00	  1.28	 -2.10	 -0.00	  1.28	 -2.10	 -0.00	 -1.14	  2.75	 -1.78	 -0.00	 -1.14	  2.75	 -1.78	
 -0.00	  1.28	 -2.10	 -0.00	  1.28	 -2.10	 -0.00	 -1.14	  2.75	 -1.78	 -0.00	 -1.14	  2.75	 -1.78	
 -0.00	  1.28	 -2.10	 -0.00	  1.28	 -2.10	 -0.00	 -1.13	  2.75	 -1.79	 -0.00	 -1.13	  2.75	 -1.79	
 -0.00	  1.28	 -2.10	 -0.00	  1.28	 -2.10	 -0.00	 -1.12	  2.74	 -1.79	 -0.00	 -1.12	  2.74	 -1.79	
 -0.00	  1.28	 -2.10	 -0.00	  1.28	 -2.10	 -0.00	 -1.12	  2.74	 -1.80	 -0.00	 -1.12	  2.74	 -1.80	
 -0.00	  1.29	 -2.10	 -0.00	  1.29	 -2.10	 -0.00	 -1.11	  2.74	 -1.80	 -0.00	 -1.11	  2.74	 -1.80	
 -0.00	  1.29	 -2.10	 -0.00	  1.29	 -2.10	 -0.00	 -1.10	  2.74	 -1.81	 -0.00	 -1.10	  2.74	 -1.81	
 -0.00	  1.29	 -2.10	 -0.00	  1.29	 -2.10	 -0.00	 -1.10	  2.74	 -1.82	 -0.00	 -1.10	  2.74	 -1.82	
 -0.00	  1.29	 -2.10	 -0.00	  1.29	 -2.10	 -0.00	 -1.09	  2.74	 -1.82	 -0.00	 -1.09	  2.74	 -1.82	
 -0.00	  1.29	 -2.10	 -0.00	  1.29	 -2.10	 -0.00	 -1.08	  2.73	 -1.83	 -0.00	 -1.08	  2.73	 -1.83	
 -0.00	  1.30	 -2.10	 -0.00	  1.30	 -2.10	 -0.00	 -1.08	  2.73	 -1.83	 -0.00	 -1.08	  2.73	 -1.83	
 -0.00	  1.30	 -2.10	 -0.00	  1.30	 -2.10	 -0.00	 -1.07	  2.73	 -1.84	 -0.00	 -1.07	  2.73	 -1.84	
 -0.00	  1.30	 -2.10	 -0.00	  1.30	 -2.10	 -0.00	 -1.06	  2.73	 -1.84	 -0.00	 -1.06	  2.73	 -1.84	
 -0.00	  1.30	 -2.10	 -0.00	  1.30	 -2.10	 -0.00	 -1.06	  2.73	 -1.85	 -0.00	 -1.06	  2.73	 -1.85	
 -0.00	  1.30	 -2.10	 -0.00	  1.30	 -2.10	 -0.00	 -1.05	  2.73	 -1.85	 -0.00	 -1.05	  2.73	 -1.85	
 -0.00	  1.31	 -2.10	 -0.00	  1.31	 -2.10	 -0.00	 -1.04	  2.72	 -1.86	 -0.00	 -1.04	  2.72	 -1.86	
 -0.00	  1.31	 -2.10	 -0.00	  1.31	 -2.10	 -0.00	 -1.03	  2.72	 -1.86	 -0.00	 -1.03	  2.72	 -1.86	
 -0.00	  1.31	 -2.10	 -0.00	  1.31	 -2.10	 -0.00	 -1.03	  2.72	 -1.87	 -0.00	 -1.03	  2.72	 -1.87	
 -0.00	  1.31	 -2.10	 -0.00	  1.31	 -2.10	 -0.00	 -1.02	  2.72	 -1.87	 -0.00	 -1.02	  2.72	 -1.87	
 -0.00	  1.31	 -2.10	 -0.00	  1.31	 -2.10	 -0.00	 -1.01	  2.72	 -1.88	 -0.00	 -1.01	  2.72	 -1.88	
 -0.00	  1.32	 -2.10	 -0.00	  1.32	 -2.10	 -0.00	 -1.01	  2.71	 -1.88	 -0.00	 -1.01	  2.71	 -1.88	
 -0.00	  1.32	 -2.10	 -0.00	  1.32	 -2.10	 -0.00	 -1.00	  2.71	 -1.89	 -0.00	 -1.00	  2.71	 -1.89	
 -0.00	  1.32	 -2.10	 -0.00	  1.32	 -2.10	 -0.00	 -0.99	  2.71	 -1.89	 -0.00	 -0.99	  2.71	 -1.89	
 -0.00	  1.32	 -2.10	 -0.00	  1.32	 -2.10	 -0.00	 -0.99	  2.71	 -1.90	 -0.00	 -0.99	  2.71	 -1.90	
 -0.00	  1.32	 -2.09	 -0.00	  1.32	 -2.09	 -0.00	 -0.98	  2.71	 -1.90	 -0.00	 -0.98	  2.71	 -1.90	
 -0.00	  1.33	 -2.09	 -0.00	  1.33	 -2.09	 -0.00	 -0.97	  2.70	 -1.91	 -0.00	 -0.97	  2.70	 -1.91	
 -0.00	  1.33	 -2.09	 -0.00	  1.33	 -2.09	 -0.00	 -0.97	  2.70	 -1.91	 -0.00	 -0.97	  2.70	 -1.91	
 -0.00	  1.33	 -2.09	 -0.00	  1.33	 -2.09	 -0.00	 -0.96	  2.70	 -1.91	 -0.00	 -0.96	  2.70	 -1.91	
 -0.00	  1.33	 -2.09	 -0.00	  1.33	 -2.09	 -0.00	 -0.95	  2.70	 -1.92	 -0.00	 -0.95	  2.70	 -1.92	
 -0.00	  1.33	 -2.09	 -0.00	  1.33	 -2.09	 -0.00	 -0.95	  2.70	 -1.92	 -0.00	 -0.95	  2.70	 -1.92	
 -0.00	  1.34	 -2.09	 -0.00	  1.34	 -2.09	 -0.00	 -0.94	  2.69	 -1.93	 -0.00	 -0.94	  2.69	 -1.93	
 -0.00	  1.34	 -2.09	 -0.00	  1.34	 -2.09	 -0.00	 -0.93	  2.69	 -1.93	 -0.00	 -0.93	  2.69	 -1.93	
 -0.00	  1.34	 -2.09	 -0.00	  1.34	 -2.09	 -0.00	 -0.93	  2.69	 -1.94	 -0.00	 -0.93	  2.69	 -1.94	
 -0.00	  1.34	 -2.09	 -0.00	  1.34	 -2.09	 -0.00	 -0.92	  2.69	 -1.94	 -0.00	 -0.92	  2.69	 -1.94	
 -0.00	  1.34	 -2.09	 -0.00	  1.34	 -2.09	 -0.00	 -0.91	  2.68	 -1.95	 -0.00	 -0.91	  2.68	 -1.95	
 -0.00	  1.35	 -2.09	 -0.00	  1.35	 -2.09	 -0.00	 -0.91	  2.68	 -1.95	 -0.00	 -0.91	  2.68	 -1.95	
 -0.00	  1.35	 -2.09	 -0.00	  1.35	 -2.09	 -0.00	 -0.90	  2.68	 -1.96	 -0.00	 -0.90	  2.68	 -1.96	
 -0.00	  1.35	 -2.09	 -0.00	  1.35	 -2.09	 -0.00	 -0.89	  2.68	 -1.96	 -0.00	 -0.89	  2.68	 -1.96	
 -0.00	  1.35	 -2.09	 -0.00	  1.35	 -2.09	 -0.00	 -0.89	  2.68	 -1.96	 -0.00	 -0.89	  2.68	 -1.96	
 -0.00	  1.35	 -2.09	 -0.00	  1.35	 -2.09	 -0.00	 -0.88	  2.67	 -1.97	 -0.00	 -0.88	  2.67	 -1.97	
 -0.00	  1.36	 -2.09	 -0.00	  1.36	 -2.09	 -0.00	 -0.87	  2.67	 -1.97	 -0.00	 -0.87	  2.67	 -1.97	
 -0.00	  1.36	 -2.09	 -0.00	  1.36	 -2.09	 -0.00	 -0.87	  2.67	 -1.98	 -0.00	 -0.87	  2.67	 -1.98	
 -0.00	  1.36	 -2.09	 -0.00	  1.36	 -2.09	 -0.00	 -0.86	  2.67	 -1.98	 -0.00	 -0.86	  2.67	 -1.98	
 -0.00	  1.36	 -2.09	 -0.00	  1.36	 -2.09	 -0.00	 -0.86	  2.66	 -1.98	 -0.00	 -0.86	  2.66	 -1.98	
 -0.00	  1.36	 -2.09	 -0.00	  1.36	 -2.09	 -0.00	 -0.85	  2.66	 -1.99	 -0.00	 -0.85	  2.66	 -1.99	
 -0.00	  1.36	 -2.09	 -0.00	  1.36	 -2.09	 -0.00	 -0.84	  2.66	 -1.99	 -0.00	 -0.84	  2.66	 -1.99	
 -0.00	  1.37	 -2.09	 -0.00	  1.37	 -2.09	 -0.00	 -0.84	  2.66	 -2.00	 -0.00	 -0.84	  2.66	 -2.00	
 -0.00	  1.37	 -2.08	 -0.00	  1.37	 -2.08	 -0.00	 -0.83	  2.66	 -2.00	 -0.00	 -0.83	  2.66	 -2.00	
 -0.00	  1.37	 -2.08	 -0.00	  1.37	 -2.08	 -0.00	 -0.82	  2.65	 -2.00	 -0.00	 -0.82	  2.65	 -2.00	
 -0.00	  1.37	 -2.08	 -0.00	  1.37	 -2.08	 -0.00	 -0.82	  2.65	 -2.01	 -0.00	 -0.82	  2.65	 -2.01	
 -0.00	  1.37	 -2.08	 -0.00	  1.37	 -2.08	 -0.00	 -0.81	  2.65	 -2.01	 -0.00	 -0.81	  2.65	 -2.01	
 -0.00	  1.37	 -2.08	 -0.00	  1.37	 -2.08	 -0.00	 -0.81	  2.65	 -2.01	 -0.00	 -0.81	  2.65	 -2.01	
 -0.00	  1.38	 -2.08	 -0.00	  1.38	 -2.08	 -0.00	 -0.80	  2.64	 -2.02	 -0.00	 -0.80	  2.64	 -2.02	
 -0.00	  1.38	 -2.08	 -0.00	  1.38	 -2.08	 -0.00	 -0.79	  2.64	 -2.02	 -0.00	 -0.79	  2.64	 -2.02	
 -0.00	  1.38	 -2.08	 -0.00	  1.38	 -2.08	 -0.00	 -0.79	  2.64	 -2.02	 -0.00	 -0.79	  2.64	 -2.02	
 -0.00	  1.38	 -2.08	 -0.00	  1.38	 -2.08	 -0.00	 -0.78	  2.64	 -2.03	 -0.00	 -0.78	  2.64	 -2.03	
 -0.00	  1.38	 -2.08	 -0.00	  1.38	 -2.08	 -0.00	 -0.78	  2.63	 -2.03	 -0.00	 -0.78	  2.63	 -2.03	
 -0.00	  1.39	 -2.08	 -0.00	  1.39	 -2.08	 -0.00	 -0.77	  2.63	 -2.03	 -0.00	 -0.77	  2.63	 -2.03	
 -0.00	  1.39	 -2.08	 -0.00	  1.39	 -2.08	 -0.00	 -0.77	  2.63	 -2.04	 -0.00	 -0.77	  2.63	 -2.04	
 -0.00	  1.39	 -2.08	 -0.00	  1.39	 -2.08	 -0.00	 -0.76	  2.63	 -2.04	 -0.00	 -0.76	  2.63	 -2.04	
 -0.00	  1.39	 -2.08	 -0.00	  1.39	 -2.08	 -0.00	 -0.76	  2.62	 -2.04	 -0.00	 -0.76	  2.62	 -2.04	
 -0.00	  1.39	 -2.07	 -0.00	  1.39	 -2.07	 -0.00	 -0.75	  2.62	 -2.05	 -0.00	 -0.75	  2.62	 -2.05	
 -0.00	  1.39	 -2.07	 -0.00	  1.39	 -2.07	 -0.00	 -0.74	  2.62	 -2.05	 -0.00	 -0.74	  2.62	 -2.05	
 -0.00	  1.39	 -2.07	 -0.00	  1.39	 -2.07	 -0.00	 -0.74	  2.62	 -2.05	 -0.00	 -0.74	  2.62	 -2.05	
 -0.00	  1.40	 -2.07	 -0.00	  1.40	 -2.07	 -0.00	 -0.73	  2.61	 -2.06	 -0.00	 -0.73	  2.61	 -2.06	
 -0.00	  1.40	 -2.07	 -0.00	  1.40	 -2.07	 -0.00	 -0.73	  2.61	 -2.06	 -0.00	 -0.73	  2.61	 -2.06	
 -0.00	  1.40	 -2.07	 -0.00	  1.40	 -2.07	 -0.00	 -0.72	  2.61	 -2.06	 -0.00	 -0.72	  2.61	 -2.06	
 -0.00	  1.40	 -2.07	 -0.00	  1.40	 -2.07	 -0.00	 -0.72	  2.61	 -2.06	 -0.00	 -0.72	  2.61	 -2.06	
 -0.00	  1.40	 -2.07	 -0.00	  1.40	 -2.07	 -0.00	 -0.71	  2.61	 -2.07	 -0.00	 -0.71	  2.61	 -2.07	
 -0.00	  1.40	 -2.07	 -0.00	  1.40	 -2.07	 -0.00	 -0.71	  2.60	 -2.07	 -0.00	 -0.71	  2.60	 -2.07	
 -0.00	  1.41	 -2.07	 -0.00	  1.41	 -2.07	 -0.00	 -0.70	  2.60	 -2.07	 -0.00	 -0.70	  2.60	 -2.07	
 -0.00	  1.41	 -2.07	 -0.00	  1.41	 -2.07	 -0.00	 -0.70	  2.60	 -2.07	 -0.00	 -0.70	  2.60	 -2.07	
 -0.00	  1.41	 -2.07	 -0.00	  1.41	 -2.07	 -0.00	 -0.69	  2.60	 -2.08	 -0.00	 -0.69	  2.60	 -2.08	
 -0.00	  1.41	 -2.07	 -0.00	  1.41	 -2.07	 -0.00	 -0.69	  2.59	 -2.08	 -0.00	 -0.69	  2.59	 -2.08	
 -0.00	  1.41	 -2.06	 -0.00	  1.41	 -2.06	 -0.00	 -0.68	  2.59	 -2.08	 -0.00	 -0.68	  2.59	 -2.08	
 -0.00	  1.41	 -2.06	 -0.00	  1.41	 -2.06	 -0.00	 -0.68	  2.59	 -2.08	 -0.00	 -0.68	  2.59	 -2.08	
 -0.00	  1.41	 -2.06	 -0.00	  1.41	 -2.06	 -0.00	 -0.67	  2.59	 -2.09	 -0.00	 -0.67	  2.59	 -2.09	
 -0.00	  1.41	 -2.06	 -0.00	  1.41	 -2.06	 -0.00	 -0.67	  2.58	 -2.09	 -0.00	 -0.67	  2.58	 -2.09	
 -0.00	  1.42	 -2.06	 -0.00	  1.42	 -2.06	 -0.00	 -0.66	  2.58	 -2.09	 -0.00	 -0.66	  2.58	 -2.09	
 -0.00	  1.42	 -2.06	 -0.00	  1.42	 -2.06	 -0.00	 -0.66	  2.58	 -2.09	 -0.00	 -0.66	  2.58	 -2.09	
 -0.00	  1.42	 -2.06	 -0.00	  1.42	 -2.06	 -0.00	 -0.66	  2.58	 -2.10	 -0.00	 -0.66	  2.58	 -2.10	
 -0.00	  1.42	 -2.06	 -0.00	  1.42	 -2.06	 -0.00	 -0.65	  2.57	 -2.10	 -0.00	 -0.65	  2.57	 -2.10	
 -0.00	  1.42	 -2.06	 -0.00	  1.42	 -2.06	 -0.00	 -0.65	  2.57	 -2.10	 -0.00	 -0.65	  2.57	 -2.10	
 -0.00	  1.42	 -2.06	 -0.00	  1.42	 -2.06	 -0.00	 -0.64	  2.57	 -2.10	 -0.00	 -0.64	  2.57	 -2.10	
 -0.00	  1.42	 -2.06	 -0.00	  1.42	 -2.06	 -0.00	 -0.64	  2.57	 -2.10	 -0.00	 -0.64	  2.57	 -2.10	
 -0.00	  1.42	 -2.05	 -0.00	  1.42	 -2.05	 -0.00	 -0.63	  2.57	 -2.11	 -0.00	 -0.63	  2.57	 -2.11	
 -0.00	  1.43	 -2.05	 -0.00	  1.43	 -2.05	 -0.00	 -0.63	  2.56	 -2.11	 -0.00	 -0.63	  2.56	 -2.11	
 -0.00	  1.43	 -2.05	 -0.00	  1.43	 -2.05	 -0.00	 -0.63	  2.56	 -2.11	 -0.00	 -0.63	  2.56	 -2.11	
 -0.00	  1.43	 -2.05	 -0.00	  1.43	 -2.05	 -0.00	 -0.62	  2.56	 -2.11	 -0.00	 -0.62	  2.56	 -2.11	
 -0.00	  1.43	 -2.05	 -0.00	  1.43	 -2.05	 -0.00	 -0.62	  2.56	 -2.11	 -0.00	 -0.62	  2.56	 -2.11	
 -0.00	  1.43	 -2.05	 -0.00	  1.43	 -2.05	 -0.00	 -0.61	  2.55	 -2.11	 -0.00	 -0.61	  2.55	 -2.11	
 -0.00	  1.43	 -2.05	 -0.00	  1.43	 -2.05	 -0.00	 -0.61	  2.55	 -2.12	 -0.00	 -0.61	  2.55	 -2.12	
 -0.00	  1.43	 -2.05	 -0.00	  1.43	 -2.05	 -0.00	 -0.61	  2.55	 -2.12	 -0.00	 -0.61	  2.55	 -2.12	
 -0.00	  1.43	 -2.05	 -0.00	  1.43	 -2.05	 -0.00	 -0.60	  2.55	 -2.12	 -0.00	 -0.60	  2.55	 -2.12	
 -0.00	  1.43	 -2.05	 -0.00	  1.43	 -2.05	 -0.00	 -0.60	  2.55	 -2.12	 -0.00	 -0.60	  2.55	 -2.12	
 -0.00	  1.43	 -2.05	 -0.00	  1.43	 -2.05	 -0.00	 -0.60	  2.54	 -2.12	 -0.00	 -0.60	  2.54	 -2.12	
 -0.00	  1.44	 -2.04	 -0.00	  1.44	 -2.04	 -0.00	 -0.59	  2.54	 -2.12	 -0.00	 -0.59	  2.54	 -2.12	
 -0.00	  1.44	 -2.04	 -0.00	  1.44	 -2.04	 -0.00	 -0.59	  2.54	 -2.13	 -0.00	 -0.59	  2.54	 -2.13	
 -0.00	  1.44	 -2.04	 -0.00	  1.44	 -2.04	 -0.00	 -0.58	  2.54	 -2.13	 -0.00	 -0.58	  2.54	 -2.13	
 -0.00	  1.44	 -2.04	 -0.00	  1.44	 -2.04	 -0.00	 -0.58	  2.53	 -2.13	 -0.00	 -0.58	  2.53	 -2.13	
 -0.00	  1.44	 -2.04	 -0.00	  1.44	 -2.04	 -0.00	 -0.58	  2.53	 -2.13	 -0.00	 -0.58	  2.53	 -2.13	
 -0.00	  1.44	 -2.04	 -0.00	  1.44	 -2.04	 -0.00	 -0.57	  2.53	 -2.13	 -0.00	 -0.57	  2.53	 -2.13	
 -0.00	  1.44	 -2.04	 -0.00	  1.44	 -2.04	 -0.00	 -0.57	  2.53	 -2.13	 -0.00	 -0.57	  2.53	 -2.13	
 -0.00	  1.44	 -2.04	 -0.00	  1.44	 -2.04	 -0.00	 -0.57	  2.53	 -2.13	 -0.00	 -0.57	  2.53	 -2.13	
 -0.00	  1.44	 -2.04	 -0.00	  1.44	 -2.04	 -0.00	 -0.57	  2.52	 -2.13	 -0.00	 -0.57	  2.52	 -2.13	
 -0.00	  1.44	 -2.04	 -0.00	  1.44	 -2.04	 -0.00	 -0.56	  2.52	 -2.14	 -0.00	 -0.56	  2.52	 -2.14	
 -0.00	  1.44	 -2.04	 -0.00	  1.44	 -2.04	 -0.00	 -0.56	  2.52	 -2.14	 -0.00	 -0.56	  2.52	 -2.14	
 -0.00	  1.44	 -2.03	 -0.00	  1.44	 -2.03	 -0.00	 -0.56	  2.52	 -2.14	 -0.00	 -0.56	  2.52	 -2.14	
 -0.00	  1.45	 -2.03	 -0.00	  1.45	 -2.03	 -0.00	 -0.55	  2.52	 -2.14	 -0.00	 -0.55	  2.52	 -2.14	
 -0.00	  1.45	 -2.03	 -0.00	  1.45	 -2.03	 -0.00	 -0.55	  2.52	 -2.14	 -0.00	 -0.55	  2.52	 -2.14	
 -0.00	  1.45	 -2.03	 -0.00	  1.45	 -2.03	 -0.00	 -0.55	  2.51	 -2.14	 -0.00	 -0.55	  2.51	 -2.14	
 -0.00	  1.45	 -2.03	 -0.00	  1.45	 -2.03	 -0.00	 -0.55	  2.51	 -2.14	 -0.00	 -0.55	  2.51	 -2.14	
 -0.00	  1.45	 -2.03	 -0.00	  1.45	 -2.03	 -0.00	 -0.54	  2.51	 -2.14	 -0.00	 -0.54	  2.51	 -2.14	
 -0.00	  1.45	 -2.03	 -0.00	  1.45	 -2.03	 -0.00	 -0.54	  2.51	 -2.14	 -0.00	 -0.54	  2.51	 -2.14	
 -0.00	  1.45	 -2.03	 -0.00	  1.45	 -2.03	 -0.00	 -0.54	  2.51	 -2.14	 -0.00	 -0.54	  2.51	 -2.14	
 -0.00	  1.45	 -2.03	 -0.00	  1.45	 -2.03	 -0.00	 -0.53	  2.50	 -2.14	 -0.00	 -0.53	  2.50	 -2.14	
 -0.00	  1.45	 -2.03	 -0.00	  1.45	 -2.03	 -0.00	 -0.53	  2.50	 -2.15	 -0.00	 -0.53	  2.50	 -2.15	
 -0.00	  1.45	 -2.03	 -0.00	  1.45	 -2.03	 -0.00	 -0.53	  2.50	 -2.15	 -0.00	 -0.53	  2.50	 -2.15	
 -0.00	  1.45	 -2.02	 -0.00	  1.45	 -2.02	 -0.00	 -0.53	  2.50	 -2.15	 -0.00	 -0.53	  2.50	 -2.15	
 -0.00	  1.45	 -2.02	 -0.00	  1.45	 -2.02	 -0.00	 -0.53	  2.50	 -2.15	 -0.00	 -0.53	  2.50	 -2.15	
 -0.00	  1.45	 -2.02	 -0.00	  1.45	 -2.02	 -0.00	 -0.52	  2.50	 -2.15	 -0.00	 -0.52	  2.50	 -2.15	
 -0.00	  1.45	 -2.02	 -0.00	  1.45	 -2.02	 -0.00	 -0.52	  2.50	 -2.15	 -0.00	 -0.52	  2.50	 -2.15	
 -0.00	  1.45	 -2.02	 -0.00	  1.45	 -2.02	 -0.00	 -0.52	  2.49	 -2.15	 -0.00	 -0.52	  2.49	 -2.15	
 -0.00	  1.45	 -2.02	 -0.00	  1.45	 -2.02	 -0.00	 -0.52	  2.49	 -2.15	 -0.00	 -0.52	  2.49	 -2.15	
 -0.00	  1.46	 -2.02	 -0.00	  1.45	 -2.02	 -0.00	 -0.52	  2.49	 -2.15	 -0.00	 -0.51	  2.49	 -2.15	
 -0.00	  1.46	 -2.02	 -0.00	  1.45	 -2.02	 -0.00	 -0.51	  2.49	 -2.15	 -0.00	 -0.51	  2.49	 -2.15	
 -0.00	  1.46	 -2.02	 -0.00	  1.46	 -2.02	 -0.00	 -0.51	  2.49	 -2.15	 -0.00	 -0.51	  2.49	 -2.15	
 -0.00	  1.46	 -2.02	 -0.00	  1.46	 -2.02	 -0.00	 -0.51	  2.49	 -2.15	 -0.00	 -0.51	  2.49	 -2.15	
 -0.00	  1.46	 -2.02	 -0.00	  1.46	 -2.02	 -0.00	 -0.51	  2.48	 -2.15	 -0.00	 -0.51	  2.49	 -2.15	
 -0.00	  1.46	 -2.02	 -0.00	  1.46	 -2.02	 -0.00	 -0.51	  2.48	 -2.15	 -0.00	 -0.51	  2.49	 -2.16	
 -0.00	  1.46	 -2.02	 -0.00	  1.46	 -2.02	 -0.00	 -0.50	  2.48	 -2.15	 -0.00	 -0.50	  2.49	 -2.16	
 -0.00	  1.46	 -2.02	 -0.00	  1.46	 -2.01	 -0.00	 -0.50	  2.48	 -2.15	 -0.00	 -0.50	  2.49	 -2.16	
 -0.00	  1.46	 -2.02	 -0.00	  1.46	 -2.01	 -0.00	 -0.50	  2.48	 -2.15	 -0.00	 -0.50	  2.49	 -2.16	
 -0.00	  1.46	 -2.02	 -0.00	  1.46	 -2.01	 -0.00	 -0.50	  2.48	 -2.15	 -0.00	 -0.50	  2.48	 -2.16	
 -0.00	  1.46	 -2.02	 -0.00	  1.46	 -2.01	 -0.00	 -0.50	  2.48	 -2.15	 -0.00	 -0.50	  2.48	 -2.16	
 -0.00	  1.46	 -2.02	 -0.00	  1.46	 -2.01	 -0.00	 -0.50	  2.48	 -2.15	 -0.00	 -0.49	  2.48	 -2.16	
 -0.00	  1.47	 -2.02	 -0.00	  1.46	 -2.01	 -0.00	 -0.50	  2.47	 -2.15	 -0.00	 -0.49	  2.48	 -2.17	
 -0.00	  1.47	 -2.02	 -0.00	  1.46	 -2.01	 -0.00	 -0.49	  2.47	 -2.15	 -0.00	 -0.49	  2.48	 -2.17	
 -0.00	  1.47	 -2.02	 -0.00	  1.46	 -2.01	 -0.00	 -0.49	  2.47	 -2.15	 -0.00	 -0.49	  2.48	 -2.17	
 -0.00	  1.47	 -2.02	 -0.00	  1.46	 -2.01	 -0.00	 -0.49	  2.47	 -2.15	 -0.00	 -0.49	  2.48	 -2.17	
 -0.00	  1.47	 -2.03	 -0.00	  1.46	 -2.01	 -0.00	 -0.49	  2.47	 -2.15	 -0.00	 -0.49	  2.49	 -2.17	
 -0.00	  1.47	 -2.03	 -0.00	  1.46	 -2.01	 -0.00	 -0.49	  2.47	 -2.15	 -0.00	 -0.49	  2.49	 -2.17	
 -0.00	  1.47	 -2.03	 -0.00	  1.46	 -2.01	 -0.00	 -0.49	  2.47	 -2.15	 -0.00	 -0.48	  2.49	 -2.18	
 -0.00	  1.47	 -2.03	 -0.00	  1.46	 -2.01	 -0.00	 -0.49	  2.47	 -2.16	 -0.00	 -0.48	  2.49	 -2.18	
 -0.00	  1.48	 -2.03	 -0.00	  1.46	 -2.01	 -0.00	 -0.49	  2.47	 -2.16	 -0.00	 -0.48	  2.49	 -2.18	
 -0.00	  1.48	 -2.03	 -0.00	  1.46	 -2.00	 -0.00	 -0.48	  2.46	 -2.16	 -0.00	 -0.48	  2.49	 -2.18	
 -0.00	  1.48	 -2.03	 -0.00	  1.46	 -2.00	 -0.00	 -0.48	  2.46	 -2.16	 -0.00	 -0.48	  2.49	 -2.19	
 -0.00	  1.48	 -2.04	 -0.00	  1.46	 -2.00	 -0.00	 -0.48	  2.46	 -2.16	 -0.00	 -0.48	  2.49	 -2.19	
 -0.00	  1.48	 -2.04	 -0.00	  1.46	 -2.00	 -0.00	 -0.48	  2.46	 -2.16	 -0.00	 -0.48	  2.49	 -2.19	
 -0.00	  1.48	 -2.04	 -0.00	  1.46	 -2.00	 -0.00	 -0.48	  2.46	 -2.16	 -0.00	 -0.48	  2.49	 -2.19	
 -0.00	  1.49	 -2.04	 -0.00	  1.46	 -2.00	 -0.00	 -0.48	  2.46	 -2.16	 -0.00	 -0.47	  2.50	 -2.20	
 -0.00	  1.49	 -2.04	 -0.00	  1.46	 -2.00	 -0.00	 -0.48	  2.46	 -2.16	 -0.00	 -0.47	  2.50	 -2.20	
 -0.00	  1.49	 -2.05	 -0.00	  1.46	 -2.00	 -0.00	 -0.48	  2.46	 -2.16	 -0.00	 -0.47	  2.50	 -2.20	
 -0.00	  1.49	 -2.05	 -0.00	  1.46	 -2.00	 -0.00	 -0.48	  2.46	 -2.16	 -0.00	 -0.47	  2.50	 -2.20	
 -0.00	  1.49	 -2.05	 -0.00	  1.46	 -2.00	 -0.00	 -0.48	  2.46	 -2.16	 -0.00	 -0.47	  2.50	 -2.21	
 -0.00	  1.49	 -2.06	 -0.00	  1.46	 -2.00	 -0.00	 -0.48	  2.46	 -2.16	 -0.00	 -0.47	  2.50	 -2.21	
 -0.00	  1.50	 -2.06	 -0.00	  1.46	 -2.00	 -0.00	 -0.47	  2.46	 -2.16	 -0.00	 -0.47	  2.51	 -2.21	
 -0.00	  1.50	 -2.06	 -0.00	  1.46	 -2.00	 -0.00	 -0.47	  2.45	 -2.16	 -0.00	 -0.47	  2.51	 -2.22	
 -0.00	  1.50	 -2.06	 -0.00	  1.46	 -2.00	 -0.00	 -0.47	  2.45	 -2.16	 -0.00	 -0.47	  2.51	 -2.22	
 -0.00	  1.50	 -2.07	 -0.00	  1.46	 -2.00	 -0.00	 -0.47	  2.45	 -2.16	 -0.00	 -0.47	  2.51	 -2.22	
 -0.00	  1.50	 -2.07	 -0.00	  1.46	 -2.00	 -0.00	 -0.47	  2.45	 -2.16	 -0.00	 -0.47	  2.52	 -2.23	
 -0.00	  1.50	 -2.07	 -0.00	  1.46	 -2.00	 -0.00	 -0.47	  2.45	 -2.16	 -0.00	 -0.47	  2.52	 -2.23	
 -0.00	  1.51	 -2.08	 -0.00	  1.46	 -2.00	 -0.00	 -0.47	  2.45	 -2.15	 -0.00	 -0.47	  2.52	 -2.23	
 -0.00	  1.51	 -2.08	 -0.00	  1.46	 -1.99	 -0.00	 -0.47	  2.45	 -2.15	 -0.00	 -0.46	  2.53	 -2.23	
 -0.00	  1.51	 -2.08	 -0.00	  1.46	 -1.99	 -0.00	 -0.47	  2.45	 -2.15	 -0.00	 -0.46	  2.53	 -2.24	
 -0.00	  1.51	 -2.09	 -0.00	  1.46	 -1.99	 -0.00	 -0.47	  2.45	 -2.15	 -0.00	 -0.46	  2.53	 -2.24	
 -0.00	  1.51	 -2.09	 -0.00	  1.46	 -1.99	 -0.00	 -0.47	  2.45	 -2.15	 -0.00	 -0.46	  2.53	 -2.24	
 -0.00	  1.52	 -2.09	 -0.00	  1.46	 -1.99	 -0.00	 -0.47	  2.45	 -2.15	 -0.00	 -0.46	  2.54	 -2.25	
 -0.00	  1.52	 -2.10	 -0.00	  1.46	 -1.99	 -0.00	 -0.47	  2.45	 -2.15	 -0.00	 -0.46	  2.54	 -2.25	
 -0.00	  1.52	 -2.10	 -0.00	  1.46	 -1.99	 -0.00	 -0.47	  2.45	 -2.15	 -0.00	 -0.46	  2.54	 -2.25	
 -0.00	  1.52	 -2.10	 -0.00	  1.46	 -1.99	 -0.00	 -0.47	  2.45	 -2.15	 -0.00	 -0.46	  2.55	 -2.26	
 -0.00	  1.52	 -2.11	 -0.00	  1.46	 -1.99	 -0.00	 -0.47	  2.45	 -2.15	 -0.00	 -0.47	  2.55	 -2.26	
 -0.00	  1.52	 -2.11	 -0.00	  1.46	 -1.99	 -0.00	 -0.47	  2.45	 -2.15	 -0.00	 -0.47	  2.56	 -2.26	
 -0.00	  1.53	 -2.12	 -0.00	  1.46	 -1.99	 -0.00	 -0.47	  2.44	 -2.15	 -0.00	 -0.47	  2.56	 -2.27	
 -0.00	  1.53	 -2.12	 -0.00	  1.46	 -1.99	 -0.00	 -0.47	  2.44	 -2.15	 -0.00	 -0.47	  2.56	 -2.27	
 -0.00	  1.53	 -2.12	 -0.00	  1.46	 -1.99	 -0.00	 -0.47	  2.44	 -2.15	 -0.00	 -0.47	  2.57	 -2.27	
 -0.00	  1.53	 -2.13	 -0.00	  1.46	 -1.99	 -0.00	 -0.47	  2.44	 -2.15	 -0.00	 -0.47	  2.57	 -2.28	
 -0.00	  1.53	 -2.13	 -0.00	  1.46	 -1.99	 -0.00	 -0.46	  2.44	 -2.15	 -0.00	 -0.47	  2.58	 -2.28	
 -0.00	  1.53	 -2.14	 -0.00	  1.46	 -1.99	 -0.00	 -0.46	  2.44	 -2.15	 -0.00	 -0.47	  2.58	 -2.28	
 -0.00	  1.53	 -2.14	 -0.00	  1.46	 -1.99	 -0.00	 -0.46	  2.44	 -2.15	 -0.00	 -0.47	  2.58	 -2.29	
 -0.00	  1.54	 -2.14	 -0.00	  1.46	 -1.99	 -0.00	 -0.46	  2.44	 -2.15	 -0.00	 -0.48	  2.59	 -2.29	
 -0.00	  1.54	 -2.15	 -0.00	  1.46	 -1.99	 -0.00	 -0.46	  2.44	 -2.15	 -0.00	 -0.48	  2.59	 -2.29	
 -0.00	  1.54	 -2.15	 -0.00	  1.46	 -1.99	 -0.00	 -0.46	  2.44	 -2.15	 -0.00	 -0.48	  2.60	 -2.29	
 -0.00	  1.54	 -2.16	 -0.00	  1.46	 -1.99	 -0.00	 -0.46	  2.44	 -2.15	 -0.00	 -0.48	  2.60	 -2.30	
 -0.00	  1.54	 -2.16	 -0.00	  1.46	 -1.99	 -0.00	 -0.46	  2.44	 -2.15	 -0.00	 -0.48	  2.61	 -2.30	
 -0.00	  1.54	 -2.16	 -0.00	  1.46	 -1.99	 -0.00	 -0.46	  2.44	 -2.15	 -0.00	 -0.49	  2.61	 -2.30	
 -0.00	  1.54	 -2.17	 -0.00	  1.46	 -1.99	 -0.00	 -0.46	  2.44	 -2.15	 -0.00	 -0.49	  2.62	 -2.30	
 -0.00	  1.54	 -2.17	 -0.00	  1.46	 -1.99	 -0.00	 -0.46	  2.44	 -2.15	 -0.00	 -0.49	  2.62	 -2.30	
 -0.00	  1.54	 -2.18	 -0.00	  1.46	 -1.99	 -0.00	 -0.46	  2.44	 -2.15	 -0.00	 -0.50	  2.63	 -2.31	
 -0.00	  1.54	 -2.18	 -0.00	  1.46	 -1.98	 -0.00	 -0.46	  2.44	 -2.15	 -0.00	 -0.50	  2.63	 -2.31	
 -0.00	  1.54	 -2.18	 -0.00	  1.46	 -1.98	 -0.00	 -0.46	  2.44	 -2.15	 -0.00	 -0.50	  2.64	 -2.31	
 -0.00	  1.54	 -2.19	 -0.00	  1.46	 -1.98	 -0.00	 -0.46	  2.44	 -2.15	 -0.00	 -0.51	  2.64	 -2.31	
 -0.00	  1.54	 -2.19	 -0.00	  1.46	 -1.98	 -0.00	 -0.46	  2.44	 -2.15	 -0.00	 -0.51	  2.65	 -2.31	
 -0.00	  1.54	 -2.19	 -0.00	  1.46	 -1.98	 -0.00	 -0.46	  2.44	 -2.15	 -0.00	 -0.52	  2.65	 -2.31	
 -0.00	  1.54	 -2.20	 -0.00	  1.46	 -1.98	 -0.00	 -0.46	  2.44	 -2.15	 -0.00	 -0.52	  2.66	 -2.31	
 -0.00	  1.54	 -2.20	 -0.00	  1.46	 -1.98	 -0.00	 -0.46	  2.44	 -2.15	 -0.00	 -0.53	  2.66	 -2.31	
 -0.00	  1.54	 -2.21	 -0.00	  1.46	 -1.98	 -0.00	 -0.46	  2.44	 -2.15	 -0.00	 -0.53	  2.67	 -2.31	
 -0.00	  1.54	 -2.21	 -0.00	  1.46	 -1.98	 -0.00	 -0.46	  2.44	 -2.15	 -0.00	 -0.54	  2.68	 -2.31	
 -0.00	  1.54	 -2.21	 -0.00	  1.46	 -1.98	 -0.00	 -0.46	  2.44	 -2.15	 -0.00	 -0.54	  2.68	 -2.31	
 -0.00	  1.54	 -2.22	 -0.00	  1.46	 -1.98	 -0.00	 -0.46	  2.44	 -2.15	 -0.00	 -0.55	  2.69	 -2.31	
 -0.00	  1.53	 -2.22	 -0.00	  1.46	 -1.98	 -0.00	 -0.46	  2.44	 -2.15	 -0.00	 -0.56	  2.69	 -2.31	
 -0.00	  1.53	 -2.22	 -0.00	  1.46	 -1.98	 -0.00	 -0.46	  2.44	 -2.15	 -0.00	 -0.57	  2.70	 -2.31	
 -0.00	  1.53	 -2.23	 -0.00	  1.46	 -1.98	 -0.00	 -0.46	  2.44	 -2.15	 -0.00	 -0.57	  2.70	 -2.31	
 -0.00	  1.53	 -2.23	 -0.00	  1.46	 -1.98	 -0.00	 -0.46	  2.44	 -2.15	 -0.00	 -0.58	  2.71	 -2.30	
 -0.00	  1.53	 -2.23	 -0.00	  1.46	 -1.98	 -0.00	 -0.46	  2.44	 -2.15	 -0.00	 -0.59	  2.72	 -2.30	
 -0.00	  1.52	 -2.23	 -0.00	  1.46	 -1.98	 -0.00	 -0.46	  2.44	 -2.15	 -0.00	 -0.60	  2.72	 -2.30	
 -0.00	  1.52	 -2.24	 -0.00	  1.46	 -1.98	 -0.00	 -0.46	  2.44	 -2.15	 -0.00	 -0.61	  2.73	 -2.29	
 -0.00	  1.52	 -2.24	 -0.00	  1.46	 -1.98	 -0.00	 -0.46	  2.44	 -2.15	 -0.00	 -0.62	  2.74	 -2.29	
 -0.00	  1.52	 -2.24	 -0.00	  1.46	 -1.98	 -0.00	 -0.46	  2.44	 -2.15	 -0.00	 -0.63	  2.74	 -2.28	
 -0.00	  1.51	 -2.24	 -0.00	  1.46	 -1.98	 -0.00	 -0.46	  2.44	 -2.15	 -0.00	 -0.64	  2.75	 -2.28	
 -0.00	  1.51	 -2.25	 -0.00	  1.46	 -1.98	 -0.00	 -0.46	  2.44	 -2.15	 -0.00	 -0.66	  2.75	 -2.27	
 -0.00	  1.51	 -2.25	 -0.00	  1.46	 -1.98	 -0.00	 -0.46	  2.44	 -2.15	 -0.00	 -0.67	  2.76	 -2.27	
 -0.00	  1.50	 -2.25	 -0.00	  1.46	 -1.98	 -0.00	 -0.46	  2.44	 -2.15	 -0.00	 -0.68	  2.77	 -2.26	
 -0.00	  1.50	 -2.25	 -0.00	  1.46	 -1.98	 -0.00	 -0.46	  2.44	 -2.15	 -0.00	 -0.70	  2.77	 -2.25	
 -0.00	  1.49	 -2.26	 -0.00	  1.46	 -1.98	 -0.00	 -0.46	  2.44	 -2.15	 -0.00	 -0.71	  2.78	 -2.25	
 -0.00	  1.49	 -2.26	 -0.00	  1.46	 -1.98	 -0.00	 -0.46	  2.44	 -2.15	 -0.00	 -0.73	  2.79	 -2.24	
 -0.00	  1.49	 -2.26	 -0.00	  1.46	 -1.98	 -0.00	 -0.46	  2.44	 -2.15	 -0.00	 -0.74	  2.79	 -2.23	
 -0.00	  1.48	 -2.26	 -0.00	  1.46	 -1.98	 -0.00	 -0.46	  2.43	 -2.15	 -0.00	 -0.76	  2.80	 -2.22	
 -0.00	  1.48	 -2.26	 -0.00	  1.46	 -1.98	 -0.00	 -0.46	  2.43	 -2.15	 -0.00	 -0.78	  2.81	 -2.21	
 -0.00	  1.47	 -2.26	 -0.00	  1.46	 -1.98	 -0.00	 -0.46	  2.43	 -2.15	 -0.00	 -0.80	  2.82	 -2.19	
 -0.00	  1.47	 -2.27	 -0.00	  1.46	 -1.98	 -0.00	 -0.46	  2.43	 -2.15	 -0.00	 -0.82	  2.82	 -2.18	
 -0.00	  1.46	 -2.27	 -0.00	  1.46	 -1.98	 -0.00	 -0.46	  2.43	 -2.15	 -0.00	 -0.84	  2.83	 -2.17	
 -0.00	  1.46	 -2.27	 -0.00	  1.46	 -1.98	 -0.00	 -0.46	  2.43	 -2.15	 -0.00	 -0.86	  2.84	 -2.15	
 -0.00	  1.45	 -2.27	 -0.00	  1.46	 -1.98	 -0.00	 -0.46	  2.43	 -2.15	 -0.00	 -0.88	  2.84	 -2.14	
 -0.00	  1.44	 -2.27	 -0.00	  1.46	 -1.98	 -0.00	 -0.46	  2.43	 -2.15	 -0.00	 -0.90	  2.85	 -2.12	
 -0.00	  1.44	 -2.27	 -0.00	  1.46	 -1.98	 -0.00	 -0.46	  2.43	 -2.15	 -0.00	 -0.93	  2.86	 -2.11	
 -0.00	  1.43	 -2.27	 -0.00	  1.46	 -1.98	 -0.00	 -0.46	  2.43	 -2.15	 -0.00	 -0.95	  2.87	 -2.09	
 -0.00	  1.43	 -2.27	 -0.00	  1.46	 -1.98	 -0.00	 -0.46	  2.43	 -2.15	 -0.00	 -0.98	  2.87	 -2.07	
 -0.00	  1.42	 -2.27	 -0.00	  1.46	 -1.98	 -0.00	 -0.46	  2.43	 -2.15	 -0.00	 -1.01	  2.88	 -2.05	
 -0.00	  1.41	 -2.27	 -0.00	  1.46	 -1.98	 -0.00	 -0.46	  2.43	 -2.15	 -0.00	 -1.04	  2.89	 -2.02	
 -0.00	  1.41	 -2.27	 -0.00	  1.46	 -1.98	 -0.00	 -0.46	  2.44	 -2.15	 -0.00	 -1.07	  2.90	 -2.00	
 -0.00	  1.40	 -2.27	 -0.00	  1.46	 -1.98	 -0.00	 -0.46	  2.44	 -2.15	 -0.00	 -1.11	  2.90	 -1.97	
 -0.00	  1.39	 -2.27	 -0.00	  1.46	 -1.98	 -0.00	 -0.46	  2.44	 -2.15	 -0.00	 -1.14	  2.91	 -1.95	
 -0.00	  1.38	 -2.27	 -0.00	  1.46	 -1.98	 -0.00	 -0.46	  2.44	 -2.15	 -0.00	 -1.18	  2.92	 -1.92	
 -0.00	  1.38	 -2.27	 -0.00	  1.46	 -1.98	 -0.00	 -0.46	  2.44	 -2.15	 -0.00	 -1.22	  2.93	 -1.89	
 -0.00	  1.37	 -2.27	 -0.00	  1.46	 -1.98	 -0.00	 -0.46	  2.44	 -2.15	 -0.00	 -1.26	  2.94	 -1.85	
 -0.00	  1.36	 -2.27	 -0.00	  1.46	 -1.98	 -0.00	 -0.46	  2.44	 -2.15	 -0.00	 -1.30	  2.94	 -1.82	
 -0.00	  1.35	 -2.27	 -0.00	  1.46	 -1.98	 -0.00	 -0.46	  2.44	 -2.15	 -0.00	 -1.34	  2.95	 -1.78	
 -0.00	  1.34	 -2.27	 -0.00	  1.46	 -1.98	 -0.00	 -0.46	  2.44	 -2.15	 -0.00	 -1.39	  2.96	 -1.75	
 -0.00	  1.33	 -2.27	 -0.00	  1.46	 -1.98	 -0.00	 -0.46	  2.44	 -2.15	 -0.00	 -1.44	  2.97	 -1.70	
 -0.00	  1.33	 -2.27	 -0.00	  1.46	 -1.98	 -0.00	 -0.46	  2.44	 -2.15	 -0.00	 -1.49	  2.98	 -1.66	
 -0.00	  1.32	 -2.27	 -0.00	  1.46	 -1.98	 -0.00	 -0.46	  2.44	 -2.15	 -0.00	 -1.54	  2.98	 -1.62	
 -0.00	  1.31	 -2.27	 -0.00	  1.46	 -1.98	 -0.00	 -0.46	  2.44	 -2.15	 -0.00	 -1.60	  2.99	 -1.57	
 -0.00	  1.30	 -2.26	 -0.00	  1.46	 -1.98	 -0.00	 -0.46	  2.44	 -2.15	 -0.00	 -1.65	  3.00	 -1.52	
 -0.00	  1.29	 -2.26	 -0.00	  1.46	 -1.98	 -0.00	 -0.46	  2.44	 -2.15	 -0.00	 -1.71	  3.01	 -1.47	
 -0.00	  1.28	 -2.26	 -0.00	  1.46	 -1.98	 -0.00	 -0.46	  2.44	 -2.15	 -0.00	 -1.77	  3.01	 -1.42	
 -0.00	  1.27	 -2.26	 -0.00	  1.46	 -1.98	 -0.00	 -0.46	  2.44	 -2.15	 -0.00	 -1.84	  3.02	 -1.36	
 -0.00	  1.26	 -2.26	 -0.00	  1.46	 -1.98	 -0.00	 -0.46	  2.44	 -2.15	 -0.00	 -1.90	  3.03	 -1.30	
 -0.00	  1.25	 -2.25	 -0.00	  1.46	 -1.98	 -0.00	 -0.46	  2.44	 -2.15	 -0.00	 -1.96	  3.04	 -1.25	
 -0.00	  1.24	 -2.25	 -0.00	  1.46	 -1.98	 -0.00	 -0.46	  2.44	 -2.15	 -0.00	 -2.03	  3.04	 -1.19	
 -0.00	  1.23	 -2.25	 -0.00	  1.46	 -1.98	 -0.00	 -0.46	  2.44	 -2.15	 -0.00	 -2.09	  3.05	 -1.13	
 -0.00	  1.22	 -2.25	 -0.00	  1.46	 -1.98	 -0.00	 -0.46	  2.44	 -2.15	 -0.00	 -2.16	  3.05	 -1.07	
 -0.00	  1.21	 -2.24	 -0.00	  1.46	 -1.98	 -0.00	 -0.46	  2.44	 -2.15	 -0.00	 -2.22	  3.06	 -1.02	
 -0.00	  1.20	 -2.24	 -0.00	  1.46	 -1.98	 -0.00	 -0.46	  2.44	 -2.15	 -0.00	 -2.27	  3.06	 -0.96	
 -0.00	  1.19	 -2.24	 -0.00	  1.46	 -1.98	 -0.00	 -0.46	  2.44	 -2.15	 -0.00	 -2.33	  3.06	 -0.91	
 -0.00	  1.18	 -2.23	 -0.00	  1.46	 -1.98	 -0.00	 -0.46	  2.44	 -2.15	 -0.00	 -2.38	  3.07	 -0.86	
 -0.00	  1.17	 -2.23	 -0.00	  1.46	 -1.98	 -0.00	 -0.46	  2.44	 -2.15	 -0.00	 -2.42	  3.07	 -0.82	
 -0.00	  1.16	 -2.23	 -0.00	  1.46	 -1.98	 -0.00	 -0.46	  2.44	 -2.15	 -0.00	 -2.46	  3.07	 -0.78	
 -0.00	  1.15	 -2.22	 -0.00	  1.46	 -1.98	 -0.00	 -0.46	  2.44	 -2.15	 -0.00	 -2.49	  3.06	 -0.75	
 -0.00	  1.14	 -2.22	 -0.00	  1.46	 -1.98	 -0.00	 -0.46	  2.44	 -2.15	 -0.00	 -2.51	  3.06	 -0.72	
 -0.00	  1.13	 -2.21	 -0.00	  1.46	 -1.98	 -0.00	 -0.46	  2.44	 -2.15	 -0.00	 -2.54	  3.06	 -0.70	
 -0.00	  1.12	 -2.21	 -0.00	  1.46	 -1.98	 -0.00	 -0.45	  2.44	 -2.16	 -0.00	 -2.55	  3.05	 -0.67	
 -0.00	  1.11	 -2.21	 -0.00	  1.46	 -1.98	 -0.00	 -0.45	  2.44	 -2.16	 -0.00	 -2.56	  3.05	 -0.66	
 -0.00	  1.10	 -2.20	 -0.00	  1.46	 -1.98	 -0.00	 -0.45	  2.44	 -2.16	 -0.00	 -2.58	  3.04	 -0.64	
 -0.00	  1.09	 -2.20	 -0.00	  1.46	 -1.99	 -0.00	 -0.45	  2.44	 -2.16	 -0.00	 -2.58	  3.03	 -0.63	
 -0.00	  1.08	 -2.19	 -0.00	  1.46	 -1.99	 -0.00	 -0.45	  2.44	 -2.16	 -0.00	 -2.59	  3.03	 -0.61	
 -0.00	  1.07	 -2.19	 -0.00	  1.46	 -1.99	 -0.00	 -0.45	  2.43	 -2.16	 -0.00	 -2.59	  3.02	 -0.60	
 -0.00	  1.06	 -2.19	 -0.00	  1.46	 -1.99	 -0.00	 -0.45	  2.43	 -2.16	 -0.00	 -2.59	  3.01	 -0.59	
 -0.00	  1.05	 -2.18	 -0.00	  1.46	 -1.99	 -0.00	 -0.45	  2.43	 -2.16	 -0.00	 -2.60	  3.00	 -0.58	
 -0.00	  1.04	 -2.18	 -0.00	  1.46	 -1.99	 -0.00	 -0.45	  2.43	 -2.16	 -0.00	 -2.60	  3.00	 -0.58	
 -0.00	  1.03	 -2.17	 -0.00	  1.46	 -1.99	 -0.00	 -0.45	  2.43	 -2.16	 -0.00	 -2.60	  2.99	 -0.57	
 -0.00	  1.02	 -2.17	 -0.00	  1.46	 -1.99	 -0.00	 -0.45	  2.43	 -2.16	 -0.00	 -2.59	  2.98	 -0.56	
 -0.00	  1.02	 -2.16	 -0.00	  1.47	 -1.99	 -0.00	 -0.45	  2.43	 -2.16	 -0.00	 -2.59	  2.97	 -0.55	
 -0.00	  1.01	 -2.16	 -0.00	  1.47	 -1.99	 -0.00	 -0.45	  2.43	 -2.16	 -0.00	 -2.59	  2.97	 -0.55	
 -0.00	  1.00	 -2.15	 -0.00	  1.47	 -1.99	 -0.00	 -0.45	  2.43	 -2.16	 -0.00	 -2.59	  2.96	 -0.54	
 -0.00	  0.99	 -2.15	 -0.00	  1.47	 -1.99	 -0.00	 -0.45	  2.43	 -2.16	 -0.00	 -2.59	  2.95	 -0.54	
 -0.00	  0.98	 -2.15	 -0.00	  1.47	 -1.99	 -0.00	 -0.44	  2.43	 -2.16	 -0.00	 -2.58	  2.94	 -0.53	
 -0.00	  0.97	 -2.14	 -0.00	  1.47	 -1.99	 -0.00	 -0.44	  2.43	 -2.16	 -0.00	 -2.58	  2.93	 -0.53	
 -0.00	  0.96	 -2.14	 -0.00	  1.47	 -1.99	 -0.00	 -0.44	  2.43	 -2.16	 -0.00	 -2.58	  2.93	 -0.52	
 -0.00	  0.96	 -2.13	 -0.00	  1.47	 -1.99	 -0.00	 -0.44	  2.43	 -2.17	 -0.00	 -2.57	  2.92	 -0.52	
 -0.00	  0.95	 -2.13	 -0.00	  1.47	 -1.99	 -0.00	 -0.44	  2.43	 -2.17	 -0.00	 -2.57	  2.91	 -0.52	
 -0.00	  0.94	 -2.12	 -0.00	  1.47	 -1.99	 -0.00	 -0.44	  2.43	 -2.17	 -0.00	 -2.57	  2.90	 -0.51	
 -0.00	  0.93	 -2.12	 -0.00	  1.47	 -1.99	 -0.00	 -0.44	  2.43	 -2.17	 -0.00	 -2.56	  2.90	 -0.51	
 -0.00	  0.93	 -2.11	 -0.00	  1.47	 -1.99	 -0.00	 -0.44	  2.43	 -2.17	 -0.00	 -2.56	  2.89	 -0.50	
 -0.00	  0.92	 -2.11	 -0.00	  1.47	 -1.99	 -0.00	 -0.44	  2.43	 -2.17	 -0.00	 -2.56	  2.88	 -0.50	
 -0.00	  0.91	 -2.11	 -0.00	  1.47	 -1.99	 -0.00	 -0.44	  2.43	 -2.17	 -0.00	 -2.55	  2.88	 -0.50	
 -0.00	  0.90	 -2.10	 -0.00	  1.47	 -1.99	 -0.00	 -0.43	  2.43	 -2.17	 -0.00	 -2.55	  2.87	 -0.50	
 -0.00	  0.90	 -2.10	 -0.00	  1.47	 -1.99	 -0.00	 -0.43	  2.43	 -2.17	 -0.00	 -2.55	  2.86	 -0.49	
 -0.00	  0.89	 -2.09	 -0.00	  1.47	 -1.99	 -0.00	 -0.43	  2.43	 -2.17	 -0.00	 -2.54	  2.86	 -0.49	
 -0.00	  0.89	 -2.09	 -0.00	  1.47	 -1.99	 -0.00	 -0.43	  2.43	 -2.17	 -0.00	 -2.54	  2.85	 -0.49	
 -0.00	  0.88	 -2.09	 -0.00	  1.47	 -1.99	 -0.00	 -0.43	  2.43	 -2.17	 -0.00	 -2.54	  2.85	 -0.48	
 -0.00	  0.87	 -2.08	 -0.00	  1.48	 -1.99	 -0.00	 -0.43	  2.43	 -2.17	 -0.00	 -2.53	  2.84	 -0.48	
 -0.00	  0.87	 -2.08	 -0.00	  1.48	 -1.99	 -0.00	 -0.43	  2.43	 -2.18	 -0.00	 -2.53	  2.83	 -0.48	
 -0.00	  0.86	 -2.07	 -0.00	  1.48	 -1.99	 -0.00	 -0.43	  2.43	 -2.18	 -0.00	 -2.53	  2.83	 -0.48	
 -0.00	  0.86	 -2.07	 -0.00	  1.48	 -1.99	 -0.00	 -0.42	  2.43	 -2.18	 -0.00	 -2.52	  2.82	 -0.48	
 -0.00	  0.85	 -2.07	 -0.00	  1.48	 -1.99	 -0.00	 -0.42	  2.43	 -2.18	 -0.00	 -2.52	  2.82	 -0.47	
 -0.00	  0.85	 -2.07	 -0.00	  1.48	 -1.99	 -0.00	 -0.42	  2.43	 -2.18	 -0.00	 -2.52	  2.82	 -0.47	
 -0.00	  0.84	 -2.06	 -0.00	  1.48	 -1.99	 -0.00	 -0.42	  2.43	 -2.18	 -0.00	 -2.51	  2.81	 -0.47	
 -0.00	  0.84	 -2.06	 -0.00	  1.48	 -1.99	 -0.00	 -0.42	  2.43	 -2.18	 -0.00	 -2.51	  2.81	 -0.47	
 -0.00	  0.84	 -2.06	 -0.00	  1.48	 -1.99	 -0.00	 -0.42	  2.42	 -2.18	 -0.00	 -2.51	  2.80	 -0.47	
 -0.00	  0.83	 -2.05	 -0.00	  1.48	 -1.99	 -0.00	 -0.42	  2.42	 -2.18	 -0.00	 -2.51	  2.80	 -0.47	
 -0.00	  0.83	 -2.05	 -0.00	  1.48	 -1.99	 -0.00	 -0.41	  2.42	 -2.18	 -0.00	 -2.50	  2.80	 -0.47	
 -0.00	  0.83	 -2.05	 -0.00	  1.48	 -1.99	 -0.00	 -0.41	  2.42	 -2.18	 -0.00	 -2.50	  2.79	 -0.47	
 -0.00	  0.82	 -2.05	 -0.00	  1.48	 -1.99	 -0.00	 -0.41	  2.42	 -2.18	 -0.00	 -2.50	  2.79	 -0.46	
 -0.00	  0.82	 -2.05	 -0.00	  1.48	 -1.99	 -0.00	 -0.41	  2.42	 -2.19	 -0.00	 -2.50	  2.79	 -0.46	
 -0.00	  0.82	 -2.04	 -0.00	  1.48	 -1.99	 -0.00	 -0.41	  2.42	 -2.19	 -0.00	 -2.50	  2.78	 -0.46	
 -0.00	  0.82	 -2.04	 -0.00	  1.49	 -1.99	 -0.00	 -0.41	  2.42	 -2.19	 -0.00	 -2.49	  2.78	 -0.46	
 -0.00	  0.81	 -2.04	 -0.00	  1.49	 -1.99	 -0.00	 -0.40	  2.42	 -2.19	 -0.00	 -2.49	  2.78	 -0.46	
 -0.00	  0.81	 -2.04	 -0.00	  1.49	 -1.99	 -0.00	 -0.40	  2.42	 -2.19	 -0.00	 -2.49	  2.78	 -0.46	
 -0.00	  0.81	 -2.04	 -0.00	  1.49	 -1.99	 -0.00	 -0.40	  2.42	 -2.19	 -0.00	 -2.49	  2.78	 -0.46	
 -0.00	  0.81	 -2.04	 -0.00	  1.49	 -1.99	 -0.00	 -0.40	  2.42	 -2.19	 -0.00	 -2.49	  2.77	 -0.46	
 -0.00	  0.81	 -2.04	 -0.00	  1.49	 -1.99	 -0.00	 -0.40	  2.42	 -2.19	 -0.00	 -2.49	  2.77	 -0.46	
 -0.00	  0.81	 -2.04	 -0.00	  1.49	 -1.99	 -0.00	 -0.40	  2.41	 -2.19	 -0.00	 -2.49	  2.77	 -0.46	
 -0.00	  0.81	 -2.03	 -0.00	  1.49	 -1.99	 -0.00	 -0.39	  2.41	 -2.20	 -0.00	 -2.48	  2.77	 -0.46	
 -0.00	  0.81	 -2.03	 -0.00	  1.49	 -1.99	 -0.00	 -0.39	  2.41	 -2.20	 -0.00	 -2.48	  2.77	 -0.46	
 -0.00	  0.81	 -2.03	 -0.00	  1.49	 -1.99	 -0.00	 -0.39	  2.41	 -2.20	 -0.00	 -2.48	  2.77	 -0.46	
 -0.00	  0.81	 -2.03	 -0.00	  1.49	 -1.99	 -0.00	 -0.39	  2.41	 -2.20	 -0.00	 -2.48	  2.77	 -0.46	
 -0.00	  0.81	 -2.03	 -0.00	  1.50	 -1.99	 -0.00	 -0.39	  2.41	 -2.20	 -0.00	 -2.48	  2.77	 -0.46	
 -0.00	  0.81	 -2.03	 -0.00	  1.50	 -1.99	 -0.00	 -0.38	  2.41	 -2.20	 -0.00	 -2.48	  2.77	 -0.46	
 -0.00	  0.81	 -2.03	 -0.00	  1.50	 -1.99	 -0.00	 -0.38	  2.41	 -2.20	 -0.00	 -2.48	  2.77	 -0.47	
 -0.00	  0.81	 -2.03	 -0.00	  1.50	 -1.99	 -0.00	 -0.38	  2.41	 -2.20	 -0.00	 -2.48	  2.77	 -0.47	
 -0.00	  0.81	 -2.03	 -0.00	  1.50	 -1.99	 -0.00	 -0.38	  2.41	 -2.20	 -0.00	 -2.48	  2.77	 -0.47	
 -0.00	  0.81	 -2.03	 -0.00	  1.50	 -1.99	 -0.00	 -0.37	  2.40	 -2.21	 -0.00	 -2.48	  2.77	 -0.47	
 -0.00	  0.81	 -2.03	 -0.00	  1.50	 -1.99	 -0.00	 -0.37	  2.40	 -2.21	 -0.00	 -2.48	  2.77	 -0.47	
 -0.00	  0.81	 -2.04	 -0.00	  1.50	 -1.99	 -0.00	 -0.37	  2.40	 -2.21	 -0.00	 -2.48	  2.77	 -0.47	
 -0.00	  0.81	 -2.04	 -0.00	  1.50	 -1.99	 -0.00	 -0.37	  2.40	 -2.21	 -0.00	 -2.48	  2.77	 -0.47	
 -0.00	  0.81	 -2.04	 -0.00	  1.50	 -1.99	 -0.00	 -0.36	  2.40	 -2.21	 -0.00	 -2.48	  2.78	 -0.47	
 -0.00	  0.82	 -2.04	 -0.00	  1.50	 -1.99	 -0.00	 -0.36	  2.40	 -2.21	 -0.00	 -2.48	  2.78	 -0.48	
 -0.00	  0.82	 -2.04	 -0.00	  1.51	 -1.99	 -0.00	 -0.36	  2.40	 -2.21	 -0.00	 -2.48	  2.78	 -0.48	
 -0.00	  0.82	 -2.04	 -0.00	  1.51	 -1.99	 -0.00	 -0.36	  2.40	 -2.21	 -0.00	 -2.47	  2.78	 -0.48	
 -0.00	  0.82	 -2.04	 -0.00	  1.51	 -1.99	 -0.00	 -0.35	  2.39	 -2.21	 -0.00	 -2.47	  2.78	 -0.48	
 -0.00	  0.82	 -2.04	 -0.00	  1.51	 -1.98	 -0.00	 -0.35	  2.39	 -2.22	 -0.00	 -2.47	  2.78	 -0.48	
 -0.00	  0.82	 -2.04	 -0.00	  1.51	 -1.98	 -0.00	 -0.35	  2.39	 -2.22	 -0.00	 -2.47	  2.78	 -0.49	
 -0.00	  0.83	 -2.04	 -0.00	  1.51	 -1.98	 -0.00	 -0.35	  2.39	 -2.22	 -0.00	 -2.47	  2.79	 -0.49	
 -0.00	  0.83	 -2.04	 -0.00	  1.51	 -1.98	 -0.00	 -0.34	  2.39	 -2.22	 -0.00	 -2.47	  2.79	 -0.49	
 -0.00	  0.83	 -2.04	 -0.00	  1.51	 -1.98	 -0.00	 -0.34	  2.39	 -2.22	 -0.00	 -2.47	  2.79	 -0.49	
 -0.00	  0.83	 -2.04	 -0.00	  1.51	 -1.98	 -0.00	 -0.34	  2.39	 -2.22	 -0.00	 -2.47	  2.79	 -0.49	
 -0.00	  0.83	 -2.05	 -0.00	  1.52	 -1.98	 -0.00	 -0.34	  2.38	 -2.22	 -0.00	 -2.47	  2.79	 -0.50	
 -0.00	  0.84	 -2.05	 -0.00	  1.52	 -1.98	 -0.00	 -0.33	  2.38	 -2.22	 -0.00	 -2.47	  2.79	 -0.50	
 -0.00	  0.84	 -2.05	 -0.00	  1.52	 -1.98	 -0.00	 -0.33	  2.38	 -2.23	 -0.00	 -2.47	  2.79	 -0.50	
 -0.00	  0.84	 -2.05	 -0.00	  1.52	 -1.98	 -0.00	 -0.33	  2.38	 -2.23	 -0.00	 -2.47	  2.80	 -0.50	
 -0.00	  0.84	 -2.05	 -0.00	  1.52	 -1.98	 -0.00	 -0.32	  2.38	 -2.23	 -0.00	 -2.47	  2.80	 -0.51	
 -0.00	  0.84	 -2.05	 -0.00	  1.52	 -1.98	 -0.00	 -0.32	  2.38	 -2.23	 -0.00	 -2.47	  2.80	 -0.51	
 -0.00	  0.84	 -2.05	 -0.00	  1.52	 -1.98	 -0.00	 -0.32	  2.37	 -2.23	 -0.00	 -2.46	  2.80	 -0.51	
 -0.00	  0.85	 -2.05	 -0.00	  1.52	 -1.98	 -0.00	 -0.31	  2.37	 -2.23	 -0.00	 -2.46	  2.80	 -0.51	
 -0.00	  0.85	 -2.05	 -0.00	  1.52	 -1.98	 -0.00	 -0.31	  2.37	 -2.23	 -0.00	 -2.46	  2.80	 -0.52	
 -0.00	  0.85	 -2.05	 -0.00	  1.53	 -1.98	 -0.00	 -0.31	  2.37	 -2.23	 -0.00	 -2.46	  2.80	 -0.52	
 -0.00	  0.85	 -2.05	 -0.00	  1.53	 -1.98	 -0.00	 -0.31	  2.37	 -2.23	 -0.00	 -2.46	  2.81	 -0.52	
 -0.00	  0.86	 -2.06	 -0.00	  1.53	 -1.98	 -0.00	 -0.30	  2.36	 -2.24	 -0.00	 -2.46	  2.81	 -0.52	
 -0.00	  0.86	 -2.06	 -0.00	  1.53	 -1.98	 -0.00	 -0.30	  2.36	 -2.24	 -0.00	 -2.46	  2.81	 -0.53	
 -0.00	  0.86	 -2.06	 -0.00	  1.53	 -1.98	 -0.00	 -0.30	  2.36	 -2.24	 -0.00	 -2.46	  2.81	 -0.53	
 -0.00	  0.86	 -2.06	 -0.00	  1.53	 -1.97	 -0.00	 -0.29	  2.36	 -2.24	 -0.00	 -2.45	  2.81	 -0.53	
 -0.00	  0.86	 -2.06	 -0.00	  1.53	 -1.97	 -0.00	 -0.29	  2.36	 -2.24	 -0.00	 -2.45	  2.81	 -0.54	
 -0.00	  0.87	 -2.06	 -0.00	  1.53	 -1.97	 -0.00	 -0.29	  2.35	 -2.24	 -0.00	 -2.45	  2.82	 -0.54	
 -0.00	  0.87	 -2.06	 -0.00	  1.53	 -1.97	 -0.00	 -0.28	  2.35	 -2.24	 -0.00	 -2.45	  2.82	 -0.54	
 -0.00	  0.87	 -2.06	 -0.00	  1.54	 -1.97	 -0.00	 -0.28	  2.35	 -2.24	 -0.00	 -2.45	  2.82	 -0.55	
 -0.00	  0.87	 -2.06	 -0.00	  1.54	 -1.97	 -0.00	 -0.28	  2.35	 -2.25	 -0.00	 -2.45	  2.82	 -0.55	
 -0.00	  0.87	 -2.06	 -0.00	  1.54	 -1.97	 -0.00	 -0.27	  2.35	 -2.25	 -0.00	 -2.44	  2.82	 -0.55	
 -0.00	  0.88	 -2.06	 -0.00	  1.54	 -1.97	 -0.00	 -0.27	  2.34	 -2.25	 -0.00	 -2.44	  2.82	 -0.56	
 -0.00	  0.88	 -2.06	 -0.00	  1.54	 -1.97	 -0.00	 -0.27	  2.34	 -2.25	 -0.00	 -2.44	  2.82	 -0.56	
 -0.00	  0.88	 -2.07	 -0.00	  1.54	 -1.97	 -0.00	 -0.26	  2.34	 -2.25	 -0.00	 -2.44	  2.83	 -0.56	
 -0.00	  0.88	 -2.07	 -0.00	  1.54	 -1.97	 -0.00	 -0.26	  2.34	 -2.25	 -0.00	 -2.43	  2.83	 -0.57	
 -0.00	  0.89	 -2.07	 -0.00	  1.54	 -1.97	 -0.00	 -0.26	  2.33	 -2.25	 -0.00	 -2.43	  2.83	 -0.57	
 -0.00	  0.89	 -2.07	 -0.00	  1.55	 -1.97	 -0.00	 -0.25	  2.33	 -2.25	 -0.00	 -2.43	  2.83	 -0.58	
 -0.00	  0.89	 -2.07	 -0.00	  1.55	 -1.97	 -0.00	 -0.25	  2.33	 -2.25	 -0.00	 -2.43	  2.83	 -0.58	
 -0.00	  0.89	 -2.07	 -0.00	  1.55	 -1.96	 -0.00	 -0.25	  2.33	 -2.25	 -0.00	 -2.42	  2.83	 -0.58	
 -0.00	  0.90	 -2.07	 -0.00	  1.55	 -1.96	 -0.00	 -0.24	  2.33	 -2.26	 -0.00	 -2.42	  2.84	 -0.59	
 -0.00	  0.90	 -2.07	 -0.00	  1.55	 -1.96	 -0.00	 -0.24	  2.32	 -2.26	 -0.00	 -2.42	  2.84	 -0.59	
 -0.00	  0.90	 -2.07	 -0.00	  1.55	 -1.96	 -0.00	 -0.24	  2.32	 -2.26	 -0.00	 -2.42	  2.84	 -0.60	
 -0.00	  0.90	 -2.07	 -0.00	  1.55	 -1.96	 -0.00	 -0.23	  2.32	 -2.26	 -0.00	 -2.41	  2.84	 -0.60	
 -0.00	  0.91	 -2.07	 -0.00	  1.55	 -1.96	 -0.00	 -0.23	  2.32	 -2.26	 -0.00	 -2.41	  2.84	 -0.61	
 -0.00	  0.91	 -2.07	 -0.00	  1.55	 -1.96	 -0.00	 -0.23	  2.31	 -2.26	 -0.00	 -2.41	  2.84	 -0.61	
 -0.00	  0.91	 -2.08	 -0.00	  1.56	 -1.96	 -0.00	 -0.22	  2.31	 -2.26	 -0.00	 -2.40	  2.84	 -0.61	
 -0.00	  0.91	 -2.08	 -0.00	  1.56	 -1.96	 -0.00	 -0.22	  2.31	 -2.26	 -0.00	 -2.40	  2.85	 -0.62	
 -0.00	  0.91	 -2.08	 -0.00	  1.56	 -1.96	 -0.00	 -0.22	  2.31	 -2.26	 -0.00	 -2.40	  2.85	 -0.62	
 -0.00	  0.92	 -2.08	 -0.00	  1.56	 -1.95	 -0.00	 -0.21	  2.30	 -2.26	 -0.00	 -2.39	  2.85	 -0.63	
 -0.00	  0.92	 -2.08	 -0.00	  1.56	 -1.95	 -0.00	 -0.21	  2.30	 -2.27	 -0.00	 -2.39	  2.85	 -0.63	
 -0.00	  0.92	 -2.08	 -0.00	  1.56	 -1.95	 -0.00	 -0.21	  2.30	 -2.27	 -0.00	 -2.39	  2.85	 -0.64	
 -0.00	  0.92	 -2.08	 -0.00	  1.56	 -1.95	 -0.00	 -0.20	  2.30	 -2.27	 -0.00	 -2.38	  2.85	 -0.64	
 -0.00	  0.93	 -2.08	 -0.00	  1.56	 -1.95	 -0.00	 -0.20	  2.29	 -2.27	 -0.00	 -2.38	  2.85	 -0.65	
 -0.00	  0.93	 -2.08	 -0.00	  1.56	 -1.95	 -0.00	 -0.20	  2.29	 -2.27	 -0.00	 -2.37	  2.85	 -0.65	
 -0.00	  0.93	 -2.08	 -0.00	  1.57	 -1.95	 -0.00	 -0.19	  2.29	 -2.27	 -0.00	 -2.37	  2.86	 -0.66	
 -0.00	  0.93	 -2.08	 -0.00	  1.57	 -1.95	 -0.00	 -0.19	  2.29	 -2.27	 -0.00	 -2.37	  2.86	 -0.67	
 -0.00	  0.94	 -2.08	 -0.00	  1.57	 -1.95	 -0.00	 -0.19	  2.28	 -2.27	 -0.00	 -2.36	  2.86	 -0.67	
 -0.00	  0.94	 -2.08	 -0.00	  1.57	 -1.94	 -0.00	 -0.18	  2.28	 -2.27	 -0.00	 -2.36	  2.86	 -0.68	
 -0.00	  0.94	 -2.08	 -0.00	  1.57	 -1.94	 -0.00	 -0.18	  2.28	 -2.27	 -0.00	 -2.35	  2.86	 -0.68	
 -0.00	  0.94	 -2.09	 -0.00	  1.57	 -1.94	 -0.00	 -0.18	  2.27	 -2.27	 -0.00	 -2.35	  2.86	 -0.69	
 -0.00	  0.95	 -2.09	 -0.00	  1.57	 -1.94	 -0.00	 -0.17	  2.27	 -2.27	 -0.00	 -2.34	  2.86	 -0.69	
 -0.00	  0.95	 -2.09	 -0.00	  1.57	 -1.94	 -0.00	 -0.17	  2.27	 -2.27	 -0.00	 -2.34	  2.86	 -0.70	
 -0.00	  0.95	 -2.09	 -0.00	  1.57	 -1.94	 -0.00	 -0.17	  2.27	 -2.27	 -0.00	 -2.33	  2.86	 -0.71	
 -0.00	  0.95	 -2.09	 -0.00	  1.57	 -1.94	 -0.00	 -0.16	  2.26	 -2.28	 -0.00	 -2.33	  2.87	 -0.71	
 -0.00	  0.96	 -2.09	 -0.00	  1.58	 -1.94	 -0.00	 -0.16	  2.26	 -2.28	 -0.00	 -2.32	  2.87	 -0.72	
 -0.00	  0.96	 -2.09	 -0.00	  1.58	 -1.93	 -0.00	 -0.16	  2.26	 -2.28	 -0.00	 -2.32	  2.87	 -0.72	
 -0.00	  0.96	 -2.09	 -0.00	  1.58	 -1.93	 -0.00	 -0.15	  2.26	 -2.28	 -0.00	 -2.31	  2.87	 -0.73	
 -0.00	  0.96	 -2.09	 -0.00	  1.58	 -1.93	 -0.00	 -0.15	  2.25	 -2.28	 -0.00	 -2.31	  2.87	 -0.74	
 -0.00	  0.97	 -2.09	 -0.00	  1.58	 -1.93	 -0.00	 -0.15	  2.25	 -2.28	 -0.00	 -2.30	  2.87	 -0.74	
 -0.00	  0.97	 -2.09	 -0.00	  1.58	 -1.93	 -0.00	 -0.14	  2.25	 -2.28	 -0.00	 -2.29	  2.87	 -0.75	
 -0.00	  0.97	 -2.09	 -0.00	  1.58	 -1.93	 -0.00	 -0.14	  2.24	 -2.28	 -0.00	 -2.29	  2.87	 -0.76	
 -0.00	  0.98	 -2.09	 -0.00	  1.58	 -1.93	 -0.00	 -0.14	  2.24	 -2.28	 -0.00	 -2.28	  2.87	 -0.76	
 -0.00	  0.98	 -2.09	 -0.00	  1.58	 -1.93	 -0.00	 -0.13	  2.24	 -2.28	 -0.00	 -2.28	  2.87	 -0.77	
 -0.00	  0.98	 -2.09	 -0.00	  1.58	 -1.92	 -0.00	 -0.13	  2.24	 -2.28	 -0.00	 -2.27	  2.87	 -0.78	
 -0.00	  0.98	 -2.09	 -0.00	  1.59	 -1.92	 -0.00	 -0.13	  2.23	 -2.28	 -0.00	 -2.26	  2.87	 -0.78	
 -0.00	  0.99	 -2.09	 -0.00	  1.59	 -1.92	 -0.00	 -0.12	  2.23	 -2.28	 -0.00	 -2.26	  2.87	 -0.79	
 -0.00	  0.99	 -2.09	 -0.00	  1.59	 -1.92	 -0.00	 -0.12	  2.23	 -2.28	 -0.00	 -2.25	  2.88	 -0.80	
 -0.00	  0.99	 -2.10	 -0.00	  1.59	 -1.92	 -0.00	 -0.12	  2.22	 -2.28	 -0.00	 -2.24	  2.88	 -0.81	
 -0.00	  0.99	 -2.10	 -0.00	  1.59	 -1.92	 -0.00	 -0.11	  2.22	 -2.28	 -0.00	 -2.24	  2.88	 -0.81	
 -0.00	  0.99	 -2.10	 -0.00	  1.59	 -1.92	 -0.00	 -0.11	  2.22	 -2.28	 -0.00	 -2.23	  2.88	 -0.82	
 -0.00	  1.00	 -2.10	 -0.00	  1.59	 -1.91	 -0.00	 -0.11	  2.22	 -2.28	 -0.00	 -2.22	  2.88	 -0.83	
 -0.00	  1.00	 -2.10	 -0.00	  1.59	 -1.91	 -0.00	 -0.10	  2.21	 -2.28	 -0.00	 -2.22	  2.88	 -0.84	
 -0.00	  1.00	 -2.10	 -0.00	  1.59	 -1.91	 -0.00	 -0.10	  2.21	 -2.28	 -0.00	 -2.21	  2.88	 -0.84	
 -0.00	  1.00	 -2.10	 -0.00	  1.59	 -1.91	 -0.00	 -0.10	  2.21	 -2.28	 -0.00	 -2.20	  2.88	 -0.85	
 -0.00	  1.01	 -2.10	 -0.00	  1.59	 -1.91	 -0.00	 -0.09	  2.20	 -2.28	 -0.00	 -2.20	  2.88	 -0.86	
 -0.00	  1.01	 -2.10	 -0.00	  1.59	 -1.91	 -0.00	 -0.09	  2.20	 -2.28	 -0.00	 -2.19	  2.88	 -0.87	
 -0.00	  1.01	 -2.10	 -0.00	  1.59	 -1.91	 -0.00	 -0.09	  2.20	 -2.28	 -0.00	 -2.18	  2.88	 -0.87	
 -0.00	  1.01	 -2.10	 -0.00	  1.60	 -1.90	 -0.00	 -0.09	  2.20	 -2.28	 -0.00	 -2.17	  2.88	 -0.88	
 -0.00	  1.02	 -2.10	 -0.00	  1.60	 -1.90	 -0.00	 -0.08	  2.19	 -2.28	 -0.00	 -2.17	  2.88	 -0.89	
 -0.00	  1.02	 -2.10	 -0.00	  1.60	 -1.90	 -0.00	 -0.08	  2.19	 -2.28	 -0.00	 -2.16	  2.88	 -0.90	
 -0.00	  1.02	 -2.10	 -0.00	  1.60	 -1.90	 -0.00	 -0.08	  2.19	 -2.28	 -0.00	 -2.15	  2.88	 -0.90	
 -0.00	  1.02	 -2.10	 -0.00	  1.60	 -1.90	 -0.00	 -0.07	  2.18	 -2.29	 -0.00	 -2.14	  2.88	 -0.91	
 -0.00	  1.03	 -2.10	 -0.00	  1.60	 -1.90	 -0.00	 -0.07	  2.18	 -2.29	 -0.00	 -2.13	  2.88	 -0.92	
 -0.00	  1.03	 -2.10	 -0.00	  1.60	 -1.89	 -0.00	 -0.07	  2.18	 -2.29	 -0.00	 -2.13	  2.88	 -0.93	
 -0.00	  1.03	 -2.10	 -0.00	  1.60	 -1.89	 -0.00	 -0.06	  2.18	 -2.29	 -0.00	 -2.12	  2.88	 -0.94	
 -0.00	  1.03	 -2.10	 -0.00	  1.60	 -1.89	 -0.00	 -0.06	  2.17	 -2.29	 -0.00	 -2.11	  2.88	 -0.94	
 -0.00	  1.04	 -2.10	 -0.00	  1.60	 -1.89	 -0.00	 -0.06	  2.17	 -2.29	 -0.00	 -2.10	  2.88	 -0.95	
 -0.00	  1.04	 -2.10	 -0.00	  1.60	 -1.89	 -0.00	 -0.06	  2.17	 -2.29	 -0.00	 -2.09	  2.88	 -0.96	
 -0.00	  1.04	 -2.10	 -0.00	  1.60	 -1.89	 -0.00	 -0.05	  2.16	 -2.29	 -0.00	 -2.08	  2.88	 -0.97	
 -0.00	  1.04	 -2.10	 -0.00	  1.60	 -1.88	 -0.00	 -0.05	  2.16	 -2.29	 -0.00	 -2.08	  2.88	 -0.98	
 -0.00	  1.04	 -2.10	 -0.00	  1.60	 -1.88	 -0.00	 -0.05	  2.16	 -2.29	 -0.00	 -2.07	  2.88	 -0.98	
 -0.00	  1.05	 -2.10	 -0.00	  1.60	 -1.88	 -0.00	 -0.05	  2.16	 -2.29	 -0.00	 -2.06	  2.88	 -0.99	
 -0.00	  1.05	 -2.10	 -0.00	  1.60	 -1.88	 -0.00	 -0.04	  2.15	 -2.28	 -0.00	 -2.05	  2.88	 -1.00	
 -0.00	  1.05	 -2.10	 -0.00	  1.60	 -1.88	 -0.00	 -0.04	  2.15	 -2.28	 -0.00	 -2.04	  2.88	 -1.01	
 -0.00	  1.05	 -2.10	 -0.00	  1.60	 -1.88	 -0.00	 -0.04	  2.15	 -2.28	 -0.00	 -2.03	  2.88	 -1.02	
 -0.00	  1.06	 -2.10	 -0.00	  1.61	 -1.88	 -0.00	 -0.03	  2.14	 -2.28	 -0.00	 -2.03	  2.88	 -1.02	
 -0.00	  1.06	 -2.10	 -0.00	  1.61	 -1.87	 -0.00	 -0.03	  2.14	 -2.28	 -0.00	 -2.02	  2.88	 -1.03	
 -0.00	  1.06	 -2.10	 -0.00	  1.61	 -1.87	 -0.00	 -0.03	  2.14	 -2.28	 -0.00	 -2.01	  2.88	 -1.04	
 -0.00	  1.06	 -2.10	 -0.00	  1.61	 -1.87	 -0.00	 -0.03	  2.14	 -2.28	 -0.00	 -2.00	  2.87	 -1.05	
 -0.00	  1.06	 -2.10	 -0.00	  1.61	 -1.87	 -0.00	 -0.02	  2.13	 -2.28	 -0.00	 -1.99	  2.87	 -1.06	
 -0.00	  1.07	 -2.10	 -0.00	  1.61	 -1.87	 -0.00	 -0.02	  2.13	 -2.28	 -0.00	 -1.98	  2.87	 -1.06	
 -0.00	  1.07	 -2.10	 -0.00	  1.61	 -1.87	 -0.00	 -0.02	  2.13	 -2.28	 -0.00	 -1.98	  2.87	 -1.07	
 -0.00	  1.07	 -2.10	 -0.00	  1.61	 -1.86	 -0.00	 -0.02	  2.12	 -2.28	 -0.00	 -1.97	  2.87	 -1.08	
 -0.00	  1.07	 -2.10	 -0.00	  1.61	 -1.86	 -0.00	 -0.01	  2.12	 -2.28	 -0.00	 -1.96	  2.87	 -1.09	
 -0.00	  1.07	 -2.10	 -0.00	  1.61	 -1.86	 -0.00	 -0.01	  2.12	 -2.28	 -0.00	 -1.95	  2.87	 -1.10	
 -0.00	  1.08	 -2.10	 -0.00	  1.61	 -1.86	 -0.00	 -0.01	  2.12	 -2.28	 -0.00	 -1.94	  2.87	 -1.10	
 -0.00	  1.08	 -2.10	 -0.00	  1.61	 -1.86	 -0.00	 -0.01	  2.11	 -2.28	 -0.00	 -1.93	  2.87	 -1.11	
 -0.00	  1.08	 -2.10	 -0.00	  1.61	 -1.86	 -0.00	 -0.00	  2.11	 -2.28	 -0.00	 -1.93	  2.87	 -1.12	
 -0.00	  1.08	 -2.10	 -0.00	  1.61	 -1.85	 -0.00	 -0.00	  2.11	 -2.28	 -0.00	 -1.92	  2.87	 -1.13	
 -0.00	  1.08	 -2.10	 -0.00	  1.61	 -1.85	 -0.00	  0.00	  2.11	 -2.28	 -0.00	 -1.91	  2.87	 -1.13	
 -0.00	  1.09	 -2.10	 -0.00	  1.61	 -1.85	 -0.00	  0.00	  2.10	 -2.28	 -0.00	 -1.90	  2.87	 -1.14	
 -0.00	  1.09	 -2.10	 -0.00	  1.61	 -1.85	 -0.00	  0.01	  2.10	 -2.28	 -0.00	 -1.89	  2.87	 -1.15	
 -0.00	  1.09	 -2.10	 -0.00	  1.61	 -1.85	 -0.00	  0.01	  2.10	 -2.28	 -0.00	 -1.88	  2.86	 -1.16	
 -0.00	  1.09	 -2.10	 -0.00	  1.61	 -1.85	 -0.00	  0.01	  2.10	 -2.28	 -0.00	 -1.88	  2.86	 -1.16	
 -0.00	  1.09	 -2.10	 -0.00	  1.61	 -1.84	 -0.00	  0.01	  2.09	 -2.28	 -0.00	 -1.87	  2.86	 -1.17	
 -0.00	  1.09	 -2.10	 -0.00	  1.61	 -1.84	 -0.00	  0.01	  2.09	 -2.28	 -0.00	 -1.86	  2.86	 -1.18	
 -0.00	  1.10	 -2.10	 -0.00	  1.61	 -1.84	 -0.00	  0.02	  2.09	 -2.28	 -0.00	 -1.85	  2.86	 -1.18	
 -0.00	  1.10	 -2.10	 -0.00	  1.61	 -1.84	 -0.00	  0.02	  2.09	 -2.28	 -0.00	 -1.84	  2.86	 -1.19	
 -0.00	  1.10	 -2.10	 -0.00	  1.61	 -1.84	 -0.00	  0.02	  2.08	 -2.28	 -0.00	 -1.84	  2.86	 -1.20	
 -0.00	  1.10	 -2.10	 -0.00	  1.61	 -1.84	 -0.00	  0.02	  2.08	 -2.28	 -0.00	 -1.83	  2.86	 -1.20	
 -0.00	  1.10	 -2.10	 -0.00	  1.61	 -1.84	 -0.00	  0.02	  2.08	 -2.28	 -0.00	 -1.82	  2.86	 -1.21	
 -0.00	  1.10	 -2.10	 -0.00	  1.61	 -1.83	 -0.00	  0.03	  2.08	 -2.28	 -0.00	 -1.81	  2.86	 -1.22	
 -0.00	  1.11	 -2.10	 -0.00	  1.61	 -1.83	 -0.00	  0.03	  2.07	 -2.28	 -0.00	 -1.81	  2.86	 -1.22	
 -0.00	  1.11	 -2.10	 -0.00	  1.61	 -1.83	 -0.00	  0.03	  2.07	 -2.28	 -0.00	 -1.80	  2.85	 -1.23	
 -0.00	  1.11	 -2.10	 -0.00	  1.61	 -1.83	 -0.00	  0.03	  2.07	 -2.28	 -0.00	 -1.79	  2.85	 -1.24	
 -0.00	  1.11	 -2.10	 -0.00	  1.61	 -1.83	 -0.00	  0.03	  2.07	 -2.28	 -0.00	 -1.78	  2.85	 -1.24	
 -0.00	  1.11	 -2.10	 -0.00	  1.61	 -1.83	 -0.00	  0.04	  2.06	 -2.28	 -0.00	 -1.78	  2.85	 -1.25	
 -0.00	  1.11	 -2.10	 -0.00	  1.61	 -1.82	 -0.00	  0.04	  2.06	 -2.27	 -0.00	 -1.77	  2.85	 -1.26	
 -0.00	  1.12	 -2.10	 -0.00	  1.61	 -1.82	 -0.00	  0.04	  2.06	 -2.27	 -0.00	 -1.76	  2.85	 -1.26	
 -0.00	  1.12	 -2.10	 -0.00	  1.61	 -1.82	 -0.00	  0.04	  2.06	 -2.27	 -0.00	 -1.76	  2.85	 -1.27	
 -0.00	  1.12	 -2.10	 -0.00	  1.61	 -1.82	 -0.00	  0.04	  2.06	 -2.27	 -0.00	 -1.75	  2.85	 -1.27	
 -0.00	  1.12	 -2.10	 -0.00	  1.61	 -1.82	 -0.00	  0.05	  2.05	 -2.27	 -0.00	 -1.74	  2.85	 -1.28	
 -0.00	  1.12	 -2.10	 -0.00	  1.61	 -1.82	 -0.00	  0.05	  2.05	 -2.27	 -0.00	 -1.74	  2.85	 -1.28	
 -0.00	  1.12	 -2.10	 -0.00	  1.61	 -1.82	 -0.00	  0.05	  2.05	 -2.27	 -0.00	 -1.73	  2.84	 -1.29	
 -0.00	  1.12	 -2.10	 -0.00	  1.61	 -1.81	 -0.00	  0.05	  2.05	 -2.27	 -0.00	 -1.72	  2.84	 -1.29	
 -0.00	  1.12	 -2.10	 -0.00	  1.61	 -1.81	 -0.00	  0.05	  2.05	 -2.27	 -0.00	 -1.72	  2.84	 -1.30	
 -0.00	  1.13	 -2.10	 -0.00	  1.61	 -1.81	 -0.00	  0.05	  2.04	 -2.27	 -0.00	 -1.71	  2.84	 -1.31	
 -0.00	  1.13	 -2.10	 -0.00	  1.61	 -1.81	 -0.00	  0.06	  2.04	 -2.27	 -0.00	 -1.70	  2.84	 -1.31	
 -0.00	  1.13	 -2.10	 -0.00	  1.61	 -1.81	 -0.00	  0.06	  2.04	 -2.27	 -0.00	 -1.70	  2.84	 -1.32	
 -0.00	  1.13	 -2.10	 -0.00	  1.61	 -1.81	 -0.00	  0.06	  2.04	 -2.27	 -0.00	 -1.69	  2.84	 -1.32	
 -0.00	  1.13	 -2.09	 -0.00	  1.61	 -1.81	 -0.00	  0.06	  2.04	 -2.27	 -0.00	 -1.69	  2.84	 -1.32	
 -0.00	  1.13	 -2.09	 -0.00	  1.61	 -1.81	 -0.00	  0.06	  2.03	 -2.27	 -0.00	 -1.68	  2.84	 -1.33	
 -0.00	  1.13	 -2.09	 -0.00	  1.61	 -1.80	 -0.00	  0.06	  2.03	 -2.27	 -0.00	 -1.68	  2.84	 -1.33	
 -0.00	  1.13	 -2.09	 -0.00	  1.61	 -1.80	 -0.00	  0.06	  2.03	 -2.27	 -0.00	 -1.67	  2.83	 -1.34	
 -0.00	  1.13	 -2.09	 -0.00	  1.61	 -1.80	 -0.00	  0.06	  2.03	 -2.27	 -0.00	 -1.67	  2.83	 -1.34	
 -0.00	  1.14	 -2.09	 -0.00	  1.61	 -1.80	 -0.00	  0.07	  2.03	 -2.27	 -0.00	 -1.66	  2.83	 -1.35	
 -0.00	  1.14	 -2.09	 -0.00	  1.61	 -1.80	 -0.00	  0.07	  2.03	 -2.27	 -0.00	 -1.66	  2.83	 -1.35	
 -0.00	  1.14	 -2.09	 -0.00	  1.61	 -1.80	 -0.00	  0.07	  2.02	 -2.27	 -0.00	 -1.65	  2.83	 -1.35	
 -0.00	  1.14	 -2.09	 -0.00	  1.61	 -1.80	 -0.00	  0.07	  2.02	 -2.27	 -0.00	 -1.65	  2.83	 -1.36	
 -0.00	  1.14	 -2.09	 -0.00	  1.61	 -1.80	 -0.00	  0.07	  2.02	 -2.27	 -0.00	 -1.64	  2.83	 -1.36	
 -0.00	  1.14	 -2.09	 -0.00	  1.61	 -1.80	 -0.00	  0.07	  2.02	 -2.27	 -0.00	 -1.64	  2.83	 -1.37	
 -0.00	  1.14	 -2.09	 -0.00	  1.61	 -1.80	 -0.00	  0.07	  2.02	 -2.27	 -0.00	 -1.63	  2.83	 -1.37	
 -0.00	  1.14	 -2.09	 -0.00	  1.61	 -1.80	 -0.00	  0.08	  2.02	 -2.27	 -0.00	 -1.63	  2.83	 -1.37	
 -0.00	  1.14	 -2.09	 -0.00	  1.62	 -1.80	 -0.00	  0.08	  2.02	 -2.27	 -0.00	 -1.62	  2.82	 -1.38	
 -0.00	  1.14	 -2.09	 -0.00	  1.62	 -1.80	 -0.00	  0.08	  2.02	 -2.27	 -0.00	 -1.62	  2.82	 -1.38	
 -0.00	  1.14	 -2.09	 -0.00	  1.62	 -1.80	 -0.00	  0.08	  2.02	 -2.27	 -0.00	 -1.61	  2.82	 -1.38	
 -0.00	  1.14	 -2.09	 -0.00	  1.62	 -1.80	 -0.00	  0.08	  2.01	 -2.27	 -0.00	 -1.61	  2.82	 -1.39	
 -0.00	  1.14	 -2.09	 -0.00	  1.62	 -1.80	 -0.00	  0.08	  2.01	 -2.27	 -0.00	 -1.61	  2.82	 -1.39	
 -0.00	  1.15	 -2.09	 -0.00	  1.62	 -1.80	 -0.00	  0.08	  2.01	 -2.27	 -0.00	 -1.60	  2.82	 -1.39	
 -0.00	  1.15	 -2.09	 -0.00	  1.62	 -1.80	 -0.00	  0.08	  2.01	 -2.27	 -0.00	 -1.60	  2.82	 -1.40	
 -0.00	  1.15	 -2.09	 -0.00	  1.62	 -1.80	 -0.00	  0.08	  2.01	 -2.27	 -0.00	 -1.59	  2.82	 -1.40	
 -0.00	  1.15	 -2.09	 -0.00	  1.62	 -1.80	 -0.00	  0.09	  2.01	 -2.27	 -0.00	 -1.59	  2.82	 -1.40	
 -0.00	  1.15	 -2.09	 -0.00	  1.62	 -1.80	 -0.00	  0.09	  2.01	 -2.27	 -0.00	 -1.59	  2.82	 -1.40	
 -0.00	  1.15	 -2.09	 -0.00	  1.62	 -1.80	 -0.00	  0.09	  2.01	 -2.28	 -0.00	 -1.58	  2.82	 -1.41	
 -0.00	  1.15	 -2.09	 -0.00	  1.63	 -1.80	 -0.00	  0.09	  2.01	 -2.28	 -0.00	 -1.58	  2.82	 -1.41	
 -0.00	  1.15	 -2.09	 -0.00	  1.63	 -1.80	 -0.00	  0.09	  2.01	 -2.28	 -0.00	 -1.58	  2.81	 -1.41	
 -0.00	  1.15	 -2.09	 -0.00	  1.63	 -1.80	 -0.00	  0.09	  2.01	 -2.28	 -0.00	 -1.57	  2.81	 -1.41	
 -0.00	  1.15	 -2.09	 -0.00	  1.63	 -1.80	 -0.00	  0.09	  2.01	 -2.28	 -0.00	 -1.57	  2.81	 -1.42	
 -0.00	  1.15	 -2.08	 -0.00	  1.63	 -1.81	 -0.00	  0.09	  2.02	 -2.28	 -0.00	 -1.57	  2.81	 -1.42	
 -0.00	  1.15	 -2.08	 -0.00	  1.63	 -1.81	 -0.00	  0.09	  2.02	 -2.29	 -0.00	 -1.56	  2.81	 -1.42	
 -0.00	  1.15	 -2.08	 -0.00	  1.63	 -1.81	 -0.00	  0.10	  2.02	 -2.29	 -0.00	 -1.56	  2.81	 -1.42	
 -0.00	  1.15	 -2.08	 -0.00	  1.64	 -1.81	 -0.00	  0.10	  2.02	 -2.29	 -0.00	 -1.56	  2.81	 -1.43	
 -0.00	  1.15	 -2.08	 -0.00	  1.64	 -1.81	 -0.00	  0.10	  2.02	 -2.29	 -0.00	 -1.56	  2.81	 -1.43	
 -0.00	  1.15	 -2.08	 -0.00	  1.64	 -1.82	 -0.00	  0.10	  2.02	 -2.29	 -0.00	 -1.55	  2.81	 -1.43	
 -0.00	  1.15	 -2.08	 -0.00	  1.64	 -1.82	 -0.00	  0.10	  2.02	 -2.30	 -0.00	 -1.55	  2.81	 -1.43	
 -0.00	  1.15	 -2.08	 -0.00	  1.64	 -1.82	 -0.00	  0.10	  2.02	 -2.30	 -0.00	 -1.55	  2.81	 -1.43	
 -0.00	  1.15	 -2.08	 -0.00	  1.65	 -1.82	 -0.00	  0.10	  2.02	 -2.30	 -0.00	 -1.55	  2.81	 -1.44	
 -0.00	  1.15	 -2.08	 -0.00	  1.65	 -1.82	 -0.00	  0.10	  2.03	 -2.30	 -0.00	 -1.54	  2.81	 -1.44	
 -0.00	  1.15	 -2.08	 -0.00	  1.65	 -1.83	 -0.00	  0.10	  2.03	 -2.31	 -0.00	 -1.54	  2.80	 -1.44	
 -0.00	  1.15	 -2.08	 -0.00	  1.65	 -1.83	 -0.00	  0.10	  2.03	 -2.31	 -0.00	 -1.54	  2.80	 -1.44	
 -0.00	  1.16	 -2.08	 -0.00	  1.66	 -1.83	 -0.00	  0.10	  2.03	 -2.31	 -0.00	 -1.54	  2.80	 -1.44	
 -0.00	  1.16	 -2.08	 -0.00	  1.66	 -1.84	 -0.00	  0.11	  2.03	 -2.31	 -0.00	 -1.53	  2.80	 -1.44	
 -0.00	  1.16	 -2.08	 -0.00	  1.66	 -1.84	 -0.00	  0.11	  2.04	 -2.32	 -0.00	 -1.53	  2.80	 -1.44	
 -0.00	  1.16	 -2.08	 -0.00	  1.66	 -1.84	 -0.00	  0.11	  2.04	 -2.32	 -0.00	 -1.53	  2.80	 -1.45	
 -0.00	  1.16	 -2.08	 -0.00	  1.67	 -1.85	 -0.00	  0.11	  2.04	 -2.32	 -0.00	 -1.53	  2.80	 -1.45	
 -0.00	  1.16	 -2.08	 -0.00	  1.67	 -1.85	 -0.00	  0.11	  2.04	 -2.33	 -0.00	 -1.53	  2.80	 -1.45	
 -0.00	  1.16	 -2.08	 -0.00	  1.67	 -1.85	 -0.00	  0.11	  2.05	 -2.33	 -0.00	 -1.52	  2.80	 -1.45	
 -0.00	  1.16	 -2.08	 -0.00	  1.67	 -1.86	 -0.00	  0.11	  2.05	 -2.33	 -0.00	 -1.52	  2.80	 -1.45	
 -0.00	  1.16	 -2.08	 -0.00	  1.68	 -1.86	 -0.00	  0.11	  2.05	 -2.34	 -0.00	 -1.52	  2.80	 -1.45	
 -0.00	  1.16	 -2.08	 -0.00	  1.68	 -1.86	 -0.00	  0.11	  2.05	 -2.34	 -0.00	 -1.52	  2.80	 -1.45	
 -0.00	  1.16	 -2.08	 -0.00	  1.68	 -1.87	 -0.00	  0.11	  2.06	 -2.34	 -0.00	 -1.52	  2.80	 -1.45	
 -0.00	  1.16	 -2.08	 -0.00	  1.68	 -1.87	 -0.00	  0.11	  2.06	 -2.35	 -0.00	 -1.52	  2.80	 -1.46	
 -0.00	  1.16	 -2.08	 -0.00	  1.69	 -1.88	 -0.00	  0.11	  2.06	 -2.35	 -0.00	 -1.51	  2.80	 -1.46	
 -0.00	  1.16	 -2.08	 -0.00	  1.69	 -1.88	 -0.00	  0.11	  2.07	 -2.35	 -0.00	 -1.51	  2.80	 -1.46	
 -0.00	  1.16	 -2.08	 -0.00	  1.69	 -1.88	 -0.00	  0.11	  2.07	 -2.36	 -0.00	 -1.51	  2.80	 -1.46	
 -0.00	  1.16	 -2.08	 -0.00	  1.69	 -1.89	 -0.00	  0.11	  2.07	 -2.36	 -0.00	 -1.51	  2.80	 -1.46	
 -0.00	  1.16	 -2.08	 -0.00	  1.70	 -1.89	 -0.00	  0.11	  2.08	 -2.37	 -0.00	 -1.51	  2.79	 -1.46	
 -0.00	  1.16	 -2.08	 -0.00	  1.70	 -1.90	 -0.00	  0.11	  2.08	 -2.37	 -0.00	 -1.51	  2.79	 -1.46	
 -0.00	  1.16	 -2.07	 -0.00	  1.70	 -1.90	 -0.00	  0.11	  2.09	 -2.37	 -0.00	 -1.51	  2.79	 -1.46	
 -0.00	  1.16	 -2.07	 -0.00	  1.71	 -1.91	 -0.00	  0.11	  2.09	 -2.38	 -0.00	 -1.50	  2.79	 -1.46	
 -0.00	  1.16	 -2.07	 -0.00	  1.71	 -1.91	 -0.00	  0.11	  2.09	 -2.38	 -0.00	 -1.50	  2.79	 -1.46	
 -0.00	  1.16	 -2.07	 -0.00	  1.71	 -1.91	 -0.00	  0.11	  2.10	 -2.38	 -0.00	 -1.50	  2.79	 -1.46	
 -0.00	  1.16	 -2.07	 -0.00	  1.71	 -1.92	 -0.00	  0.11	  2.10	 -2.39	 -0.00	 -1.50	  2.79	 -1.46	
 -0.00	  1.16	 -2.07	 -0.00	  1.72	 -1.92	 -0.00	  0.11	  2.11	 -2.39	 -0.00	 -1.50	  2.79	 -1.47	
 -0.00	  1.16	 -2.07	 -0.00	  1.72	 -1.93	 -0.00	  0.11	  2.11	 -2.40	 -0.00	 -1.50	  2.79	 -1.47	
 -0.00	  1.16	 -2.07	 -0.00	  1.72	 -1.93	 -0.00	  0.11	  2.11	 -2.40	 -0.00	 -1.50	  2.79	 -1.47	
 -0.00	  1.16	 -2.07	 -0.00	  1.72	 -1.94	 -0.00	  0.11	  2.12	 -2.40	 -0.00	 -1.50	  2.79	 -1.47	
 -0.00	  1.16	 -2.07	 -0.00	  1.73	 -1.94	 -0.00	  0.11	  2.12	 -2.41	 -0.00	 -1.50	  2.79	 -1.47	
 -0.00	  1.16	 -2.07	 -0.00	  1.73	 -1.95	 -0.00	  0.11	  2.13	 -2.41	 -0.00	 -1.50	  2.79	 -1.47	
 -0.00	  1.16	 -2.07	 -0.00	  1.73	 -1.95	 -0.00	  0.11	  2.13	 -2.41	 -0.00	 -1.50	  2.79	 -1.47	
 -0.00	  1.16	 -2.07	 -0.00	  1.73	 -1.96	 -0.00	  0.11	  2.14	 -2.42	 -0.00	 -1.49	  2.79	 -1.47	
 -0.00	  1.16	 -2.07	 -0.00	  1.73	 -1.96	 -0.00	  0.10	  2.14	 -2.42	 -0.00	 -1.49	  2.79	 -1.47	
 -0.00	  1.16	 -2.07	 -0.00	  1.74	 -1.97	 -0.00	  0.10	  2.15	 -2.42	 -0.00	 -1.49	  2.79	 -1.47	
 -0.00	  1.16	 -2.07	 -0.00	  1.74	 -1.97	 -0.00	  0.10	  2.15	 -2.43	 -0.00	 -1.49	  2.79	 -1.47	
 -0.00	  1.16	 -2.07	 -0.00	  1.74	 -1.98	 -0.00	  0.10	  2.16	 -2.43	 -0.00	 -1.49	  2.79	 -1.47	
 -0.00	  1.16	 -2.07	 -0.00	  1.74	 -1.98	 -0.00	  0.10	  2.16	 -2.44	 -0.00	 -1.49	  2.79	 -1.47	
 -0.00	  1.16	 -2.07	 -0.00	  1.74	 -1.98	 -0.00	  0.10	  2.17	 -2.44	 -0.00	 -1.49	  2.79	 -1.47	
 -0.00	  1.16	 -2.07	 -0.00	  1.74	 -1.99	 -0.00	  0.09	  2.17	 -2.44	 -0.00	 -1.49	  2.79	 -1.47	
 -0.00	  1.16	 -2.07	 -0.00	  1.75	 -1.99	 -0.00	  0.09	  2.18	 -2.45	 -0.00	 -1.49	  2.79	 -1.47	
 -0.00	  1.16	 -2.07	 -0.00	  1.75	 -2.00	 -0.00	  0.09	  2.18	 -2.45	 -0.00	 -1.49	  2.79	 -1.47	
 -0.00	  1.16	 -2.07	 -0.00	  1.75	 -2.00	 -0.00	  0.09	  2.19	 -2.45	 -0.00	 -1.49	  2.79	 -1.47	
 -0.00	  1.16	 -2.07	 -0.00	  1.75	 -2.01	 -0.00	  0.08	  2.20	 -2.45	 -0.00	 -1.49	  2.79	 -1.47	
 -0.00	  1.16	 -2.07	 -0.00	  1.75	 -2.01	 -0.00	  0.08	  2.20	 -2.46	 -0.00	 -1.49	  2.79	 -1.47	
 -0.00	  1.16	 -2.07	 -0.00	  1.75	 -2.02	 -0.00	  0.08	  2.21	 -2.46	 -0.00	 -1.49	  2.79	 -1.47	
 -0.00	  1.16	 -2.07	 -0.00	  1.75	 -2.02	 -0.00	  0.08	  2.21	 -2.46	 -0.00	 -1.49	  2.79	 -1.47	
 -0.00	  1.16	 -2.07	 -0.00	  1.75	 -2.03	 -0.00	  0.07	  2.22	 -2.47	 -0.00	 -1.49	  2.79	 -1.47	
 -0.00	  1.16	 -2.07	 -0.00	  1.75	 -2.03	 -0.00	  0.07	  2.23	 -2.47	 -0.00	 -1.49	  2.78	 -1.47	
 -0.00	  1.16	 -2.07	 -0.00	  1.75	 -2.04	 -0.00	  0.07	  2.23	 -2.47	 -0.00	 -1.49	  2.78	 -1.47	
 -0.00	  1.16	 -2.07	 -0.00	  1.75	 -2.04	 -0.00	  0.06	  2.24	 -2.47	 -0.00	 -1.49	  2.78	 -1.47	
 -0.00	  1.16	 -2.07	 -0.00	  1.75	 -2.04	 -0.00	  0.06	  2.24	 -2.48	 -0.00	 -1.49	  2.78	 -1.47	
 -0.00	  1.16	 -2.07	 -0.00	  1.75	 -2.05	 -0.00	  0.05	  2.25	 -2.48	 -0.00	 -1.49	  2.78	 -1.47	
 -0.00	  1.16	 -2.07	 -0.00	  1.75	 -2.05	 -0.00	  0.05	  2.26	 -2.48	 -0.00	 -1.49	  2.78	 -1.47	
 -0.00	  1.16	 -2.07	 -0.00	  1.75	 -2.06	 -0.00	  0.04	  2.26	 -2.48	 -0.00	 -1.49	  2.78	 -1.47	
 -0.00	  1.16	 -2.07	 -0.00	  1.75	 -2.06	 -0.00	  0.04	  2.27	 -2.48	 -0.00	 -1.49	  2.78	 -1.47	
 -0.00	  1.16	 -2.07	 -0.00	  1.75	 -2.07	 -0.00	  0.03	  2.28	 -2.48	 -0.00	 -1.49	  2.78	 -1.47	
 -0.00	  1.16	 -2.07	 -0.00	  1.75	 -2.07	 -0.00	  0.03	  2.28	 -2.49	 -0.00	 -1.49	  2.78	 -1.47	
 -0.00	  1.16	 -2.07	 -0.00	  1.75	 -2.07	 -0.00	  0.02	  2.29	 -2.49	 -0.00	 -1.48	  2.78	 -1.47	
 -0.00	  1.16	 -2.07	 -0.00	  1.75	 -2.08	 -0.00	  0.02	  2.30	 -2.49	 -0.00	 -1.48	  2.78	 -1.47	
 -0.00	  1.16	 -2.07	 -0.00	  1.75	 -2.08	 -0.00	  0.01	  2.30	 -2.49	 -0.00	 -1.48	  2.78	 -1.47	
 -0.00	  1.16	 -2.07	 -0.00	  1.75	 -2.09	 -0.00	  0.01	  2.31	 -2.49	 -0.00	 -1.48	  2.78	 -1.47	
 -0.00	  1.16	 -2.07	 -0.00	  1.74	 -2.09	 -0.00	  0.00	  2.32	 -2.49	 -0.00	 -1.48	  2.78	 -1.47	
 -0.00	  1.16	 -2.07	 -0.00	  1.74	 -2.09	 -0.00	 -0.01	  2.32	 -2.49	 -0.00	 -1.48	  2.78	 -1.47	
 -0.00	  1.16	 -2.07	 -0.00	  1.74	 -2.10	 -0.00	 -0.01	  2.33	 -2.49	 -0.00	 -1.48	  2.78	 -1.47	
 -0.00	  1.16	 -2.07	 -0.00	  1.74	 -2.10	 -0.00	 -0.02	  2.34	 -2.49	 -0.00	 -1.48	  2.78	 -1.47	
 -0.00	  1.16	 -2.07	 -0.00	  1.74	 -2.10	 -0.00	 -0.03	  2.34	 -2.49	 -0.00	 -1.48	  2.78	 -1.47	
 -0.00	  1.16	 -2.07	 -0.00	  1.73	 -2.11	 -0.00	 -0.03	  2.35	 -2.49	 -0.00	 -1.48	  2.78	 -1.47	
 -0.00	  1.16	 -2.07	 -0.00	  1.73	 -2.11	 -0.00	 -0.04	  2.36	 -2.49	 -0.00	 -1.48	  2.78	 -1.47	
 -0.00	  1.16	 -2.07	 -0.00	  1.73	 -2.11	 -0.00	 -0.05	  2.37	 -2.49	 -0.00	 -1.48	  2.78	 -1.47	
 -0.00	  1.16	 -2.07	 -0.00	  1.73	 -2.12	 -0.00	 -0.06	  2.37	 -2.49	 -0.00	 -1.48	  2.78	 -1.47	
 -0.00	  1.16	 -2.07	 -0.00	  1.72	 -2.12	 -0.00	 -0.07	  2.38	 -2.49	 -0.00	 -1.48	  2.78	 -1.47	
 -0.00	  1.16	 -2.07	 -0.00	  1.72	 -2.12	 -0.00	 -0.07	  2.39	 -2.49	 -0.00	 -1.48	  2.78	 -1.47	
 -0.00	  1.16	 -2.07	 -0.00	  1.72	 -2.13	 -0.00	 -0.08	  2.39	 -2.49	 -0.00	 -1.48	  2.78	 -1.47	
 -0.00	  1.16	 -2.07	 -0.00	  1.71	 -2.13	 -0.00	 -0.09	  2.40	 -2.48	 -0.00	 -1.48	  2.78	 -1.47	
 -0.00	  1.16	 -2.07	 -0.00	  1.71	 -2.13	 -0.00	 -0.10	  2.41	 -2.48	 -0.00	 -1.48	  2.78	 -1.47	
 -0.00	  1.16	 -2.07	 -0.00	  1.71	 -2.13	 -0.00	 -0.11	  2.42	 -2.48	 -0.00	 -1.48	  2.78	 -1.47	
 -0.00	  1.16	 -2.07	 -0.00	  1.70	 -2.14	 -0.00	 -0.12	  2.42	 -2.48	 -0.00	 -1.48	  2.78	 -1.47	
 -0.00	  1.16	 -2.07	 -0.00	  1.70	 -2.14	 -0.00	 -0.13	  2.43	 -2.48	 -0.00	 -1.48	  2.78	 -1.47	
 -0.00	  1.16	 -2.07	 -0.00	  1.69	 -2.14	 -0.00	 -0.14	  2.44	 -2.47	 -0.00	 -1.48	  2.78	 -1.47	
 -0.00	  1.16	 -2.07	 -0.00	  1.69	 -2.15	 -0.00	 -0.15	  2.45	 -2.47	 -0.00	 -1.48	  2.78	 -1.47	
 -0.00	  1.16	 -2.07	 -0.00	  1.68	 -2.15	 -0.00	 -0.17	  2.46	 -2.47	 -0.00	 -1.48	  2.78	 -1.47	
 -0.00	  1.16	 -2.07	 -0.00	  1.68	 -2.15	 -0.00	 -0.18	  2.46	 -2.46	 -0.00	 -1.48	  2.78	 -1.47	
 -0.00	  1.16	 -2.07	 -0.00	  1.67	 -2.15	 -0.00	 -0.19	  2.47	 -2.46	 -0.00	 -1.48	  2.78	 -1.47	
 -0.00	  1.16	 -2.07	 -0.00	  1.67	 -2.15	 -0.00	 -0.20	  2.48	 -2.45	 -0.00	 -1.48	  2.78	 -1.47	
 -0.00	  1.16	 -2.07	 -0.00	  1.66	 -2.16	 -0.00	 -0.21	  2.49	 -2.45	 -0.00	 -1.48	  2.78	 -1.47	
 -0.00	  1.16	 -2.07	 -0.00	  1.66	 -2.16	 -0.00	 -0.23	  2.50	 -2.44	 -0.00	 -1.48	  2.78	 -1.47	
 -0.00	  1.16	 -2.07	 -0.00	  1.65	 -2.16	 -0.00	 -0.24	  2.50	 -2.44	 -0.00	 -1.48	  2.78	 -1.47	
 -0.00	  1.16	 -2.07	 -0.00	  1.64	 -2.16	 -0.00	 -0.26	  2.51	 -2.43	 -0.00	 -1.48	  2.78	 -1.47	
 -0.00	  1.16	 -2.07	 -0.00	  1.64	 -2.16	 -0.00	 -0.27	  2.52	 -2.42	 -0.00	 -1.48	  2.78	 -1.48	
 -0.00	  1.16	 -2.07	 -0.00	  1.63	 -2.16	 -0.00	 -0.28	  2.53	 -2.42	 -0.00	 -1.48	  2.79	 -1.48	
 -0.00	  1.16	 -2.07	 -0.00	  1.62	 -2.17	 -0.00	 -0.30	  2.54	 -2.41	 -0.00	 -1.48	  2.79	 -1.48	
 -0.00	  1.16	 -2.07	 -0.00	  1.62	 -2.17	 -0.00	 -0.32	  2.54	 -2.40	 -0.00	 -1.48	  2.79	 -1.48	
 -0.00	  1.16	 -2.07	 -0.00	  1.61	 -2.17	 -0.00	 -0.33	  2.55	 -2.40	 -0.00	 -1.48	  2.79	 -1.48	
 -0.00	  1.16	 -2.07	 -0.00	  1.60	 -2.17	 -0.00	 -0.35	  2.56	 -2.39	 -0.00	 -1.48	  2.79	 -1.48	
 -0.00	  1.16	 -2.07	 -0.00	  1.59	 -2.17	 -0.00	 -0.36	  2.57	 -2.38	 -0.00	 -1.48	  2.79	 -1.48	
 -0.00	  1.16	 -2.07	 -0.00	  1.59	 -2.17	 -0.00	 -0.38	  2.58	 -2.37	 -0.00	 -1.48	  2.79	 -1.48	
 -0.00	  1.16	 -2.07	 -0.00	  1.58	 -2.17	 -0.00	 -0.40	  2.58	 -2.36	 -0.00	 -1.48	  2.79	 -1.48	
 -0.00	  1.16	 -2.07	 -0.00	  1.57	 -2.17	 -0.00	 -0.42	  2.59	 -2.35	 -0.00	 -1.48	  2.79	 -1.48	
 -0.00	  1.16	 -2.07	 -0.00	  1.56	 -2.17	 -0.00	 -0.44	  2.60	 -2.34	 -0.00	 -1.48	  2.79	 -1.48	
 -0.00	  1.16	 -2.07	 -0.00	  1.56	 -2.17	 -0.00	 -0.45	  2.61	 -2.33	 -0.00	 -1.48	  2.79	 -1.48	
 -0.00	  1.16	 -2.07	 -0.00	  1.55	 -2.17	 -0.00	 -0.47	  2.61	 -2.32	 -0.00	 -1.48	  2.79	 -1.48	
 -0.00	  1.16	 -2.07	 -0.00	  1.54	 -2.17	 -0.00	 -0.49	  2.62	 -2.30	 -0.00	 -1.48	  2.79	 -1.48	
 -0.00	  1.16	 -2.07	 -0.00	  1.53	 -2.17	 -0.00	 -0.51	  2.63	 -2.29	 -0.00	 -1.48	  2.79	 -1.48	
 -0.00	  1.16	 -2.07	 -0.00	  1.52	 -2.17	 -0.00	 -0.53	  2.64	 -2.28	 -0.00	 -1.48	  2.79	 -1.48	
 -0.00	  1.16	 -2.07	 -0.00	  1.52	 -2.17	 -0.00	 -0.55	  2.64	 -2.27	 -0.00	 -1.48	  2.79	 -1.48	
 -0.00	  1.16	 -2.07	 -0.00	  1.51	 -2.17	 -0.00	 -0.57	  2.65	 -2.25	 -0.00	 -1.48	  2.79	 -1.48	
 -0.00	  1.16	 -2.07	 -0.00	  1.50	 -2.17	 -0.00	 -0.60	  2.66	 -2.24	 -0.00	 -1.48	  2.79	 -1.48	
 -0.00	  1.16	 -2.07	 -0.00	  1.49	 -2.17	 -0.00	 -0.62	  2.66	 -2.22	 -0.00	 -1.48	  2.79	 -1.48	
 -0.00	  1.16	 -2.07	 -0.00	  1.48	 -2.17	 -0.00	 -0.64	  2.67	 -2.21	 -0.00	 -1.48	  2.79	 -1.48	
 -0.00	  1.16	 -2.07	 -0.00	  1.47	 -2.17	 -0.00	 -0.66	  2.68	 -2.19	 -0.00	 -1.48	  2.79	 -1.48	
 -0.00	  1.16	 -2.07	 -0.00	  1.46	 -2.17	 -0.00	 -0.68	  2.68	 -2.18	 -0.00	 -1.48	  2.79	 -1.49	
 -0.00	  1.17	 -2.07	 -0.00	  1.46	 -2.16	 -0.00	 -0.70	  2.69	 -2.16	 -0.00	 -1.48	  2.79	 -1.49	
 -0.00	  1.17	 -2.07	 -0.00	  1.45	 -2.16	 -0.00	 -0.73	  2.70	 -2.14	 -0.00	 -1.48	  2.79	 -1.49	
 -0.00	  1.17	 -2.07	 -0.00	  1.44	 -2.16	 -0.00	 -0.75	  2.70	 -2.13	 -0.00	 -1.48	  2.79	 -1.49	
 -0.00	  1.17	 -2.08	 -0.00	  1.43	 -2.16	 -0.00	 -0.77	  2.71	 -2.11	 -0.00	 -1.48	  2.79	 -1.49	
 -0.00	  1.17	 -2.08	 -0.00	  1.42	 -2.16	 -0.00	 -0.79	  2.71	 -2.09	 -0.00	 -1.47	  2.79	 -1.49	
 -0.00	  1.17	 -2.08	 -0.00	  1.41	 -2.16	 -0.00	 -0.82	  2.72	 -2.08	 -0.00	 -1.47	  2.79	 -1.49	
 -0.00	  1.17	 -2.08	 -0.00	  1.41	 -2.16	 -0.00	 -0.84	  2.72	 -2.06	 -0.00	 -1.47	  2.79	 -1.49	
 -0.00	  1.17	 -2.08	 -0.00	  1.40	 -2.15	 -0.00	 -0.86	  2.73	 -2.04	 -0.00	 -1.47	  2.79	 -1.49	
 -0.00	  1.17	 -2.08	 -0.00	  1.39	 -2.15	 -0.00	 -0.88	  2.73	 -2.02	 -0.00	 -1.47	  2.79	 -1.49	
 -0.00	  1.17	 -2.08	 -0.00	  1.38	 -2.15	 -0.00	 -0.91	  2.74	 -2.01	 -0.00	 -1.47	  2.79	 -1.49	
 -0.00	  1.17	 -2.08	 -0.00	  1.37	 -2.15	 -0.00	 -0.93	  2.74	 -1.99	 -0.00	 -1.47	  2.79	 -1.50	
 -0.00	  1.17	 -2.08	 -0.00	  1.37	 -2.15	 -0.00	 -0.95	  2.75	 -1.97	 -0.00	 -1.47	  2.79	 -1.50	
 -0.00	  1.17	 -2.08	 -0.00	  1.36	 -2.14	 -0.00	 -0.97	  2.75	 -1.95	 -0.00	 -1.47	  2.79	 -1.50	
 -0.00	  1.17	 -2.08	 -0.00	  1.35	 -2.14	 -0.00	 -0.99	  2.75	 -1.94	 -0.00	 -1.47	  2.79	 -1.50	
 -0.00	  1.17	 -2.08	 -0.00	  1.34	 -2.14	 -0.00	 -1.01	  2.76	 -1.92	 -0.00	 -1.46	  2.79	 -1.50	
 -0.00	  1.17	 -2.08	 -0.00	  1.34	 -2.14	 -0.00	 -1.03	  2.76	 -1.90	 -0.00	 -1.46	  2.79	 -1.50	
 -0.00	  1.17	 -2.08	 -0.00	  1.33	 -2.14	 -0.00	 -1.05	  2.76	 -1.89	 -0.00	 -1.46	  2.79	 -1.50	
 -0.00	  1.17	 -2.08	 -0.00	  1.32	 -2.14	 -0.00	 -1.07	  2.77	 -1.87	 -0.00	 -1.46	  2.79	 -1.51	
 -0.00	  1.17	 -2.08	 -0.00	  1.32	 -2.13	 -0.00	 -1.09	  2.77	 -1.85	 -0.00	 -1.46	  2.79	 -1.51	
 -0.00	  1.18	 -2.08	 -0.00	  1.31	 -2.13	 -0.00	 -1.11	  2.77	 -1.84	 -0.00	 -1.46	  2.79	 -1.51	
 -0.00	  1.18	 -2.08	 -0.00	  1.30	 -2.13	 -0.00	 -1.13	  2.77	 -1.82	 -0.00	 -1.46	  2.79	 -1.51	
 -0.00	  1.18	 -2.08	 -0.00	  1.30	 -2.13	 -0.00	 -1.14	  2.78	 -1.81	 -0.00	 -1.45	  2.79	 -1.51	
 -0.00	  1.18	 -2.08	 -0.00	  1.29	 -2.13	 -0.00	 -1.16	  2.78	 -1.79	 -0.00	 -1.45	  2.79	 -1.51	
 -0.00	  1.18	 -2.08	 -0.00	  1.28	 -2.12	 -0.00	 -1.18	  2.78	 -1.78	 -0.00	 -1.45	  2.79	 -1.51	
 -0.00	  1.18	 -2.08	 -0.00	  1.28	 -2.12	 -0.00	 -1.19	  2.78	 -1.76	 -0.00	 -1.45	  2.79	 -1.52	
 -0.00	  1.18	 -2.08	 -0.00	  1.27	 -2.12	 -0.00	 -1.21	  2.78	 -1.75	 -0.00	 -1.45	  2.79	 -1.52	
 -0.00	  1.18	 -2.08	 -0.00	  1.27	 -2.12	 -0.00	 -1.22	  2.78	 -1.74	 -0.00	 -1.45	  2.79	 -1.52	
 -0.00	  1.18	 -2.08	 -0.00	  1.26	 -2.12	 -0.00	 -1.23	  2.78	 -1.72	 -0.00	 -1.44	  2.79	 -1.52	
 -0.00	  1.18	 -2.08	 -0.00	  1.26	 -2.11	 -0.00	 -1.25	  2.78	 -1.71	 -0.00	 -1.44	  2.79	 -1.52	
 -0.00	  1.18	 -2.08	 -0.00	  1.25	 -2.11	 -0.00	 -1.26	  2.79	 -1.70	 -0.00	 -1.44	  2.79	 -1.53	
 -0.00	  1.18	 -2.08	 -0.00	  1.25	 -2.11	 -0.00	 -1.27	  2.79	 -1.69	 -0.00	 -1.44	  2.79	 -1.53	
 -0.00	  1.18	 -2.08	 -0.00	  1.25	 -2.11	 -0.00	 -1.28	  2.79	 -1.68	 -0.00	 -1.43	  2.79	 -1.53	
 -0.00	  1.19	 -2.08	 -0.00	  1.24	 -2.11	 -0.00	 -1.29	  2.79	 -1.67	 -0.00	 -1.43	  2.79	 -1.53	
 -0.00	  1.19	 -2.08	 -0.00	  1.24	 -2.11	 -0.00	 -1.30	  2.79	 -1.66	 -0.00	 -1.43	  2.79	 -1.54	
 -0.00	  1.19	 -2.09	 -0.00	  1.23	 -2.10	 -0.00	 -1.31	  2.79	 -1.65	 -0.00	 -1.43	  2.79	 -1.54	
 -0.00	  1.19	 -2.09	 -0.00	  1.23	 -2.10	 -0.00	 -1.32	  2.79	 -1.64	 -0.00	 -1.43	  2.79	 -1.54	
 -0.00	  1.19	 -2.09	 -0.00	  1.23	 -2.10	 -0.00	 -1.33	  2.79	 -1.64	 -0.00	 -1.42	  2.79	 -1.54	
 -0.00	  1.19	 -2.09	 -0.00	  1.23	 -2.10	 -0.00	 -1.33	  2.79	 -1.63	 -0.00	 -1.42	  2.79	 -1.55	
 -0.00	  1.19	 -2.09	 -0.00	  1.22	 -2.10	 -0.00	 -1.34	  2.79	 -1.63	 -0.00	 -1.42	  2.79	 -1.55	
 -0.00	  1.19	 -2.09	 -0.00	  1.22	 -2.10	 -0.00	 -1.34	  2.79	 -1.62	 -0.00	 -1.41	  2.79	 -1.55	
 -0.00	  1.19	 -2.09	 -0.00	  1.22	 -2.10	 -0.00	 -1.35	  2.79	 -1.61	 -0.00	 -1.41	  2.79	 -1.55	
 -0.00	  1.19	 -2.09	 -0.00	  1.22	 -2.10	 -0.00	 -1.35	  2.79	 -1.61	 -0.00	 -1.41	  2.79	 -1.56	
 -0.00	  1.20	 -2.09	 -0.00	  1.22	 -2.10	 -0.00	 -1.36	  2.79	 -1.61	 -0.00	 -1.41	  2.79	 -1.56	
 -0.00	  1.20	 -2.09	 -0.00	  1.21	 -2.10	 -0.00	 -1.36	  2.79	 -1.60	 -0.00	 -1.40	  2.79	 -1.56	
 -0.00	  1.20	 -2.09	 -0.00	  1.21	 -2.09	 -0.00	 -1.36	  2.79	 -1.60	 -0.00	 -1.40	  2.79	 -1.56	
 -0.00	  1.20	 -2.09	 -0.00	  1.21	 -2.09	 -0.00	 -1.36	  2.79	 -1.60	 -0.00	 -1.40	  2.79	 -1.57	
 -0.00	  1.20	 -2.09	 -0.00	  1.21	 -2.09	 -0.00	 -1.37	  2.79	 -1.60	 -0.00	 -1.39	  2.79	 -1.57	
 -0.00	  1.20	 -2.09	 -0.00	  1.21	 -2.09	 -0.00	 -1.37	  2.79	 -1.60	 -0.00	 -1.39	  2.79	 -1.57	
 -0.00	  1.20	 -2.09	 -0.00	  1.21	 -2.09	 -0.00	 -1.37	  2.79	 -1.60	 -0.00	 -1.39	  2.79	 -1.58	
 -0.00	  1.20	 -2.09	 -0.00	  1.21	 -2.09	 -0.00	 -1.37	  2.79	 -1.60	 -0.00	 -1.38	  2.79	 -1.58	
 -0.00	  1.20	 -2.09	 -0.00	  1.21	 -2.09	 -0.00	 -1.37	  2.79	 -1.60	 -0.00	 -1.38	  2.79	 -1.58	
 -0.00	  1.21	 -2.09	 -0.00	  1.21	 -2.09	 -0.00	 -1.36	  2.79	 -1.60	 -0.00	 -1.37	  2.79	 -1.59	
 -0.00	  1.21	 -2.09	 -0.00	  1.21	 -2.09	 -0.00	 -1.36	  2.79	 -1.60	 -0.00	 -1.37	  2.79	 -1.59	
 -0.00	  1.21	 -2.09	 -0.00	  1.21	 -2.09	 -0.00	 -1.36	  2.79	 -1.60	 -0.00	 -1.37	  2.79	 -1.59	
 -0.00	  1.21	 -2.09	 -0.00	  1.21	 -2.09	 -0.00	 -1.36	  2.79	 -1.60	 -0.00	 -1.36	  2.79	 -1.60	
 -0.00	  1.21	 -2.09	 -0.00	  1.21	 -2.09	 -0.00	 -1.36	  2.79	 -1.60	 -0.00	 -1.36	  2.79	 -1.60	
 -0.00	  1.21	 -2.09	 -0.00	  1.21	 -2.09	 -0.00	 -1.35	  2.78	 -1.61	 -0.00	 -1.35	  2.78	 -1.60	
 -0.00	  1.21	 -2.09	 -0.00	  1.21	 -2.09	 -0.00	 -1.35	  2.78	 -1.61	 -0.00	 -1.35	  2.78	 -1.61	
 -0.00	  1.22	 -2.09	 -0.00	  1.22	 -2.09	 -0.00	 -1.35	  2.78	 -1.61	 -0.00	 -1.35	  2.78	 -1.61	
 -0.00	  1.22	 -2.09	 -0.00	  1.22	 -2.09	 -0.00	 -1.34	  2.78	 -1.62	 -0.00	 -1.34	  2.78	 -1.62	
 -0.00	  1.22	 -2.09	 -0.00	  1.22	 -2.09	 -0.00	 -1.34	  2.78	 -1.62	 -0.00	 -1.34	  2.78	 -1.62	
 -0.00	  1.22	 -2.09	 -0.00	  1.22	 -2.09	 -0.00	 -1.33	  2.78	 -1.62	 -0.00	 -1.33	  2.78	 -1.62	
 -0.00	  1.22	 -2.09	 -0.00	  1.22	 -2.09	 -0.00	 -1.33	  2.78	 -1.63	 -0.00	 -1.33	  2.78	 -1.63	
 -0.00	  1.22	 -2.09	 -0.00	  1.22	 -2.09	 -0.00	 -1.32	  2.78	 -1.63	 -0.00	 -1.32	  2.78	 -1.63	
 -0.00	  1.22	 -2.09	 -0.00	  1.22	 -2.09	 -0.00	 -1.32	  2.78	 -1.64	 -0.00	 -1.32	  2.78	 -1.64	
 -0.00	  1.23	 -2.09	 -0.00	  1.23	 -2.09	 -0.00	 -1.31	  2.78	 -1.64	 -0.00	 -1.31	  2.78	 -1.64	
 -0.00	  1.23	 -2.09	 -0.00	  1.23	 -2.09	 -0.00	 -1.31	  2.78	 -1.65	 -0.00	 -1.31	  2.78	 -1.65	
 -0.00	  1.23	 -2.09	 -0.00	  1.23	 -2.09	 -0.00	 -1.30	  2.78	 -1.65	 -0.00	 -1.30	  2.78	 -1.65	
 -0.00	  1.23	 -2.10	 -0.00	  1.23	 -2.10	 -0.00	 -1.30	  2.78	 -1.65	 -0.00	 -1.30	  2.78	 -1.65	
 -0.00	  1.23	 -2.10	 -0.00	  1.23	 -2.10	 -0.00	 -1.29	  2.78	 -1.66	 -0.00	 -1.29	  2.78	 -1.66	
 -0.00	  1.23	 -2.10	 -0.00	  1.23	 -2.10	 -0.00	 -1.29	  2.78	 -1.66	 -0.00	 -1.29	  2.78	 -1.66	
 -0.00	  1.24	 -2.10	 -0.00	  1.24	 -2.10	 -0.00	 -1.28	  2.77	 -1.67	 -0.00	 -1.28	  2.77	 -1.67	
 -0.00	  1.24	 -2.10	 -0.00	  1.24	 -2.10	 -0.00	 -1.28	  2.77	 -1.67	 -0.00	 -1.28	  2.77	 -1.67	
 -0.00	  1.24	 -2.10	 -0.00	  1.24	 -2.10	 -0.00	 -1.27	  2.77	 -1.68	 -0.00	 -1.27	  2.77	 -1.68	
 -0.00	  1.24	 -2.10	 -0.00	  1.24	 -2.10	 -0.00	 -1.26	  2.77	 -1.68	 -0.00	 -1.26	  2.77	 -1.68	
 -0.00	  1.24	 -2.10	 -0.00	  1.24	 -2.10	 -0.00	 -1.26	  2.77	 -1.69	 -0.00	 -1.26	  2.77	 -1.69	
 -0.00	  1.24	 -2.10	 -0.00	  1.24	 -2.10	 -0.00	 -1.25	  2.77	 -1.69	 -0.00	 -1.25	  2.77	 -1.69	
 -0.00	  1.25	 -2.10	 -0.00	  1.25	 -2.10	 -0.00	 -1.25	  2.77	 -1.70	 -0.00	 -1.25	  2.77	 -1.70	
 -0.00	  1.25	 -2.10	 -0.00	  1.25	 -2.10	 -0.00	 -1.24	  2.77	 -1.70	 -0.00	 -1.24	  2.77	 -1.70	
 -0.00	  1.25	 -2.10	 -0.00	  1.25	 -2.10	 -0.00	 -1.23	  2.77	 -1.71	 -0.00	 -1.23	  2.77	 -1.71	
 -0.00	  1.25	 -2.10	 -0.00	  1.25	 -2.10	 -0.00	 -1.23	  2.77	 -1.71	 -0.00	 -1.23	  2.77	 -1.71	
 -0.00	  1.25	 -2.10	 -0.00	  1.25	 -2.10	 -0.00	 -1.22	  2.76	 -1.72	 -0.00	 -1.22	  2.76	 -1.72	
 -0.00	  1.26	 -2.10	 -0.00	  1.26	 -2.10	 -0.00	 -1.22	  2.76	 -1.72	 -0.00	 -1.22	  2.76	 -1.72	
 -0.00	  1.26	 -2.10	 -0.00	  1.26	 -2.10	 -0.00	 -1.21	  2.76	 -1.73	 -0.00	 -1.21	  2.76	 -1.73	
 -0.00	  1.26	 -2.10	 -0.00	  1.26	 -2.10	 -0.00	 -1.20	  2.76	 -1.73	 -0.00	 -1.20	  2.76	 -1.73	
 -0.00	  1.26	 -2.10	 -0.00	  1.26	 -2.10	 -0.00	 -1.20	  2.76	 -1.74	 -0.00	 -1.20	  2.76	 -1.74	
 -0.00	  1.26	 -2.10	 -0.00	  1.26	 -2.10	 -0.00	 -1.19	  2.76	 -1.74	 -0.00	 -1.19	  2.76	 -1.74	
 -0.00	  1.26	 -2.10	 -0.00	  1.26	 -2.10	 -0.00	 -1.18	  2.76	 -1.75	 -0.00	 -1.18	  2.76	 -1.75	
 -0.00	  1.27	 -2.10	 -0.00	  1.27	 -2.10	 -0.00	 -1.18	  2.76	 -1.75	 -0.00	 -1.18	  2.76	 -1.75	
 -0.00	  1.27	 -2.10	 -0.00	  1.27	 -2.10	 -0.00	 -1.17	  2.75	 -1.76	 -0.00	 -1.17	  2.75	 -1.76	
 -0.00	  1.27	 -2.10	 -0.00	  1.27	 -2.10	 -0.00	 -1.16	  2.75	 -1.76	 -0.00	 -1.16	  2.75	 -1.76	
 -0.00	  1.27	 -2.10	 -0.00	  1.27	 -2.10	 -0.00	 -1.16	  2.75	 -1.77	 -0.00	 -1.16	  2.75	 -1.77	
 -0.00	  1.27	 -2.10	 -0.00	  1.27	 -2.10	 -0.00	 -1.15	  2.75	 -1.77	 -0.00	 -1.15	  2.75	 -1.77	
 -0.00	  1.28	 -2.10	 -0.00	  1.28	 -2.10	 -0.00	 -1.14	  2.75	 -1.78	 -0.00	 -1.14	  2.75	 -1.78	
 -0.00	  1.28	 -2.10	 -0.00	  1.28	 -2.10	 -0.00	 -1.14	  2.75	 -1.78	 -0.00	 -1.14	  2.75	 -1.78	
 -0.00	  1.28	 -2.10	 -0.00	  1.28	 -2.10	 -0.00	 -1.13	  2.75	 -1.79	 -0.00	 -1.13	  2.75	 -1.79	
 -0.00	  1.28	 -2.10	 -0.00	  1.28	 -2.10	 -0.00	 -1.12	  2.74	 -1.79	 -0.00	 -1.12	  2.74	 -1.79	
 -0.00	  1.28	 -2.10	 -0.00	  1.28	 -2.10	 -0.00	 -1.12	  2.74	 -1.80	 -0.00	 -1.12	  2.74	 -1.80	
 -0.00	  1.29	 -2.10	 -0.00	  1.29	 -2.10	 -0.00	 -1.11	  2.74	 -1.80	 -0.00	 -1.11	  2.74	 -1.80	
 -0.00	  1.29	 -2.10	 -0.00	  1.29	 -2.10	 -0.00	 -1.10	  2.74	 -1.81	 -0.00	 -1.10	  2.74	 -1.81	
 -0.00	  1.29	 -2.10	 -0.00	  1.29	 -2.10	 -0.00	 -1.10	  2.74	 -1.82	 -0.00	 -1.10	  2.74	 -1.82	
 -0.00	  1.29	 -2.10	 -0.00	  1.29	 -2.10	 -0.00	 -1.09	  2.74	 -1.82	 -0.00	 -1.09	  2.74	 -1.82	
 -0.00	  1.29	 -2.10	 -0.00	  1.29	 -2.10	 -0.00	 -1.08	  2.73	 -1.83	 -0.00	 -1.08	  2.73	 -1.83	
 -0.00	  1.30	 -2.10	 -0.00	  1.30	 -2.10	 -0.00	 -1.08	  2.73	 -1.83	 -0.00	 -1.08	  2.73	 -1.83	
 -0.00	  1.30	 -2.10	 -0.00	  1.30	 -2.10	 -0.00	 -1.07	  2.73	 -1.84	 -0.00	 -1.07	  2.73	 -1.84	
 -0.00	  1.30	 -2.10	 -0.00	  1.30	 -2.10	 -0.00	 -1.06	  2.73	 -1.84	 -0.00	 -1.06	  2.73	 -1.84	
 -0.00	  1.30	 -2.10	 -0.00	  1.30	 -2.10	 -0.00	 -1.06	  2.73	 -1.85	 -0.00	 -1.06	  2.73	 -1.85	
 -0.00	  1.30	 -2.10	 -0.00	  1.30	 -2.10	 -0.00	 -1.05	  2.73	 -1.85	 -0.00	 -1.05	  2.73	 -1.85	
 -0.00	  1.31	 -2.10	 -0.00	  1.31	 -2.10	 -0.00	 -1.04	  2.72	 -1.86	 -0.00	 -1.04	  2.72	 -1.86	
 -0.00	  1.31	 -2.10	 -0.00	  1.31	 -2.10	 -0.00	 -1.03	  2.72	 -1.86	 -0.00	 -1.03	  2.72	 -1.86	
 -0.00	  1.31	 -2.10	 -0.00	  1.31	 -2.10	 -0.00	 -1.03	  2.72	 -1.87	 -0.00	 -1.03	  2.72	 -1.87	
 -0.00	  1.31	 -2.10	 -0.00	  1.31	 -2.10	 -0.00	 -1.02	  2.72	 -1.87	 -0.00	 -1.02	  2.72	 -1.87	
 -0.00	  1.31	 -2.10	 -0.00	  1.31	 -2.10	 -0.00	 -1.01	  2.72	 -1.88	 -0.00	 -1.01	  2.72	 -1.88	
 -0.00	  1.32	 -2.10	 -0.00	  1.32	 -2.10	 -0.00	 -1.01	  2.71	 -1.88	 -0.00	 -1.01	  2.71	 -1.88	
 -0.00	  1.32	 -2.10	 -0.00	  1.32	 -2.10	 -0.00	 -1.00	  2.71	 -1.89	 -0.00	 -1.00	  2.71	 -1.89	
 -0.00	  1.32	 -2.10	 -0.00	  1.32	 -2.10	 -0.00	 -0.99	  2.71	 -1.89	 -0.00	 -0.99	  2.71	 -1.89	
 -0.00	  1.32	 -2.10	 -0.00	  1.32	 -2.10	 -0.00	 -0.99	  2.71	 -1.90	 -0.00	 -0.99	  2.71	 -1.90	
 -0.00	  1.32	 -2.09	 -0.00	  1.32	 -2.09	 -0.00	 -0.98	  2.71	 -1.90	 -0.00	 -0.98	  2.71	 -1.90	
 -0.00	  1.33	 -2.09	 -0.00	  1.33	 -2.09	 -0.00	 -0.97	  2.70	 -1.91	 -0.00	 -0.97	  2.70	 -1.91	
 -0.00	  1.33	 -2.09	 -0.00	  1.33	 -2.09	 -0.00	 -0.97	  2.70	 -1.91	 -0.00	 -0.97	  2.70	 -1.91	
 -0.00	  1.33	 -2.09	 -0.00	  1.33	 -2.09	 -0.00	 -0.96	  2.70	 -1.91	 -0.00	 -0.96	  2.70	 -1.91	
 -0.00	  1.33	 -2.09	 -0.00	  1.33	 -2.09	 -0.00	 -0.95	  2.70	 -1.92	 -0.00	 -0.95	  2.70	 -1.92	
 -0.00	  1.33	 -2.09	 -0.00	  1.33	 -2.09	 -0.00	 -0.95	  2.70	 -1.92	 -0.00	 -0.95	  2.70	 -1.92	
 -0.00	  1.34	 -2.09	 -0.00	  1.34	 -2.09	 -0.00	 -0.94	  2.69	 -1.93	 -0.00	 -0.94	  2.69	 -1.93	
 -0.00	  1.34	 -2.09	 -0.00	  1.34	 -2.09	 -0.00	 -0.93	  2.69	 -1.93	 -0.00	 -0.93	  2.69	 -1.93	
 -0.00	  1.34	 -2.09	 -0.00	  1.34	 -2.09	 -0.00	 -0.93	  2.69	 -1.94	 -0.00	 -0.93	  2.69	 -1.94	
 -0.00	  1.34	 -2.09	 -0.00	  1.34	 -2.09	 -0.00	 -0.92	  2.69	 -1.94	 -0.00	 -0.92	  2.69	 -1.94	
 -0.00	  1.34	 -2.09	 -0.00	  1.34	 -2.09	 -0.00	 -0.91	  2.68	 -1.95	 -0.00	 -0.91	  2.68	 -1.95	
 -0.00	  1.35	 -2.09	 -0.00	  1.35	 -2.09	 -0.00	 -0.91	  2.68	 -1.95	 -0.00	 -0.91	  2.68	 -1.95	
 -0.00	  1.35	 -2.09	 -0.00	  1.35	 -2.09	 -0.00	 -0.90	  2.68	 -1.96	 -0.00	 -0.90	  2.68	 -1.96	
 -0.00	  1.35	 -2.09	 -0.00	  1.35	 -2.09	 -0.00	 -0.89	  2.68	 -1.96	 -0.00	 -0.89	  2.68	 -1.96	
 -0.00	  1.35	 -2.09	 -0.00	  1.35	 -2.09	 -0.00	 -0.89	  2.68	 -1.96	 -0.00	 -0.89	  2.68	 -1.96	
 -0.00	  1.35	 -2.09	 -0.00	  1.35	 -2.09	 -0.00	 -0.88	  2.67	 -1.97	 -0.00	 -0.88	  2.67	 -1.97	
 -0.00	  1.36	 -2.09	 -0.00	  1.36	 -2.09	 -0.00	 -0.87	  2.67	 -1.97	 -0.00	 -0.87	  2.67	 -1.97	
 -0.00	  1.36	 -2.09	 -0.00	  1.36	 -2.09	 -0.00	 -0.87	  2.67	 -1.98	 -0.00	 -0.87	  2.67	 -1.98	
 -0.00	  1.36	 -2.09	 -0.00	  1.36	 -2.09	 -0.00	 -0.86	  2.67	 -1.98	 -0.00	 -0.86	  2.67	 -1.98	
 -0.00	  1.36	 -2.09	 -0.00	  1.36	 -2.09	 -0.00	 -0.86	  2.66	 -1.98	 -0.00	 -0.86	  2.66	 -1.98	
 -0.00	  1.36	 -2.09	 -0.00	  1.36	 -2.09	 -0.00	 -0.85	  2.66	 -1.99	 -0.00	 -0.85	  2.66	 -1.99	
 -0.00	  1.36	 -2.09	 -0.00	  1.36	 -2.09	 -0.00	 -0.84	  2.66	 -1.99	 -0.00	 -0.84	  2.66	 -1.99	
 -0.00	  1.37	 -2.09	 -0.00	  1.37	 -2.09	 -0.00	 -0.84	  2.66	 -2.00	 -0.00	 -0.84	  2.66	 -2.00	
 -0.00	  1.37	 -2.08	 -0.00	  1.37	 -2.08	 -0.00	 -0.83	  2.66	 -2.00	 -0.00	 -0.83	  2.66	 -2.00	
 -0.00	  1.37	 -2.08	 -0.00	  1.37	 -2.08	 -0.00	 -0.82	  2.65	 -2.00	 -0.00	 -0.82	  2.65	 -2.00	
 -0.00	  1.37	 -2.08	 -0.00	  1.37	 -2.08	 -0.00	 -0.82	  2.65	 -2.01	 -0.00	 -0.82	  2.65	 -2.01	
 -0.00	  1.37	 -2.08	 -0.00	  1.37	 -2.08	 -0.00	 -0.81	  2.65	 -2.01	 -0.00	 -0.81	  2.65	 -2.01	
 -0.00	  1.37	 -2.08	 -0.00	  1.37	 -2.08	 -0.00	 -0.81	  2.65	 -2.01	 -0.00	 -0.81	  2.65	 -2.01	
 -0.00	  1.38	 -2.08	 -0.00	  1.38	 -2.08	 -0.00	 -0.80	  2.64	 -2.02	 -0.00	 -0.80	  2.64	 -2.02	
 -0.00	  1.38	 -2.08	 -0.00	  1.38	 -2.08	 -0.00	 -0.79	  2.64	 -2.02	 -0.00	 -0.79	  2.64	 -2.02	
 -0.00	  1.38	 -2.08	 -0.00	  1.38	 -2.08	 -0.00	 -0.79	  2.64	 -2.02	 -0.00	 -0.79	  2.64	 -2.02	
 -0.00	  1.38	 -2.08	 -0.00	  1.38	 -2.08	 -0.00	 -0.78	  2.64	 -2.03	 -0.00	 -0.78	  2.64	 -2.03	
 -0.00	  1.38	 -2.08	 -0.00	  1.38	 -2.08	 -0.00	 -0.78	  2.63	 -2.03	 -0.00	 -0.78	  2.63	 -2.03	
 -0.00	  1.39	 -2.08	 -0.00	  1.39	 -2.08	 -0.00	 -0.77	  2.63	 -2.03	 -0.00	 -0.77	  2.63	 -2.03	
 -0.00	  1.39	 -2.08	 -0.00	  1.39	 -2.08	 -0.00	 -0.77	  2.63	 -2.04	 -0.00	 -0.77	  2.63	 -2.04	
 -0.00	  1.39	 -2.08	 -0.00	  1.39	 -2.08	 -0.00	 -0.76	  2.63	 -2.04	 -0.00	 -0.76	  2.63	 -2.04	
 -0.00	  1.39	 -2.08	 -0.00	  1.39	 -2.08	 -0.00	 -0.76	  2.62	 -2.04	 -0.00	 -0.76	  2.62	 -2.04	
 -0.00	  1.39	 -2.07	 -0.00	  1.39	 -2.07	 -0.00	 -0.75	  2.62	 -2.05	 -0.00	 -0.75	  2.62	 -2.05	
 -0.00	  1.39	 -2.07	 -0.00	  1.39	 -2.07	 -0.00	 -0.74	  2.62	 -2.05	 -0.00	 -0.74	  2.62	 -2.05	
 -0.00	  1.39	 -2.07	 -0.00	  1.39	 -2.07	 -0.00	 -0.74	  2.62	 -2.05	 -0.00	 -0.74	  2.62	 -2.05	
 -0.00	  1.40	 -2.07	 -0.00	  1.40	 -2.07	 -0.00	 -0.73	  2.61	 -2.06	 -0.00	 -0.73	  2.61	 -2.06	
 -0.00	  1.40	 -2.07	 -0.00	  1.40	 -2.07	 -0.00	 -0.73	  2.61	 -2.06	 -0.00	 -0.73	  2.61	 -2.06	
 -0.00	  1.40	 -2.07	 -0.00	  1.40	 -2.07	 -0.00	 -0.72	  2.61	 -2.06	 -0.00	 -0.72	  2.61	 -2.06	
 -0.00	  1.40	 -2.07	 -0.00	  1.40	 -2.07	 -0.00	 -0.72	  2.61	 -2.06	 -0.00	 -0.72	  2.61	 -2.06	
 -0.00	  1.40	 -2.07	 -0.00	  1.40	 -2.07	 -0.00	 -0.71	  2.61	 -2.07	 -0.00	 -0.71	  2.61	 -2.07	
 -0.00	  1.40	 -2.07	 -0.00	  1.40	 -2.07	 -0.00	 -0.71	  2.60	 -2.07	 -0.00	 -0.71	  2.60	 -2.07	
 -0.00	  1.41	 -2.07	 -0.00	  1.41	 -2.07	 -0.00	 -0.70	  2.60	 -2.07	 -0.00	 -0.70	  2.60	 -2.07	
 -0.00	  1.41	 -2.07	 -0.00	  1.41	 -2.07	 -0.00	 -0.70	  2.60	 -2.07	 -0.00	 -0.70	  2.60	 -2.07	
 -0.00	  1.41	 -2.07	 -0.00	  1.41	 -2.07	 -0.00	 -0.69	  2.60	 -2.08	 -0.00	 -0.69	  2.60	 -2.08	
 -0.00	  1.41	 -2.07	 -0.00	  1.41	 -2.07	 -0.00	 -0.69	  2.59	 -2.08	 -0.00	 -0.69	  2.59	 -2.08	
 -0.00	  1.41	 -2.06	 -0.00	  1.41	 -2.06	 -0.00	 -0.68	  2.59	 -2.08	 -0.00	 -0.68	  2.59	 -2.08	
 -0.00	  1.41	 -2.06	 -0.00	  1.41	 -2.06	 -0.00	 -0.68	  2.59	 -2.08	 -0.00	 -0.68	  2.59	 -2.08	
 -0.00	  1.41	 -2.06	 -0.00	  1.41	 -2.06	 -0.00	 -0.67	  2.59	 -2.09	 -0.00	 -0.67	  2.59	 -2.09	
 -0.00	  1.41	 -2.06	 -0.00	  1.41	 -2.06	 -0.00	 -0.67	  2.58	 -2.09	 -0.00	 -0.67	  2.58	 -2.09	
 -0.00	  1.42	 -2.06	 -0.00	  1.42	 -2.06	 -0.00	 -0.66	  2.58	 -2.09	 -0.00	 -0.66	  2.58	 -2.09	
 -0.00	  1.42	 -2.06	 -0.00	  1.42	 -2.06	 -0.00	 -0.66	  2.58	 -2.09	 -0.00	 -0.66	  2.58	 -2.09	
 -0.00	  1.42	 -2.06	 -0.00	  1.42	 -2.06	 -0.00	 -0.66	  2.58	 -2.10	 -0.00	 -0.66	  2.58	 -2.10	
 -0.00	  1.42	 -2.06	 -0.00	  1.42	 -2.06	 -0.00	 -0.65	  2.57	 -2.10	 -0.00	 -0.65	  2.57	 -2.10	
 -0.00	  1.42	 -2.06	 -0.00	  1.42	 -2.06	 -0.00	 -0.65	  2.57	 -2.10	 -0.00	 -0.65	  2.57	 -2.10	
 -0.00	  1.42	 -2.06	 -0.00	  1.42	 -2.06	 -0.00	 -0.64	  2.57	 -2.10	 -0.00	 -0.64	  2.57	 -2.10	
 -0.00	  1.42	 -2.06	 -0.00	  1.42	 -2.06	 -0.00	 -0.64	  2.57	 -2.10	 -0.00	 -0.64	  2.57	 -2.10	
 -0.00	  1.42	 -2.05	 -0.00	  1.42	 -2.05	 -0.00	 -0.63	  2.57	 -2.11	 -0.00	 -0.63	  2.57	 -2.11	
 -0.00	  1.43	 -2.05	 -0.00	  1.43	 -2.05	 -0.00	 -0.63	  2.56	 -2.11	 -0.00	 -0.63	  2.56	 -2.11	
 -0.00	  1.43	 -2.05	 -0.00	  1.43	 -2.05	 -0.00	 -0.63	  2.56	 -2.11	 -0.00	 -0.63	  2.56	 -2.11	
 -0.00	  1.43	 -2.05	 -0.00	  1.43	 -2.05	 -0.00	 -0.62	  2.56	 -2.11	 -0.00	 -0.62	  2.56	 -2.11	
 -0.00	  1.43	 -2.05	 -0.00	  1.43	 -2.05	 -0.00	 -0.62	  2.56	 -2.11	 -0.00	 -0.62	  2.56	 -2.11	
 -0.00	  1.43	 -2.05	 -0.00	  1.43	 -2.05	 -0.00	 -0.61	  2.55	 -2.11	 -0.00	 -0.61	  2.55	 -2.11	
 -0.00	  1.43	 -2.05	 -0.00	  1.43	 -2.05	 -0.00	 -0.61	  2.55	 -2.12	 -0.00	 -0.61	  2.55	 -2.12	
 -0.00	  1.43	 -2.05	 -0.00	  1.43	 -2.05	 -0.00	 -0.61	  2.55	 -2.12	 -0.00	 -0.61	  2.55	 -2.12	
 -0.00	  1.43	 -2.05	 -0.00	  1.43	 -2.05	 -0.00	 -0.60	  2.55	 -2.12	 -0.00	 -0.60	  2.55	 -2.12	
 -0.00	  1.43	 -2.05	 -0.00	  1.43	 -2.05	 -0.00	 -0.60	  2.55	 -2.12	 -0.00	 -0.60	  2.55	 -2.12	
 -0.00	  1.43	 -2.05	 -0.00	  1.43	 -2.05	 -0.00	 -0.60	  2.54	 -2.12	 -0.00	 -0.60	  2.54	 -2.12	
 -0.00	  1.44	 -2.04	 -0.00	  1.44	 -2.04	 -0.00	 -0.59	  2.54	 -2.12	 -0.00	 -0.59	  2.54	 -2.12	
 -0.00	  1.44	 -2.04	 -0.00	  1.44	 -2.04	 -0.00	 -0.59	  2.54	 -2.13	 -0.00	 -0.59	  2.54	 -2.13	
 -0.00	  1.44	 -2.04	 -0.00	  1.44	 -2.04	 -0.00	 -0.58	  2.54	 -2.13	 -0.00	 -0.58	  2.54	 -2.13	
 -0.00	  1.44	 -2.04	 -0.00	  1.44	 -2.04	 -0.00	 -0.58	  2.53	 -2.13	 -0.00	 -0.58	  2.53	 -2.13	
 -0.00	  1.44	 -2.04	 -0.00	  1.44	 -2.04	 -0.00	 -0.58	  2.53	 -2.13	 -0.00	 -0.58	  2.53	 -2.13	
 -0.00	  1.44	 -2.04	 -0.00	  1.44	 -2.04	 -0.00	 -0.57	  2.53	 -2.13	 -0.00	 -0.57	  2.53	 -2.13	
 -0.00	  1.44	 -2.04	 -0.00	  1.44	 -2.04	 -0.00	 -0.57	  2.53	 -2.13	 -0.00	 -0.57	  2.53	 -2.13	
 -0.00	  1.44	 -2.04	 -0.00	  1.44	 -2.04	 -0.00	 -0.57	  2.53	 -2.13	 -0.00	 -0.57	  2.53	 -2.13	
 -0.00	  1.44	 -2.04	 -0.00	  1.44	 -2.04	 -0.00	 -0.57	  2.52	 -2.13	 -0.00	 -0.57	  2.52	 -2.13	
 -0.00	  1.44	 -2.04	 -0.00	  1.44	 -2.04	 -0.00	 -0.56	  2.52	 -2.14	 -0.00	 -0.56	  2.52	 -2.14	
 -0.00	  1.44	 -2.04	 -0.00	  1.44	 -2.04	 -0.00	 -0.56	  2.52	 -2.14	 -0.00	 -0.56	  2.52	 -2.14	
 -0.00	  1.44	 -2.03	 -0.00	  1.44	 -2.03	 -0.00	 -0.56	  2.52	 -2.14	 -0.00	 -0.56	  2.52	 -2.14	
 -0.00	  1.45	 -2.03	 -0.00	  1.45	 -2.03	 -0.00	 -0.55	  2.52	 -2.14	 -0.00	 -0.55	  2.52	 -2.14	
 -0.00	  1.45	 -2.03	 -0.00	  1.45	 -2.03	 -0.00	 -0.55	  2.52	 -2.14	 -0.00	 -0.55	  2.52	 -2.14	
 -0.00	  1.45	 -2.03	 -0.00	  1.45	 -2.03	 -0.00	 -0.55	  2.51	 -2.14	 -0.00	 -0.55	  2.51	 -2.14	
 -0.00	  1.45	 -2.03	 -0.00	  1.45	 -2.03	 -0.00	 -0.55	  2.51	 -2.14	 -0.00	 -0.55	  2.51	 -2.14	
 -0.00	  1.45	 -2.03	 -0.00	  1.45	 -2.03	 -0.00	 -0.54	  2.51	 -2.14	 -0.00	 -0.54	  2.51	 -2.14	
 -0.00	  1.45	 -2.03	 -0.00	  1.45	 -2.03	 -0.00	 -0.54	  2.51	 -2.14	 -0.00	 -0.54	  2.51	 -2.14	
 -0.00	  1.45	 -2.03	 -0.00	  1.45	 -2.03	 -0.00	 -0.54	  2.51	 -2.14	 -0.00	 -0.54	  2.51	 -2.14	
 -0.00	  1.45	 -2.03	 -0.00	  1.45	 -2.03	 -0.00	 -0.53	  2.50	 -2.14	 -0.00	 -0.53	  2.50	 -2.14	
 -0.00	  1.45	 -2.03	 -0.00	  1.45	 -2.03	 -0.00	 -0.53	  2.50	 -2.15	 -0.00	 -0.53	  2.50	 -2.15	
 -0.00	  1.45	 -2.03	 -0.00	  1.45	 -2.03	 -0.00	 -0.53	  2.50	 -2.15	 -0.00	 -0.53	  2.50	 -2.15	
 -0.00	  1.45	 -2.02	 -0.00	  1.45	 -2.02	 -0.00	 -0.53	  2.50	 -2.15	 -0.00	 -0.53	  2.50	 -2.15	
 -0.00	  1.45	 -2.02	 -0.00	  1.45	 -2.02	 -0.00	 -0.53	  2.50	 -2.15	 -0.00	 -0.53	  2.50	 -2.15	
 -0.00	  1.45	 -2.02	 -0.00	  1.45	 -2.02	 -0.00	 -0.52	  2.50	 -2.15	 -0.00	 -0.52	  2.50	 -2.15	
 -0.00	  1.45	 -2.02	 -0.00	  1.45	 -2.02	 -0.00	 -0.52	  2.50	 -2.15	 -0.00	 -0.52	  2.50	 -2.15	
 -0.00	  1.45	 -2.02	 -0.00	  1.45	 -2.02	 -0.00	 -0.52	  2.49	 -2.15	 -0.00	 -0.52	  2.49	 -2.15	
 -0.00	  1.45	 -2.02	 -0.00	  1.45	 -2.02	 -0.00	 -0.52	  2.49	 -2.15	 -0.00	 -0.52	  2.49	 -2.15	
 -0.00	  1.46	 -2.02	 -0.00	  1.45	 -2.02	 -0.00	 -0.52	  2.49	 -2.15	 -0.00	 -0.51	  2.49	 -2.15	
 -0.00	  1.46	 -2.02	 -0.00	  1.45	 -2.02	 -0.00	 -0.51	  2.49	 -2.15	 -0.00	 -0.51	  2.49	 -2.15	
 -0.00	  1.46	 -2.02	 -0.00	  1.46	 -2.02	 -0.00	 -0.51	  2.49	 -2.15	 -0.00	 -0.51	  2.49	 -2.15	
 -0.00	  1.46	 -2.02	 -0.00	  1.46	 -2.02	 -0.00	 -0.51	  2.49	 -2.15	 -0.00	 -0.51	  2.49	 -2.15	
 -0.00	  1.46	 -2.02	 -0.00	  1.46	 -2.02	 -0.00	 -0.51	  2.48	 -2.15	 -0.00	 -0.51	  2.49	 -2.15	
 -0.00	  1.46	 -2.02	 -0.00	  1.46	 -2.02	 -0.00	 -0.51	  2.48	 -2.15	 -0.00	 -0.51	  2.49	 -2.16	
 -0.00	  1.46	 -2.02	 -0.00	  1.46	 -2.02	 -0.00	 -0.50	  2.48	 -2.15	 -0.00	 -0.50	  2.49	 -2.16	
 -0.00	  1.46	 -2.02	 -0.00	  1.46	 -2.01	 -0.00	 -0.50	  2.48	 -2.15	 -0.00	 -0.50	  2.49	 -2.16	
 -0.00	  1.46	 -2.02	 -0.00	  1.46	 -2.01	 -0.00	 -0.50	  2.48	 -2.15	 -0.00	 -0.50	  2.49	 -2.16	
 -0.00	  1.46	 -2.02	 -0.00	  1.46	 -2.01	 -0.00	 -0.50	  2.48	 -2.15	 -0.00	 -0.50	  2.48	 -2.16	
 -0.00	  1.46	 -2.02	 -0.00	  1.46	 -2.01	 -0.00	 -0.50	  2.48	 -2.15	 -0.00	 -0.50	  2.48	 -2.16	
 -0.00	  1.46	 -2.02	 -0.00	  1.46	 -2.01	 -0.00	 -0.50	  2.48	 -2.15	 -0.00	 -0.49	  2.48	 -2.16	
 -0.00	  1.47	 -2.02	 -0.00	  1.46	 -2.01	 -0.00	 -0.50	  2.47	 -2.15	 -0.00	 -0.49	  2.48	 -2.17	
 -0.00	  1.47	 -2.02	 -0.00	  1.46	 -2.01	 -0.00	 -0.49	  2.47	 -2.15	 -0.00	 -0.49	  2.48	 -2.17	
 -0.00	  1.47	 -2.02	 -0.00	  1.46	 -2.01	 -0.00	 -0.49	  2.47	 -2.15	 -0.00	 -0.49	  2.48	 -2.17	
 -0.00	  1.47	 -2.02	 -0.00	  1.46	 -2.01	 -0.00	 -0.49	  2.47	 -2.15	 -0.00	 -0.49	  2.48	 -2.17	
 -0.00	  1.47	 -2.03	 -0.00	  1.46	 -2.01	 -0.00	 -0.49	  2.47	 -2.15	 -0.00	 -0.49	  2.49	 -2.17	
 -0.00	  1.47	 -2.03	 -0.00	  1.46	 -2.01	 -0.00	 -0.49	  2.47	 -2.15	 -0.00	 -0.49	  2.49	 -2.17	
 -0.00	  1.47	 -2.03	 -0.00	  1.46	 -2.01	 -0.00	 -0.49	  2.47	 -2.15	 -0.00	 -0.48	  2.49	 -2.18	
 -0.00	  1.47	 -2.03	 -0.00	  1.46	 -2.01	 -0.00	 -0.49	  2.47	 -2.16	 -0.00	 -0.48	  2.49	 -2.18	
 -0.00	  1.48	 -2.03	 -0.00	  1.46	 -2.01	 -0.00	 -0.49	  2.47	 -2.16	 -0.00	 -0.48	  2.49	 -2.18	
 -0.00	  1.48	 -2.03	 -0.00	  1.46	 -2.00	 -0.00	 -0.48	  2.46	 -2.16	 -0.00	 -0.48	  2.49	 -2.18	
 -0.00	  1.48	 -2.03	 -0.00	  1.46	 -2.00	 -0.00	 -0.48	  2.46	 -2.16	 -0.00	 -0.48	  2.49	 -2.19	
 -0.00	  1.48	 -2.04	 -0.00	  1.46	 -2.00	 -0.00	 -0.48	  2.46	 -2.16	 -0.00	 -0.48	  2.49	 -2.19	
 -0.00	  1.48	 -2.04	 -0.00	  1.46	 -2.00	 -0.00	 -0.48	  2.46	 -2.16	 -0.00	 -0.48	  2.49	 -2.19	
 -0.00	  1.48	 -2.04	 -0.00	  1.46	 -2.00	 -0.00	 -0.48	  2.46	 -2.16	 -0.00	 -0.48	  2.49	 -2.19	
 -0.00	  1.49	 -2.04	 -0.00	  1.46	 -2.00	 -0.00	 -0.48	  2.46	 -2.16	 -0.00	 -0.47	  2.50	 -2.20	
 -0.00	  1.49	 -2.04	 -0.00	  1.46	 -2.00	 -0.00	 -0.48	  2.46	 -2.16	 -0.00	 -0.47	  2.50	 -2.20	
 -0.00	  1.49	 -2.05	 -0.00	  1.46	 -2.00	 -0.00	 -0.48	  2.46	 -2.16	 -0.00	 -0.47	  2.50	 -2.20	
 -0.00	  1.49	 -2.05	 -0.00	  1.46	 -2.00	 -0.00	 -0.48	  2.46	 -2.16	 -0.00	 -0.47	  2.50	 -2.20	
 -0.00	  1.49	 -2.05	 -0.00	  1.46	 -2.00	 -0.00	 -0.48	  2.46	 -2.16	 -0.00	 -0.47	  2.50	 -2.21	
 -0.00	  1.49	 -2.06	 -0.00	  1.46	 -2.00	 -0.00	 -0.48	  2.46	 -2.16	 -0.00	 -0.47	  2.50	 -2.21	
 -0.00	  1.50	 -2.06	 -0.00	  1.46	 -2.00	 -0.00	 -0.47	  2.46	 -2.16	 -0.00	 -0.47	  2.51	 -2.21	
 -0.00	  1.50	 -2.06	 -0.00	  1.46	 -2.00	 -0.00	 -0.47	  2.45	 -2.16	 -0.00	 -0.47	  2.51	 -2.22	
 -0.00	  1.50	 -2.06	 -0.00	  1.46	 -2.00	 -0.00	 -0.47	  2.45	 -2.16	 -0.00	 -0.47	  2.51	 -2.22	
 -0.00	  1.50	 -2.07	 -0.00	  1.46	 -2.00	 -0.00	 -0.47	  2.45	 -2.16	 -0.00	 -0.47	  2.51	 -2.22	
 -0.00	  1.50	 -2.07	 -0.00	  1.46	 -2.00	 -0.00	 -0.47	  2.45	 -2.16	 -0.00	 -0.47	  2.52	 -2.23	
 -0.00	  1.50	 -2.07	 -0.00	  1.46	 -2.00	 -0.00	 -0.47	  2.45	 -2.16	 -0.00	 -0.47	  2.52	 -2.23	
 -0.00	  1.51	 -2.08	 -0.00	  1.46	 -2.00	 -0.00	 -0.47	  2.45	 -2.15	 -0.00	 -0.47	  2.52	 -2.23	
 -0.00	  1.51	 -2.08	 -0.00	  1.46	 -1.99	 -0.00	 -0.47	  2.45	 -2.15	 -0.00	 -0.46	  2.53	 -2.23	
 -0.00	  1.51	 -2.08	 -0.00	  1.46	 -1.99	 -0.00	 -0.47	  2.45	 -2.15	 -0.00	 -0.46	  2.53	 -2.24	
 -0.00	  1.51	 -2.09	 -0.00	  1.46	 -1.99	 -0.00	 -0.47	  2.45	 -2.15	 -0.00	 -0.46	  2.53	 -2.24	
 -0.00	  1.51	 -2.09	 -0.00	  1.46	 -1.99	 -0.00	 -0.47	  2.45	 -2.15	 -0.00	 -0.46	  2.53	 -2.24	
 -0.00	  1.52	 -2.09	 -0.00	  1.46	 -1.99	 -0.00	 -0.47	  2.45	 -2.15	 -0.00	 -0.46	  2.54	 -2.25	
 -0.00	  1.52	 -2.10	 -0.00	  1.46	 -1.99	 -0.00	 -0.47	  2.45	 -2.15	 -0.00	 -0.46	  2.54	 -2.25	
 -0.00	  1.52	 -2.10	 -0.00	  1.46	 -1.99	 -0.00	 -0.47	  2.45	 -2.15	 -0.00	 -0.46	  2.54	 -2.25	
 -0.00	  1.52	 -2.10	 -0.00	  1.46	 -1.99	 -0.00	 -0.47	  2.45	 -2.15	 -0.00	 -0.46	  2.55	 -2.26	
 -0.00	  1.52	 -2.11	 -0.00	  1.46	 -1.99	 -0.00	 -0.47	  2.45	 -2.15	 -0.00	 -0.47	  2.55	 -2.26	
 -0.00	  1.52	 -2.11	 -0.00	  1.46	 -1.99	 -0.00	 -0.47	  2.45	 -2.15	 -0.00	 -0.47	  2.56	 -2.26	
 -0.00	  1.53	 -2.12	 -0.00	  1.46	 -1.99	 -0.00	 -0.47	  2.44	 -2.15	 -0.00	 -0.47	  2.56	 -2.27	
 -0.00	  1.53	 -2.12	 -0.00	  1.46	 -1.99	 -0.00	 -0.47	  2.44	 -2.15	 -0.00	 -0.47	  2.56	 -2.27	
 -0.00	  1.53	 -2.12	 -0.00	  1.46	 -1.99	 -0.00	 -0.47	  2.44	 -2.15	 -0.00	 -0.47	  2.57	 -2.27	
 -0.00	  1.53	 -2.13	 -0.00	  1.46	 -1.99	 -0.00	 -0.47	  2.44	 -2.15	 -0.00	 -0.47	  2.57	 -2.28	
 -0.00	  1.53	 -2.13	 -0.00	  1.46	 -1.99	 -0.00	 -0.46	  2.44	 -2.15	 -0.00	 -0.47	  2.58	 -2.28	
 -0.00	  1.53	 -2.14	 -0.00	  1.46	 -1.99	 -0.00	 -0.46	  2.44	 -2.15	 -0.00	 -0.47	  2.58	 -2.28	
 -0.00	  1.53	 -2.14	 -0.00	  1.46	 -1.99	 -0.00	 -0.46	  2.44	 -2.15	 -0.00	 -0.47	  2.58	 -2.29	
 -0.00	  1.54	 -2.14	 -0.00	  1.46	 -1.99	 -0.00	 -0.46	  2.44	 -2.15	 -0.00	 -0.48	  2.59	 -2.29	
 -0.00	  1.54	 -2.15	 -0.00	  1.46	 -1.99	 -0.00	 -0.46	  2.44	 -2.15	 -0.00	 -0.48	  2.59	 -2.29	
 -0.00	  1.54	 -2.15	 -0.00	  1.46	 -1.99	 -0.00	 -0.46	  2.44	 -2.15	 -0.00	 -0.48	  2.60	 -2.29	
 -0.00	  1.54	 -2.16	 -0.00	  1.46	 -1.99	 -0.00	 -0.46	  2.44	 -2.15	 -0.00	 -0.48	  2.60	 -2.30	
 -0.00	  1.54	 -2.16	 -0.00	  1.46	 -1.99	 -0.00	 -0.46	  2.44	 -2.15	 -0.00	 -0.48	  2.61	 -2.30	
 -0.00	  1.54	 -2.16	 -0.00	  1.46	 -1.99	 -0.00	 -0.46	  2.44	 -2.15	 -0.00	 -0.49	  2.61	 -2.30	
 -0.00	  1.54	 -2.17	 -0.00	  1.46	 -1.99	 -0.00	 -0.46	  2.44	 -2.15	 -0.00	 -0.49	  2.62	 -2.30	
 -0.00	  1.54	 -2.17	 -0.00	  1.46	 -1.99	 -0.00	 -0.46	  2.44	 -2.15	 -0.00	 -0.49	  2.62	 -2.30	
 -0.00	  1.54	 -2.18	 -0.00	  1.46	 -1.99	 -0.00	 -0.46	  2.44	 -2.15	 -0.00	 -0.50	  2.63	 -2.31	
 -0.00	  1.54	 -2.18	 -0.00	  1.46	 -1.98	 -0.00	 -0.46	  2.44	 -2.15	 -0.00	 -0.50	  2.63	 -2.31	
 -0.00	  1.54	 -2.18	 -0.00	  1.46	 -1.98	 -0.00	 -0.46	  2.44	 -2.15	 -0.00	 -0.50	  2.64	 -2.31	
 -0.00	  1.54	 -2.19	 -0.00	  1.46	 -1.98	 -0.00	 -0.46	  2.44	 -2.15	 -0.00	 -0.51	  2.64	 -2.31	
 -0.00	  1.54	 -2.19	 -0.00	  1.46	 -1.98	 -0.00	 -0.46	  2.44	 -2.15	 -0.00	 -0.51	  2.65	 -2.31	
 -0.00	  1.54	 -2.19	 -0.00	  1.46	 -1.98	 -0.00	 -0.46	  2.44	 -2.15	 -0.00	 -0.52	  2.65	 -2.31	
 -0.00	  1.54	 -2.20	 -0.00	  1.46	 -1.98	 -0.00	 -0.46	  2.44	 -2.15	 -0.00	 -0.52	  2.66	 -2.31	
 -0.00	  1.54	 -2.20	 -0.00	  1.46	 -1.98	 -0.00	 -0.46	  2.44	 -2.15	 -0.00	 -0.53	  2.66	 -2.31	
 -0.00	  1.54	 -2.21	 -0.00	  1.46	 -1.98	 -0.00	 -0.46	  2.44	 -2.15	 -0.00	 -0.53	  2.67	 -2.31	
 -0.00	  1.54	 -2.21	 -0.00	  1.46	 -1.98	 -0.00	 -0.46	  2.44	 -2.15	 -0.00	 -0.54	  2.68	 -2.31	
 -0.00	  1.54	 -2.21	 -0.00	  1.46	 -1.98	 -0.00	 -0.46	  2.44	 -2.15	 -0.00	 -0.54	  2.68	 -2.31	
 -0.00	  1.54	 -2.22	 -0.00	  1.46	 -1.98	 -0.00	 -0.46	  2.44	 -2.15	 -0.00	 -0.55	  2.69	 -2.31	
 -0.00	  1.53	 -2.22	 -0.00	  1.46	 -1.98	 -0.00	 -0.46	  2.44	 -2.15	 -0.00	 -0.56	  2.69	 -2.31	
 -0.00	  1.53	 -2.22	 -0.00	  1.46	 -1.98	 -0.00	 -0.46	  2.44	 -2.15	 -0.00	 -0.57	  2.70	 -2.31	
 -0.00	  1.53	 -2.23	 -0.00	  1.46	 -1.98	 -0.00	 -0.46	  2.44	 -2.15	 -0.00	 -0.57	  2.70	 -2.31	
 -0.00	  1.53	 -2.23	 -0.00	  1.46	 -1.98	 -0.00	 -0.46	  2.44	 -2.15	 -0.00	 -0.58	  2.71	 -2.30	
 -0.00	  1.53	 -2.23	 -0.00	  1.46	 -1.98	 -0.00	 -0.46	  2.44	 -2.15	 -0.00	 -0.59	  2.72	 -2.30	
 -0.00	  1.52	 -2.23	 -0.00	  1.46	 -1.98	 -0.00	 -0.46	  2.44	 -2.15	 -0.00	 -0.60	  2.72	 -2.30	
 -0.00	  1.52	 -2.24	 -0.00	  1.46	 -1.98	 -0.00	 -0.46	  2.44	 -2.15	 -0.00	 -0.61	  2.73	 -2.29	
 -0.00	  1.52	 -2.24	 -0.00	  1.46	 -1.98	 -0.00	 -0.46	  2.44	 -2.15	 -0.00	 -0.62	  2.74	 -2.29	
 -0.00	  1.52	 -2.24	 -0.00	  1.46	 -1.98	 -0.00	 -0.46	  2.44	 -2.15	 -0.00	 -0.63	  2.74	 -2.28	
 -0.00	  1.51	 -2.24	 -0.00	  1.46	 -1.98	 -0.00	 -0.46	  2.44	 -2.15	 -0.00	 -0.64	  2.75	 -2.28	
 -0.00	  1.51	 -2.25	 -0.00	  1.46	 -1.98	 -0.00	 -0.46	  2.44	 -2.15	 -0.00	 -0.66	  2.75	 -2.27	
 -0.00	  1.51	 -2.25	 -0.00	  1.46	 -1.98	 -0.00	 -0.46	  2.44	 -2.15	 -0.00	 -0.67	  2.76	 -2.27	
 -0.00	  1.50	 -2.25	 -0.00	  1.46	 -1.98	 -0.00	 -0.46	  2.44	 -2.15	 -0.00	 -0.68	  2.77	 -2.26	
 -0.00	  1.50	 -2.25	 -0.00	  1.46	 -1.98	 -0.00	 -0.46	  2.44	 -2.15	 -0.00	 -0.70	  2.77	 -2.25	
 -0.00	  1.49	 -2.26	 -0.00	  1.46	 -1.98	 -0.00	 -0.46	  2.44	 -2.15	 -0.00	 -0.71	  2.78	 -2.25	
 -0.00	  1.49	 -2.26	 -0.00	  1.46	 -1.98	 -0.00	 -0.46	  2.44	 -2.15	 -0.00	 -0.73	  2.79	 -2.24	
 -0.00	  1.49	 -2.26	 -0.00	  1.46	 -1.98	 -0.00	 -0.46	  2.44	 -2.15	 -0.00	 -0.74	  2.79	 -2.23	
 -0.00	  1.48	 -2.26	 -0.00	  1.46	 -1.98	 -0.00	 -0.46	  2.43	 -2.15	 -0.00	 -0.76	  2.80	 -2.22	
 -0.00	  1.48	 -2.26	 -0.00	  1.46	 -1.98	 -0.00	 -0.46	  2.43	 -2.15	 -0.00	 -0.78	  2.81	 -2.21	
 -0.00	  1.47	 -2.26	 -0.00	  1.46	 -1.98	 -0.00	 -0.46	  2.43	 -2.15	 -0.00	 -0.80	  2.82	 -2.19	
 -0.00	  1.47	 -2.27	 -0.00	  1.46	 -1.98	 -0.00	 -0.46	  2.43	 -2.15	 -0.00	 -0.82	  2.82	 -2.18	
 -0.00	  1.46	 -2.27	 -0.00	  1.46	 -1.98	 -0.00	 -0.46	  2.43	 -2.15	 -0.00	 -0.84	  2.83	 -2.17	
 -0.00	  1.46	 -2.27	 -0.00	  1.46	 -1.98	 -0.00	 -0.46	  2.43	 -2.15	 -0.00	 -0.86	  2.84	 -2.15	
 -0.00	  1.45	 -2.27	 -0.00	  1.46	 -1.98	 -0.00	 -0.46	  2.43	 -2.15	 -0.00	 -0.88	  2.84	 -2.14	
 -0.00	  1.44	 -2.27	 -0.00	  1.46	 -1.98	 -0.00	 -0.46	  2.43	 -2.15	 -0.00	 -0.90	  2.85	 -2.12	
 -0.00	  1.44	 -2.27	 -0.00	  1.46	 -1.98	 -0.00	 -0.46	  2.43	 -2.15	 -0.00	 -0.93	  2.86	 -2.11	
 -0.00	  1.43	 -2.27	 -0.00	  1.46	 -1.98	 -0.00	 -0.46	  2.43	 -2.15	 -0.00	 -0.95	  2.87	 -2.09	
 -0.00	  1.43	 -2.27	 -0.00	  1.46	 -1.98	 -0.00	 -0.46	  2.43	 -2.15	 -0.00	 -0.98	  2.87	 -2.07	
 -0.00	  1.42	 -2.27	 -0.00	  1.46	 -1.98	 -0.00	 -0.46	  2.43	 -2.15	 -0.00	 -1.01	  2.88	 -2.05	
 -0.00	  1.41	 -2.27	 -0.00	  1.46	 -1.98	 -0.00	 -0.46	  2.43	 -2.15	 -0.00	 -1.04	  2.89	 -2.02	
 -0.00	  1.41	 -2.27	 -0.00	  1.46	 -1.98	 -0.00	 -0.46	  2.44	 -2.15	 -0.00	 -1.07	  2.90	 -2.00	
 -0.00	  1.40	 -2.27	 -0.00	  1.46	 -1.98	 -0.00	 -0.46	  2.44	 -2.15	 -0.00	 -1.11	  2.90	 -1.97	
 -0.00	  1.39	 -2.27	 -0.00	  1.46	 -1.98	 -0.00	 -0.46	  2.44	 -2.15	 -0.00	 -1.14	  2.91	 -1.95	
 -0.00	  1.38	 -2.27	 -0.00	  1.46	 -1.98	 -0.00	 -0.46	  2.44	 -2.15	 -0.00	 -1.18	  2.92	 -1.92	
 -0.00	  1.38	 -2.27	 -0.00	  1.46	 -1.98	 -0.00	 -0.46	  2.44	 -2.15	 -0.00	 -1.22	  2.93	 -1.89	
 -0.00	  1.37	 -2.27	 -0.00	  1.46	 -1.98	 -0.00	 -0.46	  2.44	 -2.15	 -0.00	 -1.26	  2.94	 -1.85	
 -0.00	  1.36	 -2.27	 -0.00	  1.46	 -1.98	 -0.00	 -0.46	  2.44	 -2.15	 -0.00	 -1.30	  2.94	 -1.82	
 -0.00	  1.35	 -2.27	 -0.00	  1.46	 -1.98	 -0.00	 -0.46	  2.44	 -2.15	 -0.00	 -1.34	  2.95	 -1.78	
 -0.00	  1.34	 -2.27	 -0.00	  1.46	 -1.98	 -0.00	 -0.46	  2.44	 -2.15	 -0.00	 -1.39	  2.96	 -1.75	
 -0.00	  1.33	 -2.27	 -0.00	  1.46	 -1.98	 -0.00	 -0.46	  2.44	 -2.15	 -0.00	 -1.44	  2.97	 -1.70	
 -0.00	  1.33	 -2.27	 -0.00	  1.46	 -1.98	 -0.00	 -0.46	  2.44	 -2.15	 -0.00	 -1.49	  2.98	 -1.66	
 -0.00	  1.32	 -2.27	 -0.00	  1.46	 -1.98	 -0.00	 -0.46	  2.44	 -2.15	 -0.00	 -1.54	  2.98	 -1.62	
 -0.00	  1.31	 -2.27	 -0.00	  1.46	 -1.98	 -0.00	 -0.46	  2.44	 -2.15	 -0.00	 -1.60	  2.99	 -1.57	
 -0.00	  1.30	 -2.26	 -0.00	  1.46	 -1.98	 -0.00	 -0.46	  2.44	 -2.15	 -0.00	 -1.65	  3.00	 -1.52	
 -0.00	  1.29	 -2.26	 -0.00	  1.46	 -1.98	 -0.00	 -0.46	  2.44	 -2.15	 -0.00	 -1.71	  3.01	 -1.47	
 -0.00	  1.28	 -2.26	 -0.00	  1.46	 -1.98	 -0.00	 -0.46	  2.44	 -2.15	 -0.00	 -1.77	  3.01	 -1.42	
 -0.00	  1.27	 -2.26	 -0.00	  1.46	 -1.98	 -0.00	 -0.46	  2.44	 -2.15	 -0.00	 -1.84	  3.02	 -1.36	
 -0.00	  1.26	 -2.26	 -0.00	  1.46	 -1.98	 -0.00	 -0.46	  2.44	 -2.15	 -0.00	 -1.90	  3.03	 -1.30	
 -0.00	  1.25	 -2.25	 -0.00	  1.46	 -1.98	 -0.00	 -0.46	  2.44	 -2.15	 -0.00	 -1.96	  3.04	 -1.25	
 -0.00	  1.24	 -2.25	 -0.00	  1.46	 -1.98	 -0.00	 -0.46	  2.44	 -2.15	 -0.00	 -2.03	  3.04	 -1.19	
 -0.00	  1.23	 -2.25	 -0.00	  1.46	 -1.98	 -0.00	 -0.46	  2.44	 -2.15	 -0.00	 -2.09	  3.05	 -1.13	
 -0.00	  1.22	 -2.25	 -0.00	  1.46	 -1.98	 -0.00	 -0.46	  2.44	 -2.15	 -0.00	 -2.16	  3.05	 -1.07	
 -0.00	  1.21	 -2.24	 -0.00	  1.46	 -1.98	 -0.00	 -0.46	  2.44	 -2.15	 -0.00	 -2.22	  3.06	 -1.02	
 -0.00	  1.20	 -2.24	 -0.00	  1.46	 -1.98	 -0.00	 -0.46	  2.44	 -2.15	 -0.00	 -2.27	  3.06	 -0.96	
 -0.00	  1.19	 -2.24	 -0.00	  1.46	 -1.98	 -0.00	 -0.46	  2.44	 -2.15	 -0.00	 -2.33	  3.06	 -0.91	
 -0.00	  1.18	 -2.23	 -0.00	  1.46	 -1.98	 -0.00	 -0.46	  2.44	 -2.15	 -0.00	 -2.38	  3.07	 -0.86	
 -0.00	  1.17	 -2.23	 -0.00	  1.46	 -1.98	 -0.00	 -0.46	  2.44	 -2.15	 -0.00	 -2.42	  3.07	 -0.82	
 -0.00	  1.16	 -2.23	 -0.00	  1.46	 -1.98	 -0.00	 -0.46	  2.44	 -2.15	 -0.00	 -2.46	  3.07	 -0.78	
 -0.00	  1.15	 -2.22	 -0.00	  1.46	 -1.98	 -0.00	 -0.46	  2.44	 -2.15	 -0.00	 -2.49	  3.06	 -0.75	
 -0.00	  1.14	 -2.22	 -0.00	  1.46	 -1.98	 -0.00	 -0.46	  2.44	 -2.15	 -0.00	 -2.51	  3.06	 -0.72	
 -0.00	  1.13	 -2.21	 -0.00	  1.46	 -1.98	 -0.00	 -0.46	  2.44	 -2.15	 -0.00	 -2.54	  3.06	 -0.70	
 -0.00	  1.12	 -2.21	 -0.00	  1.46	 -1.98	 -0.00	 -0.45	  2.44	 -2.16	 -0.00	 -2.55	  3.05	 -0.67	
 -0.00	  1.11	 -2.21	 -0.00	  1.46	 -1.98	 -0.00	 -0.45	  2.44	 -2.16	 -0.00	 -2.56	  3.05	 -0.66	
 -0.00	  1.10	 -2.20	 -0.00	  1.46	 -1.98	 -0.00	 -0.45	  2.44	 -2.16	 -0.00	 -2.58	  3.04	 -0.64	
 -0.00	  1.09	 -2.20	 -0.00	  1.46	 -1.99	 -0.00	 -0.45	  2.44	 -2.16	 -0.00	 -2.58	  3.03	 -0.63	
 -0.00	  1.08	 -2.19	 -0.00	  1.46	 -1.99	 -0.00	 -0.45	  2.44	 -2.16	 -0.00	 -2.59	  3.03	 -0.61	
 -0.00	  1.07	 -2.19	 -0.00	  1.46	 -1.99	 -0.00	 -0.45	  2.43	 -2.16	 -0.00	 -2.59	  3.02	 -0.60	
 -0.00	  1.06	 -2.19	 -0.00	  1.46	 -1.99	 -0.00	 -0.45	  2.43	 -2.16	 -0.00	 -2.59	  3.01	 -0.59	
 -0.00	  1.05	 -2.18	 -0.00	  1.46	 -1.99	 -0.00	 -0.45	  2.43	 -2.16	 -0.00	 -2.60	  3.00	 -0.58	
 -0.00	  1.04	 -2.18	 -0.00	  1.46	 -1.99	 -0.00	 -0.45	  2.43	 -2.16	 -0.00	 -2.60	  3.00	 -0.58	
 -0.00	  1.03	 -2.17	 -0.00	  1.46	 -1.99	 -0.00	 -0.45	  2.43	 -2.16	 -0.00	 -2.60	  2.99	 -0.57	
 -0.00	  1.02	 -2.17	 -0.00	  1.46	 -1.99	 -0.00	 -0.45	  2.43	 -2.16	 -0.00	 -2.59	  2.98	 -0.56	
 -0.00	  1.02	 -2.16	 -0.00	  1.47	 -1.99	 -0.00	 -0.45	  2.43	 -2.16	 -0.00	 -2.59	  2.97	 -0.55	
 -0.00	  1.01	 -2.16	 -0.00	  1.47	 -1.99	 -0.00	 -0.45	  2.43	 -2.16	 -0.00	 -2.59	  2.97	 -0.55	
 -0.00	  1.00	 -2.15	 -0.00	  1.47	 -1.99	 -0.00	 -0.45	  2.43	 -2.16	 -0.00	 -2.59	  2.96	 -0.54	
 -0.00	  0.99	 -2.15	 -0.00	  1.47	 -1.99	 -0.00	 -0.45	  2.43	 -2.16	 -0.00	 -2.59	  2.95	 -0.54	
 -0.00	  0.98	 -2.15	 -0.00	  1.47	 -1.99	 -0.00	 -0.44	  2.43	 -2.16	 -0.00	 -2.58	  2.94	 -0.53	
 -0.00	  0.97	 -2.14	 -0.00	  1.47	 -1.99	 -0.00	 -0.44	  2.43	 -2.16	 -0.00	 -2.58	  2.93	 -0.53	
 -0.00	  0.96	 -2.14	 -0.00	  1.47	 -1.99	 -0.00	 -0.44	  2.43	 -2.16	 -0.00	 -2.58	  2.93	 -0.52	
 -0.00	  0.96	 -2.13	 -0.00	  1.47	 -1.99	 -0.00	 -0.44	  2.43	 -2.17	 -0.00	 -2.57	  2.92	 -0.52	
 -0.00	  0.95	 -2.13	 -0.00	  1.47	 -1.99	 -0.00	 -0.44	  2.43	 -2.17	 -0.00	 -2.57	  2.91	 -0.52	
 -0.00	  0.94	 -2.12	 -0.00	  1.47	 -1.99	 -0.00	 -0.44	  2.43	 -2.17	 -0.00	 -2.57	  2.90	 -0.51	
 -0.00	  0.93	 -2.12	 -0.00	  1.47	 -1.99	 -0.00	 -0.44	  2.43	 -2.17	 -0.00	 -2.56	  2.90	 -0.51	
 -0.00	  0.93	 -2.11	 -0.00	  1.47	 -1.99	 -0.00	 -0.44	  2.43	 -2.17	 -0.00	 -2.56	  2.89	 -0.50	
 -0.00	  0.92	 -2.11	 -0.00	  1.47	 -1.99	 -0.00	 -0.44	  2.43	 -2.17	 -0.00	 -2.56	  2.88	 -0.50	
 -0.00	  0.91	 -2.11	 -0.00	  1.47	 -1.99	 -0.00	 -0.44	  2.43	 -2.17	 -0.00	 -2.55	  2.88	 -0.50	
 -0.00	  0.90	 -2.10	 -0.00	  1.47	 -1.99	 -0.00	 -0.43	  2.43	 -2.17	 -0.00	 -2.55	  2.87	 -0.50	
 -0.00	  0.90	 -2.10	 -0.00	  1.47	 -1.99	 -0.00	 -0.43	  2.43	 -2.17	 -0.00	 -2.55	  2.86	 -0.49	
 -0.00	  0.89	 -2.09	 -0.00	  1.47	 -1.99	 -0.00	 -0.43	  2.43	 -2.17	 -0.00	 -2.54	  2.86	 -0.49	
 -0.00	  0.89	 -2.09	 -0.00	  1.47	 -1.99	 -0.00	 -0.43	  2.43	 -2.17	 -0.00	 -2.54	  2.85	 -0.49	
 -0.00	  0.88	 -2.09	 -0.00	  1.47	 -1.99	 -0.00	 -0.43	  2.43	 -2.17	 -0.00	 -2.54	  2.85	 -0.48	
 -0.00	  0.87	 -2.08	 -0.00	  1.48	 -1.99	 -0.00	 -0.43	  2.43	 -2.17	 -0.00	 -2.53	  2.84	 -0.48	
 -0.00	  0.87	 -2.08	 -0.00	  1.48	 -1.99	 -0.00	 -0.43	  2.43	 -2.18	 -0.00	 -2.53	  2.83	 -0.48	
 -0.00	  0.86	 -2.07	 -0.00	  1.48	 -1.99	 -0.00	 -0.43	  2.43	 -2.18	 -0.00	 -2.53	  2.83	 -0.48	
 -0.00	  0.86	 -2.07	 -0.00	  1.48	 -1.99	 -0.00	 -0.42	  2.43	 -2.18	 -0.00	 -2.52	  2.82	 -0.48	
 -0.00	  0.85	 -2.07	 -0.00	  1.48	 -1.99	 -0.00	 -0.42	  2.43	 -2.18	 -0.00	 -2.52	  2.82	 -0.47	
 -0.00	  0.85	 -2.07	 -0.00	  1.48	 -1.99	 -0.00	 -0.42	  2.43	 -2.18	 -0.00	 -2.52	  2.82	 -0.47	
 -0.00	  0.84	 -2.06	 -0.00	  1.48	 -1.99	 -0.00	 -0.42	  2.43	 -2.18	 -0.00	 -2.51	  2.81	 -0.47	
 -0.00	  0.84	 -2.06	 -0.00	  1.48	 -1.99	 -0.00	 -0.42	  2.43	 -2.18	 -0.00	 -2.51	  2.81	 -0.47	
 -0.00	  0.84	 -2.06	 -0.00	  1.48	 -1.99	 -0.00	 -0.42	  2.42	 -2.18	 -0.00	 -2.51	  2.80	 -0.47	
 -0.00	  0.83	 -2.05	 -0.00	  1.48	 -1.99	 -0.00	 -0.42	  2.42	 -2.18	 -0.00	 -2.51	  2.80	 -0.47	
 -0.00	  0.83	 -2.05	 -0.00	  1.48	 -1.99	 -0.00	 -0.41	  2.42	 -2.18	 -0.00	 -2.50	  2.80	 -0.47	
 -0.00	  0.83	 -2.05	 -0.00	  1.48	 -1.99	 -0.00	 -0.41	  2.42	 -2.18	 -0.00	 -2.50	  2.79	 -0.47	
 -0.00	  0.82	 -2.05	 -0.00	  1.48	 -1.99	 -0.00	 -0.41	  2.42	 -2.18	 -0.00	 -2.50	  2.79	 -0.46	
 -0.00	  0.82	 -2.05	 -0.00	  1.48	 -1.99	 -0.00	 -0.41	  2.42	 -2.19	 -0.00	 -2.50	  2.79	 -0.46	
 -0.00	  0.82	 -2.04	 -0.00	  1.48	 -1.99	 -0.00	 -0.41	  2.42	 -2.19	 -0.00	 -2.50	  2.78	 -0.46	
 -0.00	  0.82	 -2.04	 -0.00	  1.49	 -1.99	 -0.00	 -0.41	  2.42	 -2.19	 -0.00	 -2.49	  2.78	 -0.46	
 -0.00	  0.81	 -2.04	 -0.00	  1.49	 -1.99	 -0.00	 -0.40	  2.42	 -2.19	 -0.00	 -2.49	  2.78	 -0.46	
 -0.00	  0.81	 -2.04	 -0.00	  1.49	 -1.99	 -0.00	 -0.40	  2.42	 -2.19	 -0.00	 -2.49	  2.78	 -0.46	
 -0.00	  0.81	 -2.04	 -0.00	  1.49	 -1.99	 -0.00	 -0.40	  2.42	 -2.19	 -0.00	 -2.49	  2.78	 -0.46	
 -0.00	  0.81	 -2.04	 -0.00	  1.49	 -1.99	 -0.00	 -0.40	  2.42	 -2.19	 -0.00	 -2.49	  2.77	 -0.46	
 -0.00	  0.81	 -2.04	 -0.00	  1.49	 -1.99	 -0.00	 -0.40	  2.42	 -2.19	 -0.00	 -2.49	  2.77	 -0.46	
 -0.00	  0.81	 -2.04	 -0.00	  1.49	 -1.99	 -0.00	 -0.40	  2.41	 -2.19	 -0.00	 -2.49	  2.77	 -0.46	
 -0.00	  0.81	 -2.03	 -0.00	  1.49	 -1.99	 -0.00	 -0.39	  2.41	 -2.20	 -0.00	 -2.48	  2.77	 -0.46	
 -0.00	  0.81	 -2.03	 -0.00	  1.49	 -1.99	 -0.00	 -0.39	  2.41	 -2.20	 -0.00	 -2.48	  2.77	 -0.46	
 -0.00	  0.81	 -2.03	 -0.00	  1.49	 -1.99	 -0.00	 -0.39	  2.41	 -2.20	 -0.00	 -2.48	  2.77	 -0.46	
 -0.00	  0.81	 -2.03	 -0.00	  1.49	 -1.99	 -0.00	 -0.39	  2.41	 -2.20	 -0.00	 -2.48	  2.77	 -0.46	
 -0.00	  0.81	 -2.03	 -0.00	  1.50	 -1.99	 -0.00	 -0.39	  2.41	 -2.20	 -0.00	 -2.48	  2.77	 -0.46	
 -0.00	  0.81	 -2.03	 -0.00	  1.50	 -1.99	 -0.00	 -0.38	  2.41	 -2.20	 -0.00	 -2.48	  2.77	 -0.46	
 -0.00	  0.81	 -2.03	 -0.00	  1.50	 -1.99	 -0.00	 -0.38	  2.41	 -2.20	 -0.00	 -2.48	  2.77	 -0.47	
 -0.00	  0.81	 -2.03	 -0.00	  1.50	 -1.99	 -0.00	 -0.38	  2.41	 -2.20	 -0.00	 -2.48	  2.77	 -0.47	
 -0.00	  0.81	 -2.03	 -0.00	  1.50	 -1.99	 -0.00	 -0.38	  2.41	 -2.20	 -0.00	 -2.48	  2.77	 -0.47	
 -0.00	  0.81	 -2.03	 -0.00	  1.50	 -1.99	 -0.00	 -0.37	  2.40	 -2.21	 -0.00	 -2.48	  2.77	 -0.47	
 -0.00	  0.81	 -2.03	 -0.00	  1.50	 -1.99	 -0.00	 -0.37	  2.40	 -2.21	 -0.00	 -2.48	  2.77	 -0.47	
 -0.00	  0.81	 -2.04	 -0.00	  1.50	 -1.99	 -0.00	 -0.37	  2.40	 -2.21	 -0.00	 -2.48	  2.77	 -0.47	
 -0.00	  0.81	 -2.04	 -0.00	  1.50	 -1.99	 -0.00	 -0.37	  2.40	 -2.21	 -0.00	 -2.48	  2.77	 -0.47	
 -0.00	  0.81	 -2.04	 -0.00	  1.50	 -1.99	 -0.00	 -0.36	  2.40	 -2.21	 -0.00	 -2.48	  2.78	 -0.47	
 -0.00	  0.82	 -2.04	 -0.00	  1.50	 -1.99	 -0.00	 -0.36	  2.40	 -2.21	 -0.00	 -2.48	  2.78	 -0.48	
 -0.00	  0.82	 -2.04	 -0.00	  1.51	 -1.99	 -0.00	 -0.36	  2.40	 -2.21	 -0.00	 -2.48	  2.78	 -0.48	
 -0.00	  0.82	 -2.04	 -0.00	  1.51	 -1.99	 -0.00	 -0.36	  2.40	 -2.21	 -0.00	 -2.47	  2.78	 -0.48	
 -0.00	  0.82	 -2.04	 -0.00	  1.51	 -1.99	 -0.00	 -0.35	  2.39	 -2.21	 -0.00	 -2.47	  2.78	 -0.48	
 -0.00	  0.82	 -2.04	 -0.00	  1.51	 -1.98	 -0.00	 -0.35	  2.39	 -2.22	 -0.00	 -2.47	  2.78	 -0.48	
 -0.00	  0.82	 -2.04	 -0.00	  1.51	 -1.98	 -0.00	 -0.35	  2.39	 -2.22	 -0.00	 -2.47	  2.78	 -0.49	
 -0.00	  0.83	 -2.04	 -0.00	  1.51	 -1.98	 -0.00	 -0.35	  2.39	 -2.22	 -0.00	 -2.47	  2.79	 -0.49	
 -0.00	  0.83	 -2.04	 -0.00	  1.51	 -1.98	 -0.00	 -0.34	  2.39	 -2.22	 -0.00	 -2.47	  2.79	 -0.49	
 -0.00	  0.83	 -2.04	 -0.00	  1.51	 -1.98	 -0.00	 -0.34	  2.39	 -2.22	 -0.00	 -2.47	  2.79	 -0.49	
 -0.00	  0.83	 -2.04	 -0.00	  1.51	 -1.98	 -0.00	 -0.34	  2.39	 -2.22	 -0.00	 -2.47	  2.79	 -0.49	
 -0.00	  0.83	 -2.05	 -0.00	  1.52	 -1.98	 -0.00	 -0.34	  2.38	 -2.22	 -0.00	 -2.47	  2.79	 -0.50	
 -0.00	  0.84	 -2.05	 -0.00	  1.52	 -1.98	 -0.00	 -0.33	  2.38	 -2.22	 -0.00	 -2.47	  2.79	 -0.50	
 -0.00	  0.84	 -2.05	 -0.00	  1.52	 -1.98	 -0.00	 -0.33	  2.38	 -2.23	 -0.00	 -2.47	  2.79	 -0.50	
 -0.00	  0.84	 -2.05	 -0.00	  1.52	 -1.98	 -0.00	 -0.33	  2.38	 -2.23	 -0.00	 -2.47	  2.80	 -0.50	
 -0.00	  0.84	 -2.05	 -0.00	  1.52	 -1.98	 -0.00	 -0.32	  2.38	 -2.23	 -0.00	 -2.47	  2.80	 -0.51	
 -0.00	  0.84	 -2.05	 -0.00	  1.52	 -1.98	 -0.00	 -0.32	  2.38	 -2.23	 -0.00	 -2.47	  2.80	 -0.51	
 -0.00	  0.84	 -2.05	 -0.00	  1.52	 -1.98	 -0.00	 -0.32	  2.37	 -2.23	 -0.00	 -2.46	  2.80	 -0.51	
 -0.00	  0.85	 -2.05	 -0.00	  1.52	 -1.98	 -0.00	 -0.31	  2.37	 -2.23	 -0.00	 -2.46	  2.80	 -0.51	
 -0.00	  0.85	 -2.05	 -0.00	  1.52	 -1.98	 -0.00	 -0.31	  2.37	 -2.23	 -0.00	 -2.46	  2.80	 -0.52	
 -0.00	  0.85	 -2.05	 -0.00	  1.53	 -1.98	 -0.00	 -0.31	  2.37	 -2.23	 -0.00	 -2.46	  2.80	 -0.52	
 -0.00	  0.85	 -2.05	 -0.00	  1.53	 -1.98	 -0.00	 -0.31	  2.37	 -2.23	 -0.00	 -2.46	  2.81	 -0.52	
 -0.00	  0.86	 -2.06	 -0.00	  1.53	 -1.98	 -0.00	 -0.30	  2.36	 -2.24	 -0.00	 -2.46	  2.81	 -0.52	
 -0.00	  0.86	 -2.06	 -0.00	  1.53	 -1.98	 -0.00	 -0.30	  2.36	 -2.24	 -0.00	 -2.46	  2.81	 -0.53	
 -0.00	  0.86	 -2.06	 -0.00	  1.53	 -1.98	 -0.00	 -0.30	  2.36	 -2.24	 -0.00	 -2.46	  2.81	 -0.53	
 -0.00	  0.86	 -2.06	 -0.00	  1.53	 -1.97	 -0.00	 -0.29	  2.36	 -2.24	 -0.00	 -2.45	  2.81	 -0.53	
 -0.00	  0.86	 -2.06	 -0.00	  1.53	 -1.97	 -0.00	 -0.29	  2.36	 -2.24	 -0.00	 -2.45	  2.81	 -0.54	
 -0.00	  0.87	 -2.06	 -0.00	  1.53	 -1.97	 -0.00	 -0.29	  2.35	 -2.24	 -0.00	 -2.45	  2.82	 -0.54	
 -0.00	  0.87	 -2.06	 -0.00	  1.53	 -1.97	 -0.00	 -0.28	  2.35	 -2.24	 -0.00	 -2.45	  2.82	 -0.54	
 -0.00	  0.87	 -2.06	 -0.00	  1.54	 -1.97	 -0.00	 -0.28	  2.35	 -2.24	 -0.00	 -2.45	  2.82	 -0.55	
 -0.00	  0.87	 -2.06	 -0.00	  1.54	 -1.97	 -0.00	 -0.28	  2.35	 -2.25	 -0.00	 -2.45	  2.82	 -0.55	
 -0.00	  0.87	 -2.06	 -0.00	  1.54	 -1.97	 -0.00	 -0.27	  2.35	 -2.25	 -0.00	 -2.44	  2.82	 -0.55	
 -0.00	  0.88	 -2.06	 -0.00	  1.54	 -1.97	 -0.00	 -0.27	  2.34	 -2.25	 -0.00	 -2.44	  2.82	 -0.56	
 -0.00	  0.88	 -2.06	 -0.00	  1.54	 -1.97	 -0.00	 -0.27	  2.34	 -2.25	 -0.00	 -2.44	  2.82	 -0.56	
 -0.00	  0.88	 -2.07	 -0.00	  1.54	 -1.97	 -0.00	 -0.26	  2.34	 -2.25	 -0.00	 -2.44	  2.83	 -0.56	
 -0.00	  0.88	 -2.07	 -0.00	  1.54	 -1.97	 -0.00	 -0.26	  2.34	 -2.25	 -0.00	 -2.43	  2.83	 -0.57	
 -0.00	  0.89	 -2.07	 -0.00	  1.54	 -1.97	 -0.00	 -0.26	  2.33	 -2.25	 -0.00	 -2.43	  2.83	 -0.57	
 -0.00	  0.89	 -2.07	 -0.00	  1.55	 -1.97	 -0.00	 -0.25	  2.33	 -2.25	 -0.00	 -2.43	  2.83	 -0.58	
 -0.00	  0.89	 -2.07	 -0.00	  1.55	 -1.97	 -0.00	 -0.25	  2.33	 -2.25	 -0.00	 -2.43	  2.83	 -0.58	
 -0.00	  0.89	 -2.07	 -0.00	  1.55	 -1.96	 -0.00	 -0.25	  2.33	 -2.25	 -0.00	 -2.42	  2.83	 -0.58	
 -0.00	  0.90	 -2.07	 -0.00	  1.55	 -1.96	 -0.00	 -0.24	  2.33	 -2.26	 -0.00	 -2.42	  2.84	 -0.59	
 -0.00	  0.90	 -2.07	 -0.00	  1.55	 -1.96	 -0.00	 -0.24	  2.32	 -2.26	 -0.00	 -2.42	  2.84	 -0.59	
 -0.00	  0.90	 -2.07	 -0.00	  1.55	 -1.96	 -0.00	 -0.24	  2.32	 -2.26	 -0.00	 -2.42	  2.84	 -0.60	
 -0.00	  0.90	 -2.07	 -0.00	  1.55	 -1.96	 -0.00	 -0.23	  2.32	 -2.26	 -0.00	 -2.41	  2.84	 -0.60	
 -0.00	  0.91	 -2.07	 -0.00	  1.55	 -1.96	 -0.00	 -0.23	  2.32	 -2.26	 -0.00	 -2.41	  2.84	 -0.61	
 -0.00	  0.91	 -2.07	 -0.00	  1.55	 -1.96	 -0.00	 -0.23	  2.31	 -2.26	 -0.00	 -2.41	  2.84	 -0.61	
 -0.00	  0.91	 -2.08	 -0.00	  1.56	 -1.96	 -0.00	 -0.22	  2.31	 -2.26	 -0.00	 -2.40	  2.84	 -0.61	
 -0.00	  0.91	 -2.08	 -0.00	  1.56	 -1.96	 -0.00	 -0.22	  2.31	 -2.26	 -0.00	 -2.40	  2.85	 -0.62	
 -0.00	  0.91	 -2.08	 -0.00	  1.56	 -1.96	 -0.00	 -0.22	  2.31	 -2.26	 -0.00	 -2.40	  2.85	 -0.62	
 -0.00	  0.92	 -2.08	 -0.00	  1.56	 -1.95	 -0.00	 -0.21	  2.30	 -2.26	 -0.00	 -2.39	  2.85	 -0.63	
 -0.00	  0.92	 -2.08	 -0.00	  1.56	 -1.95	 -0.00	 -0.21	  2.30	 -2.27	 -0.00	 -2.39	  2.85	 -0.63	
 -0.00	  0.92	 -2.08	 -0.00	  1.56	 -1.95	 -0.00	 -0.21	  2.30	 -2.27	 -0.00	 -2.39	  2.85	 -0.64	
 -0.00	  0.92	 -2.08	 -0.00	  1.56	 -1.95	 -0.00	 -0.20	  2.30	 -2.27	 -0.00	 -2.38	  2.85	 -0.64	
 -0.00	  0.93	 -2.08	 -0.00	  1.56	 -1.95	 -0.00	 -0.20	  2.29	 -2.27	 -0.00	 -2.38	  2.85	 -0.65	
 -0.00	  0.93	 -2.08	 -0.00	  1.56	 -1.95	 -0.00	 -0.20	  2.29	 -2.27	 -0.00	 -2.37	  2.85	 -0.65	
 -0.00	  0.93	 -2.08	 -0.00	  1.57	 -1.95	 -0.00	 -0.19	  2.29	 -2.27	 -0.00	 -2.37	  2.86	 -0.66	
 -0.00	  0.93	 -2.08	 -0.00	  1.57	 -1.95	 -0.00	 -0.19	  2.29	 -2.27	 -0.00	 -2.37	  2.86	 -0.67	
 -0.00	  0.94	 -2.08	 -0.00	  1.57	 -1.95	 -0.00	 -0.19	  2.28	 -2.27	 -0.00	 -2.36	  2.86	 -0.67	
 -0.00	  0.94	 -2.08	 -0.00	  1.57	 -1.94	 -0.00	 -0.18	  2.28	 -2.27	 -0.00	 -2.36	  2.86	 -0.68	
 -0.00	  0.94	 -2.08	 -0.00	  1.57	 -1.94	 -0.00	 -0.18	  2.28	 -2.27	 -0.00	 -2.35	  2.86	 -0.68	
 -0.00	  0.94	 -2.09	 -0.00	  1.57	 -1.94	 -0.00	 -0.18	  2.27	 -2.27	 -0.00	 -2.35	  2.86	 -0.69	
 -0.00	  0.95	 -2.09	 -0.00	  1.57	 -1.94	 -0.00	 -0.17	  2.27	 -2.27	 -0.00	 -2.34	  2.86	 -0.69	
 -0.00	  0.95	 -2.09	 -0.00	  1.57	 -1.94	 -0.00	 -0.17	  2.27	 -2.27	 -0.00	 -2.34	  2.86	 -0.70	
 -0.00	  0.95	 -2.09	 -0.00	  1.57	 -1.94	 -0.00	 -0.17	  2.27	 -2.27	 -0.00	 -2.33	  2.86	 -0.71	
 -0.00	  0.95	 -2.09	 -0.00	  1.57	 -1.94	 -0.00	 -0.16	  2.26	 -2.28	 -0.00	 -2.33	  2.87	 -0.71	
 -0.00	  0.96	 -2.09	 -0.00	  1.58	 -1.94	 -0.00	 -0.16	  2.26	 -2.28	 -0.00	 -2.32	  2.87	 -0.72	
 -0.00	  0.96	 -2.09	 -0.00	  1.58	 -1.93	 -0.00	 -0.16	  2.26	 -2.28	 -0.00	 -2.32	  2.87	 -0.72	
 -0.00	  0.96	 -2.09	 -0.00	  1.58	 -1.93	 -0.00	 -0.15	  2.26	 -2.28	 -0.00	 -2.31	  2.87	 -0.73	
 -0.00	  0.96	 -2.09	 -0.00	  1.58	 -1.93	 -0.00	 -0.15	  2.25	 -2.28	 -0.00	 -2.31	  2.87	 -0.74	
 -0.00	  0.97	 -2.09	 -0.00	  1.58	 -1.93	 -0.00	 -0.15	  2.25	 -2.28	 -0.00	 -2.30	  2.87	 -0.74	
 -0.00	  0.97	 -2.09	 -0.00	  1.58	 -1.93	 -0.00	 -0.14	  2.25	 -2.28	 -0.00	 -2.29	  2.87	 -0.75	
 -0.00	  0.97	 -2.09	 -0.00	  1.58	 -1.93	 -0.00	 -0.14	  2.24	 -2.28	 -0.00	 -2.29	  2.87	 -0.76	
 -0.00	  0.98	 -2.09	 -0.00	  1.58	 -1.93	 -0.00	 -0.14	  2.24	 -2.28	 -0.00	 -2.28	  2.87	 -0.76	
 -0.00	  0.98	 -2.09	 -0.00	  1.58	 -1.93	 -0.00	 -0.13	  2.24	 -2.28	 -0.00	 -2.28	  2.87	 -0.77	
 -0.00	  0.98	 -2.09	 -0.00	  1.58	 -1.92	 -0.00	 -0.13	  2.24	 -2.28	 -0.00	 -2.27	  2.87	 -0.78	
 -0.00	  0.98	 -2.09	 -0.00	  1.59	 -1.92	 -0.00	 -0.13	  2.23	 -2.28	 -0.00	 -2.26	  2.87	 -0.78	
 -0.00	  0.99	 -2.09	 -0.00	  1.59	 -1.92	 -0.00	 -0.12	  2.23	 -2.28	 -0.00	 -2.26	  2.87	 -0.79	
 -0.00	  0.99	 -2.09	 -0.00	  1.59	 -1.92	 -0.00	 -0.12	  2.23	 -2.28	 -0.00	 -2.25	  2.88	 -0.80	
 -0.00	  0.99	 -2.10	 -0.00	  1.59	 -1.92	 -0.00	 -0.12	  2.22	 -2.28	 -0.00	 -2.24	  2.88	 -0.81	
 -0.00	  0.99	 -2.10	 -0.00	  1.59	 -1.92	 -0.00	 -0.11	  2.22	 -2.28	 -0.00	 -2.24	  2.88	 -0.81	
 -0.00	  0.99	 -2.10	 -0.00	  1.59	 -1.92	 -0.00	 -0.11	  2.22	 -2.28	 -0.00	 -2.23	  2.88	 -0.82	
 -0.00	  1.00	 -2.10	 -0.00	  1.59	 -1.91	 -0.00	 -0.11	  2.22	 -2.28	 -0.00	 -2.22	  2.88	 -0.83	
 -0.00	  1.00	 -2.10	 -0.00	  1.59	 -1.91	 -0.00	 -0.10	  2.21	 -2.28	 -0.00	 -2.22	  2.88	 -0.84	
 -0.00	  1.00	 -2.10	 -0.00	  1.59	 -1.91	 -0.00	 -0.10	  2.21	 -2.28	 -0.00	 -2.21	  2.88	 -0.84	
 -0.00	  1.00	 -2.10	 -0.00	  1.59	 -1.91	 -0.00	 -0.10	  2.21	 -2.28	 -0.00	 -2.20	  2.88	 -0.85	
 -0.00	  1.01	 -2.10	 -0.00	  1.59	 -1.91	 -0.00	 -0.09	  2.20	 -2.28	 -0.00	 -2.20	  2.88	 -0.86	
 -0.00	  1.01	 -2.10	 -0.00	  1.59	 -1.91	 -0.00	 -0.09	  2.20	 -2.28	 -0.00	 -2.19	  2.88	 -0.87	
 -0.00	  1.01	 -2.10	 -0.00	  1.59	 -1.91	 -0.00	 -0.09	  2.20	 -2.28	 -0.00	 -2.18	  2.88	 -0.87	
 -0.00	  1.01	 -2.10	 -0.00	  1.60	 -1.90	 -0.00	 -0.09	  2.20	 -2.28	 -0.00	 -2.17	  2.88	 -0.88	
 -0.00	  1.02	 -2.10	 -0.00	  1.60	 -1.90	 -0.00	 -0.08	  2.19	 -2.28	 -0.00	 -2.17	  2.88	 -0.89	
 -0.00	  1.02	 -2.10	 -0.00	  1.60	 -1.90	 -0.00	 -0.08	  2.19	 -2.28	 -0.00	 -2.16	  2.88	 -0.90	
 -0.00	  1.02	 -2.10	 -0.00	  1.60	 -1.90	 -0.00	 -0.08	  2.19	 -2.28	 -0.00	 -2.15	  2.88	 -0.90	
 -0.00	  1.02	 -2.10	 -0.00	  1.60	 -1.90	 -0.00	 -0.07	  2.18	 -2.29	 -0.00	 -2.14	  2.88	 -0.91	
 -0.00	  1.03	 -2.10	 -0.00	  1.60	 -1.90	 -0.00	 -0.07	  2.18	 -2.29	 -0.00	 -2.13	  2.88	 -0.92	
 -0.00	  1.03	 -2.10	 -0.00	  1.60	 -1.89	 -0.00	 -0.07	  2.18	 -2.29	 -0.00	 -2.13	  2.88	 -0.93	
 -0.00	  1.03	 -2.10	 -0.00	  1.60	 -1.89	 -0.00	 -0.06	  2.18	 -2.29	 -0.00	 -2.12	  2.88	 -0.94	
 -0.00	  1.03	 -2.10	 -0.00	  1.60	 -1.89	 -0.00	 -0.06	  2.17	 -2.29	 -0.00	 -2.11	  2.88	 -0.94	
 -0.00	  1.04	 -2.10	 -0.00	  1.60	 -1.89	 -0.00	 -0.06	  2.17	 -2.29	 -0.00	 -2.10	  2.88	 -0.95	
 -0.00	  1.04	 -2.10	 -0.00	  1.60	 -1.89	 -0.00	 -0.06	  2.17	 -2.29	 -0.00	 -2.09	  2.88	 -0.96	
 -0.00	  1.04	 -2.10	 -0.00	  1.60	 -1.89	 -0.00	 -0.05	  2.16	 -2.29	 -0.00	 -2.08	  2.88	 -0.97	
 -0.00	  1.04	 -2.10	 -0.00	  1.60	 -1.88	 -0.00	 -0.05	  2.16	 -2.29	 -0.00	 -2.08	  2.88	 -0.98	
 -0.00	  1.04	 -2.10	 -0.00	  1.60	 -1.88	 -0.00	 -0.05	  2.16	 -2.29	 -0.00	 -2.07	  2.88	 -0.98	
 -0.00	  1.05	 -2.10	 -0.00	  1.60	 -1.88	 -0.00	 -0.05	  2.16	 -2.29	 -0.00	 -2.06	  2.88	 -0.99	
 -0.00	  1.05	 -2.10	 -0.00	  1.60	 -1.88	 -0.00	 -0.04	  2.15	 -2.28	 -0.00	 -2.05	  2.88	 -1.00	
 -0.00	  1.05	 -2.10	 -0.00	  1.60	 -1.88	 -0.00	 -0.04	  2.15	 -2.28	 -0.00	 -2.04	  2.88	 -1.01	
 -0.00	  1.05	 -2.10	 -0.00	  1.60	 -1.88	 -0.00	 -0.04	  2.15	 -2.28	 -0.00	 -2.03	  2.88	 -1.02	
 -0.00	  1.06	 -2.10	 -0.00	  1.61	 -1.88	 -0.00	 -0.03	  2.14	 -2.28	 -0.00	 -2.03	  2.88	 -1.02	
 -0.00	  1.06	 -2.10	 -0.00	  1.61	 -1.87	 -0.00	 -0.03	  2.14	 -2.28	 -0.00	 -2.02	  2.88	 -1.03	
 -0.00	  1.06	 -2.10	 -0.00	  1.61	 -1.87	 -0.00	 -0.03	  2.14	 -2.28	 -0.00	 -2.01	  2.88	 -1.04	
 -0.00	  1.06	 -2.10	 -0.00	  1.61	 -1.87	 -0.00	 -0.03	  2.14	 -2.28	 -0.00	 -2.00	  2.87	 -1.05	
 -0.00	  1.06	 -2.10	 -0.00	  1.61	 -1.87	 -0.00	 -0.02	  2.13	 -2.28	 -0.00	 -1.99	  2.87	 -1.06	
 -0.00	  1.07	 -2.10	 -0.00	  1.61	 -1.87	 -0.00	 -0.02	  2.13	 -2.28	 -0.00	 -1.98	  2.87	 -1.06	
 -0.00	  1.07	 -2.10	 -0.00	  1.61	 -1.87	 -0.00	 -0.02	  2.13	 -2.28	 -0.00	 -1.98	  2.87	 -1.07	
 -0.00	  1.07	 -2.10	 -0.00	  1.61	 -1.86	 -0.00	 -0.02	  2.12	 -2.28	 -0.00	 -1.97	  2.87	 -1.08	
 -0.00	  1.07	 -2.10	 -0.00	  1.61	 -1.86	 -0.00	 -0.01	  2.12	 -2.28	 -0.00	 -1.96	  2.87	 -1.09	
 -0.00	  1.07	 -2.10	 -0.00	  1.61	 -1.86	 -0.00	 -0.01	  2.12	 -2.28	 -0.00	 -1.95	  2.87	 -1.10	
 -0.00	  1.08	 -2.10	 -0.00	  1.61	 -1.86	 -0.00	 -0.01	  2.12	 -2.28	 -0.00	 -1.94	  2.87	 -1.10	
 -0.00	  1.08	 -2.10	 -0.00	  1.61	 -1.86	 -0.00	 -0.01	  2.11	 -2.28	 -0.00	 -1.93	  2.87	 -1.11	
 -0.00	  1.08	 -2.10	 -0.00	  1.61	 -1.86	 -0.00	 -0.00	  2.11	 -2.28	 -0.00	 -1.93	  2.87	 -1.12	
 -0.00	  1.08	 -2.10	 -0.00	  1.61	 -1.85	 -0.00	 -0.00	  2.11	 -2.28	 -0.00	 -1.92	  2.87	 -1.13	
 -0.00	  1.08	 -2.10	 -0.00	  1.61	 -1.85	 -0.00	  0.00	  2.11	 -2.28	 -0.00	 -1.91	  2.87	 -1.13	
 -0.00	  1.09	 -2.10	 -0.00	  1.61	 -1.85	 -0.00	  0.00	  2.10	 -2.28	 -0.00	 -1.90	  2.87	 -1.14	
 -0.00	  1.09	 -2.10	 -0.00	  1.61	 -1.85	 -0.00	  0.01	  2.10	 -2.28	 -0.00	 -1.89	  2.87	 -1.15	
 -0.00	  1.09	 -2.10	 -0.00	  1.61	 -1.85	 -0.00	  0.01	  2.10	 -2.28	 -0.00	 -1.88	  2.86	 -1.16	
 -0.00	  1.09	 -2.10	 -0.00	  1.61	 -1.85	 -0.00	  0.01	  2.10	 -2.28	 -0.00	 -1.88	  2.86	 -1.16	
 -0.00	  1.09	 -2.10	 -0.00	  1.61	 -1.84	 -0.00	  0.01	  2.09	 -2.28	 -0.00	 -1.87	  2.86	 -1.17	
 -0.00	  1.09	 -2.10	 -0.00	  1.61	 -1.84	 -0.00	  0.01	  2.09	 -2.28	 -0.00	 -1.86	  2.86	 -1.18	
 -0.00	  1.10	 -2.10	 -0.00	  1.61	 -1.84	 -0.00	  0.02	  2.09	 -2.28	 -0.00	 -1.85	  2.86	 -1.18	
 -0.00	  1.10	 -2.10	 -0.00	  1.61	 -1.84	 -0.00	  0.02	  2.09	 -2.28	 -0.00	 -1.84	  2.86	 -1.19	
 -0.00	  1.10	 -2.10	 -0.00	  1.61	 -1.84	 -0.00	  0.02	  2.08	 -2.28	 -0.00	 -1.84	  2.86	 -1.20	
 -0.00	  1.10	 -2.10	 -0.00	  1.61	 -1.84	 -0.00	  0.02	  2.08	 -2.28	 -0.00	 -1.83	  2.86	 -1.20	
 -0.00	  1.10	 -2.10	 -0.00	  1.61	 -1.84	 -0.00	  0.02	  2.08	 -2.28	 -0.00	 -1.82	  2.86	 -1.21	
 -0.00	  1.10	 -2.10	 -0.00	  1.61	 -1.83	 -0.00	  0.03	  2.08	 -2.28	 -0.00	 -1.81	  2.86	 -1.22	
 -0.00	  1.11	 -2.10	 -0.00	  1.61	 -1.83	 -0.00	  0.03	  2.07	 -2.28	 -0.00	 -1.81	  2.86	 -1.22	
 -0.00	  1.11	 -2.10	 -0.00	  1.61	 -1.83	 -0.00	  0.03	  2.07	 -2.28	 -0.00	 -1.80	  2.85	 -1.23	
 -0.00	  1.11	 -2.10	 -0.00	  1.61	 -1.83	 -0.00	  0.03	  2.07	 -2.28	 -0.00	 -1.79	  2.85	 -1.24	
 -0.00	  1.11	 -2.10	 -0.00	  1.61	 -1.83	 -0.00	  0.03	  2.07	 -2.28	 -0.00	 -1.78	  2.85	 -1.24	
 -0.00	  1.11	 -2.10	 -0.00	  1.61	 -1.83	 -0.00	  0.04	  2.06	 -2.28	 -0.00	 -1.78	  2.85	 -1.25	
 -0.00	  1.11	 -2.10	 -0.00	  1.61	 -1.82	 -0.00	  0.04	  2.06	 -2.27	 -0.00	 -1.77	  2.85	 -1.26	
 -0.00	  1.12	 -2.10	 -0.00	  1.61	 -1.82	 -0.00	  0.04	  2.06	 -2.27	 -0.00	 -1.76	  2.85	 -1.26	
 -0.00	  1.12	 -2.10	 -0.00	  1.61	 -1.82	 -0.00	  0.04	  2.06	 -2.27	 -0.00	 -1.76	  2.85	 -1.27	
 -0.00	  1.12	 -2.10	 -0.00	  1.61	 -1.82	 -0.00	  0.04	  2.06	 -2.27	 -0.00	 -1.75	  2.85	 -1.27	
 -0.00	  1.12	 -2.10	 -0.00	  1.61	 -1.82	 -0.00	  0.05	  2.05	 -2.27	 -0.00	 -1.74	  2.85	 -1.28	
 -0.00	  1.12	 -2.10	 -0.00	  1.61	 -1.82	 -0.00	  0.05	  2.05	 -2.27	 -0.00	 -1.74	  2.85	 -1.28	
 -0.00	  1.12	 -2.10	 -0.00	  1.61	 -1.82	 -0.00	  0.05	  2.05	 -2.27	 -0.00	 -1.73	  2.84	 -1.29	
 -0.00	  1.12	 -2.10	 -0.00	  1.61	 -1.81	 -0.00	  0.05	  2.05	 -2.27	 -0.00	 -1.72	  2.84	 -1.29	
 -0.00	  1.12	 -2.10	 -0.00	  1.61	 -1.81	 -0.00	  0.05	  2.05	 -2.27	 -0.00	 -1.72	  2.84	 -1.30	
 -0.00	  1.13	 -2.10	 -0.00	  1.61	 -1.81	 -0.00	  0.05	  2.04	 -2.27	 -0.00	 -1.71	  2.84	 -1.31	
 -0.00	  1.13	 -2.10	 -0.00	  1.61	 -1.81	 -0.00	  0.06	  2.04	 -2.27	 -0.00	 -1.70	  2.84	 -1.31	
 -0.00	  1.13	 -2.10	 -0.00	  1.61	 -1.81	 -0.00	  0.06	  2.04	 -2.27	 -0.00	 -1.70	  2.84	 -1.32	
 -0.00	  1.13	 -2.10	 -0.00	  1.61	 -1.81	 -0.00	  0.06	  2.04	 -2.27	 -0.00	 -1.69	  2.84	 -1.32	
 -0.00	  1.13	 -2.09	 -0.00	  1.61	 -1.81	 -0.00	  0.06	  2.04	 -2.27	 -0.00	 -1.69	  2.84	 -1.32	
 -0.00	  1.13	 -2.09	 -0.00	  1.61	 -1.81	 -0.00	  0.06	  2.03	 -2.27	 -0.00	 -1.68	  2.84	 -1.33	
 -0.00	  1.13	 -2.09	 -0.00	  1.61	 -1.80	 -0.00	  0.06	  2.03	 -2.27	 -0.00	 -1.68	  2.84	 -1.33	
 -0.00	  1.13	 -2.09	 -0.00	  1.61	 -1.80	 -0.00	  0.06	  2.03	 -2.27	 -0.00	 -1.67	  2.83	 -1.34	
 -0.00	  1.13	 -2.09	 -0.00	  1.61	 -1.80	 -0.00	  0.06	  2.03	 -2.27	 -0.00	 -1.67	  2.83	 -1.34	
 -0.00	  1.14	 -2.09	 -0.00	  1.61	 -1.80	 -0.00	  0.07	  2.03	 -2.27	 -0.00	 -1.66	  2.83	 -1.35	
 -0.00	  1.14	 -2.09	 -0.00	  1.61	 -1.80	 -0.00	  0.07	  2.03	 -2.27	 -0.00	 -1.66	  2.83	 -1.35	
 -0.00	  1.14	 -2.09	 -0.00	  1.61	 -1.80	 -0.00	  0.07	  2.02	 -2.27	 -0.00	 -1.65	  2.83	 -1.35	
 -0.00	  1.14	 -2.09	 -0.00	  1.61	 -1.80	 -0.00	  0.07	  2.02	 -2.27	 -0.00	 -1.65	  2.83	 -1.36	
 -0.00	  1.14	 -2.09	 -0.00	  1.61	 -1.80	 -0.00	  0.07	  2.02	 -2.27	 -0.00	 -1.64	  2.83	 -1.36	
 -0.00	  1.14	 -2.09	 -0.00	  1.61	 -1.80	 -0.00	  0.07	  2.02	 -2.27	 -0.00	 -1.64	  2.83	 -1.37	
 -0.00	  1.14	 -2.09	 -0.00	  1.61	 -1.80	 -0.00	  0.07	  2.02	 -2.27	 -0.00	 -1.63	  2.83	 -1.37	
 -0.00	  1.14	 -2.09	 -0.00	  1.61	 -1.80	 -0.00	  0.08	  2.02	 -2.27	 -0.00	 -1.63	  2.83	 -1.37	
 -0.00	  1.14	 -2.09	 -0.00	  1.62	 -1.80	 -0.00	  0.08	  2.02	 -2.27	 -0.00	 -1.62	  2.82	 -1.38	
 -0.00	  1.14	 -2.09	 -0.00	  1.62	 -1.80	 -0.00	  0.08	  2.02	 -2.27	 -0.00	 -1.62	  2.82	 -1.38	
 -0.00	  1.14	 -2.09	 -0.00	  1.62	 -1.80	 -0.00	  0.08	  2.02	 -2.27	 -0.00	 -1.61	  2.82	 -1.38	
 -0.00	  1.14	 -2.09	 -0.00	  1.62	 -1.80	 -0.00	  0.08	  2.01	 -2.27	 -0.00	 -1.61	  2.82	 -1.39	
 -0.00	  1.14	 -2.09	 -0.00	  1.62	 -1.80	 -0.00	  0.08	  2.01	 -2.27	 -0.00	 -1.61	  2.82	 -1.39	
 -0.00	  1.15	 -2.09	 -0.00	  1.62	 -1.80	 -0.00	  0.08	  2.01	 -2.27	 -0.00	 -1.60	  2.82	 -1.39	
 -0.00	  1.15	 -2.09	 -0.00	  1.62	 -1.80	 -0.00	  0.08	  2.01	 -2.27	 -0.00	 -1.60	  2.82	 -1.40	
 -0.00	  1.15	 -2.09	 -0.00	  1.62	 -1.80	 -0.00	  0.08	  2.01	 -2.27	 -0.00	 -1.59	  2.82	 -1.40	
 -0.00	  1.15	 -2.09	 -0.00	  1.62	 -1.80	 -0.00	  0.09	  2.01	 -2.27	 -0.00	 -1.59	  2.82	 -1.40	
 -0.00	  1.15	 -2.09	 -0.00	  1.62	 -1.80	 -0.00	  0.09	  2.01	 -2.27	 -0.00	 -1.59	  2.82	 -1.40	
 -0.00	  1.15	 -2.09	 -0.00	  1.62	 -1.80	 -0.00	  0.09	  2.01	 -2.28	 -0.00	 -1.58	  2.82	 -1.41	
 -0.00	  1.15	 -2.09	 -0.00	  1.63	 -1.80	 -0.00	  0.09	  2.01	 -2.28	 -0.00	 -1.58	  2.82	 -1.41	
 -0.00	  1.15	 -2.09	 -0.00	  1.63	 -1.80	 -0.00	  0.09	  2.01	 -2.28	 -0.00	 -1.58	  2.81	 -1.41	
 -0.00	  1.15	 -2.09	 -0.00	  1.63	 -1.80	 -0.00	  0.09	  2.01	 -2.28	 -0.00	 -1.57	  2.81	 -1.41	
 -0.00	  1.15	 -2.09	 -0.00	  1.63	 -1.80	 -0.00	  0.09	  2.01	 -2.28	 -0.00	 -1.57	  2.81	 -1.42	
 -0.00	  1.15	 -2.08	 -0.00	  1.63	 -1.81	 -0.00	  0.09	  2.02	 -2.28	 -0.00	 -1.57	  2.81	 -1.42	
 -0.00	  1.15	 -2.08	 -0.00	  1.63	 -1.81	 -0.00	  0.09	  2.02	 -2.29	 -0.00	 -1.56	  2.81	 -1.42	
 -0.00	  1.15	 -2.08	 -0.00	  1.63	 -1.81	 -0.00	  0.10	  2.02	 -2.29	 -0.00	 -1.56	  2.81	 -1.42	
 -0.00	  1.15	 -2.08	 -0.00	  1.64	 -1.81	 -0.00	  0.10	  2.02	 -2.29	 -0.00	 -1.56	  2.81	 -1.43	
 -0.00	  1.15	 -2.08	 -0.00	  1.64	 -1.81	 -0.00	  0.10	  2.02	 -2.29	 -0.00	 -1.56	  2.81	 -1.43	
 -0.00	  1.15	 -2.08	 -0.00	  1.64	 -1.82	 -0.00	  0.10	  2.02	 -2.29	 -0.00	 -1.55	  2.81	 -1.43	
 -0.00	  1.15	 -2.08	 -0.00	  1.64	 -1.82	 -0.00	  0.10	  2.02	 -2.30	 -0.00	 -1.55	  2.81	 -1.43	
 -0.00	  1.15	 -2.08	 -0.00	  1.64	 -1.82	 -0.00	  0.10	  2.02	 -2.30	 -0.00	 -1.55	  2.81	 -1.43	
 -0.00	  1.15	 -2.08	 -0.00	  1.65	 -1.82	 -0.00	  0.10	  2.02	 -2.30	 -0.00	 -1.55	  2.81	 -1.44	
 -0.00	  1.15	 -2.08	 -0.00	  1.65	 -1.82	 -0.00	  0.10	  2.03	 -2.30	 -0.00	 -1.54	  2.81	 -1.44	
 -0.00	  1.15	 -2.08	 -0.00	  1.65	 -1.83	 -0.00	  0.10	  2.03	 -2.31	 -0.00	 -1.54	  2.80	 -1.44	
 -0.00	  1.15	 -2.08	 -0.00	  1.65	 -1.83	 -0.00	  0.10	  2.03	 -2.31	 -0.00	 -1.54	  2.80	 -1.44	
 -0.00	  1.16	 -2.08	 -0.00	  1.66	 -1.83	 -0.00	  0.10	  2.03	 -2.31	 -0.00	 -1.54	  2.80	 -1.44	
 -0.00	  1.16	 -2.08	 -0.00	  1.66	 -1.84	 -0.00	  0.11	  2.03	 -2.31	 -0.00	 -1.53	  2.80	 -1.44	
 -0.00	  1.16	 -2.08	 -0.00	  1.66	 -1.84	 -0.00	  0.11	  2.04	 -2.32	 -0.00	 -1.53	  2.80	 -1.44	
 -0.00	  1.16	 -2.08	 -0.00	  1.66	 -1.84	 -0.00	  0.11	  2.04	 -2.32	 -0.00	 -1.53	  2.80	 -1.45	
 -0.00	  1.16	 -2.08	 -0.00	  1.67	 -1.85	 -0.00	  0.11	  2.04	 -2.32	 -0.00	 -1.53	  2.80	 -1.45	
 -0.00	  1.16	 -2.08	 -0.00	  1.67	 -1.85	 -0.00	  0.11	  2.04	 -2.33	 -0.00	 -1.53	  2.80	 -1.45	
 -0.00	  1.16	 -2.08	 -0.00	  1.67	 -1.85	 -0.00	  0.11	  2.05	 -2.33	 -0.00	 -1.52	  2.80	 -1.45	
 -0.00	  1.16	 -2.08	 -0.00	  1.67	 -1.86	 -0.00	  0.11	  2.05	 -2.33	 -0.00	 -1.52	  2.80	 -1.45	
 -0.00	  1.16	 -2.08	 -0.00	  1.68	 -1.86	 -0.00	  0.11	  2.05	 -2.34	 -0.00	 -1.52	  2.80	 -1.45	
 -0.00	  1.16	 -2.08	 -0.00	  1.68	 -1.86	 -0.00	  0.11	  2.05	 -2.34	 -0.00	 -1.52	  2.80	 -1.45	
 -0.00	  1.16	 -2.08	 -0.00	  1.68	 -1.87	 -0.00	  0.11	  2.06	 -2.34	 -0.00	 -1.52	  2.80	 -1.45	
 -0.00	  1.16	 -2.08	 -0.00	  1.68	 -1.87	 -0.00	  0.11	  2.06	 -2.35	 -0.00	 -1.52	  2.80	 -1.46	
 -0.00	  1.16	 -2.08	 -0.00	  1.69	 -1.88	 -0.00	  0.11	  2.06	 -2.35	 -0.00	 -1.51	  2.80	 -1.46	
 -0.00	  1.16	 -2.08	 -0.00	  1.69	 -1.88	 -0.00	  0.11	  2.07	 -2.35	 -0.00	 -1.51	  2.80	 -1.46	
 -0.00	  1.16	 -2.08	 -0.00	  1.69	 -1.88	 -0.00	  0.11	  2.07	 -2.36	 -0.00	 -1.51	  2.80	 -1.46	
 -0.00	  1.16	 -2.08	 -0.00	  1.69	 -1.89	 -0.00	  0.11	  2.07	 -2.36	 -0.00	 -1.51	  2.80	 -1.46	
 -0.00	  1.16	 -2.08	 -0.00	  1.70	 -1.89	 -0.00	  0.11	  2.08	 -2.37	 -0.00	 -1.51	  2.79	 -1.46	
 -0.00	  1.16	 -2.08	 -0.00	  1.70	 -1.90	 -0.00	  0.11	  2.08	 -2.37	 -0.00	 -1.51	  2.79	 -1.46	
 -0.00	  1.16	 -2.07	 -0.00	  1.70	 -1.90	 -0.00	  0.11	  2.09	 -2.37	 -0.00	 -1.51	  2.79	 -1.46	
 -0.00	  1.16	 -2.07	 -0.00	  1.71	 -1.91	 -0.00	  0.11	  2.09	 -2.38	 -0.00	 -1.50	  2.79	 -1.46	
 -0.00	  1.16	 -2.07	 -0.00	  1.71	 -1.91	 -0.00	  0.11	  2.09	 -2.38	 -0.00	 -1.50	  2.79	 -1.46	
 -0.00	  1.16	 -2.07	 -0.00	  1.71	 -1.91	 -0.00	  0.11	  2.10	 -2.38	 -0.00	 -1.50	  2.79	 -1.46	
 -0.00	  1.16	 -2.07	 -0.00	  1.71	 -1.92	 -0.00	  0.11	  2.10	 -2.39	 -0.00	 -1.50	  2.79	 -1.46	
 -0.00	  1.16	 -2.07	 -0.00	  1.72	 -1.92	 -0.00	  0.11	  2.11	 -2.39	 -0.00	 -1.50	  2.79	 -1.47	
 -0.00	  1.16	 -2.07	 -0.00	  1.72	 -1.93	 -0.00	  0.11	  2.11	 -2.40	 -0.00	 -1.50	  2.79	 -1.47	
 -0.00	  1.16	 -2.07	 -0.00	  1.72	 -1.93	 -0.00	  0.11	  2.11	 -2.40	 -0.00	 -1.50	  2.79	 -1.47	
 -0.00	  1.16	 -2.07	 -0.00	  1.72	 -1.94	 -0.00	  0.11	  2.12	 -2.40	 -0.00	 -1.50	  2.79	 -1.47	
 -0.00	  1.16	 -2.07	 -0.00	  1.73	 -1.94	 -0.00	  0.11	  2.12	 -2.41	 -0.00	 -1.50	  2.79	 -1.47	
 -0.00	  1.16	 -2.07	 -0.00	  1.73	 -1.95	 -0.00	  0.11	  2.13	 -2.41	 -0.00	 -1.50	  2.79	 -1.47	
 -0.00	  1.16	 -2.07	 -0.00	  1.73	 -1.95	 -0.00	  0.11	  2.13	 -2.41	 -0.00	 -1.50	  2.79	 -1.47	
 -0.00	  1.16	 -2.07	 -0.00	  1.73	 -1.96	 -0.00	  0.11	  2.14	 -2.42	 -0.00	 -1.49	  2.79	 -1.47	
 -0.00	  1.16	 -2.07	 -0.00	  1.73	 -1.96	 -0.00	  0.10	  2.14	 -2.42	 -0.00	 -1.49	  2.79	 -1.47	
 -0.00	  1.16	 -2.07	 -0.00	  1.74	 -1.97	 -0.00	  0.10	  2.15	 -2.42	 -0.00	 -1.49	  2.79	 -1.47	
 -0.00	  1.16	 -2.07	 -0.00	  1.74	 -1.97	 -0.00	  0.10	  2.15	 -2.43	 -0.00	 -1.49	  2.79	 -1.47	
 -0.00	  1.16	 -2.07	 -0.00	  1.74	 -1.98	 -0.00	  0.10	  2.16	 -2.43	 -0.00	 -1.49	  2.79	 -1.47	
 -0.00	  1.16	 -2.07	 -0.00	  1.74	 -1.98	 -0.00	  0.10	  2.16	 -2.44	 -0.00	 -1.49	  2.79	 -1.47	
 -0.00	  1.16	 -2.07	 -0.00	  1.74	 -1.98	 -0.00	  0.10	  2.17	 -2.44	 -0.00	 -1.49	  2.79	 -1.47	
 -0.00	  1.16	 -2.07	 -0.00	  1.74	 -1.99	 -0.00	  0.09	  2.17	 -2.44	 -0.00	 -1.49	  2.79	 -1.47	
 -0.00	  1.16	 -2.07	 -0.00	  1.75	 -1.99	 -0.00	  0.09	  2.18	 -2.45	 -0.00	 -1.49	  2.79	 -1.47	
 -0.00	  1.16	 -2.07	 -0.00	  1.75	 -2.00	 -0.00	  0.09	  2.18	 -2.45	 -0.00	 -1.49	  2.79	 -1.47	
 -0.00	  1.16	 -2.07	 -0.00	  1.75	 -2.00	 -0.00	  0.09	  2.19	 -2.45	 -0.00	 -1.49	  2.79	 -1.47	
 -0.00	  1.16	 -2.07	 -0.00	  1.75	 -2.01	 -0.00	  0.08	  2.20	 -2.45	 -0.00	 -1.49	  2.79	 -1.47	
 -0.00	  1.16	 -2.07	 -0.00	  1.75	 -2.01	 -0.00	  0.08	  2.20	 -2.46	 -0.00	 -1.49	  2.79	 -1.47	
 -0.00	  1.16	 -2.07	 -0.00	  1.75	 -2.02	 -0.00	  0.08	  2.21	 -2.46	 -0.00	 -1.49	  2.79	 -1.47	
 -0.00	  1.16	 -2.07	 -0.00	  1.75	 -2.02	 -0.00	  0.08	  2.21	 -2.46	 -0.00	 -1.49	  2.79	 -1.47	
 -0.00	  1.16	 -2.07	 -0.00	  1.75	 -2.03	 -0.00	  0.07	  2.22	 -2.47	 -0.00	 -1.49	  2.79	 -1.47	
 -0.00	  1.16	 -2.07	 -0.00	  1.75	 -2.03	 -0.00	  0.07	  2.23	 -2.47	 -0.00	 -1.49	  2.78	 -1.47	
 -0.00	  1.16	 -2.07	 -0.00	  1.75	 -2.04	 -0.00	  0.07	  2.23	 -2.47	 -0.00	 -1.49	  2.78	 -1.47	
 -0.00	  1.16	 -2.07	 -0.00	  1.75	 -2.04	 -0.00	  0.06	  2.24	 -2.47	 -0.00	 -1.49	  2.78	 -1.47	
 -0.00	  1.16	 -2.07	 -0.00	  1.75	 -2.04	 -0.00	  0.06	  2.24	 -2.48	 -0.00	 -1.49	  2.78	 -1.47	
 -0.00	  1.16	 -2.07	 -0.00	  1.75	 -2.05	 -0.00	  0.05	  2.25	 -2.48	 -0.00	 -1.49	  2.78	 -1.47	
 -0.00	  1.16	 -2.07	 -0.00	  1.75	 -2.05	 -0.00	  0.05	  2.26	 -2.48	 -0.00	 -1.49	  2.78	 -1.47	
 -0.00	  1.16	 -2.07	 -0.00	  1.75	 -2.06	 -0.00	  0.04	  2.26	 -2.48	 -0.00	 -1.49	  2.78	 -1.47	
 -0.00	  1.16	 -2.07	 -0.00	  1.75	 -2.06	 -0.00	  0.04	  2.27	 -2.48	 -0.00	 -1.49	  2.78	 -1.47	
 -0.00	  1.16	 -2.07	 -0.00	  1.75	 -2.07	 -0.00	  0.03	  2.28	 -2.48	 -0.00	 -1.49	  2.78	 -1.47	
 -0.00	  1.16	 -2.07	 -0.00	  1.75	 -2.07	 -0.00	  0.03	  2.28	 -2.49	 -0.00	 -1.49	  2.78	 -1.47	
 -0.00	  1.16	 -2.07	 -0.00	  1.75	 -2.07	 -0.00	  0.02	  2.29	 -2.49	 -0.00	 -1.48	  2.78	 -1.47	
 -0.00	  1.16	 -2.07	 -0.00	  1.75	 -2.08	 -0.00	  0.02	  2.30	 -2.49	 -0.00	 -1.48	  2.78	 -1.47	
 -0.00	  1.16	 -2.07	 -0.00	  1.75	 -2.08	 -0.00	  0.01	  2.30	 -2.49	 -0.00	 -1.48	  2.78	 -1.47	
 -0.00	  1.16	 -2.07	 -0.00	  1.75	 -2.09	 -0.00	  0.01	  2.31	 -2.49	 -0.00	 -1.48	  2.78	 -1.47	
 -0.00	  1.16	 -2.07	 -0.00	  1.74	 -2.09	 -0.00	  0.00	  2.32	 -2.49	 -0.00	 -1.48	  2.78	 -1.47	
 -0.00	  1.16	 -2.07	 -0.00	  1.74	 -2.09	 -0.00	 -0.01	  2.32	 -2.49	 -0.00	 -1.48	  2.78	 -1.47	
 -0.00	  1.16	 -2.07	 -0.00	  1.74	 -2.10	 -0.00	 -0.01	  2.33	 -2.49	 -0.00	 -1.48	  2.78	 -1.47	
 -0.00	  1.16	 -2.07	 -0.00	  1.74	 -2.10	 -0.00	 -0.02	  2.34	 -2.49	 -0.00	 -1.48	  2.78	 -1.47	
 -0.00	  1.16	 -2.07	 -0.00	  1.74	 -2.10	 -0.00	 -0.03	  2.34	 -2.49	 -0.00	 -1.48	  2.78	 -1.47	
 -0.00	  1.16	 -2.07	 -0.00	  1.73	 -2.11	 -0.00	 -0.03	  2.35	 -2.49	 -0.00	 -1.48	  2.78	 -1.47	
 -0.00	  1.16	 -2.07	 -0.00	  1.73	 -2.11	 -0.00	 -0.04	  2.36	 -2.49	 -0.00	 -1.48	  2.78	 -1.47	
 -0.00	  1.16	 -2.07	 -0.00	  1.73	 -2.11	 -0.00	 -0.05	  2.37	 -2.49	 -0.00	 -1.48	  2.78	 -1.47	
 -0.00	  1.16	 -2.07	 -0.00	  1.73	 -2.12	 -0.00	 -0.06	  2.37	 -2.49	 -0.00	 -1.48	  2.78	 -1.47	
 -0.00	  1.16	 -2.07	 -0.00	  1.72	 -2.12	 -0.00	 -0.07	  2.38	 -2.49	 -0.00	 -1.48	  2.78	 -1.47	
 -0.00	  1.16	 -2.07	 -0.00	  1.72	 -2.12	 -0.00	 -0.07	  2.39	 -2.49	 -0.00	 -1.48	  2.78	 -1.47	
 -0.00	  1.16	 -2.07	 -0.00	  1.72	 -2.13	 -0.00	 -0.08	  2.39	 -2.49	 -0.00	 -1.48	  2.78	 -1.47	
 -0.00	  1.16	 -2.07	 -0.00	  1.71	 -2.13	 -0.00	 -0.09	  2.40	 -2.48	 -0.00	 -1.48	  2.78	 -1.47	
 -0.00	  1.16	 -2.07	 -0.00	  1.71	 -2.13	 -0.00	 -0.10	  2.41	 -2.48	 -0.00	 -1.48	  2.78	 -1.47	
 -0.00	  1.16	 -2.07	 -0.00	  1.71	 -2.13	 -0.00	 -0.11	  2.42	 -2.48	 -0.00	 -1.48	  2.78	 -1.47	
 -0.00	  1.16	 -2.07	 -0.00	  1.70	 -2.14	 -0.00	 -0.12	  2.42	 -2.48	 -0.00	 -1.48	  2.78	 -1.47	
 -0.00	  1.16	 -2.07	 -0.00	  1.70	 -2.14	 -0.00	 -0.13	  2.43	 -2.48	 -0.00	 -1.48	  2.78	 -1.47	
 -0.00	  1.16	 -2.07	 -0.00	  1.69	 -2.14	 -0.00	 -0.14	  2.44	 -2.47	 -0.00	 -1.48	  2.78	 -1.47	
 -0.00	  1.16	 -2.07	 -0.00	  1.69	 -2.15	 -0.00	 -0.15	  2.45	 -2.47	 -0.00	 -1.48	  2.78	 -1.47	
 -0.00	  1.16	 -2.07	 -0.00	  1.68	 -2.15	 -0.00	 -0.17	  2.46	 -2.47	 -0.00	 -1.48	  2.78	 -1.47	
 -0.00	  1.16	 -2.07	 -0.00	  1.68	 -2.15	 -0.00	 -0.18	  2.46	 -2.46	 -0.00	 -1.48	  2.78	 -1.47	
 -0.00	  1.16	 -2.07	 -0.00	  1.67	 -2.15	 -0.00	 -0.19	  2.47	 -2.46	 -0.00	 -1.48	  2.78	 -1.47	
 -0.00	  1.16	 -2.07	 -0.00	  1.67	 -2.15	 -0.00	 -0.20	  2.48	 -2.45	 -0.00	 -1.48	  2.78	 -1.47	
 -0.00	  1.16	 -2.07	 -0.00	  1.66	 -2.16	 -0.00	 -0.21	  2.49	 -2.45	 -0.00	 -1.48	  2.78	 -1.47	
 -0.00	  1.16	 -2.07	 -0.00	  1.66	 -2.16	 -0.00	 -0.23	  2.50	 -2.44	 -0.00	 -1.48	  2.78	 -1.47	
 -0.00	  1.16	 -2.07	 -0.00	  1.65	 -2.16	 -0.00	 -0.24	  2.50	 -2.44	 -0.00	 -1.48	  2.78	 -1.47	
 -0.00	  1.16	 -2.07	 -0.00	  1.64	 -2.16	 -0.00	 -0.26	  2.51	 -2.43	 -0.00	 -1.48	  2.78	 -1.47	
 -0.00	  1.16	 -2.07	 -0.00	  1.64	 -2.16	 -0.00	 -0.27	  2.52	 -2.42	 -0.00	 -1.48	  2.78	 -1.48	
 -0.00	  1.16	 -2.07	 -0.00	  1.63	 -2.16	 -0.00	 -0.28	  2.53	 -2.42	 -0.00	 -1.48	  2.79	 -1.48	
 -0.00	  1.16	 -2.07	 -0.00	  1.62	 -2.17	 -0.00	 -0.30	  2.54	 -2.41	 -0.00	 -1.48	  2.79	 -1.48	
 -0.00	  1.16	 -2.07	 -0.00	  1.62	 -2.17	 -0.00	 -0.32	  2.54	 -2.40	 -0.00	 -1.48	  2.79	 -1.48	
 -0.00	  1.16	 -2.07	 -0.00	  1.61	 -2.17	 -0.00	 -0.33	  2.55	 -2.40	 -0.00	 -1.48	  2.79	 -1.48	
 -0.00	  1.16	 -2.07	 -0.00	  1.60	 -2.17	 -0.00	 -0.35	  2.56	 -2.39	 -0.00	 -1.48	  2.79	 -1.48	
 -0.00	  1.16	 -2.07	 -0.00	  1.59	 -2.17	 -0.00	 -0.36	  2.57	 -2.38	 -0.00	 -1.48	  2.79	 -1.48	
 -0.00	  1.16	 -2.07	 -0.00	  1.59	 -2.17	 -0.00	 -0.38	  2.58	 -2.37	 -0.00	 -1.48	  2.79	 -1.48	
 -0.00	  1.16	 -2.07	 -0.00	  1.58	 -2.17	 -0.00	 -0.40	  2.58	 -2.36	 -0.00	 -1.48	  2.79	 -1.48	
 -0.00	  1.16	 -2.07	 -0.00	  1.57	 -2.17	 -0.00	 -0.42	  2.59	 -2.35	 -0.00	 -1.48	  2.79	 -1.48	
 -0.00	  1.16	 -2.07	 -0.00	  1.56	 -2.17	 -0.00	 -0.44	  2.60	 -2.34	 -0.00	 -1.48	  2.79	 -1.48	
 -0.00	  1.16	 -2.07	 -0.00	  1.56	 -2.17	 -0.00	 -0.45	  2.61	 -2.33	 -0.00	 -1.48	  2.79	 -1.48	
 -0.00	  1.16	 -2.07	 -0.00	  1.55	 -2.17	 -0.00	 -0.47	  2.61	 -2.32	 -0.00	 -1.48	  2.79	 -1.48	
 -0.00	  1.16	 -2.07	 -0.00	  1.54	 -2.17	 -0.00	 -0.49	  2.62	 -2.30	 -0.00	 -1.48	  2.79	 -1.48	
 -0.00	  1.16	 -2.07	 -0.00	  1.53	 -2.17	 -0.00	 -0.51	  2.63	 -2.29	 -0.00	 -1.48	  2.79	 -1.48	
 -0.00	  1.16	 -2.07	 -0.00	  1.52	 -2.17	 -0.00	 -0.53	  2.64	 -2.28	 -0.00	 -1.48	  2.79	 -1.48	
 -0.00	  1.16	 -2.07	 -0.00	  1.52	 -2.17	 -0.00	 -0.55	  2.64	 -2.27	 -0.00	 -1.48	  2.79	 -1.48	
 -0.00	  1.16	 -2.07	 -0.00	  1.51	 -2.17	 -0.00	 -0.57	  2.65	 -2.25	 -0.00	 -1.48	  2.79	 -1.48	
 -0.00	  1.16	 -2.07	 -0.00	  1.50	 -2.17	 -0.00	 -0.60	  2.66	 -2.24	 -0.00	 -1.48	  2.79	 -1.48	
 -0.00	  1.16	 -2.07	 -0.00	  1.49	 -2.17	 -0.00	 -0.62	  2.66	 -2.22	 -0.00	 -1.48	  2.79	 -1.48	
 -0.00	  1.16	 -2.07	 -0.00	  1.48	 -2.17	 -0.00	 -0.64	  2.67	 -2.21	 -0.00	 -1.48	  2.79	 -1.48	
 -0.00	  1.16	 -2.07	 -0.00	  1.47	 -2.17	 -0.00	 -0.66	  2.68	 -2.19	 -0.00	 -1.48	  2.79	 -1.48	
 -0.00	  1.16	 -2.07	 -0.00	  1.46	 -2.17	 -0.00	 -0.68	  2.68	 -2.18	 -0.00	 -1.48	  2.79	 -1.49	
 -0.00	  1.17	 -2.07	 -0.00	  1.46	 -2.16	 -0.00	 -0.70	  2.69	 -2.16	 -0.00	 -1.48	  2.79	 -1.49	
 -0.00	  1.17	 -2.07	 -0.00	  1.45	 -2.16	 -0.00	 -0.73	  2.70	 -2.14	 -0.00	 -1.48	  2.79	 -1.49	
 -0.00	  1.17	 -2.07	 -0.00	  1.44	 -2.16	 -0.00	 -0.75	  2.70	 -2.13	 -0.00	 -1.48	  2.79	 -1.49	
 -0.00	  1.17	 -2.08	 -0.00	  1.43	 -2.16	 -0.00	 -0.77	  2.71	 -2.11	 -0.00	 -1.48	  2.79	 -1.49	
 -0.00	  1.17	 -2.08	 -0.00	  1.42	 -2.16	 -0.00	 -0.79	  2.71	 -2.09	 -0.00	 -1.47	  2.79	 -1.49	
 -0.00	  1.17	 -2.08	 -0.00	  1.41	 -2.16	 -0.00	 -0.82	  2.72	 -2.08	 -0.00	 -1.47	  2.79	 -1.49	
 -0.00	  1.17	 -2.08	 -0.00	  1.41	 -2.16	 -0.00	 -0.84	  2.72	 -2.06	 -0.00	 -1.47	  2.79	 -1.49	
 -0.00	  1.17	 -2.08	 -0.00	  1.40	 -2.15	 -0.00	 -0.86	  2.73	 -2.04	 -0.00	 -1.47	  2.79	 -1.49	
 -0.00	  1.17	 -2.08	 -0.00	  1.39	 -2.15	 -0.00	 -0.88	  2.73	 -2.02	 -0.00	 -1.47	  2.79	 -1.49	
 -0.00	  1.17	 -2.08	 -0.00	  1.38	 -2.15	 -0.00	 -0.91	  2.74	 -2.01	 -0.00	 -1.47	  2.79	 -1.49	
 -0.00	  1.17	 -2.08	 -0.00	  1.37	 -2.15	 -0.00	 -0.93	  2.74	 -1.99	 -0.00	 -1.47	  2.79	 -1.50	
 -0.00	  1.17	 -2.08	 -0.00	  1.37	 -2.15	 -0.00	 -0.95	  2.75	 -1.97	 -0.00	 -1.47	  2.79	 -1.50	
 -0.00	  1.17	 -2.08	 -0.00	  1.36	 -2.14	 -0.00	 -0.97	  2.75	 -1.95	 -0.00	 -1.47	  2.79	 -1.50	
 -0.00	  1.17	 -2.08	 -0.00	  1.35	 -2.14	 -0.00	 -0.99	  2.75	 -1.94	 -0.00	 -1.47	  2.79	 -1.50	
 -0.00	  1.17	 -2.08	 -0.00	  1.34	 -2.14	 -0.00	 -1.01	  2.76	 -1.92	 -0.00	 -1.46	  2.79	 -1.50	
 -0.00	  1.17	 -2.08	 -0.00	  1.34	 -2.14	 -0.00	 -1.03	  2.76	 -1.90	 -0.00	 -1.46	  2.79	 -1.50	
 -0.00	  1.17	 -2.08	 -0.00	  1.33	 -2.14	 -0.00	 -1.05	  2.76	 -1.89	 -0.00	 -1.46	  2.79	 -1.50	
 -0.00	  1.17	 -2.08	 -0.00	  1.32	 -2.14	 -0.00	 -1.07	  2.77	 -1.87	 -0.00	 -1.46	  2.79	 -1.51	
 -0.00	  1.17	 -2.08	 -0.00	  1.32	 -2.13	 -0.00	 -1.09	  2.77	 -1.85	 -0.00	 -1.46	  2.79	 -1.51	
 -0.00	  1.18	 -2.08	 -0.00	  1.31	 -2.13	 -0.00	 -1.11	  2.77	 -1.84	 -0.00	 -1.46	  2.79	 -1.51	
 -0.00	  1.18	 -2.08	 -0.00	  1.30	 -2.13	 -0.00	 -1.13	  2.77	 -1.82	 -0.00	 -1.46	  2.79	 -1.51	
 -0.00	  1.18	 -2.08	 -0.00	  1.30	 -2.13	 -0.00	 -1.14	  2.78	 -1.81	 -0.00	 -1.45	  2.79	 -1.51	
 -0.00	  1.18	 -2.08	 -0.00	  1.29	 -2.13	 -0.00	 -1.16	  2.78	 -1.79	 -0.00	 -1.45	  2.79	 -1.51	
 -0.00	  1.18	 -2.08	 -0.00	  1.28	 -2.12	 -0.00	 -1.18	  2.78	 -1.78	 -0.00	 -1.45	  2.79	 -1.51	
 -0.00	  1.18	 -2.08	 -0.00	  1.28	 -2.12	 -0.00	 -1.19	  2.78	 -1.76	 -0.00	 -1.45	  2.79	 -1.52	
 -0.00	  1.18	 -2.08	 -0.00	  1.27	 -2.12	 -0.00	 -1.21	  2.78	 -1.75	 -0.00	 -1.45	  2.79	 -1.52	
 -0.00	  1.18	 -2.08	 -0.00	  1.27	 -2.12	 -0.00	 -1.22	  2.78	 -1.74	 -0.00	 -1.45	  2.79	 -1.52	
 -0.00	  1.18	 -2.08	 -0.00	  1.26	 -2.12	 -0.00	 -1.23	  2.78	 -1.72	 -0.00	 -1.44	  2.79	 -1.52	
 -0.00	  1.18	 -2.08	 -0.00	  1.26	 -2.11	 -0.00	 -1.25	  2.78	 -1.71	 -0.00	 -1.44	  2.79	 -1.52	
 -0.00	  1.18	 -2.08	 -0.00	  1.25	 -2.11	 -0.00	 -1.26	  2.79	 -1.70	 -0.00	 -1.44	  2.79	 -1.53	
 -0.00	  1.18	 -2.08	 -0.00	  1.25	 -2.11	 -0.00	 -1.27	  2.79	 -1.69	 -0.00	 -1.44	  2.79	 -1.53	
 -0.00	  1.18	 -2.08	 -0.00	  1.25	 -2.11	 -0.00	 -1.28	  2.79	 -1.68	 -0.00	 -1.43	  2.79	 -1.53	
 -0.00	  1.19	 -2.08	 -0.00	  1.24	 -2.11	 -0.00	 -1.29	  2.79	 -1.67	 -0.00	 -1.43	  2.79	 -1.53	
 -0.00	  1.19	 -2.08	 -0.00	  1.24	 -2.11	 -0.00	 -1.30	  2.79	 -1.66	 -0.00	 -1.43	  2.79	 -1.54	
 -0.00	  1.19	 -2.09	 -0.00	  1.23	 -2.10	 -0.00	 -1.31	  2.79	 -1.65	 -0.00	 -1.43	  2.79	 -1.54	
 -0.00	  1.19	 -2.09	 -0.00	  1.23	 -2.10	 -0.00	 -1.32	  2.79	 -1.64	 -0.00	 -1.43	  2.79	 -1.54	
 -0.00	  1.19	 -2.09	 -0.00	  1.23	 -2.10	 -0.00	 -1.33	  2.79	 -1.64	 -0.00	 -1.42	  2.79	 -1.54	
 -0.00	  1.19	 -2.09	 -0.00	  1.23	 -2.10	 -0.00	 -1.33	  2.79	 -1.63	 -0.00	 -1.42	  2.79	 -1.55	
 -0.00	  1.19	 -2.09	 -0.00	  1.22	 -2.10	 -0.00	 -1.34	  2.79	 -1.63	 -0.00	 -1.42	  2.79	 -1.55	
 -0.00	  1.19	 -2.09	 -0.00	  1.22	 -2.10	 -0.00	 -1.34	  2.79	 -1.62	 -0.00	 -1.41	  2.79	 -1.55	
 -0.00	  1.19	 -2.09	 -0.00	  1.22	 -2.10	 -0.00	 -1.35	  2.79	 -1.61	 -0.00	 -1.41	  2.79	 -1.55	
 -0.00	  1.19	 -2.09	 -0.00	  1.22	 -2.10	 -0.00	 -1.35	  2.79	 -1.61	 -0.00	 -1.41	  2.79	 -1.56	
 -0.00	  1.20	 -2.09	 -0.00	  1.22	 -2.10	 -0.00	 -1.36	  2.79	 -1.61	 -0.00	 -1.41	  2.79	 -1.56	
 -0.00	  1.20	 -2.09	 -0.00	  1.21	 -2.10	 -0.00	 -1.36	  2.79	 -1.60	 -0.00	 -1.40	  2.79	 -1.56	
 -0.00	  1.20	 -2.09	 -0.00	  1.21	 -2.09	 -0.00	 -1.36	  2.79	 -1.60	 -0.00	 -1.40	  2.79	 -1.56	
 -0.00	  1.20	 -2.09	 -0.00	  1.21	 -2.09	 -0.00	 -1.36	  2.79	 -1.60	 -0.00	 -1.40	  2.79	 -1.57	
 -0.00	  1.20	 -2.09	 -0.00	  1.21	 -2.09	 -0.00	 -1.37	  2.79	 -1.60	 -0.00	 -1.39	  2.79	 -1.57	
 -0.00	  1.20	 -2.09	 -0.00	  1.21	 -2.09	 -0.00	 -1.37	  2.79	 -1.60	 -0.00	 -1.39	  2.79	 -1.57	
 -0.00	  1.20	 -2.09	 -0.00	  1.21	 -2.09	 -0.00	 -1.37	  2.79	 -1.60	 -0.00	 -1.39	  2.79	 -1.58	
 -0.00	  1.20	 -2.09	 -0.00	  1.21	 -2.09	 -0.00	 -1.37	  2.79	 -1.60	 -0.00	 -1.38	  2.79	 -1.58	
 -0.00	  1.20	 -2.09	 -0.00	  1.21	 -2.09	 -0.00	 -1.37	  2.79	 -1.60	 -0.00	 -1.38	  2.79	 -1.58	
 -0.00	  1.21	 -2.09	 -0.00	  1.21	 -2.09	 -0.00	 -1.36	  2.79	 -1.60	 -0.00	 -1.37	  2.79	 -1.59	
 -0.00	  1.21	 -2.09	 -0.00	  1.21	 -2.09	 -0.00	 -1.36	  2.79	 -1.60	 -0.00	 -1.37	  2.79	 -1.59	
 -0.00	  1.21	 -2.09	 -0.00	  1.21	 -2.09	 -0.00	 -1.36	  2.79	 -1.60	 -0.00	 -1.37	  2.79	 -1.59	
 -0.00	  1.21	 -2.09	 -0.00	  1.21	 -2.09	 -0.00	 -1.36	  2.79	 -1.60	 -0.00	 -1.36	  2.79	 -1.60	
 -0.00	  1.21	 -2.09	 -0.00	  1.21	 -2.09	 -0.00	 -1.36	  2.79	 -1.60	 -0.00	 -1.36	  2.79	 -1.60	
 -0.00	  1.21	 -2.09	 -0.00	  1.21	 -2.09	 -0.00	 -1.35	  2.78	 -1.61	 -0.00	 -1.35	  2.78	 -1.60	
 -0.00	  1.21	 -2.09	 -0.00	  1.21	 -2.09	 -0.00	 -1.35	  2.78	 -1.61	 -0.00	 -1.35	  2.78	 -1.61	
 -0.00	  1.22	 -2.09	 -0.00	  1.22	 -2.09	 -0.00	 -1.35	  2.78	 -1.61	 -0.00	 -1.35	  2.78	 -1.61	
 -0.00	  1.22	 -2.09	 -0.00	  1.22	 -2.09	 -0.00	 -1.34	  2.78	 -1.62	 -0.00	 -1.34	  2.78	 -1.62	
 -0.00	  1.22	 -2.09	 -0.00	  1.22	 -2.09	 -0.00	 -1.34	  2.78	 -1.62	 -0.00	 -1.34	  2.78	 -1.62	
 -0.00	  1.22	 -2.09	 -0.00	  1.22	 -2.09	 -0.00	 -1.33	  2.78	 -1.62	 -0.00	 -1.33	  2.78	 -1.62	
 -0.00	  1.22	 -2.09	 -0.00	  1.22	 -2.09	 -0.00	 -1.33	  2.78	 -1.63	 -0.00	 -1.33	  2.78	 -1.63	
 -0.00	  1.22	 -2.09	 -0.00	  1.22	 -2.09	 -0.00	 -1.32	  2.78	 -1.63	 -0.00	 -1.32	  2.78	 -1.63	
 -0.00	  1.22	 -2.09	 -0.00	  1.22	 -2.09	 -0.00	 -1.32	  2.78	 -1.64	 -0.00	 -1.32	  2.78	 -1.64	
 -0.00	  1.23	 -2.09	 -0.00	  1.23	 -2.09	 -0.00	 -1.31	  2.78	 -1.64	 -0.00	 -1.31	  2.78	 -1.64	
 -0.00	  1.23	 -2.09	 -0.00	  1.23	 -2.09	 -0.00	 -1.31	  2.78	 -1.65	 -0.00	 -1.31	  2.78	 -1.65	
 -0.00	  1.23	 -2.09	 -0.00	  1.23	 -2.09	 -0.00	 -1.30	  2.78	 -1.65	 -0.00	 -1.30	  2.78	 -1.65	
 -0.00	  1.23	 -2.10	 -0.00	  1.23	 -2.10	 -0.00	 -1.30	  2.78	 -1.65	 -0.00	 -1.30	  2.78	 -1.65	
 -0.00	  1.23	 -2.10	 -0.00	  1.23	 -2.10	 -0.00	 -1.29	  2.78	 -1.66	 -0.00	 -1.29	  2.78	 -1.66	
 -0.00	  1.23	 -2.10	 -0.00	  1.23	 -2.10	 -0.00	 -1.29	  2.78	 -1.66	 -0.00	 -1.29	  2.78	 -1.66	
 -0.00	  1.24	 -2.10	 -0.00	  1.24	 -2.10	 -0.00	 -1.28	  2.77	 -1.67	 -0.00	 -1.28	  2.77	 -1.67	
 -0.00	  1.24	 -2.10	 -0.00	  1.24	 -2.10	 -0.00	 -1.28	  2.77	 -1.67	 -0.00	 -1.28	  2.77	 -1.67	
 -0.00	  1.24	 -2.10	 -0.00	  1.24	 -2.10	 -0.00	 -1.27	  2.77	 -1.68	 -0.00	 -1.27	  2.77	 -1.68	
 -0.00	  1.24	 -2.10	 -0.00	  1.24	 -2.10	 -0.00	 -1.26	  2.77	 -1.68	 -0.00	 -1.26	  2.77	 -1.68	
 -0.00	  1.24	 -2.10	 -0.00	  1.24	 -2.10	 -0.00	 -1.26	  2.77	 -1.69	 -0.00	 -1.26	  2.77	 -1.69	
 -0.00	  1.24	 -2.10	 -0.00	  1.24	 -2.10	 -0.00	 -1.25	  2.77	 -1.69	 -0.00	 -1.25	  2.77	 -1.69	
 -0.00	  1.25	 -2.10	 -0.00	  1.25	 -2.10	 -0.00	 -1.25	  2.77	 -1.70	 -0.00	 -1.25	  2.77	 -1.70	
 -0.00	  1.25	 -2.10	 -0.00	  1.25	 -2.10	 -0.00	 -1.24	  2.77	 -1.70	 -0.00	 -1.24	  2.77	 -1.70	
 -0.00	  1.25	 -2.10	 -0.00	  1.25	 -2.10	 -0.00	 -1.23	  2.77	 -1.71	 -0.00	 -1.23	  2.77	 -1.71	
 -0.00	  1.25	 -2.10	 -0.00	  1.25	 -2.10	 -0.00	 -1.23	  2.77	 -1.71	 -0.00	 -1.23	  2.77	 -1.71	
 -0.00	  1.25	 -2.10	 -0.00	  1.25	 -2.10	 -0.00	 -1.22	  2.76	 -1.72	 -0.00	 -1.22	  2.76	 -1.72	
 -0.00	  1.26	 -2.10	 -0.00	  1.26	 -2.10	 -0.00	 -1.22	  2.76	 -1.72	 -0.00	 -1.22	  2.76	 -1.72	
 -0.00	  1.26	 -2.10	 -0.00	  1.26	 -2.10	 -0.00	 -1.21	  2.76	 -1.73	 -0.00	 -1.21	  2.76	 -1.73	
 -0.00	  1.26	 -2.10	 -0.00	  1.26	 -2.10	 -0.00	 -1.20	  2.76	 -1.73	 -0.00	 -1.20	  2.76	 -1.73	
 -0.00	  1.26	 -2.10	 -0.00	  1.26	 -2.10	 -0.00	 -1.20	  2.76	 -1.74	 -0.00	 -1.20	  2.76	 -1.74	
 -0.00	  1.26	 -2.10	 -0.00	  1.26	 -2.10	 -0.00	 -1.19	  2.76	 -1.74	 -0.00	 -1.19	  2.76	 -1.74	
 -0.00	  1.26	 -2.10	 -0.00	  1.26	 -2.10	 -0.00	 -1.18	  2.76	 -1.75	 -0.00	 -1.18	  2.76	 -1.75	
 -0.00	  1.27	 -2.10	 -0.00	  1.27	 -2.10	 -0.00	 -1.18	  2.76	 -1.75	 -0.00	 -1.18	  2.76	 -1.75	
 -0.00	  1.27	 -2.10	 -0.00	  1.27	 -2.10	 -0.00	 -1.17	  2.75	 -1.76	 -0.00	 -1.17	  2.75	 -1.76	
 -0.00	  1.27	 -2.10	 -0.00	  1.27	 -2.10	 -0.00	 -1.16	  2.75	 -1.76	 -0.00	 -1.16	  2.75	 -1.76	
 -0.00	  1.27	 -2.10	 -0.00	  1.27	 -2.10	 -0.00	 -1.16	  2.75	 -1.77	 -0.00	 -1.16	  2.75	 -1.77	
 -0.00	  1.27	 -2.10	 -0.00	  1.27	 -2.10	 -0.00	 -1.15	  2.75	 -1.77	 -0.00	 -1.15	  2.75	 -1.77	
 -0.00	  1.28	 -2.10	 -0.00	  1.28	 -2.10	 -0.00	 -1.14	  2.75	 -1.78	 -0.00	 -1.14	  2.75	 -1.78	
 -0.00	  1.28	 -2.10	 -0.00	  1.28	 -2.10	 -0.00	 -1.14	  2.75	 -1.78	 -0.00	 -1.14	  2.75	 -1.78	
 -0.00	  1.28	 -2.10	 -0.00	  1.28	 -2.10	 -0.00	 -1.13	  2.75	 -1.79	 -0.00	 -1.13	  2.75	 -1.79	
 -0.00	  1.28	 -2.10	 -0.00	  1.28	 -2.10	 -0.00	 -1.12	  2.74	 -1.79	 -0.00	 -1.12	  2.74	 -1.79	
 -0.00	  1.28	 -2.10	 -0.00	  1.28	 -2.10	 -0.00	 -1.12	  2.74	 -1.80	 -0.00	 -1.12	  2.74	 -1.80	
 -0.00	  1.29	 -2.10	 -0.00	  1.29	 -2.10	 -0.00	 -1.11	  2.74	 -1.80	 -0.00	 -1.11	  2.74	 -1.80	
 -0.00	  1.29	 -2.10	 -0.00	  1.29	 -2.10	 -0.00	 -1.10	  2.74	 -1.81	 -0.00	 -1.10	  2.74	 -1.81	
 -0.00	  1.29	 -2.10	 -0.00	  1.29	 -2.10	 -0.00	 -1.10	  2.74	 -1.82	 -0.00	 -1.10	  2.74	 -1.82	
 -0.00	  1.29	 -2.10	 -0.00	  1.29	 -2.10	 -0.00	 -1.09	  2.74	 -1.82	 -0.00	 -1.09	  2.74	 -1.82	
 -0.00	  1.29	 -2.10	 -0.00	  1.29	 -2.10	 -0.00	 -1.08	  2.73	 -1.83	 -0.00	 -1.08	  2.73	 -1.83	
 -0.00	  1.30	 -2.10	 -0.00	  1.30	 -2.10	 -0.00	 -1.08	  2.73	 -1.83	 -0.00	 -1.08	  2.73	 -1.83	
 -0.00	  1.30	 -2.10	 -0.00	  1.30	 -2.10	 -0.00	 -1.07	  2.73	 -1.84	 -0.00	 -1.07	  2.73	 -1.84	
 -0.00	  1.30	 -2.10	 -0.00	  1.30	 -2.10	 -0.00	 -1.06	  2.73	 -1.84	 -0.00	 -1.06	  2.73	 -1.84	
 -0.00	  1.30	 -2.10	 -0.00	  1.30	 -2.10	 -0.00	 -1.06	  2.73	 -1.85	 -0.00	 -1.06	  2.73	 -1.85	
 -0.00	  1.30	 -2.10	 -0.00	  1.30	 -2.10	 -0.00	 -1.05	  2.73	 -1.85	 -0.00	 -1.05	  2.73	 -1.85	
 -0.00	  1.31	 -2.10	 -0.00	  1.31	 -2.10	 -0.00	 -1.04	  2.72	 -1.86	 -0.00	 -1.04	  2.72	 -1.86	
 -0.00	  1.31	 -2.10	 -0.00	  1.31	 -2.10	 -0.00	 -1.03	  2.72	 -1.86	 -0.00	 -1.03	  2.72	 -1.86	
 -0.00	  1.31	 -2.10	 -0.00	  1.31	 -2.10	 -0.00	 -1.03	  2.72	 -1.87	 -0.00	 -1.03	  2.72	 -1.87	
 -0.00	  1.31	 -2.10	 -0.00	  1.31	 -2.10	 -0.00	 -1.02	  2.72	 -1.87	 -0.00	 -1.02	  2.72	 -1.87	
 -0.00	  1.31	 -2.10	 -0.00	  1.31	 -2.10	 -0.00	 -1.01	  2.72	 -1.88	 -0.00	 -1.01	  2.72	 -1.88	
 -0.00	  1.32	 -2.10	 -0.00	  1.32	 -2.10	 -0.00	 -1.01	  2.71	 -1.88	 -0.00	 -1.01	  2.71	 -1.88	
 -0.00	  1.32	 -2.10	 -0.00	  1.32	 -2.10	 -0.00	 -1.00	  2.71	 -1.89	 -0.00	 -1.00	  2.71	 -1.89	
 -0.00	  1.32	 -2.10	 -0.00	  1.32	 -2.10	 -0.00	 -0.99	  2.71	 -1.89	 -0.00	 -0.99	  2.71	 -1.89	
 -0.00	  1.32	 -2.10	 -0.00	  1.32	 -2.10	 -0.00	 -0.99	  2.71	 -1.90	 -0.00	 -0.99	  2.71	 -1.90	
 -0.00	  1.32	 -2.09	 -0.00	  1.32	 -2.09	 -0.00	 -0.98	  2.71	 -1.90	 -0.00	 -0.98	  2.71	 -1.90	
 -0.00	  1.33	 -2.09	 -0.00	  1.33	 -2.09	 -0.00	 -0.97	  2.70	 -1.91	 -0.00	 -0.97	  2.70	 -1.91	
 -0.00	  1.33	 -2.09	 -0.00	  1.33	 -2.09	 -0.00	 -0.97	  2.70	 -1.91	 -0.00	 -0.97	  2.70	 -1.91	
 -0.00	  1.33	 -2.09	 -0.00	  1.33	 -2.09	 -0.00	 -0.96	  2.70	 -1.91	 -0.00	 -0.96	  2.70	 -1.91	
 -0.00	  1.33	 -2.09	 -0.00	  1.33	 -2.09	 -0.00	 -0.95	  2.70	 -1.92	 -0.00	 -0.95	  2.70	 -1.92	
 -0.00	  1.33	 -2.09	 -0.00	  1.33	 -2.09	 -0.00	 -0.95	  2.70	 -1.92	 -0.00	 -0.95	  2.70	 -1.92	
 -0.00	  1.34	 -2.09	 -0.00	  1.34	 -2.09	 -0.00	 -0.94	  2.69	 -1.93	 -0.00	 -0.94	  2.69	 -1.93	
 -0.00	  1.34	 -2.09	 -0.00	  1.34	 -2.09	 -0.00	 -0.93	  2.69	 -1.93	 -0.00	 -0.93	  2.69	 -1.93	
 -0.00	  1.34	 -2.09	 -0.00	  1.34	 -2.09	 -0.00	 -0.93	  2.69	 -1.94	 -0.00	 -0.93	  2.69	 -1.94	
 -0.00	  1.34	 -2.09	 -0.00	  1.34	 -2.09	 -0.00	 -0.92	  2.69	 -1.94	 -0.00	 -0.92	  2.69	 -1.94	
 -0.00	  1.34	 -2.09	 -0.00	  1.34	 -2.09	 -0.00	 -0.91	  2.68	 -1.95	 -0.00	 -0.91	  2.68	 -1.95	
 -0.00	  1.35	 -2.09	 -0.00	  1.35	 -2.09	 -0.00	 -0.91	  2.68	 -1.95	 -0.00	 -0.91	  2.68	 -1.95	
 -0.00	  1.35	 -2.09	 -0.00	  1.35	 -2.09	 -0.00	 -0.90	  2.68	 -1.96	 -0.00	 -0.90	  2.68	 -1.96	
 -0.00	  1.35	 -2.09	 -0.00	  1.35	 -2.09	 -0.00	 -0.89	  2.68	 -1.96	 -0.00	 -0.89	  2.68	 -1.96	
 -0.00	  1.35	 -2.09	 -0.00	  1.35	 -2.09	 -0.00	 -0.89	  2.68	 -1.96	 -0.00	 -0.89	  2.68	 -1.96	
 -0.00	  1.35	 -2.09	 -0.00	  1.35	 -2.09	 -0.00	 -0.88	  2.67	 -1.97	 -0.00	 -0.88	  2.67	 -1.97	
 -0.00	  1.36	 -2.09	 -0.00	  1.36	 -2.09	 -0.00	 -0.87	  2.67	 -1.97	 -0.00	 -0.87	  2.67	 -1.97	
 -0.00	  1.36	 -2.09	 -0.00	  1.36	 -2.09	 -0.00	 -0.87	  2.67	 -1.98	 -0.00	 -0.87	  2.67	 -1.98	
 -0.00	  1.36	 -2.09	 -0.00	  1.36	 -2.09	 -0.00	 -0.86	  2.67	 -1.98	 -0.00	 -0.86	  2.67	 -1.98	
 -0.00	  1.36	 -2.09	 -0.00	  1.36	 -2.09	 -0.00	 -0.86	  2.66	 -1.98	 -0.00	 -0.86	  2.66	 -1.98	
 -0.00	  1.36	 -2.09	 -0.00	  1.36	 -2.09	 -0.00	 -0.85	  2.66	 -1.99	 -0.00	 -0.85	  2.66	 -1.99	
 -0.00	  1.36	 -2.09	 -0.00	  1.36	 -2.09	 -0.00	 -0.84	  2.66	 -1.99	 -0.00	 -0.84	  2.66	 -1.99	
 -0.00	  1.37	 -2.09	 -0.00	  1.37	 -2.09	 -0.00	 -0.84	  2.66	 -2.00	 -0.00	 -0.84	  2.66	 -2.00	
 -0.00	  1.37	 -2.08	 -0.00	  1.37	 -2.08	 -0.00	 -0.83	  2.66	 -2.00	 -0.00	 -0.83	  2.66	 -2.00	
 -0.00	  1.37	 -2.08	 -0.00	  1.37	 -2.08	 -0.00	 -0.82	  2.65	 -2.00	 -0.00	 -0.82	  2.65	 -2.00	
 -0.00	  1.37	 -2.08	 -0.00	  1.37	 -2.08	 -0.00	 -0.82	  2.65	 -2.01	 -0.00	 -0.82	  2.65	 -2.01	
 -0.00	  1.37	 -2.08	 -0.00	  1.37	 -2.08	 -0.00	 -0.81	  2.65	 -2.01	 -0.00	 -0.81	  2.65	 -2.01	
 -0.00	  1.37	 -2.08	 -0.00	  1.37	 -2.08	 -0.00	 -0.81	  2.65	 -2.01	 -0.00	 -0.81	  2.65	 -2.01	
 -0.00	  1.38	 -2.08	 -0.00	  1.38	 -2.08	 -0.00	 -0.80	  2.64	 -2.02	 -0.00	 -0.80	  2.64	 -2.02	
 -0.00	  1.38	 -2.08	 -0.00	  1.38	 -2.08	 -0.00	 -0.79	  2.64	 -2.02	 -0.00	 -0.79	  2.64	 -2.02	
 -0.00	  1.38	 -2.08	 -0.00	  1.38	 -2.08	 -0.00	 -0.79	  2.64	 -2.02	 -0.00	 -0.79	  2.64	 -2.02	
 -0.00	  1.38	 -2.08	 -0.00	  1.38	 -2.08	 -0.00	 -0.78	  2.64	 -2.03	 -0.00	 -0.78	  2.64	 -2.03	
 -0.00	  1.38	 -2.08	 -0.00	  1.38	 -2.08	 -0.00	 -0.78	  2.63	 -2.03	 -0.00	 -0.78	  2.63	 -2.03	
 -0.00	  1.39	 -2.08	 -0.00	  1.39	 -2.08	 -0.00	 -0.77	  2.63	 -2.03	 -0.00	 -0.77	  2.63	 -2.03	
 -0.00	  1.39	 -2.08	 -0.00	  1.39	 -2.08	 -0.00	 -0.77	  2.63	 -2.04	 -0.00	 -0.77	  2.63	 -2.04	
 -0.00	  1.39	 -2.08	 -0.00	  1.39	 -2.08	 -0.00	 -0.76	  2.63	 -2.04	 -0.00	 -0.76	  2.63	 -2.04	
 -0.00	  1.39	 -2.08	 -0.00	  1.39	 -2.08	 -0.00	 -0.76	  2.62	 -2.04	 -0.00	 -0.76	  2.62	 -2.04	
 -0.00	  1.39	 -2.07	 -0.00	  1.39	 -2.07	 -0.00	 -0.75	  2.62	 -2.05	 -0.00	 -0.75	  2.62	 -2.05	
 -0.00	  1.39	 -2.07	 -0.00	  1.39	 -2.07	 -0.00	 -0.74	  2.62	 -2.05	 -0.00	 -0.74	  2.62	 -2.05	
 -0.00	  1.39	 -2.07	 -0.00	  1.39	 -2.07	 -0.00	 -0.74	  2.62	 -2.05	 -0.00	 -0.74	  2.62	 -2.05	
 -0.00	  1.40	 -2.07	 -0.00	  1.40	 -2.07	 -0.00	 -0.73	  2.61	 -2.06	 -0.00	 -0.73	  2.61	 -2.06	
 -0.00	  1.40	 -2.07	 -0.00	  1.40	 -2.07	 -0.00	 -0.73	  2.61	 -2.06	 -0.00	 -0.73	  2.61	 -2.06	
 -0.00	  1.40	 -2.07	 -0.00	  1.40	 -2.07	 -0.00	 -0.72	  2.61	 -2.06	 -0.00	 -0.72	  2.61	 -2.06	
 -0.00	  1.40	 -2.07	 -0.00	  1.40	 -2.07	 -0.00	 -0.72	  2.61	 -2.06	 -0.00	 -0.72	  2.61	 -2.06	
 -0.00	  1.40	 -2.07	 -0.00	  1.40	 -2.07	 -0.00	 -0.71	  2.61	 -2.07	 -0.00	 -0.71	  2.61	 -2.07	
 -0.00	  1.40	 -2.07	 -0.00	  1.40	 -2.07	 -0.00	 -0.71	  2.60	 -2.07	 -0.00	 -0.71	  2.60	 -2.07	
 -0.00	  1.41	 -2.07	 -0.00	  1.41	 -2.07	 -0.00	 -0.70	  2.60	 -2.07	 -0.00	 -0.70	  2.60	 -2.07	
 -0.00	  1.41	 -2.07	 -0.00	  1.41	 -2.07	 -0.00	 -0.70	  2.60	 -2.07	 -0.00	 -0.70	  2.60	 -2.07	
 -0.00	  1.41	 -2.07	 -0.00	  1.41	 -2.07	 -0.00	 -0.69	  2.60	 -2.08	 -0.00	 -0.69	  2.60	 -2.08	
 -0.00	  1.41	 -2.07	 -0.00	  1.41	 -2.07	 -0.00	 -0.69	  2.59	 -2.08	 -0.00	 -0.69	  2.59	 -2.08	
 -0.00	  1.41	 -2.06	 -0.00	  1.41	 -2.06	 -0.00	 -0.68	  2.59	 -2.08	 -0.00	 -0.68	  2.59	 -2.08	
 -0.00	  1.41	 -2.06	 -0.00	  1.41	 -2.06	 -0.00	 -0.68	  2.59	 -2.08	 -0.00	 -0.68	  2.59	 -2.08	
 -0.00	  1.41	 -2.06	 -0.00	  1.41	 -2.06	 -0.00	 -0.67	  2.59	 -2.09	 -0.00	 -0.67	  2.59	 -2.09	
 -0.00	  1.41	 -2.06	 -0.00	  1.41	 -2.06	 -0.00	 -0.67	  2.58	 -2.09	 -0.00	 -0.67	  2.58	 -2.09	
 -0.00	  1.42	 -2.06	 -0.00	  1.42	 -2.06	 -0.00	 -0.66	  2.58	 -2.09	 -0.00	 -0.66	  2.58	 -2.09	
 -0.00	  1.42	 -2.06	 -0.00	  1.42	 -2.06	 -0.00	 -0.66	  2.58	 -2.09	 -0.00	 -0.66	  2.58	 -2.09	
 -0.00	  1.42	 -2.06	 -0.00	  1.42	 -2.06	 -0.00	 -0.66	  2.58	 -2.10	 -0.00	 -0.66	  2.58	 -2.10	
 -0.00	  1.42	 -2.06	 -0.00	  1.42	 -2.06	 -0.00	 -0.65	  2.57	 -2.10	 -0.00	 -0.65	  2.57	 -2.10	
 -0.00	  1.42	 -2.06	 -0.00	  1.42	 -2.06	 -0.00	 -0.65	  2.57	 -2.10	 -0.00	 -0.65	  2.57	 -2.10	
 -0.00	  1.42	 -2.06	 -0.00	  1.42	 -2.06	 -0.00	 -0.64	  2.57	 -2.10	 -0.00	 -0.64	  2.57	 -2.10	
 -0.00	  1.42	 -2.06	 -0.00	  1.42	 -2.06	 -0.00	 -0.64	  2.57	 -2.10	 -0.00	 -0.64	  2.57	 -2.10	
 -0.00	  1.42	 -2.05	 -0.00	  1.42	 -2.05	 -0.00	 -0.63	  2.57	 -2.11	 -0.00	 -0.63	  2.57	 -2.11	
 -0.00	  1.43	 -2.05	 -0.00	  1.43	 -2.05	 -0.00	 -0.63	  2.56	 -2.11	 -0.00	 -0.63	  2.56	 -2.11	
 -0.00	  1.43	 -2.05	 -0.00	  1.43	 -2.05	 -0.00	 -0.63	  2.56	 -2.11	 -0.00	 -0.63	  2.56	 -2.11	
 -0.00	  1.43	 -2.05	 -0.00	  1.43	 -2.05	 -0.00	 -0.62	  2.56	 -2.11	 -0.00	 -0.62	  2.56	 -2.11	
 -0.00	  1.43	 -2.05	 -0.00	  1.43	 -2.05	 -0.00	 -0.62	  2.56	 -2.11	 -0.00	 -0.62	  2.56	 -2.11	
 -0.00	  1.43	 -2.05	 -0.00	  1.43	 -2.05	 -0.00	 -0.61	  2.55	 -2.11	 -0.00	 -0.61	  2.55	 -2.11	
 -0.00	  1.43	 -2.05	 -0.00	  1.43	 -2.05	 -0.00	 -0.61	  2.55	 -2.12	 -0.00	 -0.61	  2.55	 -2.12	
 -0.00	  1.43	 -2.05	 -0.00	  1.43	 -2.05	 -0.00	 -0.61	  2.55	 -2.12	 -0.00	 -0.61	  2.55	 -2.12	
 -0.00	  1.43	 -2.05	 -0.00	  1.43	 -2.05	 -0.00	 -0.60	  2.55	 -2.12	 -0.00	 -0.60	  2.55	 -2.12	
 -0.00	  1.43	 -2.05	 -0.00	  1.43	 -2.05	 -0.00	 -0.60	  2.55	 -2.12	 -0.00	 -0.60	  2.55	 -2.12	
 -0.00	  1.43	 -2.05	 -0.00	  1.43	 -2.05	 -0.00	 -0.60	  2.54	 -2.12	 -0.00	 -0.60	  2.54	 -2.12	
 -0.00	  1.44	 -2.04	 -0.00	  1.44	 -2.04	 -0.00	 -0.59	  2.54	 -2.12	 -0.00	 -0.59	  2.54	 -2.12	
 -0.00	  1.44	 -2.04	 -0.00	  1.44	 -2.04	 -0.00	 -0.59	  2.54	 -2.13	 -0.00	 -0.59	  2.54	 -2.13	
 -0.00	  1.44	 -2.04	 -0.00	  1.44	 -2.04	 -0.00	 -0.58	  2.54	 -2.13	 -0.00	 -0.58	  2.54	 -2.13	
 -0.00	  1.44	 -2.04	 -0.00	  1.44	 -2.04	 -0.00	 -0.58	  2.53	 -2.13	 -0.00	 -0.58	  2.53	 -2.13	
 -0.00	  1.44	 -2.04	 -0.00	  1.44	 -2.04	 -0.00	 -0.58	  2.53	 -2.13	 -0.00	 -0.58	  2.53	 -2.13	
 -0.00	  1.44	 -2.04	 -0.00	  1.44	 -2.04	 -0.00	 -0.57	  2.53	 -2.13	 -0.00	 -0.57	  2.53	 -2.13	
 -0.00	  1.44	 -2.04	 -0.00	  1.44	 -2.04	 -0.00	 -0.57	  2.53	 -2.13	 -0.00	 -0.57	  2.53	 -2.13	
 -0.00	  1.44	 -2.04	 -0.00	  1.44	 -2.04	 -0.00	 -0.57	  2.53	 -2.13	 -0.00	 -0.57	  2.53	 -2.13	
 -0.00	  1.44	 -2.04	 -0.00	  1.44	 -2.04	 -0.00	 -0.57	  2.52	 -2.13	 -0.00	 -0.57	  2.52	 -2.13	
 -0.00	  1.44	 -2.04	 -0.00	  1.44	 -2.04	 -0.00	 -0.56	  2.52	 -2.14	 -0.00	 -0.56	  2.52	 -2.14	
 -0.00	  1.44	 -2.04	 -0.00	  1.44	 -2.04	 -0.00	 -0.56	  2.52	 -2.14	 -0.00	 -0.56	  2.52	 -2.14	
 -0.00	  1.44	 -2.03	 -0.00	  1.44	 -2.03	 -0.00	 -0.56	  2.52	 -2.14	 -0.00	 -0.56	  2.52	 -2.14	
 -0.00	  1.45	 -2.03	 -0.00	  1.45	 -2.03	 -0.00	 -0.55	  2.52	 -2.14	 -0.00	 -0.55	  2.52	 -2.14	
 -0.00	  1.45	 -2.03	 -0.00	  1.45	 -2.03	 -0.00	 -0.55	  2.52	 -2.14	 -0.00	 -0.55	  2.52	 -2.14	
 -0.00	  1.45	 -2.03	 -0.00	  1.45	 -2.03	 -0.00	 -0.55	  2.51	 -2.14	 -0.00	 -0.55	  2.51	 -2.14	
 -0.00	  1.45	 -2.03	 -0.00	  1.45	 -2.03	 -0.00	 -0.55	  2.51	 -2.14	 -0.00	 -0.55	  2.51	 -2.14	
 -0.00	  1.45	 -2.03	 -0.00	  1.45	 -2.03	 -0.00	 -0.54	  2.51	 -2.14	 -0.00	 -0.54	  2.51	 -2.14	
 -0.00	  1.45	 -2.03	 -0.00	  1.45	 -2.03	 -0.00	 -0.54	  2.51	 -2.14	 -0.00	 -0.54	  2.51	 -2.14	
 -0.00	  1.45	 -2.03	 -0.00	  1.45	 -2.03	 -0.00	 -0.54	  2.51	 -2.14	 -0.00	 -0.54	  2.51	 -2.14	
 -0.00	  1.45	 -2.03	 -0.00	  1.45	 -2.03	 -0.00	 -0.53	  2.50	 -2.14	 -0.00	 -0.53	  2.50	 -2.14	
 -0.00	  1.45	 -2.03	 -0.00	  1.45	 -2.03	 -0.00	 -0.53	  2.50	 -2.15	 -0.00	 -0.53	  2.50	 -2.15	
 -0.00	  1.45	 -2.03	 -0.00	  1.45	 -2.03	 -0.00	 -0.53	  2.50	 -2.15	 -0.00	 -0.53	  2.50	 -2.15	
 -0.00	  1.45	 -2.02	 -0.00	  1.45	 -2.02	 -0.00	 -0.53	  2.50	 -2.15	 -0.00	 -0.53	  2.50	 -2.15	
 -0.00	  1.45	 -2.02	 -0.00	  1.45	 -2.02	 -0.00	 -0.53	  2.50	 -2.15	 -0.00	 -0.53	  2.50	 -2.15	
 -0.00	  1.45	 -2.02	 -0.00	  1.45	 -2.02	 -0.00	 -0.52	  2.50	 -2.15	 -0.00	 -0.52	  2.50	 -2.15	
 -0.00	  1.45	 -2.02	 -0.00	  1.45	 -2.02	 -0.00	 -0.52	  2.50	 -2.15	 -0.00	 -0.52	  2.50	 -2.15	
 -0.00	  1.45	 -2.02	 -0.00	  1.45	 -2.02	 -0.00	 -0.52	  2.49	 -2.15	 -0.00	 -0.52	  2.49	 -2.15	
 -0.00	  1.45	 -2.02	 -0.00	  1.45	 -2.02	 -0.00	 -0.52	  2.49	 -2.15	 -0.00	 -0.52	  2.49	 -2.15	
 -0.00	  1.46	 -2.02	 -0.00	  1.45	 -2.02	 -0.00	 -0.52	  2.49	 -2.15	 -0.00	 -0.51	  2.49	 -2.15	
 -0.00	  1.46	 -2.02	 -0.00	  1.45	 -2.02	 -0.00	 -0.51	  2.49	 -2.15	 -0.00	 -0.51	  2.49	 -2.15	
 -0.00	  1.46	 -2.02	 -0.00	  1.46	 -2.02	 -0.00	 -0.51	  2.49	 -2.15	 -0.00	 -0.51	  2.49	 -2.15	
 -0.00	  1.46	 -2.02	 -0.00	  1.46	 -2.02	 -0.00	 -0.51	  2.49	 -2.15	 -0.00	 -0.51	  2.49	 -2.15	
 -0.00	  1.46	 -2.02	 -0.00	  1.46	 -2.02	 -0.00	 -0.51	  2.48	 -2.15	 -0.00	 -0.51	  2.49	 -2.15	
 -0.00	  1.46	 -2.02	 -0.00	  1.46	 -2.02	 -0.00	 -0.51	  2.48	 -2.15	 -0.00	 -0.51	  2.49	 -2.16	
 -0.00	  1.46	 -2.02	 -0.00	  1.46	 -2.02	 -0.00	 -0.50	  2.48	 -2.15	 -0.00	 -0.50	  2.49	 -2.16	
 -0.00	  1.46	 -2.02	 -0.00	  1.46	 -2.01	 -0.00	 -0.50	  2.48	 -2.15	 -0.00	 -0.50	  2.49	 -2.16	
 -0.00	  1.46	 -2.02	 -0.00	  1.46	 -2.01	 -0.00	 -0.50	  2.48	 -2.15	 -0.00	 -0.50	  2.49	 -2.16	
 -0.00	  1.46	 -2.02	 -0.00	  1.46	 -2.01	 -0.00	 -0.50	  2.48	 -2.15	 -0.00	 -0.50	  2.48	 -2.16	
 -0.00	  1.46	 -2.02	 -0.00	  1.46	 -2.01	 -0.00	 -0.50	  2.48	 -2.15	 -0.00	 -0.50	  2.48	 -2.16	
 -0.00	  1.46	 -2.02	 -0.00	  1.46	 -2.01	 -0.00	 -0.50	  2.48	 -2.15	 -0.00	 -0.49	  2.48	 -2.16	
 -0.00	  1.47	 -2.02	 -0.00	  1.46	 -2.01	 -0.00	 -0.50	  2.47	 -2.15	 -0.00	 -0.49	  2.48	 -2.17	
 -0.00	  1.47	 -2.02	 -0.00	  1.46	 -2.01	 -0.00	 -0.49	  2.47	 -2.15	 -0.00	 -0.49	  2.48	 -2.17	
 -0.00	  1.47	 -2.02	 -0.00	  1.46	 -2.01	 -0.00	 -0.49	  2.47	 -2.15	 -0.00	 -0.49	  2.48	 -2.17	
 -0.00	  1.47	 -2.02	 -0.00	  1.46	 -2.01	 -0.00	 -0.49	  2.47	 -2.15	 -0.00	 -0.49	  2.48	 -2.17	
 -0.00	  1.47	 -2.03	 -0.00	  1.46	 -2.01	 -0.00	 -0.49	  2.47	 -2.15	 -0.00	 -0.49	  2.49	 -2.17	
 -0.00	  1.47	 -2.03	 -0.00	  1.46	 -2.01	 -0.00	 -0.49	  2.47	 -2.15	 -0.00	 -0.49	  2.49	 -2.17	
 -0.00	  1.47	 -2.03	 -0.00	  1.46	 -2.01	 -0.00	 -0.49	  2.47	 -2.15	 -0.00	 -0.48	  2.49	 -2.18	
 -0.00	  1.47	 -2.03	 -0.00	  1.46	 -2.01	 -0.00	 -0.49	  2.47	 -2.16	 -0.00	 -0.48	  2.49	 -2.18	
 -0.00	  1.48	 -2.03	 -0.00	  1.46	 -2.01	 -0.00	 -0.49	  2.47	 -2.16	 -0.00	 -0.48	  2.49	 -2.18	
 -0.00	  1.48	 -2.03	 -0.00	  1.46	 -2.00	 -0.00	 -0.48	  2.46	 -2.16	 -0.00	 -0.48	  2.49	 -2.18	
 -0.00	  1.48	 -2.03	 -0.00	  1.46	 -2.00	 -0.00	 -0.48	  2.46	 -2.16	 -0.00	 -0.48	  2.49	 -2.19	
 -0.00	  1.48	 -2.04	 -0.00	  1.46	 -2.00	 -0.00	 -0.48	  2.46	 -2.16	 -0.00	 -0.48	  2.49	 -2.19	
 -0.00	  1.48	 -2.04	 -0.00	  1.46	 -2.00	 -0.00	 -0.48	  2.46	 -2.16	 -0.00	 -0.48	  2.49	 -2.19	
 -0.00	  1.48	 -2.04	 -0.00	  1.46	 -2.00	 -0.00	 -0.48	  2.46	 -2.16	 -0.00	 -0.48	  2.49	 -2.19	
 -0.00	  1.49	 -2.04	 -0.00	  1.46	 -2.00	 -0.00	 -0.48	  2.46	 -2.16	 -0.00	 -0.47	  2.50	 -2.20	
 -0.00	  1.49	 -2.04	 -0.00	  1.46	 -2.00	 -0.00	 -0.48	  2.46	 -2.16	 -0.00	 -0.47	  2.50	 -2.20	
 -0.00	  1.49	 -2.05	 -0.00	  1.46	 -2.00	 -0.00	 -0.48	  2.46	 -2.16	 -0.00	 -0.47	  2.50	 -2.20	
 -0.00	  1.49	 -2.05	 -0.00	  1.46	 -2.00	 -0.00	 -0.48	  2.46	 -2.16	 -0.00	 -0.47	  2.50	 -2.20	
 -0.00	  1.49	 -2.05	 -0.00	  1.46	 -2.00	 -0.00	 -0.48	  2.46	 -2.16	 -0.00	 -0.47	  2.50	 -2.21	
 -0.00	  1.49	 -2.06	 -0.00	  1.46	 -2.00	 -0.00	 -0.48	  2.46	 -2.16	 -0.00	 -0.47	  2.50	 -2.21	
 -0.00	  1.50	 -2.06	 -0.00	  1.46	 -2.00	 -0.00	 -0.47	  2.46	 -2.16	 -0.00	 -0.47	  2.51	 -2.21	
 -0.00	  1.50	 -2.06	 -0.00	  1.46	 -2.00	 -0.00	 -0.47	  2.45	 -2.16	 -0.00	 -0.47	  2.51	 -2.22	
 -0.00	  1.50	 -2.06	 -0.00	  1.46	 -2.00	 -0.00	 -0.47	  2.45	 -2.16	 -0.00	 -0.47	  2.51	 -2.22	
 -0.00	  1.50	 -2.07	 -0.00	  1.46	 -2.00	 -0.00	 -0.47	  2.45	 -2.16	 -0.00	 -0.47	  2.51	 -2.22	
 -0.00	  1.50	 -2.07	 -0.00	  1.46	 -2.00	 -0.00	 -0.47	  2.45	 -2.16	 -0.00	 -0.47	  2.52	 -2.23	
 -0.00	  1.50	 -2.07	 -0.00	  1.46	 -2.00	 -0.00	 -0.47	  2.45	 -2.16	 -0.00	 -0.47	  2.52	 -2.23	
 -0.00	  1.51	 -2.08	 -0.00	  1.46	 -2.00	 -0.00	 -0.47	  2.45	 -2.15	 -0.00	 -0.47	  2.52	 -2.23	
 -0.00	  1.51	 -2.08	 -0.00	  1.46	 -1.99	 -0.00	 -0.47	  2.45	 -2.15	 -0.00	 -0.46	  2.53	 -2.23	
 -0.00	  1.51	 -2.08	 -0.00	  1.46	 -1.99	 -0.00	 -0.47	  2.45	 -2.15	 -0.00	 -0.46	  2.53	 -2.24	
 -0.00	  1.51	 -2.09	 -0.00	  1.46	 -1.99	 -0.00	 -0.47	  2.45	 -2.15	 -0.00	 -0.46	  2.53	 -2.24	
 -0.00	  1.51	 -2.09	 -0.00	  1.46	 -1.99	 -0.00	 -0.47	  2.45	 -2.15	 -0.00	 -0.46	  2.53	 -2.24	
 -0.00	  1.52	 -2.09	 -0.00	  1.46	 -1.99	 -0.00	 -0.47	  2.45	 -2.15	 -0.00	 -0.46	  2.54	 -2.25	
 -0.00	  1.52	 -2.10	 -0.00	  1.46	 -1.99	 -0.00	 -0.47	  2.45	 -2.15	 -0.00	 -0.46	  2.54	 -2.25	
 -0.00	  1.52	 -2.10	 -0.00	  1.46	 -1.99	 -0.00	 -0.47	  2.45	 -2.15	 -0.00	 -0.46	  2.54	 -2.25	
 -0.00	  1.52	 -2.10	 -0.00	  1.46	 -1.99	 -0.00	 -0.47	  2.45	 -2.15	 -0.00	 -0.46	  2.55	 -2.26	
 -0.00	  1.52	 -2.11	 -0.00	  1.46	 -1.99	 -0.00	 -0.47	  2.45	 -2.15	 -0.00	 -0.47	  2.55	 -2.26	
 -0.00	  1.52	 -2.11	 -0.00	  1.46	 -1.99	 -0.00	 -0.47	  2.45	 -2.15	 -0.00	 -0.47	  2.56	 -2.26	
 -0.00	  1.53	 -2.12	 -0.00	  1.46	 -1.99	 -0.00	 -0.47	  2.44	 -2.15	 -0.00	 -0.47	  2.56	 -2.27	
 -0.00	  1.53	 -2.12	 -0.00	  1.46	 -1.99	 -0.00	 -0.47	  2.44	 -2.15	 -0.00	 -0.47	  2.56	 -2.27	
 -0.00	  1.53	 -2.12	 -0.00	  1.46	 -1.99	 -0.00	 -0.47	  2.44	 -2.15	 -0.00	 -0.47	  2.57	 -2.27	
 -0.00	  1.53	 -2.13	 -0.00	  1.46	 -1.99	 -0.00	 -0.47	  2.44	 -2.15	 -0.00	 -0.47	  2.57	 -2.28	
 -0.00	  1.53	 -2.13	 -0.00	  1.46	 -1.99	 -0.00	 -0.46	  2.44	 -2.15	 -0.00	 -0.47	  2.58	 -2.28	
 -0.00	  1.53	 -2.14	 -0.00	  1.46	 -1.99	 -0.00	 -0.46	  2.44	 -2.15	 -0.00	 -0.47	  2.58	 -2.28	
 -0.00	  1.53	 -2.14	 -0.00	  1.46	 -1.99	 -0.00	 -0.46	  2.44	 -2.15	 -0.00	 -0.47	  2.58	 -2.29	
 -0.00	  1.54	 -2.14	 -0.00	  1.46	 -1.99	 -0.00	 -0.46	  2.44	 -2.15	 -0.00	 -0.48	  2.59	 -2.29	
 -0.00	  1.54	 -2.15	 -0.00	  1.46	 -1.99	 -0.00	 -0.46	  2.44	 -2.15	 -0.00	 -0.48	  2.59	 -2.29	
 -0.00	  1.54	 -2.15	 -0.00	  1.46	 -1.99	 -0.00	 -0.46	  2.44	 -2.15	 -0.00	 -0.48	  2.60	 -2.29	
 -0.00	  1.54	 -2.16	 -0.00	  1.46	 -1.99	 -0.00	 -0.46	  2.44	 -2.15	 -0.00	 -0.48	  2.60	 -2.30	
 -0.00	  1.54	 -2.16	 -0.00	  1.46	 -1.99	 -0.00	 -0.46	  2.44	 -2.15	 -0.00	 -0.48	  2.61	 -2.30	
 -0.00	  1.54	 -2.16	 -0.00	  1.46	 -1.99	 -0.00	 -0.46	  2.44	 -2.15	 -0.00	 -0.49	  2.61	 -2.30	
 -0.00	  1.54	 -2.17	 -0.00	  1.46	 -1.99	 -0.00	 -0.46	  2.44	 -2.15	 -0.00	 -0.49	  2.62	 -2.30	
 -0.00	  1.54	 -2.17	 -0.00	  1.46	 -1.99	 -0.00	 -0.46	  2.44	 -2.15	 -0.00	 -0.49	  2.62	 -2.30	
 -0.00	  1.54	 -2.18	 -0.00	  1.46	 -1.99	 -0.00	 -0.46	  2.44	 -2.15	 -0.00	 -0.50	  2.63	 -2.31	
 -0.00	  1.54	 -2.18	 -0.00	  1.46	 -1.98	 -0.00	 -0.46	  2.44	 -2.15	 -0.00	 -0.50	  2.63	 -2.31	
 -0.00	  1.54	 -2.18	 -0.00	  1.46	 -1.98	 -0.00	 -0.46	  2.44	 -2.15	 -0.00	 -0.50	  2.64	 -2.31	
 -0.00	  1.54	 -2.19	 -0.00	  1.46	 -1.98	 -0.00	 -0.46	  2.44	 -2.15	 -0.00	 -0.51	  2.64	 -2.31	
 -0.00	  1.54	 -2.19	 -0.00	  1.46	 -1.98	 -0.00	 -0.46	  2.44	 -2.15	 -0.00	 -0.51	  2.65	 -2.31	
 -0.00	  1.54	 -2.19	 -0.00	  1.46	 -1.98	 -0.00	 -0.46	  2.44	 -2.15	 -0.00	 -0.52	  2.65	 -2.31	
 -0.00	  1.54	 -2.20	 -0.00	  1.46	 -1.98	 -0.00	 -0.46	  2.44	 -2.15	 -0.00	 -0.52	  2.66	 -2.31	
 -0.00	  1.54	 -2.20	 -0.00	  1.46	 -1.98	 -0.00	 -0.46	  2.44	 -2.15	 -0.00	 -0.53	  2.66	 -2.31	
 -0.00	  1.54	 -2.21	 -0.00	  1.46	 -1.98	 -0.00	 -0.46	  2.44	 -2.15	 -0.00	 -0.53	  2.67	 -2.31	
 -0.00	  1.54	 -2.21	 -0.00	  1.46	 -1.98	 -0.00	 -0.46	  2.44	 -2.15	 -0.00	 -0.54	  2.68	 -2.31	
 -0.00	  1.54	 -2.21	 -0.00	  1.46	 -1.98	 -0.00	 -0.46	  2.44	 -2.15	 -0.00	 -0.54	  2.68	 -2.31	
 -0.00	  1.54	 -2.22	 -0.00	  1.46	 -1.98	 -0.00	 -0.46	  2.44	 -2.15	 -0.00	 -0.55	  2.69	 -2.31	
 -0.00	  1.53	 -2.22	 -0.00	  1.46	 -1.98	 -0.00	 -0.46	  2.44	 -2.15	 -0.00	 -0.56	  2.69	 -2.31	
 -0.00	  1.53	 -2.22	 -0.00	  1.46	 -1.98	 -0.00	 -0.46	  2.44	 -2.15	 -0.00	 -0.57	  2.70	 -2.31	
 -0.00	  1.53	 -2.23	 -0.00	  1.46	 -1.98	 -0.00	 -0.46	  2.44	 -2.15	 -0.00	 -0.57	  2.70	 -2.31	
 -0.00	  1.53	 -2.23	 -0.00	  1.46	 -1.98	 -0.00	 -0.46	  2.44	 -2.15	 -0.00	 -0.58	  2.71	 -2.30	
 -0.00	  1.53	 -2.23	 -0.00	  1.46	 -1.98	 -0.00	 -0.46	  2.44	 -2.15	 -0.00	 -0.59	  2.72	 -2.30	
 -0.00	  1.52	 -2.23	 -0.00	  1.46	 -1.98	 -0.00	 -0.46	  2.44	 -2.15	 -0.00	 -0.60	  2.72	 -2.30	
 -0.00	  1.52	 -2.24	 -0.00	  1.46	 -1.98	 -0.00	 -0.46	  2.44	 -2.15	 -0.00	 -0.61	  2.73	 -2.29	
 -0.00	  1.52	 -2.24	 -0.00	  1.46	 -1.98	 -0.00	 -0.46	  2.44	 -2.15	 -0.00	 -0.62	  2.74	 -2.29	
 -0.00	  1.52	 -2.24	 -0.00	  1.46	 -1.98	 -0.00	 -0.46	  2.44	 -2.15	 -0.00	 -0.63	  2.74	 -2.28	
 -0.00	  1.51	 -2.24	 -0.00	  1.46	 -1.98	 -0.00	 -0.46	  2.44	 -2.15	 -0.00	 -0.64	  2.75	 -2.28	
 -0.00	  1.51	 -2.25	 -0.00	  1.46	 -1.98	 -0.00	 -0.46	  2.44	 -2.15	 -0.00	 -0.66	  2.75	 -2.27	
 -0.00	  1.51	 -2.25	 -0.00	  1.46	 -1.98	 -0.00	 -0.46	  2.44	 -2.15	 -0.00	 -0.67	  2.76	 -2.27	
 -0.00	  1.50	 -2.25	 -0.00	  1.46	 -1.98	 -0.00	 -0.46	  2.44	 -2.15	 -0.00	 -0.68	  2.77	 -2.26	
 -0.00	  1.50	 -2.25	 -0.00	  1.46	 -1.98	 -0.00	 -0.46	  2.44	 -2.15	 -0.00	 -0.70	  2.77	 -2.25	
 -0.00	  1.49	 -2.26	 -0.00	  1.46	 -1.98	 -0.00	 -0.46	  2.44	 -2.15	 -0.00	 -0.71	  2.78	 -2.25	
 -0.00	  1.49	 -2.26	 -0.00	  1.46	 -1.98	 -0.00	 -0.46	  2.44	 -2.15	 -0.00	 -0.73	  2.79	 -2.24	
 -0.00	  1.49	 -2.26	 -0.00	  1.46	 -1.98	 -0.00	 -0.46	  2.44	 -2.15	 -0.00	 -0.74	  2.79	 -2.23	
 -0.00	  1.48	 -2.26	 -0.00	  1.46	 -1.98	 -0.00	 -0.46	  2.43	 -2.15	 -0.00	 -0.76	  2.80	 -2.22	
 -0.00	  1.48	 -2.26	 -0.00	  1.46	 -1.98	 -0.00	 -0.46	  2.43	 -2.15	 -0.00	 -0.78	  2.81	 -2.21	
 -0.00	  1.47	 -2.26	 -0.00	  1.46	 -1.98	 -0.00	 -0.46	  2.43	 -2.15	 -0.00	 -0.80	  2.82	 -2.19	
 -0.00	  1.47	 -2.27	 -0.00	  1.46	 -1.98	 -0.00	 -0.46	  2.43	 -2.15	 -0.00	 -0.82	  2.82	 -2.18	
 -0.00	  1.46	 -2.27	 -0.00	  1.46	 -1.98	 -0.00	 -0.46	  2.43	 -2.15	 -0.00	 -0.84	  2.83	 -2.17	
 -0.00	  1.46	 -2.27	 -0.00	  1.46	 -1.98	 -0.00	 -0.46	  2.43	 -2.15	 -0.00	 -0.86	  2.84	 -2.15	
 -0.00	  1.45	 -2.27	 -0.00	  1.46	 -1.98	 -0.00	 -0.46	  2.43	 -2.15	 -0.00	 -0.88	  2.84	 -2.14	
 -0.00	  1.44	 -2.27	 -0.00	  1.46	 -1.98	 -0.00	 -0.46	  2.43	 -2.15	 -0.00	 -0.90	  2.85	 -2.12	
 -0.00	  1.44	 -2.27	 -0.00	  1.46	 -1.98	 -0.00	 -0.46	  2.43	 -2.15	 -0.00	 -0.93	  2.86	 -2.11	
 -0.00	  1.43	 -2.27	 -0.00	  1.46	 -1.98	 -0.00	 -0.46	  2.43	 -2.15	 -0.00	 -0.95	  2.87	 -2.09	
 -0.00	  1.43	 -2.27	 -0.00	  1.46	 -1.98	 -0.00	 -0.46	  2.43	 -2.15	 -0.00	 -0.98	  2.87	 -2.07	
 -0.00	  1.42	 -2.27	 -0.00	  1.46	 -1.98	 -0.00	 -0.46	  2.43	 -2.15	 -0.00	 -1.01	  2.88	 -2.05	
 -0.00	  1.41	 -2.27	 -0.00	  1.46	 -1.98	 -0.00	 -0.46	  2.43	 -2.15	 -0.00	 -1.04	  2.89	 -2.02	
 -0.00	  1.41	 -2.27	 -0.00	  1.46	 -1.98	 -0.00	 -0.46	  2.44	 -2.15	 -0.00	 -1.07	  2.90	 -2.00	
 -0.00	  1.40	 -2.27	 -0.00	  1.46	 -1.98	 -0.00	 -0.46	  2.44	 -2.15	 -0.00	 -1.11	  2.90	 -1.97	
 -0.00	  1.39	 -2.27	 -0.00	  1.46	 -1.98	 -0.00	 -0.46	  2.44	 -2.15	 -0.00	 -1.14	  2.91	 -1.95	
 -0.00	  1.38	 -2.27	 -0.00	  1.46	 -1.98	 -0.00	 -0.46	  2.44	 -2.15	 -0.00	 -1.18	  2.92	 -1.92	
 -0.00	  1.38	 -2.27	 -0.00	  1.46	 -1.98	 -0.00	 -0.46	  2.44	 -2.15	 -0.00	 -1.22	  2.93	 -1.89	
 -0.00	  1.37	 -2.27	 -0.00	  1.46	 -1.98	 -0.00	 -0.46	  2.44	 -2.15	 -0.00	 -1.26	  2.94	 -1.85	
 -0.00	  1.36	 -2.27	 -0.00	  1.46	 -1.98	 -0.00	 -0.46	  2.44	 -2.15	 -0.00	 -1.30	  2.94	 -1.82	
 -0.00	  1.35	 -2.27	 -0.00	  1.46	 -1.98	 -0.00	 -0.46	  2.44	 -2.15	 -0.00	 -1.34	  2.95	 -1.78	
 -0.00	  1.34	 -2.27	 -0.00	  1.46	 -1.98	 -0.00	 -0.46	  2.44	 -2.15	 -0.00	 -1.39	  2.96	 -1.75	
 -0.00	  1.33	 -2.27	 -0.00	  1.46	 -1.98	 -0.00	 -0.46	  2.44	 -2.15	 -0.00	 -1.44	  2.97	 -1.70	
 -0.00	  1.33	 -2.27	 -0.00	  1.46	 -1.98	 -0.00	 -0.46	  2.44	 -2.15	 -0.00	 -1.49	  2.98	 -1.66	
 -0.00	  1.32	 -2.27	 -0.00	  1.46	 -1.98	 -0.00	 -0.46	  2.44	 -2.15	 -0.00	 -1.54	  2.98	 -1.62	
 -0.00	  1.31	 -2.27	 -0.00	  1.46	 -1.98	 -0.00	 -0.46	  2.44	 -2.15	 -0.00	 -1.60	  2.99	 -1.57	
 -0.00	  1.30	 -2.26	 -0.00	  1.46	 -1.98	 -0.00	 -0.46	  2.44	 -2.15	 -0.00	 -1.65	  3.00	 -1.52	
 -0.00	  1.29	 -2.26	 -0.00	  1.46	 -1.98	 -0.00	 -0.46	  2.44	 -2.15	 -0.00	 -1.71	  3.01	 -1.47	
 -0.00	  1.28	 -2.26	 -0.00	  1.46	 -1.98	 -0.00	 -0.46	  2.44	 -2.15	 -0.00	 -1.77	  3.01	 -1.42	
 -0.00	  1.27	 -2.26	 -0.00	  1.46	 -1.98	 -0.00	 -0.46	  2.44	 -2.15	 -0.00	 -1.84	  3.02	 -1.36	
 -0.00	  1.26	 -2.26	 -0.00	  1.46	 -1.98	 -0.00	 -0.46	  2.44	 -2.15	 -0.00	 -1.90	  3.03	 -1.30	
 -0.00	  1.25	 -2.25	 -0.00	  1.46	 -1.98	 -0.00	 -0.46	  2.44	 -2.15	 -0.00	 -1.96	  3.04	 -1.25	
 -0.00	  1.24	 -2.25	 -0.00	  1.46	 -1.98	 -0.00	 -0.46	  2.44	 -2.15	 -0.00	 -2.03	  3.04	 -1.19	
 -0.00	  1.23	 -2.25	 -0.00	  1.46	 -1.98	 -0.00	 -0.46	  2.44	 -2.15	 -0.00	 -2.09	  3.05	 -1.13	
 -0.00	  1.22	 -2.25	 -0.00	  1.46	 -1.98	 -0.00	 -0.46	  2.44	 -2.15	 -0.00	 -2.16	  3.05	 -1.07	
 -0.00	  1.21	 -2.24	 -0.00	  1.46	 -1.98	 -0.00	 -0.46	  2.44	 -2.15	 -0.00	 -2.22	  3.06	 -1.02	
 -0.00	  1.20	 -2.24	 -0.00	  1.46	 -1.98	 -0.00	 -0.46	  2.44	 -2.15	 -0.00	 -2.27	  3.06	 -0.96	
 -0.00	  1.19	 -2.24	 -0.00	  1.46	 -1.98	 -0.00	 -0.46	  2.44	 -2.15	 -0.00	 -2.33	  3.06	 -0.91	
 -0.00	  1.18	 -2.23	 -0.00	  1.46	 -1.98	 -0.00	 -0.46	  2.44	 -2.15	 -0.00	 -2.38	  3.07	 -0.86	
 -0.00	  1.17	 -2.23	 -0.00	  1.46	 -1.98	 -0.00	 -0.46	  2.44	 -2.15	 -0.00	 -2.42	  3.07	 -0.82	
 -0.00	  1.16	 -2.23	 -0.00	  1.46	 -1.98	 -0.00	 -0.46	  2.44	 -2.15	 -0.00	 -2.46	  3.07	 -0.78	
 -0.00	  1.15	 -2.22	 -0.00	  1.46	 -1.98	 -0.00	 -0.46	  2.44	 -2.15	 -0.00	 -2.49	  3.06	 -0.75	
 -0.00	  1.14	 -2.22	 -0.00	  1.46	 -1.98	 -0.00	 -0.46	  2.44	 -2.15	 -0.00	 -2.51	  3.06	 -0.72	
 -0.00	  1.13	 -2.21	 -0.00	  1.46	 -1.98	 -0.00	 -0.46	  2.44	 -2.15	 -0.00	 -2.54	  3.06	 -0.70	
 -0.00	  1.12	 -2.21	 -0.00	  1.46	 -1.98	 -0.00	 -0.45	  2.44	 -2.16	 -0.00	 -2.55	  3.05	 -0.67	
 -0.00	  1.11	 -2.21	 -0.00	  1.46	 -1.98	 -0.00	 -0.45	  2.44	 -2.16	 -0.00	 -2.56	  3.05	 -0.66	
 -0.00	  1.10	 -2.20	 -0.00	  1.46	 -1.98	 -0.00	 -0.45	  2.44	 -2.16	 -0.00	 -2.58	  3.04	 -0.64	
 -0.00	  1.09	 -2.20	 -0.00	  1.46	 -1.99	 -0.00	 -0.45	  2.44	 -2.16	 -0.00	 -2.58	  3.03	 -0.63	
 -0.00	  1.08	 -2.19	 -0.00	  1.46	 -1.99	 -0.00	 -0.45	  2.44	 -2.16	 -0.00	 -2.59	  3.03	 -0.61	
 -0.00	  1.07	 -2.19	 -0.00	  1.46	 -1.99	 -0.00	 -0.45	  2.43	 -2.16	 -0.00	 -2.59	  3.02	 -0.60	
 -0.00	  1.06	 -2.19	 -0.00	  1.46	 -1.99	 -0.00	 -0.45	  2.43	 -2.16	 -0.00	 -2.59	  3.01	 -0.59	
 -0.00	  1.05	 -2.18	 -0.00	  1.46	 -1.99	 -0.00	 -0.45	  2.43	 -2.16	 -0.00	 -2.60	  3.00	 -0.58	
 -0.00	  1.04	 -2.18	 -0.00	  1.46	 -1.99	 -0.00	 -0.45	  2.43	 -2.16	 -0.00	 -2.60	  3.00	 -0.58	
 -0.00	  1.03	 -2.17	 -0.00	  1.46	 -1.99	 -0.00	 -0.45	  2.43	 -2.16	 -0.00	 -2.60	  2.99	 -0.57	
 -0.00	  1.02	 -2.17	 -0.00	  1.46	 -1.99	 -0.00	 -0.45	  2.43	 -2.16	 -0.00	 -2.59	  2.98	 -0.56	
 -0.00	  1.02	 -2.16	 -0.00	  1.47	 -1.99	 -0.00	 -0.45	  2.43	 -2.16	 -0.00	 -2.59	  2.97	 -0.55	
 -0.00	  1.01	 -2.16	 -0.00	  1.47	 -1.99	 -0.00	 -0.45	  2.43	 -2.16	 -0.00	 -2.59	  2.97	 -0.55	
 -0.00	  1.00	 -2.15	 -0.00	  1.47	 -1.99	 -0.00	 -0.45	  2.43	 -2.16	 -0.00	 -2.59	  2.96	 -0.54	
 -0.00	  0.99	 -2.15	 -0.00	  1.47	 -1.99	 -0.00	 -0.45	  2.43	 -2.16	 -0.00	 -2.59	  2.95	 -0.54	
 -0.00	  0.98	 -2.15	 -0.00	  1.47	 -1.99	 -0.00	 -0.44	  2.43	 -2.16	 -0.00	 -2.58	  2.94	 -0.53	
 -0.00	  0.97	 -2.14	 -0.00	  1.47	 -1.99	 -0.00	 -0.44	  2.43	 -2.16	 -0.00	 -2.58	  2.93	 -0.53	
 -0.00	  0.96	 -2.14	 -0.00	  1.47	 -1.99	 -0.00	 -0.44	  2.43	 -2.16	 -0.00	 -2.58	  2.93	 -0.52	
 -0.00	  0.96	 -2.13	 -0.00	  1.47	 -1.99	 -0.00	 -0.44	  2.43	 -2.17	 -0.00	 -2.57	  2.92	 -0.52	
 -0.00	  0.95	 -2.13	 -0.00	  1.47	 -1.99	 -0.00	 -0.44	  2.43	 -2.17	 -0.00	 -2.57	  2.91	 -0.52	
 -0.00	  0.94	 -2.12	 -0.00	  1.47	 -1.99	 -0.00	 -0.44	  2.43	 -2.17	 -0.00	 -2.57	  2.90	 -0.51	
 -0.00	  0.93	 -2.12	 -0.00	  1.47	 -1.99	 -0.00	 -0.44	  2.43	 -2.17	 -0.00	 -2.56	  2.90	 -0.51	
 -0.00	  0.93	 -2.11	 -0.00	  1.47	 -1.99	 -0.00	 -0.44	  2.43	 -2.17	 -0.00	 -2.56	  2.89	 -0.50	
 -0.00	  0.92	 -2.11	 -0.00	  1.47	 -1.99	 -0.00	 -0.44	  2.43	 -2.17	 -0.00	 -2.56	  2.88	 -0.50	
 -0.00	  0.91	 -2.11	 -0.00	  1.47	 -1.99	 -0.00	 -0.44	  2.43	 -2.17	 -0.00	 -2.55	  2.88	 -0.50	
 -0.00	  0.90	 -2.10	 -0.00	  1.47	 -1.99	 -0.00	 -0.43	  2.43	 -2.17	 -0.00	 -2.55	  2.87	 -0.50	
 -0.00	  0.90	 -2.10	 -0.00	  1.47	 -1.99	 -0.00	 -0.43	  2.43	 -2.17	 -0.00	 -2.55	  2.86	 -0.49	
 -0.00	  0.89	 -2.09	 -0.00	  1.47	 -1.99	 -0.00	 -0.43	  2.43	 -2.17	 -0.00	 -2.54	  2.86	 -0.49	
 -0.00	  0.89	 -2.09	 -0.00	  1.47	 -1.99	 -0.00	 -0.43	  2.43	 -2.17	 -0.00	 -2.54	  2.85	 -0.49	
 -0.00	  0.88	 -2.09	 -0.00	  1.47	 -1.99	 -0.00	 -0.43	  2.43	 -2.17	 -0.00	 -2.54	  2.85	 -0.48	
 -0.00	  0.87	 -2.08	 -0.00	  1.48	 -1.99	 -0.00	 -0.43	  2.43	 -2.17	 -0.00	 -2.53	  2.84	 -0.48	
 -0.00	  0.87	 -2.08	 -0.00	  1.48	 -1.99	 -0.00	 -0.43	  2.43	 -2.18	 -0.00	 -2.53	  2.83	 -0.48	
 -0.00	  0.86	 -2.07	 -0.00	  1.48	 -1.99	 -0.00	 -0.43	  2.43	 -2.18	 -0.00	 -2.53	  2.83	 -0.48	
 -0.00	  0.86	 -2.07	 -0.00	  1.48	 -1.99	 -0.00	 -0.42	  2.43	 -2.18	 -0.00	 -2.52	  2.82	 -0.48	
 -0.00	  0.85	 -2.07	 -0.00	  1.48	 -1.99	 -0.00	 -0.42	  2.43	 -2.18	 -0.00	 -2.52	  2.82	 -0.47	
 -0.00	  0.85	 -2.07	 -0.00	  1.48	 -1.99	 -0.00	 -0.42	  2.43	 -2.18	 -0.00	 -2.52	  2.82	 -0.47	
 -0.00	  0.84	 -2.06	 -0.00	  1.48	 -1.99	 -0.00	 -0.42	  2.43	 -2.18	 -0.00	 -2.51	  2.81	 -0.47	
 -0.00	  0.84	 -2.06	 -0.00	  1.48	 -1.99	 -0.00	 -0.42	  2.43	 -2.18	 -0.00	 -2.51	  2.81	 -0.47	
 -0.00	  0.84	 -2.06	 -0.00	  1.48	 -1.99	 -0.00	 -0.42	  2.42	 -2.18	 -0.00	 -2.51	  2.80	 -0.47	
 -0.00	  0.83	 -2.05	 -0.00	  1.48	 -1.99	 -0.00	 -0.42	  2.42	 -2.18	 -0.00	 -2.51	  2.80	 -0.47	
 -0.00	  0.83	 -2.05	 -0.00	  1.48	 -1.99	 -0.00	 -0.41	  2.42	 -2.18	 -0.00	 -2.50	  2.80	 -0.47	
 -0.00	  0.83	 -2.05	 -0.00	  1.48	 -1.99	 -0.00	 -0.41	  2.42	 -2.18	 -0.00	 -2.50	  2.79	 -0.47	
 -0.00	  0.82	 -2.05	 -0.00	  1.48	 -1.99	 -0.00	 -0.41	  2.42	 -2.18	 -0.00	 -2.50	  2.79	 -0.46	
 -0.00	  0.82	 -2.05	 -0.00	  1.48	 -1.99	 -0.00	 -0.41	  2.42	 -2.19	 -0.00	 -2.50	  2.79	 -0.46	
 -0.00	  0.82	 -2.04	 -0.00	  1.48	 -1.99	 -0.00	 -0.41	  2.42	 -2.19	 -0.00	 -2.50	  2.78	 -0.46	
 -0.00	  0.82	 -2.04	 -0.00	  1.49	 -1.99	 -0.00	 -0.41	  2.42	 -2.19	 -0.00	 -2.49	  2.78	 -0.46	
 -0.00	  0.81	 -2.04	 -0.00	  1.49	 -1.99	 -0.00	 -0.40	  2.42	 -2.19	 -0.00	 -2.49	  2.78	 -0.46	
 -0.00	  0.81	 -2.04	 -0.00	  1.49	 -1.99	 -0.00	 -0.40	  2.42	 -2.19	 -0.00	 -2.49	  2.78	 -0.46	
 -0.00	  0.81	 -2.04	 -0.00	  1.49	 -1.99	 -0.00	 -0.40	  2.42	 -2.19	 -0.00	 -2.49	  2.78	 -0.46	
 -0.00	  0.81	 -2.04	 -0.00	  1.49	 -1.99	 -0.00	 -0.40	  2.42	 -2.19	 -0.00	 -2.49	  2.77	 -0.46	
 -0.00	  0.81	 -2.04	 -0.00	  1.49	 -1.99	 -0.00	 -0.40	  2.42	 -2.19	 -0.00	 -2.49	  2.77	 -0.46	
 -0.00	  0.81	 -2.04	 -0.00	  1.49	 -1.99	 -0.00	 -0.40	  2.41	 -2.19	 -0.00	 -2.49	  2.77	 -0.46	
 -0.00	  0.81	 -2.03	 -0.00	  1.49	 -1.99	 -0.00	 -0.39	  2.41	 -2.20	 -0.00	 -2.48	  2.77	 -0.46	
 -0.00	  0.81	 -2.03	 -0.00	  1.49	 -1.99	 -0.00	 -0.39	  2.41	 -2.20	 -0.00	 -2.48	  2.77	 -0.46	
 -0.00	  0.81	 -2.03	 -0.00	  1.49	 -1.99	 -0.00	 -0.39	  2.41	 -2.20	 -0.00	 -2.48	  2.77	 -0.46	
 -0.00	  0.81	 -2.03	 -0.00	  1.49	 -1.99	 -0.00	 -0.39	  2.41	 -2.20	 -0.00	 -2.48	  2.77	 -0.46	
 -0.00	  0.81	 -2.03	 -0.00	  1.50	 -1.99	 -0.00	 -0.39	  2.41	 -2.20	 -0.00	 -2.48	  2.77	 -0.46	
 -0.00	  0.81	 -2.03	 -0.00	  1.50	 -1.99	 -0.00	 -0.38	  2.41	 -2.20	 -0.00	 -2.48	  2.77	 -0.46	
 -0.00	  0.81	 -2.03	 -0.00	  1.50	 -1.99	 -0.00	 -0.38	  2.41	 -2.20	 -0.00	 -2.48	  2.77	 -0.47	
 -0.00	  0.81	 -2.03	 -0.00	  1.50	 -1.99	 -0.00	 -0.38	  2.41	 -2.20	 -0.00	 -2.48	  2.77	 -0.47	
 -0.00	  0.81	 -2.03	 -0.00	  1.50	 -1.99	 -0.00	 -0.38	  2.41	 -2.20	 -0.00	 -2.48	  2.77	 -0.47	
 -0.00	  0.81	 -2.03	 -0.00	  1.50	 -1.99	 -0.00	 -0.37	  2.40	 -2.21	 -0.00	 -2.48	  2.77	 -0.47	
 -0.00	  0.81	 -2.03	 -0.00	  1.50	 -1.99	 -0.00	 -0.37	  2.40	 -2.21	 -0.00	 -2.48	  2.77	 -0.47	
 -0.00	  0.81	 -2.04	 -0.00	  1.50	 -1.99	 -0.00	 -0.37	  2.40	 -2.21	 -0.00	 -2.48	  2.77	 -0.47	
 -0.00	  0.81	 -2.04	 -0.00	  1.50	 -1.99	 -0.00	 -0.37	  2.40	 -2.21	 -0.00	 -2.48	  2.77	 -0.47	
 -0.00	  0.81	 -2.04	 -0.00	  1.50	 -1.99	 -0.00	 -0.36	  2.40	 -2.21	 -0.00	 -2.48	  2.78	 -0.47	
 -0.00	  0.82	 -2.04	 -0.00	  1.50	 -1.99	 -0.00	 -0.36	  2.40	 -2.21	 -0.00	 -2.48	  2.78	 -0.48	
 -0.00	  0.82	 -2.04	 -0.00	  1.51	 -1.99	 -0.00	 -0.36	  2.40	 -2.21	 -0.00	 -2.48	  2.78	 -0.48	
 -0.00	  0.82	 -2.04	 -0.00	  1.51	 -1.99	 -0.00	 -0.36	  2.40	 -2.21	 -0.00	 -2.47	  2.78	 -0.48	
 -0.00	  0.82	 -2.04	 -0.00	  1.51	 -1.99	 -0.00	 -0.35	  2.39	 -2.21	 -0.00	 -2.47	  2.78	 -0.48	
 -0.00	  0.82	 -2.04	 -0.00	  1.51	 -1.98	 -0.00	 -0.35	  2.39	 -2.22	 -0.00	 -2.47	  2.78	 -0.48	
 -0.00	  0.82	 -2.04	 -0.00	  1.51	 -1.98	 -0.00	 -0.35	  2.39	 -2.22	 -0.00	 -2.47	  2.78	 -0.49	
 -0.00	  0.83	 -2.04	 -0.00	  1.51	 -1.98	 -0.00	 -0.35	  2.39	 -2.22	 -0.00	 -2.47	  2.79	 -0.49	
 -0.00	  0.83	 -2.04	 -0.00	  1.51	 -1.98	 -0.00	 -0.34	  2.39	 -2.22	 -0.00	 -2.47	  2.79	 -0.49	
 -0.00	  0.83	 -2.04	 -0.00	  1.51	 -1.98	 -0.00	 -0.34	  2.39	 -2.22	 -0.00	 -2.47	  2.79	 -0.49	
 -0.00	  0.83	 -2.04	 -0.00	  1.51	 -1.98	 -0.00	 -0.34	  2.39	 -2.22	 -0.00	 -2.47	  2.79	 -0.49	
 -0.00	  0.83	 -2.05	 -0.00	  1.52	 -1.98	 -0.00	 -0.34	  2.38	 -2.22	 -0.00	 -2.47	  2.79	 -0.50	
 -0.00	  0.84	 -2.05	 -0.00	  1.52	 -1.98	 -0.00	 -0.33	  2.38	 -2.22	 -0.00	 -2.47	  2.79	 -0.50	
 -0.00	  0.84	 -2.05	 -0.00	  1.52	 -1.98	 -0.00	 -0.33	  2.38	 -2.23	 -0.00	 -2.47	  2.79	 -0.50	
 -0.00	  0.84	 -2.05	 -0.00	  1.52	 -1.98	 -0.00	 -0.33	  2.38	 -2.23	 -0.00	 -2.47	  2.80	 -0.50	
 -0.00	  0.84	 -2.05	 -0.00	  1.52	 -1.98	 -0.00	 -0.32	  2.38	 -2.23	 -0.00	 -2.47	  2.80	 -0.51	
 -0.00	  0.84	 -2.05	 -0.00	  1.52	 -1.98	 -0.00	 -0.32	  2.38	 -2.23	 -0.00	 -2.47	  2.80	 -0.51	
 -0.00	  0.84	 -2.05	 -0.00	  1.52	 -1.98	 -0.00	 -0.32	  2.37	 -2.23	 -0.00	 -2.46	  2.80	 -0.51	
 -0.00	  0.85	 -2.05	 -0.00	  1.52	 -1.98	 -0.00	 -0.31	  2.37	 -2.23	 -0.00	 -2.46	  2.80	 -0.51	
 -0.00	  0.85	 -2.05	 -0.00	  1.52	 -1.98	 -0.00	 -0.31	  2.37	 -2.23	 -0.00	 -2.46	  2.80	 -0.52	
 -0.00	  0.85	 -2.05	 -0.00	  1.53	 -1.98	 -0.00	 -0.31	  2.37	 -2.23	 -0.00	 -2.46	  2.80	 -0.52	
 -0.00	  0.85	 -2.05	 -0.00	  1.53	 -1.98	 -0.00	 -0.31	  2.37	 -2.23	 -0.00	 -2.46	  2.81	 -0.52	
 -0.00	  0.86	 -2.06	 -0.00	  1.53	 -1.98	 -0.00	 -0.30	  2.36	 -2.24	 -0.00	 -2.46	  2.81	 -0.52	
 -0.00	  0.86	 -2.06	 -0.00	  1.53	 -1.98	 -0.00	 -0.30	  2.36	 -2.24	 -0.00	 -2.46	  2.81	 -0.53	
 -0.00	  0.86	 -2.06	 -0.00	  1.53	 -1.98	 -0.00	 -0.30	  2.36	 -2.24	 -0.00	 -2.46	  2.81	 -0.53	
 -0.00	  0.86	 -2.06	 -0.00	  1.53	 -1.97	 -0.00	 -0.29	  2.36	 -2.24	 -0.00	 -2.45	  2.81	 -0.53	
 -0.00	  0.86	 -2.06	 -0.00	  1.53	 -1.97	 -0.00	 -0.29	  2.36	 -2.24	 -0.00	 -2.45	  2.81	 -0.54	
 -0.00	  0.87	 -2.06	 -0.00	  1.53	 -1.97	 -0.00	 -0.29	  2.35	 -2.24	 -0.00	 -2.45	  2.82	 -0.54	
 -0.00	  0.87	 -2.06	 -0.00	  1.53	 -1.97	 -0.00	 -0.28	  2.35	 -2.24	 -0.00	 -2.45	  2.82	 -0.54	
 -0.00	  0.87	 -2.06	 -0.00	  1.54	 -1.97	 -0.00	 -0.28	  2.35	 -2.24	 -0.00	 -2.45	  2.82	 -0.55	
 -0.00	  0.87	 -2.06	 -0.00	  1.54	 -1.97	 -0.00	 -0.28	  2.35	 -2.25	 -0.00	 -2.45	  2.82	 -0.55	
 -0.00	  0.87	 -2.06	 -0.00	  1.54	 -1.97	 -0.00	 -0.27	  2.35	 -2.25	 -0.00	 -2.44	  2.82	 -0.55	
 -0.00	  0.88	 -2.06	 -0.00	  1.54	 -1.97	 -0.00	 -0.27	  2.34	 -2.25	 -0.00	 -2.44	  2.82	 -0.56	
 -0.00	  0.88	 -2.06	 -0.00	  1.54	 -1.97	 -0.00	 -0.27	  2.34	 -2.25	 -0.00	 -2.44	  2.82	 -0.56	
 -0.00	  0.88	 -2.07	 -0.00	  1.54	 -1.97	 -0.00	 -0.26	  2.34	 -2.25	 -0.00	 -2.44	  2.83	 -0.56	
 -0.00	  0.88	 -2.07	 -0.00	  1.54	 -1.97	 -0.00	 -0.26	  2.34	 -2.25	 -0.00	 -2.43	  2.83	 -0.57	
 -0.00	  0.89	 -2.07	 -0.00	  1.54	 -1.97	 -0.00	 -0.26	  2.33	 -2.25	 -0.00	 -2.43	  2.83	 -0.57	
 -0.00	  0.89	 -2.07	 -0.00	  1.55	 -1.97	 -0.00	 -0.25	  2.33	 -2.25	 -0.00	 -2.43	  2.83	 -0.58	
 -0.00	  0.89	 -2.07	 -0.00	  1.55	 -1.97	 -0.00	 -0.25	  2.33	 -2.25	 -0.00	 -2.43	  2.83	 -0.58	
 -0.00	  0.89	 -2.07	 -0.00	  1.55	 -1.96	 -0.00	 -0.25	  2.33	 -2.25	 -0.00	 -2.42	  2.83	 -0.58	
 -0.00	  0.90	 -2.07	 -0.00	  1.55	 -1.96	 -0.00	 -0.24	  2.33	 -2.26	 -0.00	 -2.42	  2.84	 -0.59	
 -0.00	  0.90	 -2.07	 -0.00	  1.55	 -1.96	 -0.00	 -0.24	  2.32	 -2.26	 -0.00	 -2.42	  2.84	 -0.59	
 -0.00	  0.90	 -2.07	 -0.00	  1.55	 -1.96	 -0.00	 -0.24	  2.32	 -2.26	 -0.00	 -2.42	  2.84	 -0.60	
 -0.00	  0.90	 -2.07	 -0.00	  1.55	 -1.96	 -0.00	 -0.23	  2.32	 -2.26	 -0.00	 -2.41	  2.84	 -0.60	
 -0.00	  0.91	 -2.07	 -0.00	  1.55	 -1.96	 -0.00	 -0.23	  2.32	 -2.26	 -0.00	 -2.41	  2.84	 -0.61	
 -0.00	  0.91	 -2.07	 -0.00	  1.55	 -1.96	 -0.00	 -0.23	  2.31	 -2.26	 -0.00	 -2.41	  2.84	 -0.61	
 -0.00	  0.91	 -2.08	 -0.00	  1.56	 -1.96	 -0.00	 -0.22	  2.31	 -2.26	 -0.00	 -2.40	  2.84	 -0.61	
 -0.00	  0.91	 -2.08	 -0.00	  1.56	 -1.96	 -0.00	 -0.22	  2.31	 -2.26	 -0.00	 -2.40	  2.85	 -0.62	
 -0.00	  0.91	 -2.08	 -0.00	  1.56	 -1.96	 -0.00	 -0.22	  2.31	 -2.26	 -0.00	 -2.40	  2.85	 -0.62	
 -0.00	  0.92	 -2.08	 -0.00	  1.56	 -1.95	 -0.00	 -0.21	  2.30	 -2.26	 -0.00	 -2.39	  2.85	 -0.63	
 -0.00	  0.92	 -2.08	 -0.00	  1.56	 -1.95	 -0.00	 -0.21	  2.30	 -2.27	 -0.00	 -2.39	  2.85	 -0.63	
 -0.00	  0.92	 -2.08	 -0.00	  1.56	 -1.95	 -0.00	 -0.21	  2.30	 -2.27	 -0.00	 -2.39	  2.85	 -0.64	
 -0.00	  0.92	 -2.08	 -0.00	  1.56	 -1.95	 -0.00	 -0.20	  2.30	 -2.27	 -0.00	 -2.38	  2.85	 -0.64	
 -0.00	  0.93	 -2.08	 -0.00	  1.56	 -1.95	 -0.00	 -0.20	  2.29	 -2.27	 -0.00	 -2.38	  2.85	 -0.65	
 -0.00	  0.93	 -2.08	 -0.00	  1.56	 -1.95	 -0.00	 -0.20	  2.29	 -2.27	 -0.00	 -2.37	  2.85	 -0.65	
 -0.00	  0.93	 -2.08	 -0.00	  1.57	 -1.95	 -0.00	 -0.19	  2.29	 -2.27	 -0.00	 -2.37	  2.86	 -0.66	
 -0.00	  0.93	 -2.08	 -0.00	  1.57	 -1.95	 -0.00	 -0.19	  2.29	 -2.27	 -0.00	 -2.37	  2.86	 -0.67	
 -0.00	  0.94	 -2.08	 -0.00	  1.57	 -1.95	 -0.00	 -0.19	  2.28	 -2.27	 -0.00	 -2.36	  2.86	 -0.67	
 -0.00	  0.94	 -2.08	 -0.00	  1.57	 -1.94	 -0.00	 -0.18	  2.28	 -2.27	 -0.00	 -2.36	  2.86	 -0.68	
 -0.00	  0.94	 -2.08	 -0.00	  1.57	 -1.94	 -0.00	 -0.18	  2.28	 -2.27	 -0.00	 -2.35	  2.86	 -0.68	
 -0.00	  0.94	 -2.09	 -0.00	  1.57	 -1.94	 -0.00	 -0.18	  2.27	 -2.27	 -0.00	 -2.35	  2.86	 -0.69	
 -0.00	  0.95	 -2.09	 -0.00	  1.57	 -1.94	 -0.00	 -0.17	  2.27	 -2.27	 -0.00	 -2.34	  2.86	 -0.69	
 -0.00	  0.95	 -2.09	 -0.00	  1.57	 -1.94	 -0.00	 -0.17	  2.27	 -2.27	 -0.00	 -2.34	  2.86	 -0.70	
 -0.00	  0.95	 -2.09	 -0.00	  1.57	 -1.94	 -0.00	 -0.17	  2.27	 -2.27	 -0.00	 -2.33	  2.86	 -0.71	
 -0.00	  0.95	 -2.09	 -0.00	  1.57	 -1.94	 -0.00	 -0.16	  2.26	 -2.28	 -0.00	 -2.33	  2.87	 -0.71	
 -0.00	  0.96	 -2.09	 -0.00	  1.58	 -1.94	 -0.00	 -0.16	  2.26	 -2.28	 -0.00	 -2.32	  2.87	 -0.72	
 -0.00	  0.96	 -2.09	 -0.00	  1.58	 -1.93	 -0.00	 -0.16	  2.26	 -2.28	 -0.00	 -2.32	  2.87	 -0.72	
 -0.00	  0.96	 -2.09	 -0.00	  1.58	 -1.93	 -0.00	 -0.15	  2.26	 -2.28	 -0.00	 -2.31	  2.87	 -0.73	
 -0.00	  0.96	 -2.09	 -0.00	  1.58	 -1.93	 -0.00	 -0.15	  2.25	 -2.28	 -0.00	 -2.31	  2.87	 -0.74	
 -0.00	  0.97	 -2.09	 -0.00	  1.58	 -1.93	 -0.00	 -0.15	  2.25	 -2.28	 -0.00	 -2.30	  2.87	 -0.74	
 -0.00	  0.97	 -2.09	 -0.00	  1.58	 -1.93	 -0.00	 -0.14	  2.25	 -2.28	 -0.00	 -2.29	  2.87	 -0.75	
 -0.00	  0.97	 -2.09	 -0.00	  1.58	 -1.93	 -0.00	 -0.14	  2.24	 -2.28	 -0.00	 -2.29	  2.87	 -0.76	
 -0.00	  0.98	 -2.09	 -0.00	  1.58	 -1.93	 -0.00	 -0.14	  2.24	 -2.28	 -0.00	 -2.28	  2.87	 -0.76	
 -0.00	  0.98	 -2.09	 -0.00	  1.58	 -1.93	 -0.00	 -0.13	  2.24	 -2.28	 -0.00	 -2.28	  2.87	 -0.77	
 -0.00	  0.98	 -2.09	 -0.00	  1.58	 -1.92	 -0.00	 -0.13	  2.24	 -2.28	 -0.00	 -2.27	  2.87	 -0.78	
 -0.00	  0.98	 -2.09	 -0.00	  1.59	 -1.92	 -0.00	 -0.13	  2.23	 -2.28	 -0.00	 -2.26	  2.87	 -0.78	
 -0.00	  0.99	 -2.09	 -0.00	  1.59	 -1.92	 -0.00	 -0.12	  2.23	 -2.28	 -0.00	 -2.26	  2.87	 -0.79	
 -0.00	  0.99	 -2.09	 -0.00	  1.59	 -1.92	 -0.00	 -0.12	  2.23	 -2.28	 -0.00	 -2.25	  2.88	 -0.80	
 -0.00	  0.99	 -2.10	 -0.00	  1.59	 -1.92	 -0.00	 -0.12	  2.22	 -2.28	 -0.00	 -2.24	  2.88	 -0.81	
 -0.00	  0.99	 -2.10	 -0.00	  1.59	 -1.92	 -0.00	 -0.11	  2.22	 -2.28	 -0.00	 -2.24	  2.88	 -0.81	
 -0.00	  1.00	 -2.10	 -0.00	  1.59	 -1.92	 -0.00	 -0.11	  2.22	 -2.28	 -0.00	 -2.23	  2.88	 -0.82	
 -0.00	  1.00	 -2.10	 -0.00	  1.59	 -1.91	 -0.00	 -0.11	  2.22	 -2.28	 -0.00	 -2.22	  2.88	 -0.83	
 -0.00	  1.00	 -2.10	 -0.00	  1.59	 -1.91	 -0.00	 -0.10	  2.21	 -2.28	 -0.00	 -2.22	  2.88	 -0.84	
 -0.00	  1.00	 -2.10	 -0.00	  1.59	 -1.91	 -0.00	 -0.10	  2.21	 -2.28	 -0.00	 -2.21	  2.88	 -0.84	
 -0.00	  1.00	 -2.10	 -0.00	  1.59	 -1.91	 -0.00	 -0.10	  2.21	 -2.28	 -0.00	 -2.20	  2.88	 -0.85	
 -0.00	  1.01	 -2.10	 -0.00	  1.59	 -1.91	 -0.00	 -0.09	  2.20	 -2.28	 -0.00	 -2.20	  2.88	 -0.86	
 -0.00	  1.01	 -2.10	 -0.00	  1.59	 -1.91	 -0.00	 -0.09	  2.20	 -2.28	 -0.00	 -2.19	  2.88	 -0.87	
 -0.00	  1.01	 -2.10	 -0.00	  1.59	 -1.91	 -0.00	 -0.09	  2.20	 -2.28	 -0.00	 -2.18	  2.88	 -0.87	
 -0.00	  1.01	 -2.10	 -0.00	  1.60	 -1.90	 -0.00	 -0.09	  2.20	 -2.28	 -0.00	 -2.17	  2.88	 -0.88	
 -0.00	  1.02	 -2.10	 -0.00	  1.60	 -1.90	 -0.00	 -0.08	  2.19	 -2.28	 -0.00	 -2.17	  2.88	 -0.89	
 -0.00	  1.02	 -2.10	 -0.00	  1.60	 -1.90	 -0.00	 -0.08	  2.19	 -2.28	 -0.00	 -2.16	  2.88	 -0.90	
 -0.00	  1.02	 -2.10	 -0.00	  1.60	 -1.90	 -0.00	 -0.08	  2.19	 -2.28	 -0.00	 -2.15	  2.88	 -0.90	
 -0.00	  1.02	 -2.10	 -0.00	  1.60	 -1.90	 -0.00	 -0.07	  2.18	 -2.29	 -0.00	 -2.14	  2.88	 -0.91	
 -0.00	  1.03	 -2.10	 -0.00	  1.60	 -1.90	 -0.00	 -0.07	  2.18	 -2.29	 -0.00	 -2.13	  2.88	 -0.92	
 -0.00	  1.03	 -2.10	 -0.00	  1.60	 -1.89	 -0.00	 -0.07	  2.18	 -2.29	 -0.00	 -2.13	  2.88	 -0.93	
 -0.00	  1.03	 -2.10	 -0.00	  1.60	 -1.89	 -0.00	 -0.06	  2.18	 -2.29	 -0.00	 -2.12	  2.88	 -0.94	
 -0.00	  1.03	 -2.10	 -0.00	  1.60	 -1.89	 -0.00	 -0.06	  2.17	 -2.29	 -0.00	 -2.11	  2.88	 -0.94	
 -0.00	  1.04	 -2.10	 -0.00	  1.60	 -1.89	 -0.00	 -0.06	  2.17	 -2.29	 -0.00	 -2.10	  2.88	 -0.95	
 -0.00	  1.04	 -2.10	 -0.00	  1.60	 -1.89	 -0.00	 -0.06	  2.17	 -2.29	 -0.00	 -2.09	  2.88	 -0.96	
 -0.00	  1.04	 -2.10	 -0.00	  1.60	 -1.89	 -0.00	 -0.05	  2.16	 -2.29	 -0.00	 -2.08	  2.88	 -0.97	
 -0.00	  1.04	 -2.10	 -0.00	  1.60	 -1.88	 -0.00	 -0.05	  2.16	 -2.29	 -0.00	 -2.08	  2.88	 -0.98	
 -0.00	  1.04	 -2.10	 -0.00	  1.60	 -1.88	 -0.00	 -0.05	  2.16	 -2.29	 -0.00	 -2.07	  2.88	 -0.98	
 -0.00	  1.05	 -2.10	 -0.00	  1.60	 -1.88	 -0.00	 -0.05	  2.16	 -2.29	 -0.00	 -2.06	  2.88	 -0.99	
 -0.00	  1.05	 -2.10	 -0.00	  1.60	 -1.88	 -0.00	 -0.04	  2.15	 -2.28	 -0.00	 -2.05	  2.88	 -1.00	
 -0.00	  1.05	 -2.10	 -0.00	  1.60	 -1.88	 -0.00	 -0.04	  2.15	 -2.28	 -0.00	 -2.04	  2.88	 -1.01	
 -0.00	  1.05	 -2.10	 -0.00	  1.60	 -1.88	 -0.00	 -0.04	  2.15	 -2.28	 -0.00	 -2.03	  2.88	 -1.02	
 -0.00	  1.06	 -2.10	 -0.00	  1.61	 -1.88	 -0.00	 -0.03	  2.14	 -2.28	 -0.00	 -2.03	  2.88	 -1.02	
 -0.00	  1.06	 -2.10	 -0.00	  1.61	 -1.87	 -0.00	 -0.03	  2.14	 -2.28	 -0.00	 -2.02	  2.88	 -1.03	
 -0.00	  1.06	 -2.10	 -0.00	  1.61	 -1.87	 -0.00	 -0.03	  2.14	 -2.28	 -0.00	 -2.01	  2.88	 -1.04	
 -0.00	  1.06	 -2.10	 -0.00	  1.61	 -1.87	 -0.00	 -0.03	  2.14	 -2.28	 -0.00	 -2.00	  2.87	 -1.05	
 -0.00	  1.06	 -2.10	 -0.00	  1.61	 -1.87	 -0.00	 -0.02	  2.13	 -2.28	 -0.00	 -1.99	  2.87	 -1.06	
 -0.00	  1.07	 -2.10	 -0.00	  1.61	 -1.87	 -0.00	 -0.02	  2.13	 -2.28	 -0.00	 -1.98	  2.87	 -1.06	
 -0.00	  1.07	 -2.10	 -0.00	  1.61	 -1.87	 -0.00	 -0.02	  2.13	 -2.28	 -0.00	 -1.98	  2.87	 -1.07	
 -0.00	  1.07	 -2.10	 -0.00	  1.61	 -1.86	 -0.00	 -0.02	  2.12	 -2.28	 -0.00	 -1.97	  2.87	 -1.08	
 -0.00	  1.07	 -2.10	 -0.00	  1.61	 -1.86	 -0.00	 -0.01	  2.12	 -2.28	 -0.00	 -1.96	  2.87	 -1.09	
 -0.00	  1.07	 -2.10	 -0.00	  1.61	 -1.86	 -0.00	 -0.01	  2.12	 -2.28	 -0.00	 -1.95	  2.87	 -1.10	
 -0.00	  1.08	 -2.10	 -0.00	  1.61	 -1.86	 -0.00	 -0.01	  2.12	 -2.28	 -0.00	 -1.94	  2.87	 -1.10	
 -0.00	  1.08	 -2.10	 -0.00	  1.61	 -1.86	 -0.00	 -0.01	  2.11	 -2.28	 -0.00	 -1.93	  2.87	 -1.11	
 -0.00	  1.08	 -2.10	 -0.00	  1.61	 -1.86	 -0.00	 -0.00	  2.11	 -2.28	 -0.00	 -1.93	  2.87	 -1.12	
 -0.00	  1.08	 -2.10	 -0.00	  1.61	 -1.85	 -0.00	 -0.00	  2.11	 -2.28	 -0.00	 -1.92	  2.87	 -1.13	
 -0.00	  1.08	 -2.10	 -0.00	  1.61	 -1.85	 -0.00	  0.00	  2.11	 -2.28	 -0.00	 -1.91	  2.87	 -1.13	
 -0.00	  1.09	 -2.10	 -0.00	  1.61	 -1.85	 -0.00	  0.00	  2.10	 -2.28	 -0.00	 -1.90	  2.87	 -1.14	
 -0.00	  1.09	 -2.10	 -0.00	  1.61	 -1.85	 -0.00	  0.01	  2.10	 -2.28	 -0.00	 -1.89	  2.87	 -1.15	
 -0.00	  1.09	 -2.10	 -0.00	  1.61	 -1.85	 -0.00	  0.01	  2.10	 -2.28	 -0.00	 -1.88	  2.86	 -1.16	
 -0.00	  1.09	 -2.10	 -0.00	  1.61	 -1.85	 -0.00	  0.01	  2.10	 -2.28	 -0.00	 -1.88	  2.86	 -1.16	
 -0.00	  1.09	 -2.10	 -0.00	  1.61	 -1.84	 -0.00	  0.01	  2.09	 -2.28	 -0.00	 -1.87	  2.86	 -1.17	
 -0.00	  1.09	 -2.10	 -0.00	  1.61	 -1.84	 -0.00	  0.01	  2.09	 -2.28	 -0.00	 -1.86	  2.86	 -1.18	
 -0.00	  1.10	 -2.10	 -0.00	  1.61	 -1.84	 -0.00	  0.02	  2.09	 -2.28	 -0.00	 -1.85	  2.86	 -1.18	
 -0.00	  1.10	 -2.10	 -0.00	  1.61	 -1.84	 -0.00	  0.02	  2.09	 -2.28	 -0.00	 -1.84	  2.86	 -1.19	
 -0.00	  1.10	 -2.10	 -0.00	  1.61	 -1.84	 -0.00	  0.02	  2.08	 -2.28	 -0.00	 -1.84	  2.86	 -1.20	
 -0.00	  1.10	 -2.10	 -0.00	  1.61	 -1.84	 -0.00	  0.02	  2.08	 -2.28	 -0.00	 -1.83	  2.86	 -1.20	
 -0.00	  1.10	 -2.10	 -0.00	  1.61	 -1.84	 -0.00	  0.02	  2.08	 -2.28	 -0.00	 -1.82	  2.86	 -1.21	
 -0.00	  1.10	 -2.10	 -0.00	  1.61	 -1.83	 -0.00	  0.03	  2.08	 -2.28	 -0.00	 -1.81	  2.86	 -1.22	
 -0.00	  1.11	 -2.10	 -0.00	  1.61	 -1.83	 -0.00	  0.03	  2.07	 -2.28	 -0.00	 -1.81	  2.86	 -1.22	
 -0.00	  1.11	 -2.10	 -0.00	  1.61	 -1.83	 -0.00	  0.03	  2.07	 -2.28	 -0.00	 -1.80	  2.85	 -1.23	
 -0.00	  1.11	 -2.10	 -0.00	  1.61	 -1.83	 -0.00	  0.03	  2.07	 -2.28	 -0.00	 -1.79	  2.85	 -1.24	
 -0.00	  1.11	 -2.10	 -0.00	  1.61	 -1.83	 -0.00	  0.03	  2.07	 -2.28	 -0.00	 -1.78	  2.85	 -1.24	
 -0.00	  1.11	 -2.10	 -0.00	  1.61	 -1.83	 -0.00	  0.04	  2.06	 -2.28	 -0.00	 -1.78	  2.85	 -1.25	
 -0.00	  1.11	 -2.10	 -0.00	  1.61	 -1.82	 -0.00	  0.04	  2.06	 -2.27	 -0.00	 -1.77	  2.85	 -1.26	
 -0.00	  1.12	 -2.10	 -0.00	  1.61	 -1.82	 -0.00	  0.04	  2.06	 -2.27	 -0.00	 -1.76	  2.85	 -1.26	
 -0.00	  1.12	 -2.10	 -0.00	  1.61	 -1.82	 -0.00	  0.04	  2.06	 -2.27	 -0.00	 -1.76	  2.85	 -1.27	
 -0.00	  1.12	 -2.10	 -0.00	  1.61	 -1.82	 -0.00	  0.04	  2.06	 -2.27	 -0.00	 -1.75	  2.85	 -1.27	
 -0.00	  1.12	 -2.10	 -0.00	  1.61	 -1.82	 -0.00	  0.05	  2.05	 -2.27	 -0.00	 -1.74	  2.85	 -1.28	
 -0.00	  1.12	 -2.10	 -0.00	  1.61	 -1.82	 -0.00	  0.05	  2.05	 -2.27	 -0.00	 -1.74	  2.85	 -1.28	
 -0.00	  1.12	 -2.10	 -0.00	  1.61	 -1.82	 -0.00	  0.05	  2.05	 -2.27	 -0.00	 -1.73	  2.84	 -1.29	
 -0.00	  1.12	 -2.10	 -0.00	  1.61	 -1.81	 -0.00	  0.05	  2.05	 -2.27	 -0.00	 -1.72	  2.84	 -1.29	
 -0.00	  1.12	 -2.10	 -0.00	  1.61	 -1.81	 -0.00	  0.05	  2.05	 -2.27	 -0.00	 -1.72	  2.84	 -1.30	
 -0.00	  1.13	 -2.10	 -0.00	  1.61	 -1.81	 -0.00	  0.05	  2.04	 -2.27	 -0.00	 -1.71	  2.84	 -1.31	
 -0.00	  1.13	 -2.10	 -0.00	  1.61	 -1.81	 -0.00	  0.06	  2.04	 -2.27	 -0.00	 -1.70	  2.84	 -1.31	
 -0.00	  1.13	 -2.10	 -0.00	  1.61	 -1.81	 -0.00	  0.06	  2.04	 -2.27	 -0.00	 -1.70	  2.84	 -1.32	
 -0.00	  1.13	 -2.10	 -0.00	  1.61	 -1.81	 -0.00	  0.06	  2.04	 -2.27	 -0.00	 -1.69	  2.84	 -1.32	
 -0.00	  1.13	 -2.09	 -0.00	  1.61	 -1.81	 -0.00	  0.06	  2.04	 -2.27	 -0.00	 -1.69	  2.84	 -1.32	
 -0.00	  1.13	 -2.09	 -0.00	  1.61	 -1.81	 -0.00	  0.06	  2.03	 -2.27	 -0.00	 -1.68	  2.84	 -1.33	
 -0.00	  1.13	 -2.09	 -0.00	  1.61	 -1.80	 -0.00	  0.06	  2.03	 -2.27	 -0.00	 -1.68	  2.84	 -1.33	
 -0.00	  1.13	 -2.09	 -0.00	  1.61	 -1.80	 -0.00	  0.06	  2.03	 -2.27	 -0.00	 -1.67	  2.83	 -1.34	
 -0.00	  1.13	 -2.09	 -0.00	  1.61	 -1.80	 -0.00	  0.06	  2.03	 -2.27	 -0.00	 -1.67	  2.83	 -1.34	
 -0.00	  1.14	 -2.09	 -0.00	  1.61	 -1.80	 -0.00	  0.07	  2.03	 -2.27	 -0.00	 -1.66	  2.83	 -1.35	
 -0.00	  1.14	 -2.09	 -0.00	  1.61	 -1.80	 -0.00	  0.07	  2.03	 -2.27	 -0.00	 -1.66	  2.83	 -1.35	
 -0.00	  1.14	 -2.09	 -0.00	  1.61	 -1.80	 -0.00	  0.07	  2.02	 -2.27	 -0.00	 -1.65	  2.83	 -1.35	
 -0.00	  1.14	 -2.09	 -0.00	  1.61	 -1.80	 -0.00	  0.07	  2.02	 -2.27	 -0.00	 -1.65	  2.83	 -1.36	
 -0.00	  1.14	 -2.09	 -0.00	  1.61	 -1.80	 -0.00	  0.07	  2.02	 -2.27	 -0.00	 -1.64	  2.83	 -1.36	
 -0.00	  1.14	 -2.09	 -0.00	  1.61	 -1.80	 -0.00	  0.07	  2.02	 -2.27	 -0.00	 -1.64	  2.83	 -1.37	
 -0.00	  1.14	 -2.09	 -0.00	  1.61	 -1.80	 -0.00	  0.07	  2.02	 -2.27	 -0.00	 -1.63	  2.83	 -1.37	
 -0.00	  1.14	 -2.09	 -0.00	  1.61	 -1.80	 -0.00	  0.08	  2.02	 -2.27	 -0.00	 -1.63	  2.83	 -1.37	
 -0.00	  1.14	 -2.09	 -0.00	  1.62	 -1.80	 -0.00	  0.08	  2.02	 -2.27	 -0.00	 -1.62	  2.82	 -1.38	
 -0.00	  1.14	 -2.09	 -0.00	  1.62	 -1.80	 -0.00	  0.08	  2.02	 -2.27	 -0.00	 -1.62	  2.82	 -1.38	
 -0.00	  1.14	 -2.09	 -0.00	  1.62	 -1.80	 -0.00	  0.08	  2.02	 -2.27	 -0.00	 -1.61	  2.82	 -1.38	
 -0.00	  1.14	 -2.09	 -0.00	  1.62	 -1.80	 -0.00	  0.08	  2.01	 -2.27	 -0.00	 -1.61	  2.82	 -1.39	
 -0.00	  1.14	 -2.09	 -0.00	  1.62	 -1.80	 -0.00	  0.08	  2.01	 -2.27	 -0.00	 -1.61	  2.82	 -1.39	
 -0.00	  1.15	 -2.09	 -0.00	  1.62	 -1.80	 -0.00	  0.08	  2.01	 -2.27	 -0.00	 -1.60	  2.82	 -1.39	
 -0.00	  1.15	 -2.09	 -0.00	  1.62	 -1.80	 -0.00	  0.08	  2.01	 -2.27	 -0.00	 -1.60	  2.82	 -1.40	
 -0.00	  1.15	 -2.09	 -0.00	  1.62	 -1.80	 -0.00	  0.08	  2.01	 -2.27	 -0.00	 -1.59	  2.82	 -1.40	
 -0.00	  1.15	 -2.09	 -0.00	  1.62	 -1.80	 -0.00	  0.09	  2.01	 -2.27	 -0.00	 -1.59	  2.82	 -1.40	
 -0.00	  1.15	 -2.09	 -0.00	  1.62	 -1.80	 -0.00	  0.09	  2.01	 -2.27	 -0.00	 -1.59	  2.82	 -1.40	
 -0.00	  1.15	 -2.09	 -0.00	  1.62	 -1.80	 -0.00	  0.09	  2.01	 -2.28	 -0.00	 -1.58	  2.82	 -1.41	
 -0.00	  1.15	 -2.09	 -0.00	  1.63	 -1.80	 -0.00	  0.09	  2.01	 -2.28	 -0.00	 -1.58	  2.82	 -1.41	
 -0.00	  1.15	 -2.09	 -0.00	  1.63	 -1.80	 -0.00	  0.09	  2.01	 -2.28	 -0.00	 -1.58	  2.81	 -1.41	
 -0.00	  1.15	 -2.09	 -0.00	  1.63	 -1.80	 -0.00	  0.09	  2.01	 -2.28	 -0.00	 -1.57	  2.81	 -1.41	
 -0.00	  1.15	 -2.09	 -0.00	  1.63	 -1.80	 -0.00	  0.09	  2.01	 -2.28	 -0.00	 -1.57	  2.81	 -1.42	
 -0.00	  1.15	 -2.08	 -0.00	  1.63	 -1.81	 -0.00	  0.09	  2.02	 -2.28	 -0.00	 -1.57	  2.81	 -1.42	
 -0.00	  1.15	 -2.08	 -0.00	  1.63	 -1.81	 -0.00	  0.09	  2.02	 -2.29	 -0.00	 -1.56	  2.81	 -1.42	
 -0.00	  1.15	 -2.08	 -0.00	  1.63	 -1.81	 -0.00	  0.10	  2.02	 -2.29	 -0.00	 -1.56	  2.81	 -1.42	
 -0.00	  1.15	 -2.08	 -0.00	  1.64	 -1.81	 -0.00	  0.10	  2.02	 -2.29	 -0.00	 -1.56	  2.81	 -1.43	
 -0.00	  1.15	 -2.08	 -0.00	  1.64	 -1.81	 -0.00	  0.10	  2.02	 -2.29	 -0.00	 -1.56	  2.81	 -1.43	
 -0.00	  1.15	 -2.08	 -0.00	  1.64	 -1.82	 -0.00	  0.10	  2.02	 -2.29	 -0.00	 -1.55	  2.81	 -1.43	
 -0.00	  1.15	 -2.08	 -0.00	  1.64	 -1.82	 -0.00	  0.10	  2.02	 -2.30	 -0.00	 -1.55	  2.81	 -1.43	
 -0.00	  1.15	 -2.08	 -0.00	  1.64	 -1.82	 -0.00	  0.10	  2.02	 -2.30	 -0.00	 -1.55	  2.81	 -1.43	
 -0.00	  1.15	 -2.08	 -0.00	  1.65	 -1.82	 -0.00	  0.10	  2.02	 -2.30	 -0.00	 -1.55	  2.81	 -1.44	
 -0.00	  1.15	 -2.08	 -0.00	  1.65	 -1.82	 -0.00	  0.10	  2.03	 -2.30	 -0.00	 -1.54	  2.81	 -1.44	
 -0.00	  1.15	 -2.08	 -0.00	  1.65	 -1.83	 -0.00	  0.10	  2.03	 -2.31	 -0.00	 -1.54	  2.80	 -1.44	
 -0.00	  1.15	 -2.08	 -0.00	  1.65	 -1.83	 -0.00	  0.10	  2.03	 -2.31	 -0.00	 -1.54	  2.80	 -1.44	
 -0.00	  1.16	 -2.08	 -0.00	  1.66	 -1.83	 -0.00	  0.10	  2.03	 -2.31	 -0.00	 -1.54	  2.80	 -1.44	
 -0.00	  1.16	 -2.08	 -0.00	  1.66	 -1.84	 -0.00	  0.11	  2.03	 -2.31	 -0.00	 -1.53	  2.80	 -1.44	
 -0.00	  1.16	 -2.08	 -0.00	  1.66	 -1.84	 -0.00	  0.11	  2.04	 -2.32	 -0.00	 -1.53	  2.80	 -1.44	
 -0.00	  1.16	 -2.08	 -0.00	  1.66	 -1.84	 -0.00	  0.11	  2.04	 -2.32	 -0.00	 -1.53	  2.80	 -1.45	
 -0.00	  1.16	 -2.08	 -0.00	  1.67	 -1.85	 -0.00	  0.11	  2.04	 -2.32	 -0.00	 -1.53	  2.80	 -1.45	
 -0.00	  1.16	 -2.08	 -0.00	  1.67	 -1.85	 -0.00	  0.11	  2.04	 -2.33	 -0.00	 -1.53	  2.80	 -1.45	
 -0.00	  1.16	 -2.08	 -0.00	  1.67	 -1.85	 -0.00	  0.11	  2.05	 -2.33	 -0.00	 -1.52	  2.80	 -1.45	
 -0.00	  1.16	 -2.08	 -0.00	  1.67	 -1.86	 -0.00	  0.11	  2.05	 -2.33	 -0.00	 -1.52	  2.80	 -1.45	
 -0.00	  1.16	 -2.08	 -0.00	  1.68	 -1.86	 -0.00	  0.11	  2.05	 -2.34	 -0.00	 -1.52	  2.80	 -1.45	
 -0.00	  1.16	 -2.08	 -0.00	  1.68	 -1.86	 -0.00	  0.11	  2.05	 -2.34	 -0.00	 -1.52	  2.80	 -1.45	
 -0.00	  1.16	 -2.08	 -0.00	  1.68	 -1.87	 -0.00	  0.11	  2.06	 -2.34	 -0.00	 -1.52	  2.80	 -1.45	
 -0.00	  1.16	 -2.08	 -0.00	  1.68	 -1.87	 -0.00	  0.11	  2.06	 -2.35	 -0.00	 -1.52	  2.80	 -1.46	
 -0.00	  1.16	 -2.08	 -0.00	  1.69	 -1.88	 -0.00	  0.11	  2.06	 -2.35	 -0.00	 -1.51	  2.80	 -1.46	
 -0.00	  1.16	 -2.08	 -0.00	  1.69	 -1.88	 -0.00	  0.11	  2.07	 -2.35	 -0.00	 -1.51	  2.80	 -1.46	
 -0.00	  1.16	 -2.08	 -0.00	  1.69	 -1.88	 -0.00	  0.11	  2.07	 -2.36	 -0.00	 -1.51	  2.80	 -1.46	
 -0.00	  1.16	 -2.08	 -0.00	  1.69	 -1.89	 -0.00	  0.11	  2.07	 -2.36	 -0.00	 -1.51	  2.80	 -1.46	
 -0.00	  1.16	 -2.08	 -0.00	  1.70	 -1.89	 -0.00	  0.11	  2.08	 -2.37	 -0.00	 -1.51	  2.79	 -1.46	
 -0.00	  1.16	 -2.08	 -0.00	  1.70	 -1.90	 -0.00	  0.11	  2.08	 -2.37	 -0.00	 -1.51	  2.79	 -1.46	
 -0.00	  1.16	 -2.07	 -0.00	  1.70	 -1.90	 -0.00	  0.11	  2.09	 -2.37	 -0.00	 -1.51	  2.79	 -1.46	
 -0.00	  1.16	 -2.07	 -0.00	  1.71	 -1.91	 -0.00	  0.11	  2.09	 -2.38	 -0.00	 -1.50	  2.79	 -1.46	
 -0.00	  1.16	 -2.07	 -0.00	  1.71	 -1.91	 -0.00	  0.11	  2.09	 -2.38	 -0.00	 -1.50	  2.79	 -1.46	
 -0.00	  1.16	 -2.07	 -0.00	  1.71	 -1.91	 -0.00	  0.11	  2.10	 -2.38	 -0.00	 -1.50	  2.79	 -1.46	
 -0.00	  1.16	 -2.07	 -0.00	  1.71	 -1.92	 -0.00	  0.11	  2.10	 -2.39	 -0.00	 -1.50	  2.79	 -1.46	
 -0.00	  1.16	 -2.07	 -0.00	  1.72	 -1.92	 -0.00	  0.11	  2.11	 -2.39	 -0.00	 -1.50	  2.79	 -1.47	
 -0.00	  1.16	 -2.07	 -0.00	  1.72	 -1.93	 -0.00	  0.11	  2.11	 -2.40	 -0.00	 -1.50	  2.79	 -1.47	
 -0.00	  1.16	 -2.07	 -0.00	  1.72	 -1.93	 -0.00	  0.11	  2.11	 -2.40	 -0.00	 -1.50	  2.79	 -1.47	
 -0.00	  1.16	 -2.07	 -0.00	  1.72	 -1.94	 -0.00	  0.11	  2.12	 -2.40	 -0.00	 -1.50	  2.79	 -1.47	
 -0.00	  1.16	 -2.07	 -0.00	  1.73	 -1.94	 -0.00	  0.11	  2.12	 -2.41	 -0.00	 -1.50	  2.79	 -1.47	
 -0.00	  1.16	 -2.07	 -0.00	  1.73	 -1.95	 -0.00	  0.11	  2.13	 -2.41	 -0.00	 -1.50	  2.79	 -1.47	
 -0.00	  1.16	 -2.07	 -0.00	  1.73	 -1.95	 -0.00	  0.11	  2.13	 -2.41	 -0.00	 -1.50	  2.79	 -1.47	
 -0.00	  1.16	 -2.07	 -0.00	  1.73	 -1.96	 -0.00	  0.11	  2.14	 -2.42	 -0.00	 -1.49	  2.79	 -1.47	
 -0.00	  1.16	 -2.07	 -0.00	  1.73	 -1.96	 -0.00	  0.10	  2.14	 -2.42	 -0.00	 -1.49	  2.79	 -1.47	
 -0.00	  1.16	 -2.07	 -0.00	  1.74	 -1.97	 -0.00	  0.10	  2.15	 -2.42	 -0.00	 -1.49	  2.79	 -1.47	
 -0.00	  1.16	 -2.07	 -0.00	  1.74	 -1.97	 -0.00	  0.10	  2.15	 -2.43	 -0.00	 -1.49	  2.79	 -1.47	
 -0.00	  1.16	 -2.07	 -0.00	  1.74	 -1.98	 -0.00	  0.10	  2.16	 -2.43	 -0.00	 -1.49	  2.79	 -1.47	
 -0.00	  1.16	 -2.07	 -0.00	  1.74	 -1.98	 -0.00	  0.10	  2.16	 -2.44	 -0.00	 -1.49	  2.79	 -1.47	
 -0.00	  1.16	 -2.07	 -0.00	  1.74	 -1.98	 -0.00	  0.10	  2.17	 -2.44	 -0.00	 -1.49	  2.79	 -1.47	
 -0.00	  1.16	 -2.07	 -0.00	  1.74	 -1.99	 -0.00	  0.09	  2.17	 -2.44	 -0.00	 -1.49	  2.79	 -1.47	
 -0.00	  1.16	 -2.07	 -0.00	  1.75	 -1.99	 -0.00	  0.09	  2.18	 -2.45	 -0.00	 -1.49	  2.79	 -1.47	
 -0.00	  1.16	 -2.07	 -0.00	  1.75	 -2.00	 -0.00	  0.09	  2.18	 -2.45	 -0.00	 -1.49	  2.79	 -1.47	
 -0.00	  1.16	 -2.07	 -0.00	  1.75	 -2.00	 -0.00	  0.09	  2.19	 -2.45	 -0.00	 -1.49	  2.79	 -1.47	
 -0.00	  1.16	 -2.07	 -0.00	  1.75	 -2.01	 -0.00	  0.08	  2.20	 -2.45	 -0.00	 -1.49	  2.79	 -1.47	
 -0.00	  1.16	 -2.07	 -0.00	  1.75	 -2.01	 -0.00	  0.08	  2.20	 -2.46	 -0.00	 -1.49	  2.79	 -1.47	
 -0.00	  1.16	 -2.07	 -0.00	  1.75	 -2.02	 -0.00	  0.08	  2.21	 -2.46	 -0.00	 -1.49	  2.79	 -1.47	
 -0.00	  1.16	 -2.07	 -0.00	  1.75	 -2.02	 -0.00	  0.08	  2.21	 -2.46	 -0.00	 -1.49	  2.79	 -1.47	
 -0.00	  1.16	 -2.07	 -0.00	  1.75	 -2.03	 -0.00	  0.07	  2.22	 -2.47	 -0.00	 -1.49	  2.79	 -1.47	
 -0.00	  1.16	 -2.07	 -0.00	  1.75	 -2.03	 -0.00	  0.07	  2.23	 -2.47	 -0.00	 -1.49	  2.78	 -1.47	
 -0.00	  1.16	 -2.07	 -0.00	  1.75	 -2.04	 -0.00	  0.07	  2.23	 -2.47	 -0.00	 -1.49	  2.78	 -1.47	
 -0.00	  1.16	 -2.07	 -0.00	  1.75	 -2.04	 -0.00	  0.06	  2.24	 -2.47	 -0.00	 -1.49	  2.78	 -1.47	
 -0.00	  1.16	 -2.07	 -0.00	  1.75	 -2.04	 -0.00	  0.06	  2.24	 -2.48	 -0.00	 -1.49	  2.78	 -1.47	
 -0.00	  1.16	 -2.07	 -0.00	  1.75	 -2.05	 -0.00	  0.05	  2.25	 -2.48	 -0.00	 -1.49	  2.78	 -1.47	
 -0.00	  1.16	 -2.07	 -0.00	  1.75	 -2.05	 -0.00	  0.05	  2.26	 -2.48	 -0.00	 -1.49	  2.78	 -1.47	
 -0.00	  1.16	 -2.07	 -0.00	  1.75	 -2.06	 -0.00	  0.04	  2.26	 -2.48	 -0.00	 -1.49	  2.78	 -1.47	
 -0.00	  1.16	 -2.07	 -0.00	  1.75	 -2.06	 -0.00	  0.04	  2.27	 -2.48	 -0.00	 -1.49	  2.78	 -1.47	
 -0.00	  1.16	 -2.07	 -0.00	  1.75	 -2.07	 -0.00	  0.03	  2.28	 -2.48	 -0.00	 -1.49	  2.78	 -1.47	
 -0.00	  1.16	 -2.07	 -0.00	  1.75	 -2.07	 -0.00	  0.03	  2.28	 -2.49	 -0.00	 -1.49	  2.78	 -1.47	
 -0.00	  1.16	 -2.07	 -0.00	  1.75	 -2.07	 -0.00	  0.02	  2.29	 -2.49	 -0.00	 -1.49	  2.78	 -1.47	
 -0.00	  1.16	 -2.07	 -0.00	  1.75	 -2.08	 -0.00	  0.02	  2.30	 -2.49	 -0.00	 -1.48	  2.78	 -1.47	
 -0.00	  1.16	 -2.07	 -0.00	  1.75	 -2.08	 -0.00	  0.01	  2.30	 -2.49	 -0.00	 -1.48	  2.78	 -1.47	
 -0.00	  1.16	 -2.07	 -0.00	  1.75	 -2.09	 -0.00	  0.01	  2.31	 -2.49	 -0.00	 -1.48	  2.78	 -1.47	
 -0.00	  1.16	 -2.07	 -0.00	  1.74	 -2.09	 -0.00	  0.00	  2.32	 -2.49	 -0.00	 -1.48	  2.78	 -1.47	
 -0.00	  1.16	 -2.07	 -0.00	  1.74	 -2.09	 -0.00	 -0.01	  2.32	 -2.49	 -0.00	 -1.48	  2.78	 -1.47	
 -0.00	  1.16	 -2.07	 -0.00	  1.74	 -2.10	 -0.00	 -0.01	  2.33	 -2.49	 -0.00	 -1.48	  2.78	 -1.47	
 -0.00	  1.16	 -2.07	 -0.00	  1.74	 -2.10	 -0.00	 -0.02	  2.34	 -2.49	 -0.00	 -1.48	  2.78	 -1.47	
 -0.00	  1.16	 -2.07	 -0.00	  1.74	 -2.10	 -0.00	 -0.03	  2.34	 -2.49	 -0.00	 -1.48	  2.78	 -1.47	
 -0.00	  1.16	 -2.07	 -0.00	  1.73	 -2.11	 -0.00	 -0.03	  2.35	 -2.49	 -0.00	 -1.48	  2.78	 -1.47	
 -0.00	  1.16	 -2.07	 -0.00	  1.73	 -2.11	 -0.00	 -0.04	  2.36	 -2.49	 -0.00	 -1.48	  2.78	 -1.47	
 -0.00	  1.16	 -2.07	 -0.00	  1.73	 -2.11	 -0.00	 -0.05	  2.37	 -2.49	 -0.00	 -1.48	  2.78	 -1.47	
 -0.00	  1.16	 -2.07	 -0.00	  1.73	 -2.12	 -0.00	 -0.06	  2.37	 -2.49	 -0.00	 -1.48	  2.78	 -1.47	
 -0.00	  1.16	 -2.07	 -0.00	  1.72	 -2.12	 -0.00	 -0.07	  2.38	 -2.49	 -0.00	 -1.48	  2.78	 -1.47	
 -0.00	  1.16	 -2.07	 -0.00	  1.72	 -2.12	 -0.00	 -0.07	  2.39	 -2.49	 -0.00	 -1.48	  2.78	 -1.47	
 -0.00	  1.16	 -2.07	 -0.00	  1.72	 -2.13	 -0.00	 -0.08	  2.39	 -2.49	 -0.00	 -1.48	  2.78	 -1.47	
 -0.00	  1.16	 -2.07	 -0.00	  1.71	 -2.13	 -0.00	 -0.09	  2.40	 -2.48	 -0.00	 -1.48	  2.78	 -1.47	
 -0.00	  1.16	 -2.07	 -0.00	  1.71	 -2.13	 -0.00	 -0.10	  2.41	 -2.48	 -0.00	 -1.48	  2.78	 -1.47	
 -0.00	  1.16	 -2.07	 -0.00	  1.71	 -2.13	 -0.00	 -0.11	  2.42	 -2.48	 -0.00	 -1.48	  2.78	 -1.47	
 -0.00	  1.16	 -2.07	 -0.00	  1.70	 -2.14	 -0.00	 -0.12	  2.43	 -2.48	 -0.00	 -1.48	  2.78	 -1.47	
 -0.00	  1.16	 -2.07	 -0.00	  1.70	 -2.14	 -0.00	 -0.13	  2.43	 -2.48	 -0.00	 -1.48	  2.78	 -1.47	
 -0.00	  1.16	 -2.07	 -0.00	  1.69	 -2.14	 -0.00	 -0.14	  2.44	 -2.47	 -0.00	 -1.48	  2.78	 -1.47	
 -0.00	  1.16	 -2.07	 -0.00	  1.69	 -2.15	 -0.00	 -0.15	  2.45	 -2.47	 -0.00	 -1.48	  2.78	 -1.47	
 -0.00	  1.16	 -2.07	 -0.00	  1.68	 -2.15	 -0.00	 -0.17	  2.46	 -2.47	 -0.00	 -1.48	  2.78	 -1.47	
 -0.00	  1.16	 -2.07	 -0.00	  1.68	 -2.15	 -0.00	 -0.18	  2.46	 -2.46	 -0.00	 -1.48	  2.78	 -1.47	
 -0.00	  1.16	 -2.07	 -0.00	  1.67	 -2.15	 -0.00	 -0.19	  2.47	 -2.46	 -0.00	 -1.48	  2.78	 -1.47	
 -0.00	  1.16	 -2.07	 -0.00	  1.67	 -2.15	 -0.00	 -0.20	  2.48	 -2.45	 -0.00	 -1.48	  2.78	 -1.47	
 -0.00	  1.16	 -2.07	 -0.00	  1.66	 -2.16	 -0.00	 -0.21	  2.49	 -2.45	 -0.00	 -1.48	  2.78	 -1.47	
 -0.00	  1.16	 -2.07	 -0.00	  1.66	 -2.16	 -0.00	 -0.23	  2.50	 -2.44	 -0.00	 -1.48	  2.78	 -1.47	
 -0.00	  1.16	 -2.07	 -0.00	  1.65	 -2.16	 -0.00	 -0.24	  2.50	 -2.44	 -0.00	 -1.48	  2.78	 -1.47	
 -0.00	  1.16	 -2.07	 -0.00	  1.64	 -2.16	 -0.00	 -0.26	  2.51	 -2.43	 -0.00	 -1.48	  2.78	 -1.47	
 -0.00	  1.16	 -2.07	 -0.00	  1.64	 -2.16	 -0.00	 -0.27	  2.52	 -2.42	 -0.00	 -1.48	  2.78	 -1.47	
 -0.00	  1.16	 -2.07	 -0.00	  1.63	 -2.16	 -0.00	 -0.28	  2.53	 -2.42	 -0.00	 -1.48	  2.79	 -1.48	
 -0.00	  1.16	 -2.07	 -0.00	  1.62	 -2.17	 -0.00	 -0.30	  2.54	 -2.41	 -0.00	 -1.48	  2.79	 -1.48	
 -0.00	  1.16	 -2.07	 -0.00	  1.62	 -2.17	 -0.00	 -0.32	  2.54	 -2.40	 -0.00	 -1.48	  2.79	 -1.48	
 -0.00	  1.16	 -2.07	 -0.00	  1.61	 -2.17	 -0.00	 -0.33	  2.55	 -2.40	 -0.00	 -1.48	  2.79	 -1.48	
 -0.00	  1.16	 -2.07	 -0.00	  1.60	 -2.17	 -0.00	 -0.35	  2.56	 -2.39	 -0.00	 -1.48	  2.79	 -1.48	
 -0.00	  1.16	 -2.07	 -0.00	  1.59	 -2.17	 -0.00	 -0.36	  2.57	 -2.38	 -0.00	 -1.48	  2.79	 -1.48	
 -0.00	  1.16	 -2.07	 -0.00	  1.59	 -2.17	 -0.00	 -0.38	  2.58	 -2.37	 -0.00	 -1.48	  2.79	 -1.48	
 -0.00	  1.16	 -2.07	 -0.00	  1.58	 -2.17	 -0.00	 -0.40	  2.58	 -2.36	 -0.00	 -1.48	  2.79	 -1.48	
 -0.00	  1.16	 -2.07	 -0.00	  1.57	 -2.17	 -0.00	 -0.42	  2.59	 -2.35	 -0.00	 -1.48	  2.79	 -1.48	
 -0.00	  1.16	 -2.07	 -0.00	  1.56	 -2.17	 -0.00	 -0.44	  2.60	 -2.34	 -0.00	 -1.48	  2.79	 -1.48	
 -0.00	  1.16	 -2.07	 -0.00	  1.56	 -2.17	 -0.00	 -0.45	  2.61	 -2.33	 -0.00	 -1.48	  2.79	 -1.48	
 -0.00	  1.16	 -2.07	 -0.00	  1.55	 -2.17	 -0.00	 -0.47	  2.61	 -2.32	 -0.00	 -1.48	  2.79	 -1.48	
 -0.00	  1.16	 -2.07	 -0.00	  1.54	 -2.17	 -0.00	 -0.49	  2.62	 -2.30	 -0.00	 -1.48	  2.79	 -1.48	
 -0.00	  1.16	 -2.07	 -0.00	  1.53	 -2.17	 -0.00	 -0.51	  2.63	 -2.29	 -0.00	 -1.48	  2.79	 -1.48	
 -0.00	  1.16	 -2.07	 -0.00	  1.52	 -2.17	 -0.00	 -0.53	  2.64	 -2.28	 -0.00	 -1.48	  2.79	 -1.48	
 -0.00	  1.16	 -2.07	 -0.00	  1.52	 -2.17	 -0.00	 -0.55	  2.64	 -2.26	 -0.00	 -1.48	  2.79	 -1.48	
 -0.00	  1.16	 -2.07	 -0.00	  1.51	 -2.17	 -0.00	 -0.57	  2.65	 -2.25	 -0.00	 -1.48	  2.79	 -1.48	
 -0.00	  1.16	 -2.07	 -0.00	  1.50	 -2.17	 -0.00	 -0.60	  2.66	 -2.24	 -0.00	 -1.48	  2.79	 -1.48	
 -0.00	  1.16	 -2.07	 -0.00	  1.49	 -2.17	 -0.00	 -0.62	  2.66	 -2.22	 -0.00	 -1.48	  2.79	 -1.48	
 -0.00	  1.16	 -2.07	 -0.00	  1.48	 -2.17	 -0.00	 -0.64	  2.67	 -2.21	 -0.00	 -1.48	  2.79	 -1.48	
 -0.00	  1.16	 -2.07	 -0.00	  1.47	 -2.17	 -0.00	 -0.66	  2.68	 -2.19	 -0.00	 -1.48	  2.79	 -1.48	
 -0.00	  1.16	 -2.07	 -0.00	  1.46	 -2.17	 -0.00	 -0.68	  2.68	 -2.18	 -0.00	 -1.48	  2.79	 -1.49	
 -0.00	  1.17	 -2.07	 -0.00	  1.46	 -2.16	 -0.00	 -0.70	  2.69	 -2.16	 -0.00	 -1.48	  2.79	 -1.49	
 -0.00	  1.17	 -2.07	 -0.00	  1.45	 -2.16	 -0.00	 -0.73	  2.70	 -2.14	 -0.00	 -1.48	  2.79	 -1.49	
 -0.00	  1.17	 -2.07	 -0.00	  1.44	 -2.16	 -0.00	 -0.75	  2.70	 -2.13	 -0.00	 -1.48	  2.79	 -1.49	
 -0.00	  1.17	 -2.08	 -0.00	  1.43	 -2.16	 -0.00	 -0.77	  2.71	 -2.11	 -0.00	 -1.48	  2.79	 -1.49	
 -0.00	  1.17	 -2.08	 -0.00	  1.42	 -2.16	 -0.00	 -0.79	  2.71	 -2.09	 -0.00	 -1.47	  2.79	 -1.49	
 -0.00	  1.17	 -2.08	 -0.00	  1.41	 -2.16	 -0.00	 -0.82	  2.72	 -2.08	 -0.00	 -1.47	  2.79	 -1.49	
 -0.00	  1.17	 -2.08	 -0.00	  1.41	 -2.16	 -0.00	 -0.84	  2.72	 -2.06	 -0.00	 -1.47	  2.79	 -1.49	
 -0.00	  1.17	 -2.08	 -0.00	  1.40	 -2.15	 -0.00	 -0.86	  2.73	 -2.04	 -0.00	 -1.47	  2.79	 -1.49	
 -0.00	  1.17	 -2.08	 -0.00	  1.39	 -2.15	 -0.00	 -0.88	  2.73	 -2.02	 -0.00	 -1.47	  2.79	 -1.49	
 -0.00	  1.17	 -2.08	 -0.00	  1.38	 -2.15	 -0.00	 -0.91	  2.74	 -2.01	 -0.00	 -1.47	  2.79	 -1.49	
 -0.00	  1.17	 -2.08	 -0.00	  1.37	 -2.15	 -0.00	 -0.93	  2.74	 -1.99	 -0.00	 -1.47	  2.79	 -1.50	
 -0.00	  1.17	 -2.08	 -0.00	  1.37	 -2.15	 -0.00	 -0.95	  2.75	 -1.97	 -0.00	 -1.47	  2.79	 -1.50	
 -0.00	  1.17	 -2.08	 -0.00	  1.36	 -2.14	 -0.00	 -0.97	  2.75	 -1.95	 -0.00	 -1.47	  2.79	 -1.50	
 -0.00	  1.17	 -2.08	 -0.00	  1.35	 -2.14	 -0.00	 -0.99	  2.75	 -1.94	 -0.00	 -1.47	  2.79	 -1.50	
 -0.00	  1.17	 -2.08	 -0.00	  1.34	 -2.14	 -0.00	 -1.01	  2.76	 -1.92	 -0.00	 -1.46	  2.79	 -1.50	
 -0.00	  1.17	 -2.08	 -0.00	  1.34	 -2.14	 -0.00	 -1.03	  2.76	 -1.90	 -0.00	 -1.46	  2.79	 -1.50	
 -0.00	  1.17	 -2.08	 -0.00	  1.33	 -2.14	 -0.00	 -1.05	  2.76	 -1.89	 -0.00	 -1.46	  2.79	 -1.50	
 -0.00	  1.17	 -2.08	 -0.00	  1.32	 -2.14	 -0.00	 -1.07	  2.77	 -1.87	 -0.00	 -1.46	  2.79	 -1.51	
 -0.00	  1.17	 -2.08	 -0.00	  1.32	 -2.13	 -0.00	 -1.09	  2.77	 -1.85	 -0.00	 -1.46	  2.79	 -1.51	
 -0.00	  1.18	 -2.08	 -0.00	  1.31	 -2.13	 -0.00	 -1.11	  2.77	 -1.84	 -0.00	 -1.46	  2.79	 -1.51	
 -0.00	  1.18	 -2.08	 -0.00	  1.30	 -2.13	 -0.00	 -1.13	  2.77	 -1.82	 -0.00	 -1.46	  2.79	 -1.51	
 -0.00	  1.18	 -2.08	 -0.00	  1.30	 -2.13	 -0.00	 -1.14	  2.78	 -1.81	 -0.00	 -1.45	  2.79	 -1.51	
 -0.00	  1.18	 -2.08	 -0.00	  1.29	 -2.13	 -0.00	 -1.16	  2.78	 -1.79	 -0.00	 -1.45	  2.79	 -1.51	
 -0.00	  1.18	 -2.08	 -0.00	  1.28	 -2.12	 -0.00	 -1.18	  2.78	 -1.78	 -0.00	 -1.45	  2.79	 -1.51	
 -0.00	  1.18	 -2.08	 -0.00	  1.28	 -2.12	 -0.00	 -1.19	  2.78	 -1.76	 -0.00	 -1.45	  2.79	 -1.52	
 -0.00	  1.18	 -2.08	 -0.00	  1.27	 -2.12	 -0.00	 -1.21	  2.78	 -1.75	 -0.00	 -1.45	  2.79	 -1.52	
 -0.00	  1.18	 -2.08	 -0.00	  1.27	 -2.12	 -0.00	 -1.22	  2.78	 -1.74	 -0.00	 -1.45	  2.79	 -1.52	
 -0.00	  1.18	 -2.08	 -0.00	  1.26	 -2.12	 -0.00	 -1.23	  2.78	 -1.72	 -0.00	 -1.44	  2.79	 -1.52	
 -0.00	  1.18	 -2.08	 -0.00	  1.26	 -2.11	 -0.00	 -1.25	  2.78	 -1.71	 -0.00	 -1.44	  2.79	 -1.52	
 -0.00	  1.18	 -2.08	 -0.00	  1.25	 -2.11	 -0.00	 -1.26	  2.79	 -1.70	 -0.00	 -1.44	  2.79	 -1.53	
 -0.00	  1.18	 -2.08	 -0.00	  1.25	 -2.11	 -0.00	 -1.27	  2.79	 -1.69	 -0.00	 -1.44	  2.79	 -1.53	
 -0.00	  1.18	 -2.08	 -0.00	  1.25	 -2.11	 -0.00	 -1.28	  2.79	 -1.68	 -0.00	 -1.43	  2.79	 -1.53	
 -0.00	  1.19	 -2.08	 -0.00	  1.24	 -2.11	 -0.00	 -1.29	  2.79	 -1.67	 -0.00	 -1.43	  2.79	 -1.53	
 -0.00	  1.19	 -2.08	 -0.00	  1.24	 -2.11	 -0.00	 -1.30	  2.79	 -1.66	 -0.00	 -1.43	  2.79	 -1.54	
 -0.00	  1.19	 -2.09	 -0.00	  1.23	 -2.10	 -0.00	 -1.31	  2.79	 -1.65	 -0.00	 -1.43	  2.79	 -1.54	
 -0.00	  1.19	 -2.09	 -0.00	  1.23	 -2.10	 -0.00	 -1.32	  2.79	 -1.64	 -0.00	 -1.43	  2.79	 -1.54	
 -0.00	  1.19	 -2.09	 -0.00	  1.23	 -2.10	 -0.00	 -1.33	  2.79	 -1.64	 -0.00	 -1.42	  2.79	 -1.54	
 -0.00	  1.19	 -2.09	 -0.00	  1.23	 -2.10	 -0.00	 -1.33	  2.79	 -1.63	 -0.00	 -1.42	  2.79	 -1.55	
 -0.00	  1.19	 -2.09	 -0.00	  1.22	 -2.10	 -0.00	 -1.34	  2.79	 -1.62	 -0.00	 -1.42	  2.79	 -1.55	
 -0.00	  1.19	 -2.09	 -0.00	  1.22	 -2.10	 -0.00	 -1.34	  2.79	 -1.62	 -0.00	 -1.41	  2.79	 -1.55	
 -0.00	  1.19	 -2.09	 -0.00	  1.22	 -2.10	 -0.00	 -1.35	  2.79	 -1.61	 -0.00	 -1.41	  2.79	 -1.55	
 -0.00	  1.19	 -2.09	 -0.00	  1.22	 -2.10	 -0.00	 -1.35	  2.79	 -1.61	 -0.00	 -1.41	  2.79	 -1.56	
 -0.00	  1.20	 -2.09	 -0.00	  1.22	 -2.10	 -0.00	 -1.36	  2.79	 -1.61	 -0.00	 -1.41	  2.79	 -1.56	
 -0.00	  1.20	 -2.09	 -0.00	  1.21	 -2.10	 -0.00	 -1.36	  2.79	 -1.60	 -0.00	 -1.40	  2.79	 -1.56	
 -0.00	  1.20	 -2.09	 -0.00	  1.21	 -2.09	 -0.00	 -1.36	  2.79	 -1.60	 -0.00	 -1.40	  2.79	 -1.56	
 -0.00	  1.20	 -2.09	 -0.00	  1.21	 -2.09	 -0.00	 -1.36	  2.79	 -1.60	 -0.00	 -1.40	  2.79	 -1.57	
 -0.00	  1.20	 -2.09	 -0.00	  1.21	 -2.09	 -0.00	 -1.37	  2.79	 -1.60	 -0.00	 -1.39	  2.79	 -1.57	
 -0.00	  1.20	 -2.09	 -0.00	  1.21	 -2.09	 -0.00	 -1.37	  2.79	 -1.60	 -0.00	 -1.39	  2.79	 -1.57	
 -0.00	  1.20	 -2.09	 -0.00	  1.21	 -2.09	 -0.00	 -1.37	  2.79	 -1.60	 -0.00	 -1.39	  2.79	 -1.58	
 -0.00	  1.20	 -2.09	 -0.00	  1.21	 -2.09	 -0.00	 -1.37	  2.79	 -1.60	 -0.00	 -1.38	  2.79	 -1.58	
 -0.00	  1.20	 -2.09	 -0.00	  1.21	 -2.09	 -0.00	 -1.37	  2.79	 -1.60	 -0.00	 -1.38	  2.79	 -1.58	
 -0.00	  1.21	 -2.09	 -0.00	  1.21	 -2.09	 -0.00	 -1.36	  2.79	 -1.60	 -0.00	 -1.37	  2.79	 -1.59	
 -0.00	  1.21	 -2.09	 -0.00	  1.21	 -2.09	 -0.00	 -1.36	  2.79	 -1.60	 -0.00	 -1.37	  2.79	 -1.59	
 -0.00	  1.21	 -2.09	 -0.00	  1.21	 -2.09	 -0.00	 -1.36	  2.79	 -1.60	 -0.00	 -1.37	  2.79	 -1.59	
 -0.00	  1.21	 -2.09	 -0.00	  1.21	 -2.09	 -0.00	 -1.36	  2.79	 -1.60	 -0.00	 -1.36	  2.79	 -1.60	
 -0.00	  1.21	 -2.09	 -0.00	  1.21	 -2.09	 -0.00	 -1.36	  2.79	 -1.60	 -0.00	 -1.36	  2.79	 -1.60	
 -0.00	  1.21	 -2.09	 -0.00	  1.21	 -2.09	 -0.00	 -1.35	  2.78	 -1.61	 -0.00	 -1.35	  2.78	 -1.60	
 -0.00	  1.21	 -2.09	 -0.00	  1.21	 -2.09	 -0.00	 -1.35	  2.78	 -1.61	 -0.00	 -1.35	  2.78	 -1.61	
 -0.00	  1.22	 -2.09	 -0.00	  1.22	 -2.09	 -0.00	 -1.35	  2.78	 -1.61	 -0.00	 -1.35	  2.78	 -1.61	
 -0.00	  1.22	 -2.09	 -0.00	  1.22	 -2.09	 -0.00	 -1.34	  2.78	 -1.62	 -0.00	 -1.34	  2.78	 -1.62	
 -0.00	  1.22	 -2.09	 -0.00	  1.22	 -2.09	 -0.00	 -1.34	  2.78	 -1.62	 -0.00	 -1.34	  2.78	 -1.62	
 -0.00	  1.22	 -2.09	 -0.00	  1.22	 -2.09	 -0.00	 -1.33	  2.78	 -1.62	 -0.00	 -1.33	  2.78	 -1.62	
 -0.00	  1.22	 -2.09	 -0.00	  1.22	 -2.09	 -0.00	 -1.33	  2.78	 -1.63	 -0.00	 -1.33	  2.78	 -1.63	
 -0.00	  1.22	 -2.09	 -0.00	  1.22	 -2.09	 -0.00	 -1.32	  2.78	 -1.63	 -0.00	 -1.32	  2.78	 -1.63	
